2025-04-28 21:23:33,069 INFO  Logger.cs: 70 - 
--------------------------------------------------------------------------------
2025-04-28 21:23:33,135 INFO  Logger.cs: 71 - Logging commencing for SW2URDF exporter
2025-04-28 21:23:33,136 INFO  Logger.cs: 73 - Commit version 1.6.0-4-g7f85cfe
2025-04-28 21:23:33,137 INFO  Logger.cs: 74 - Build version 1.6.7995.38578
2025-04-28 21:23:33,141 INFO  SwAddin.cs: 192 - Attempting to connect to SW
2025-04-28 21:23:33,141 INFO  SwAddin.cs: 197 - Setting up callbacks
2025-04-28 21:23:33,142 INFO  SwAddin.cs: 201 - Setting up command manager
2025-04-28 21:23:33,143 INFO  SwAddin.cs: 204 - Adding command manager
2025-04-28 21:23:33,146 INFO  SwAddin.cs: 263 - Adding Assembly export to file menu
2025-04-28 21:23:33,147 INFO  SwAddin.cs: 272 - Adding Part export to file menu
2025-04-28 21:23:33,148 INFO  SwAddin.cs: 210 - Adding event handlers
2025-04-28 21:23:33,151 INFO  SwAddin.cs: 217 - Connecting plugin to SolidWorks
2025-04-28 21:27:42,758 INFO  SwAddin.cs: 294 - Assembly export called for file assem1.SLDASM
2025-04-28 21:27:43,969 INFO  SwAddin.cs: 313 - Saving assembly
2025-04-28 21:27:45,291 INFO  SwAddin.cs: 316 - Opening property manager
2025-04-28 21:27:45,320 INFO  ExportHelperExtension.cs: 1125 - Retrieving features of type [CoordSys] from assem1.SLDASM
2025-04-28 21:27:45,328 INFO  ExportHelperExtension.cs: 1136 - Found 202 in assem1.SLDASM
2025-04-28 21:27:45,329 INFO  ExportHelperExtension.cs: 1145 - Found 7 features of type [CoordSys] in assem1.SLDASM
2025-04-28 21:27:45,330 INFO  ExportHelperExtension.cs: 1148 - Proceeding through assembly components
2025-04-28 21:27:45,332 INFO  ExportHelperExtension.cs: 1160 - 49 components to check
2025-04-28 21:27:45,334 INFO  ExportHelperExtension.cs: 1125 - Retrieving features of type [CoordSys] from cumMotor-2
2025-04-28 21:27:45,334 INFO  ExportHelperExtension.cs: 1136 - Found 27 in cumMotor-2
2025-04-28 21:27:45,335 INFO  ExportHelperExtension.cs: 1145 - Found 0 features of type [CoordSys] in cumMotor-2
2025-04-28 21:27:45,335 INFO  ExportHelperExtension.cs: 1125 - Retrieving features of type [CoordSys] from rbot_layer1-2
2025-04-28 21:27:45,336 INFO  ExportHelperExtension.cs: 1136 - Found 28 in rbot_layer1-2
2025-04-28 21:27:45,336 INFO  ExportHelperExtension.cs: 1145 - Found 0 features of type [CoordSys] in rbot_layer1-2
2025-04-28 21:27:45,337 INFO  ExportHelperExtension.cs: 1125 - Retrieving features of type [CoordSys] from rbot_washer-3
2025-04-28 21:27:45,337 INFO  ExportHelperExtension.cs: 1136 - Found 25 in rbot_washer-3
2025-04-28 21:27:45,338 INFO  ExportHelperExtension.cs: 1145 - Found 0 features of type [CoordSys] in rbot_washer-3
2025-04-28 21:27:45,338 INFO  ExportHelperExtension.cs: 1125 - Retrieving features of type [CoordSys] from rbot_layer3-1
2025-04-28 21:27:45,362 INFO  ExportHelperExtension.cs: 1136 - Found 28 in rbot_layer3-1
2025-04-28 21:27:45,362 INFO  ExportHelperExtension.cs: 1145 - Found 0 features of type [CoordSys] in rbot_layer3-1
2025-04-28 21:27:45,363 INFO  ExportHelperExtension.cs: 1125 - Retrieving features of type [CoordSys] from rbot_base-1
2025-04-28 21:27:45,364 INFO  ExportHelperExtension.cs: 1136 - Found 27 in rbot_base-1
2025-04-28 21:27:45,364 INFO  ExportHelperExtension.cs: 1145 - Found 0 features of type [CoordSys] in rbot_base-1
2025-04-28 21:27:45,365 INFO  ExportHelperExtension.cs: 1125 - Retrieving features of type [CoordSys] from rbot_layer2-1
2025-04-28 21:27:45,365 INFO  ExportHelperExtension.cs: 1136 - Found 28 in rbot_layer2-1
2025-04-28 21:27:45,366 INFO  ExportHelperExtension.cs: 1145 - Found 0 features of type [CoordSys] in rbot_layer2-1
2025-04-28 21:27:45,367 INFO  ExportHelperExtension.cs: 1125 - Retrieving features of type [CoordSys] from Raspberry Pi 4 Model B.STEP-1
2025-04-28 21:27:45,367 INFO  ExportHelperExtension.cs: 1136 - Found 41 in Raspberry Pi 4 Model B.STEP-1
2025-04-28 21:27:45,368 INFO  ExportHelperExtension.cs: 1145 - Found 0 features of type [CoordSys] in Raspberry Pi 4 Model B.STEP-1
2025-04-28 21:27:45,368 INFO  ExportHelperExtension.cs: 1125 - Retrieving features of type [CoordSys] from cumMotor-1
2025-04-28 21:27:45,369 INFO  ExportHelperExtension.cs: 1136 - Found 27 in cumMotor-1
2025-04-28 21:27:45,370 INFO  ExportHelperExtension.cs: 1145 - Found 0 features of type [CoordSys] in cumMotor-1
2025-04-28 21:27:45,370 INFO  ExportHelperExtension.cs: 1125 - Retrieving features of type [CoordSys] from rbot_washer-1
2025-04-28 21:27:45,371 INFO  ExportHelperExtension.cs: 1136 - Found 25 in rbot_washer-1
2025-04-28 21:27:45,372 INFO  ExportHelperExtension.cs: 1145 - Found 0 features of type [CoordSys] in rbot_washer-1
2025-04-28 21:27:45,372 INFO  ExportHelperExtension.cs: 1125 - Retrieving features of type [CoordSys] from rbot_washer-2
2025-04-28 21:27:45,372 INFO  ExportHelperExtension.cs: 1136 - Found 25 in rbot_washer-2
2025-04-28 21:27:45,373 INFO  ExportHelperExtension.cs: 1145 - Found 0 features of type [CoordSys] in rbot_washer-2
2025-04-28 21:27:45,374 INFO  ExportHelperExtension.cs: 1125 - Retrieving features of type [CoordSys] from rbot_washer-4
2025-04-28 21:27:45,374 INFO  ExportHelperExtension.cs: 1136 - Found 25 in rbot_washer-4
2025-04-28 21:27:45,375 INFO  ExportHelperExtension.cs: 1145 - Found 0 features of type [CoordSys] in rbot_washer-4
2025-04-28 21:27:45,375 INFO  ExportHelperExtension.cs: 1125 - Retrieving features of type [CoordSys] from rbot_washer-5
2025-04-28 21:27:45,376 INFO  ExportHelperExtension.cs: 1136 - Found 25 in rbot_washer-5
2025-04-28 21:27:45,377 INFO  ExportHelperExtension.cs: 1145 - Found 0 features of type [CoordSys] in rbot_washer-5
2025-04-28 21:27:45,377 INFO  ExportHelperExtension.cs: 1125 - Retrieving features of type [CoordSys] from rbot_washer-6
2025-04-28 21:27:45,378 INFO  ExportHelperExtension.cs: 1136 - Found 25 in rbot_washer-6
2025-04-28 21:27:45,378 INFO  ExportHelperExtension.cs: 1145 - Found 0 features of type [CoordSys] in rbot_washer-6
2025-04-28 21:27:45,379 INFO  ExportHelperExtension.cs: 1125 - Retrieving features of type [CoordSys] from rbot_washer-7
2025-04-28 21:27:45,379 INFO  ExportHelperExtension.cs: 1136 - Found 25 in rbot_washer-7
2025-04-28 21:27:45,380 INFO  ExportHelperExtension.cs: 1145 - Found 0 features of type [CoordSys] in rbot_washer-7
2025-04-28 21:27:45,380 INFO  ExportHelperExtension.cs: 1125 - Retrieving features of type [CoordSys] from rbot_washer-10
2025-04-28 21:27:45,381 INFO  ExportHelperExtension.cs: 1136 - Found 25 in rbot_washer-10
2025-04-28 21:27:45,382 INFO  ExportHelperExtension.cs: 1145 - Found 0 features of type [CoordSys] in rbot_washer-10
2025-04-28 21:27:45,382 INFO  ExportHelperExtension.cs: 1125 - Retrieving features of type [CoordSys] from Abstandhalter M3 IG-AG 50mm+6mm part-1
2025-04-28 21:27:45,383 INFO  ExportHelperExtension.cs: 1136 - Found 36 in Abstandhalter M3 IG-AG 50mm+6mm part-1
2025-04-28 21:27:45,384 INFO  ExportHelperExtension.cs: 1145 - Found 0 features of type [CoordSys] in Abstandhalter M3 IG-AG 50mm+6mm part-1
2025-04-28 21:27:45,385 INFO  ExportHelperExtension.cs: 1125 - Retrieving features of type [CoordSys] from Abstandhalter M3 IG-AG 50mm+6mm part-3
2025-04-28 21:27:45,385 INFO  ExportHelperExtension.cs: 1136 - Found 36 in Abstandhalter M3 IG-AG 50mm+6mm part-3
2025-04-28 21:27:45,386 INFO  ExportHelperExtension.cs: 1145 - Found 0 features of type [CoordSys] in Abstandhalter M3 IG-AG 50mm+6mm part-3
2025-04-28 21:27:45,386 INFO  ExportHelperExtension.cs: 1125 - Retrieving features of type [CoordSys] from Abstandhalter M3 IG-AG 50mm+6mm part-2
2025-04-28 21:27:45,387 INFO  ExportHelperExtension.cs: 1136 - Found 36 in Abstandhalter M3 IG-AG 50mm+6mm part-2
2025-04-28 21:27:45,388 INFO  ExportHelperExtension.cs: 1145 - Found 0 features of type [CoordSys] in Abstandhalter M3 IG-AG 50mm+6mm part-2
2025-04-28 21:27:45,388 INFO  ExportHelperExtension.cs: 1125 - Retrieving features of type [CoordSys] from L298N_part-1
2025-04-28 21:27:45,389 INFO  ExportHelperExtension.cs: 1136 - Found 27 in L298N_part-1
2025-04-28 21:27:45,389 INFO  ExportHelperExtension.cs: 1145 - Found 0 features of type [CoordSys] in L298N_part-1
2025-04-28 21:27:45,390 INFO  ExportHelperExtension.cs: 1125 - Retrieving features of type [CoordSys] from Abstandhalter M3 IG-AG 50mm+6mm part-4
2025-04-28 21:27:45,390 INFO  ExportHelperExtension.cs: 1136 - Found 36 in Abstandhalter M3 IG-AG 50mm+6mm part-4
2025-04-28 21:27:45,391 INFO  ExportHelperExtension.cs: 1145 - Found 0 features of type [CoordSys] in Abstandhalter M3 IG-AG 50mm+6mm part-4
2025-04-28 21:27:45,392 INFO  ExportHelperExtension.cs: 1125 - Retrieving features of type [CoordSys] from Abstandhalter M3 IG-AG 30mm+6mm part-2
2025-04-28 21:27:45,392 INFO  ExportHelperExtension.cs: 1136 - Found 36 in Abstandhalter M3 IG-AG 30mm+6mm part-2
2025-04-28 21:27:45,392 INFO  ExportHelperExtension.cs: 1145 - Found 0 features of type [CoordSys] in Abstandhalter M3 IG-AG 30mm+6mm part-2
2025-04-28 21:27:45,393 INFO  ExportHelperExtension.cs: 1125 - Retrieving features of type [CoordSys] from Abstandhalter M3 IG-AG 30mm+6mm part-8
2025-04-28 21:27:45,394 INFO  ExportHelperExtension.cs: 1136 - Found 36 in Abstandhalter M3 IG-AG 30mm+6mm part-8
2025-04-28 21:27:45,394 INFO  ExportHelperExtension.cs: 1145 - Found 0 features of type [CoordSys] in Abstandhalter M3 IG-AG 30mm+6mm part-8
2025-04-28 21:27:45,395 INFO  ExportHelperExtension.cs: 1125 - Retrieving features of type [CoordSys] from rbot_washer-12
2025-04-28 21:27:45,395 INFO  ExportHelperExtension.cs: 1136 - Found 25 in rbot_washer-12
2025-04-28 21:27:45,396 INFO  ExportHelperExtension.cs: 1145 - Found 0 features of type [CoordSys] in rbot_washer-12
2025-04-28 21:27:45,396 INFO  ExportHelperExtension.cs: 1125 - Retrieving features of type [CoordSys] from Abstandhalter M3 IG-AG 30mm+6mm part-4
2025-04-28 21:27:45,397 INFO  ExportHelperExtension.cs: 1136 - Found 36 in Abstandhalter M3 IG-AG 30mm+6mm part-4
2025-04-28 21:27:45,397 INFO  ExportHelperExtension.cs: 1145 - Found 0 features of type [CoordSys] in Abstandhalter M3 IG-AG 30mm+6mm part-4
2025-04-28 21:27:45,398 INFO  ExportHelperExtension.cs: 1125 - Retrieving features of type [CoordSys] from Abstandhalter M3 IG-AG 30mm+6mm part-7
2025-04-28 21:27:45,398 INFO  ExportHelperExtension.cs: 1136 - Found 36 in Abstandhalter M3 IG-AG 30mm+6mm part-7
2025-04-28 21:27:45,399 INFO  ExportHelperExtension.cs: 1145 - Found 0 features of type [CoordSys] in Abstandhalter M3 IG-AG 30mm+6mm part-7
2025-04-28 21:27:45,399 INFO  ExportHelperExtension.cs: 1125 - Retrieving features of type [CoordSys] from W420_spacer-11
2025-04-28 21:27:45,399 INFO  ExportHelperExtension.cs: 1136 - Found 25 in W420_spacer-11
2025-04-28 21:27:45,400 INFO  ExportHelperExtension.cs: 1145 - Found 0 features of type [CoordSys] in W420_spacer-11
2025-04-28 21:27:45,400 INFO  ExportHelperExtension.cs: 1125 - Retrieving features of type [CoordSys] from rbot_washer-11
2025-04-28 21:27:45,401 INFO  ExportHelperExtension.cs: 1136 - Found 25 in rbot_washer-11
2025-04-28 21:27:45,401 INFO  ExportHelperExtension.cs: 1145 - Found 0 features of type [CoordSys] in rbot_washer-11
2025-04-28 21:27:45,402 INFO  ExportHelperExtension.cs: 1125 - Retrieving features of type [CoordSys] from W420 Universal Steel Ball Caster_part-2
2025-04-28 21:27:45,402 INFO  ExportHelperExtension.cs: 1136 - Found 25 in W420 Universal Steel Ball Caster_part-2
2025-04-28 21:27:45,402 INFO  ExportHelperExtension.cs: 1145 - Found 0 features of type [CoordSys] in W420 Universal Steel Ball Caster_part-2
2025-04-28 21:27:45,403 INFO  ExportHelperExtension.cs: 1125 - Retrieving features of type [CoordSys] from W420 Universal Steel Ball Caster_part-1
2025-04-28 21:27:45,403 INFO  ExportHelperExtension.cs: 1136 - Found 25 in W420 Universal Steel Ball Caster_part-1
2025-04-28 21:27:45,403 INFO  ExportHelperExtension.cs: 1145 - Found 0 features of type [CoordSys] in W420 Universal Steel Ball Caster_part-1
2025-04-28 21:27:45,404 INFO  ExportHelperExtension.cs: 1125 - Retrieving features of type [CoordSys] from Abstandhalter M3 IG-AG 30mm+6mm part-6
2025-04-28 21:27:45,405 INFO  ExportHelperExtension.cs: 1136 - Found 36 in Abstandhalter M3 IG-AG 30mm+6mm part-6
2025-04-28 21:27:45,405 INFO  ExportHelperExtension.cs: 1145 - Found 0 features of type [CoordSys] in Abstandhalter M3 IG-AG 30mm+6mm part-6
2025-04-28 21:27:45,406 INFO  ExportHelperExtension.cs: 1125 - Retrieving features of type [CoordSys] from Abstandhalter M3 IG-AG 30mm+6mm part-3
2025-04-28 21:27:45,406 INFO  ExportHelperExtension.cs: 1136 - Found 36 in Abstandhalter M3 IG-AG 30mm+6mm part-3
2025-04-28 21:27:45,407 INFO  ExportHelperExtension.cs: 1145 - Found 0 features of type [CoordSys] in Abstandhalter M3 IG-AG 30mm+6mm part-3
2025-04-28 21:27:45,407 INFO  ExportHelperExtension.cs: 1125 - Retrieving features of type [CoordSys] from Abstandhalter M3 IG-AG 30mm+6mm part-1
2025-04-28 21:27:45,408 INFO  ExportHelperExtension.cs: 1136 - Found 36 in Abstandhalter M3 IG-AG 30mm+6mm part-1
2025-04-28 21:27:45,408 INFO  ExportHelperExtension.cs: 1145 - Found 0 features of type [CoordSys] in Abstandhalter M3 IG-AG 30mm+6mm part-1
2025-04-28 21:27:45,408 INFO  ExportHelperExtension.cs: 1125 - Retrieving features of type [CoordSys] from Abstandhalter M3 IG-AG 30mm+6mm part-5
2025-04-28 21:27:45,409 INFO  ExportHelperExtension.cs: 1136 - Found 36 in Abstandhalter M3 IG-AG 30mm+6mm part-5
2025-04-28 21:27:45,409 INFO  ExportHelperExtension.cs: 1145 - Found 0 features of type [CoordSys] in Abstandhalter M3 IG-AG 30mm+6mm part-5
2025-04-28 21:27:45,410 INFO  ExportHelperExtension.cs: 1125 - Retrieving features of type [CoordSys] from LTC 3780 Mudule v11 part-1
2025-04-28 21:27:45,411 INFO  ExportHelperExtension.cs: 1136 - Found 121 in LTC 3780 Mudule v11 part-1
2025-04-28 21:27:45,411 INFO  ExportHelperExtension.cs: 1145 - Found 0 features of type [CoordSys] in LTC 3780 Mudule v11 part-1
2025-04-28 21:27:45,412 INFO  ExportHelperExtension.cs: 1125 - Retrieving features of type [CoordSys] from rbot_washer-13
2025-04-28 21:27:45,412 INFO  ExportHelperExtension.cs: 1136 - Found 25 in rbot_washer-13
2025-04-28 21:27:45,412 INFO  ExportHelperExtension.cs: 1145 - Found 0 features of type [CoordSys] in rbot_washer-13
2025-04-28 21:27:45,413 INFO  ExportHelperExtension.cs: 1125 - Retrieving features of type [CoordSys] from rbot_washer-14
2025-04-28 21:27:45,413 INFO  ExportHelperExtension.cs: 1136 - Found 25 in rbot_washer-14
2025-04-28 21:27:45,414 INFO  ExportHelperExtension.cs: 1145 - Found 0 features of type [CoordSys] in rbot_washer-14
2025-04-28 21:27:45,415 INFO  ExportHelperExtension.cs: 1125 - Retrieving features of type [CoordSys] from W420_spacer-12
2025-04-28 21:27:45,415 INFO  ExportHelperExtension.cs: 1136 - Found 25 in W420_spacer-12
2025-04-28 21:27:45,416 INFO  ExportHelperExtension.cs: 1145 - Found 0 features of type [CoordSys] in W420_spacer-12
2025-04-28 21:27:45,416 INFO  ExportHelperExtension.cs: 1125 - Retrieving features of type [CoordSys] from W420_spacer-14
2025-04-28 21:27:45,417 INFO  ExportHelperExtension.cs: 1136 - Found 25 in W420_spacer-14
2025-04-28 21:27:45,417 INFO  ExportHelperExtension.cs: 1145 - Found 0 features of type [CoordSys] in W420_spacer-14
2025-04-28 21:27:45,418 INFO  ExportHelperExtension.cs: 1125 - Retrieving features of type [CoordSys] from W420_spacer-13
2025-04-28 21:27:45,418 INFO  ExportHelperExtension.cs: 1136 - Found 25 in W420_spacer-13
2025-04-28 21:27:45,419 INFO  ExportHelperExtension.cs: 1145 - Found 0 features of type [CoordSys] in W420_spacer-13
2025-04-28 21:27:45,419 INFO  ExportHelperExtension.cs: 1125 - Retrieving features of type [CoordSys] from copper_wheel_with_adapter_part-2
2025-04-28 21:27:45,420 INFO  ExportHelperExtension.cs: 1136 - Found 25 in copper_wheel_with_adapter_part-2
2025-04-28 21:27:45,420 INFO  ExportHelperExtension.cs: 1145 - Found 0 features of type [CoordSys] in copper_wheel_with_adapter_part-2
2025-04-28 21:27:45,420 INFO  ExportHelperExtension.cs: 1125 - Retrieving features of type [CoordSys] from abstandhalter m3 ig-ag 20mm+6mm part-1
2025-04-28 21:27:45,421 INFO  ExportHelperExtension.cs: 1136 - Found 36 in abstandhalter m3 ig-ag 20mm+6mm part-1
2025-04-28 21:27:45,421 INFO  ExportHelperExtension.cs: 1145 - Found 0 features of type [CoordSys] in abstandhalter m3 ig-ag 20mm+6mm part-1
2025-04-28 21:27:45,422 INFO  ExportHelperExtension.cs: 1125 - Retrieving features of type [CoordSys] from abstandhalter m3 ig-ag 20mm+6mm part-2
2025-04-28 21:27:45,422 INFO  ExportHelperExtension.cs: 1136 - Found 36 in abstandhalter m3 ig-ag 20mm+6mm part-2
2025-04-28 21:27:45,423 INFO  ExportHelperExtension.cs: 1145 - Found 0 features of type [CoordSys] in abstandhalter m3 ig-ag 20mm+6mm part-2
2025-04-28 21:27:45,423 INFO  ExportHelperExtension.cs: 1125 - Retrieving features of type [CoordSys] from MPU6050_nude-1
2025-04-28 21:27:45,425 INFO  ExportHelperExtension.cs: 1136 - Found 39 in MPU6050_nude-1
2025-04-28 21:27:45,425 INFO  ExportHelperExtension.cs: 1145 - Found 0 features of type [CoordSys] in MPU6050_nude-1
2025-04-28 21:27:45,426 INFO  ExportHelperExtension.cs: 1125 - Retrieving features of type [CoordSys] from copper_wheel_with_adapter_part-1
2025-04-28 21:27:45,426 INFO  ExportHelperExtension.cs: 1136 - Found 25 in copper_wheel_with_adapter_part-1
2025-04-28 21:27:45,426 INFO  ExportHelperExtension.cs: 1145 - Found 0 features of type [CoordSys] in copper_wheel_with_adapter_part-1
2025-04-28 21:27:45,426 INFO  ExportHelperExtension.cs: 1125 - Retrieving features of type [CoordSys] from X3_Lidar_part-1
2025-04-28 21:27:45,427 INFO  ExportHelperExtension.cs: 1136 - Found 91 in X3_Lidar_part-1
2025-04-28 21:27:45,428 INFO  ExportHelperExtension.cs: 1145 - Found 0 features of type [CoordSys] in X3_Lidar_part-1
2025-04-28 21:27:45,428 INFO  ExportHelperExtension.cs: 1125 - Retrieving features of type [CoordSys] from abstandhalter m2,5 ig-ag 20mm+6mm part-1
2025-04-28 21:27:45,429 INFO  ExportHelperExtension.cs: 1136 - Found 36 in abstandhalter m2,5 ig-ag 20mm+6mm part-1
2025-04-28 21:27:45,429 INFO  ExportHelperExtension.cs: 1145 - Found 0 features of type [CoordSys] in abstandhalter m2,5 ig-ag 20mm+6mm part-1
2025-04-28 21:27:45,434 INFO  ExportHelperExtension.cs: 1125 - Retrieving features of type [CoordSys] from abstandhalter m2,5 ig-ag 20mm+6mm part-4
2025-04-28 21:27:45,435 INFO  ExportHelperExtension.cs: 1136 - Found 36 in abstandhalter m2,5 ig-ag 20mm+6mm part-4
2025-04-28 21:27:45,436 INFO  ExportHelperExtension.cs: 1145 - Found 0 features of type [CoordSys] in abstandhalter m2,5 ig-ag 20mm+6mm part-4
2025-04-28 21:27:45,436 INFO  ExportHelperExtension.cs: 1125 - Retrieving features of type [CoordSys] from abstandhalter m2,5 ig-ag 20mm+6mm part-3
2025-04-28 21:27:45,437 INFO  ExportHelperExtension.cs: 1136 - Found 36 in abstandhalter m2,5 ig-ag 20mm+6mm part-3
2025-04-28 21:27:45,437 INFO  ExportHelperExtension.cs: 1145 - Found 0 features of type [CoordSys] in abstandhalter m2,5 ig-ag 20mm+6mm part-3
2025-04-28 21:27:45,438 INFO  ExportHelperExtension.cs: 1125 - Retrieving features of type [CoordSys] from abstandhalter m2,5 ig-ag 20mm+6mm part-2
2025-04-28 21:27:45,438 INFO  ExportHelperExtension.cs: 1136 - Found 36 in abstandhalter m2,5 ig-ag 20mm+6mm part-2
2025-04-28 21:27:45,439 INFO  ExportHelperExtension.cs: 1145 - Found 0 features of type [CoordSys] in abstandhalter m2,5 ig-ag 20mm+6mm part-2
2025-04-28 21:27:45,440 INFO  ExportHelperExtension.cs: 1125 - Retrieving features of type [RefAxis] from assem1.SLDASM
2025-04-28 21:27:45,440 INFO  ExportHelperExtension.cs: 1136 - Found 202 in assem1.SLDASM
2025-04-28 21:27:45,441 INFO  ExportHelperExtension.cs: 1145 - Found 2 features of type [RefAxis] in assem1.SLDASM
2025-04-28 21:27:45,442 INFO  ExportHelperExtension.cs: 1148 - Proceeding through assembly components
2025-04-28 21:27:45,442 INFO  ExportHelperExtension.cs: 1160 - 49 components to check
2025-04-28 21:27:45,443 INFO  ExportHelperExtension.cs: 1125 - Retrieving features of type [RefAxis] from cumMotor-2
2025-04-28 21:27:45,469 INFO  ExportHelperExtension.cs: 1136 - Found 27 in cumMotor-2
2025-04-28 21:27:45,469 INFO  ExportHelperExtension.cs: 1145 - Found 0 features of type [RefAxis] in cumMotor-2
2025-04-28 21:27:45,470 INFO  ExportHelperExtension.cs: 1125 - Retrieving features of type [RefAxis] from rbot_layer1-2
2025-04-28 21:27:45,470 INFO  ExportHelperExtension.cs: 1136 - Found 28 in rbot_layer1-2
2025-04-28 21:27:45,471 INFO  ExportHelperExtension.cs: 1145 - Found 0 features of type [RefAxis] in rbot_layer1-2
2025-04-28 21:27:45,472 INFO  ExportHelperExtension.cs: 1125 - Retrieving features of type [RefAxis] from rbot_washer-3
2025-04-28 21:27:45,472 INFO  ExportHelperExtension.cs: 1136 - Found 25 in rbot_washer-3
2025-04-28 21:27:45,472 INFO  ExportHelperExtension.cs: 1145 - Found 0 features of type [RefAxis] in rbot_washer-3
2025-04-28 21:27:45,473 INFO  ExportHelperExtension.cs: 1125 - Retrieving features of type [RefAxis] from rbot_layer3-1
2025-04-28 21:27:45,473 INFO  ExportHelperExtension.cs: 1136 - Found 28 in rbot_layer3-1
2025-04-28 21:27:45,474 INFO  ExportHelperExtension.cs: 1145 - Found 0 features of type [RefAxis] in rbot_layer3-1
2025-04-28 21:27:45,475 INFO  ExportHelperExtension.cs: 1125 - Retrieving features of type [RefAxis] from rbot_base-1
2025-04-28 21:27:45,475 INFO  ExportHelperExtension.cs: 1136 - Found 27 in rbot_base-1
2025-04-28 21:27:45,476 INFO  ExportHelperExtension.cs: 1145 - Found 0 features of type [RefAxis] in rbot_base-1
2025-04-28 21:27:45,477 INFO  ExportHelperExtension.cs: 1125 - Retrieving features of type [RefAxis] from rbot_layer2-1
2025-04-28 21:27:45,477 INFO  ExportHelperExtension.cs: 1136 - Found 28 in rbot_layer2-1
2025-04-28 21:27:45,478 INFO  ExportHelperExtension.cs: 1145 - Found 0 features of type [RefAxis] in rbot_layer2-1
2025-04-28 21:27:45,478 INFO  ExportHelperExtension.cs: 1125 - Retrieving features of type [RefAxis] from Raspberry Pi 4 Model B.STEP-1
2025-04-28 21:27:45,479 INFO  ExportHelperExtension.cs: 1136 - Found 41 in Raspberry Pi 4 Model B.STEP-1
2025-04-28 21:27:45,479 INFO  ExportHelperExtension.cs: 1145 - Found 0 features of type [RefAxis] in Raspberry Pi 4 Model B.STEP-1
2025-04-28 21:27:45,480 INFO  ExportHelperExtension.cs: 1125 - Retrieving features of type [RefAxis] from cumMotor-1
2025-04-28 21:27:45,481 INFO  ExportHelperExtension.cs: 1136 - Found 27 in cumMotor-1
2025-04-28 21:27:45,481 INFO  ExportHelperExtension.cs: 1145 - Found 0 features of type [RefAxis] in cumMotor-1
2025-04-28 21:27:45,482 INFO  ExportHelperExtension.cs: 1125 - Retrieving features of type [RefAxis] from rbot_washer-1
2025-04-28 21:27:45,482 INFO  ExportHelperExtension.cs: 1136 - Found 25 in rbot_washer-1
2025-04-28 21:27:45,482 INFO  ExportHelperExtension.cs: 1145 - Found 0 features of type [RefAxis] in rbot_washer-1
2025-04-28 21:27:45,483 INFO  ExportHelperExtension.cs: 1125 - Retrieving features of type [RefAxis] from rbot_washer-2
2025-04-28 21:27:45,483 INFO  ExportHelperExtension.cs: 1136 - Found 25 in rbot_washer-2
2025-04-28 21:27:45,483 INFO  ExportHelperExtension.cs: 1145 - Found 0 features of type [RefAxis] in rbot_washer-2
2025-04-28 21:27:45,485 INFO  ExportHelperExtension.cs: 1125 - Retrieving features of type [RefAxis] from rbot_washer-4
2025-04-28 21:27:45,485 INFO  ExportHelperExtension.cs: 1136 - Found 25 in rbot_washer-4
2025-04-28 21:27:45,486 INFO  ExportHelperExtension.cs: 1145 - Found 0 features of type [RefAxis] in rbot_washer-4
2025-04-28 21:27:45,486 INFO  ExportHelperExtension.cs: 1125 - Retrieving features of type [RefAxis] from rbot_washer-5
2025-04-28 21:27:45,487 INFO  ExportHelperExtension.cs: 1136 - Found 25 in rbot_washer-5
2025-04-28 21:27:45,487 INFO  ExportHelperExtension.cs: 1145 - Found 0 features of type [RefAxis] in rbot_washer-5
2025-04-28 21:27:45,488 INFO  ExportHelperExtension.cs: 1125 - Retrieving features of type [RefAxis] from rbot_washer-6
2025-04-28 21:27:45,488 INFO  ExportHelperExtension.cs: 1136 - Found 25 in rbot_washer-6
2025-04-28 21:27:45,489 INFO  ExportHelperExtension.cs: 1145 - Found 0 features of type [RefAxis] in rbot_washer-6
2025-04-28 21:27:45,489 INFO  ExportHelperExtension.cs: 1125 - Retrieving features of type [RefAxis] from rbot_washer-7
2025-04-28 21:27:45,490 INFO  ExportHelperExtension.cs: 1136 - Found 25 in rbot_washer-7
2025-04-28 21:27:45,490 INFO  ExportHelperExtension.cs: 1145 - Found 0 features of type [RefAxis] in rbot_washer-7
2025-04-28 21:27:45,490 INFO  ExportHelperExtension.cs: 1125 - Retrieving features of type [RefAxis] from rbot_washer-10
2025-04-28 21:27:45,491 INFO  ExportHelperExtension.cs: 1136 - Found 25 in rbot_washer-10
2025-04-28 21:27:45,491 INFO  ExportHelperExtension.cs: 1145 - Found 0 features of type [RefAxis] in rbot_washer-10
2025-04-28 21:27:45,491 INFO  ExportHelperExtension.cs: 1125 - Retrieving features of type [RefAxis] from Abstandhalter M3 IG-AG 50mm+6mm part-1
2025-04-28 21:27:45,492 INFO  ExportHelperExtension.cs: 1136 - Found 36 in Abstandhalter M3 IG-AG 50mm+6mm part-1
2025-04-28 21:27:45,492 INFO  ExportHelperExtension.cs: 1145 - Found 0 features of type [RefAxis] in Abstandhalter M3 IG-AG 50mm+6mm part-1
2025-04-28 21:27:45,493 INFO  ExportHelperExtension.cs: 1125 - Retrieving features of type [RefAxis] from Abstandhalter M3 IG-AG 50mm+6mm part-3
2025-04-28 21:27:45,493 INFO  ExportHelperExtension.cs: 1136 - Found 36 in Abstandhalter M3 IG-AG 50mm+6mm part-3
2025-04-28 21:27:45,494 INFO  ExportHelperExtension.cs: 1145 - Found 0 features of type [RefAxis] in Abstandhalter M3 IG-AG 50mm+6mm part-3
2025-04-28 21:27:45,495 INFO  ExportHelperExtension.cs: 1125 - Retrieving features of type [RefAxis] from Abstandhalter M3 IG-AG 50mm+6mm part-2
2025-04-28 21:27:45,495 INFO  ExportHelperExtension.cs: 1136 - Found 36 in Abstandhalter M3 IG-AG 50mm+6mm part-2
2025-04-28 21:27:45,496 INFO  ExportHelperExtension.cs: 1145 - Found 0 features of type [RefAxis] in Abstandhalter M3 IG-AG 50mm+6mm part-2
2025-04-28 21:27:45,496 INFO  ExportHelperExtension.cs: 1125 - Retrieving features of type [RefAxis] from L298N_part-1
2025-04-28 21:27:45,497 INFO  ExportHelperExtension.cs: 1136 - Found 27 in L298N_part-1
2025-04-28 21:27:45,497 INFO  ExportHelperExtension.cs: 1145 - Found 0 features of type [RefAxis] in L298N_part-1
2025-04-28 21:27:45,497 INFO  ExportHelperExtension.cs: 1125 - Retrieving features of type [RefAxis] from Abstandhalter M3 IG-AG 50mm+6mm part-4
2025-04-28 21:27:45,498 INFO  ExportHelperExtension.cs: 1136 - Found 36 in Abstandhalter M3 IG-AG 50mm+6mm part-4
2025-04-28 21:27:45,498 INFO  ExportHelperExtension.cs: 1145 - Found 0 features of type [RefAxis] in Abstandhalter M3 IG-AG 50mm+6mm part-4
2025-04-28 21:27:45,498 INFO  ExportHelperExtension.cs: 1125 - Retrieving features of type [RefAxis] from Abstandhalter M3 IG-AG 30mm+6mm part-2
2025-04-28 21:27:45,499 INFO  ExportHelperExtension.cs: 1136 - Found 36 in Abstandhalter M3 IG-AG 30mm+6mm part-2
2025-04-28 21:27:45,499 INFO  ExportHelperExtension.cs: 1145 - Found 0 features of type [RefAxis] in Abstandhalter M3 IG-AG 30mm+6mm part-2
2025-04-28 21:27:45,500 INFO  ExportHelperExtension.cs: 1125 - Retrieving features of type [RefAxis] from Abstandhalter M3 IG-AG 30mm+6mm part-8
2025-04-28 21:27:45,500 INFO  ExportHelperExtension.cs: 1136 - Found 36 in Abstandhalter M3 IG-AG 30mm+6mm part-8
2025-04-28 21:27:45,501 INFO  ExportHelperExtension.cs: 1145 - Found 0 features of type [RefAxis] in Abstandhalter M3 IG-AG 30mm+6mm part-8
2025-04-28 21:27:45,501 INFO  ExportHelperExtension.cs: 1125 - Retrieving features of type [RefAxis] from rbot_washer-12
2025-04-28 21:27:45,502 INFO  ExportHelperExtension.cs: 1136 - Found 25 in rbot_washer-12
2025-04-28 21:27:45,503 INFO  ExportHelperExtension.cs: 1145 - Found 0 features of type [RefAxis] in rbot_washer-12
2025-04-28 21:27:45,503 INFO  ExportHelperExtension.cs: 1125 - Retrieving features of type [RefAxis] from Abstandhalter M3 IG-AG 30mm+6mm part-4
2025-04-28 21:27:45,503 INFO  ExportHelperExtension.cs: 1136 - Found 36 in Abstandhalter M3 IG-AG 30mm+6mm part-4
2025-04-28 21:27:45,504 INFO  ExportHelperExtension.cs: 1145 - Found 0 features of type [RefAxis] in Abstandhalter M3 IG-AG 30mm+6mm part-4
2025-04-28 21:27:45,505 INFO  ExportHelperExtension.cs: 1125 - Retrieving features of type [RefAxis] from Abstandhalter M3 IG-AG 30mm+6mm part-7
2025-04-28 21:27:45,505 INFO  ExportHelperExtension.cs: 1136 - Found 36 in Abstandhalter M3 IG-AG 30mm+6mm part-7
2025-04-28 21:27:45,505 INFO  ExportHelperExtension.cs: 1145 - Found 0 features of type [RefAxis] in Abstandhalter M3 IG-AG 30mm+6mm part-7
2025-04-28 21:27:45,506 INFO  ExportHelperExtension.cs: 1125 - Retrieving features of type [RefAxis] from W420_spacer-11
2025-04-28 21:27:45,506 INFO  ExportHelperExtension.cs: 1136 - Found 25 in W420_spacer-11
2025-04-28 21:27:45,507 INFO  ExportHelperExtension.cs: 1145 - Found 0 features of type [RefAxis] in W420_spacer-11
2025-04-28 21:27:45,507 INFO  ExportHelperExtension.cs: 1125 - Retrieving features of type [RefAxis] from rbot_washer-11
2025-04-28 21:27:45,508 INFO  ExportHelperExtension.cs: 1136 - Found 25 in rbot_washer-11
2025-04-28 21:27:45,508 INFO  ExportHelperExtension.cs: 1145 - Found 0 features of type [RefAxis] in rbot_washer-11
2025-04-28 21:27:45,509 INFO  ExportHelperExtension.cs: 1125 - Retrieving features of type [RefAxis] from W420 Universal Steel Ball Caster_part-2
2025-04-28 21:27:45,509 INFO  ExportHelperExtension.cs: 1136 - Found 25 in W420 Universal Steel Ball Caster_part-2
2025-04-28 21:27:45,510 INFO  ExportHelperExtension.cs: 1145 - Found 0 features of type [RefAxis] in W420 Universal Steel Ball Caster_part-2
2025-04-28 21:27:45,510 INFO  ExportHelperExtension.cs: 1125 - Retrieving features of type [RefAxis] from W420 Universal Steel Ball Caster_part-1
2025-04-28 21:27:45,511 INFO  ExportHelperExtension.cs: 1136 - Found 25 in W420 Universal Steel Ball Caster_part-1
2025-04-28 21:27:45,512 INFO  ExportHelperExtension.cs: 1145 - Found 0 features of type [RefAxis] in W420 Universal Steel Ball Caster_part-1
2025-04-28 21:27:45,512 INFO  ExportHelperExtension.cs: 1125 - Retrieving features of type [RefAxis] from Abstandhalter M3 IG-AG 30mm+6mm part-6
2025-04-28 21:27:45,514 INFO  ExportHelperExtension.cs: 1136 - Found 36 in Abstandhalter M3 IG-AG 30mm+6mm part-6
2025-04-28 21:27:45,515 INFO  ExportHelperExtension.cs: 1145 - Found 0 features of type [RefAxis] in Abstandhalter M3 IG-AG 30mm+6mm part-6
2025-04-28 21:27:45,516 INFO  ExportHelperExtension.cs: 1125 - Retrieving features of type [RefAxis] from Abstandhalter M3 IG-AG 30mm+6mm part-3
2025-04-28 21:27:45,516 INFO  ExportHelperExtension.cs: 1136 - Found 36 in Abstandhalter M3 IG-AG 30mm+6mm part-3
2025-04-28 21:27:45,517 INFO  ExportHelperExtension.cs: 1145 - Found 0 features of type [RefAxis] in Abstandhalter M3 IG-AG 30mm+6mm part-3
2025-04-28 21:27:45,518 INFO  ExportHelperExtension.cs: 1125 - Retrieving features of type [RefAxis] from Abstandhalter M3 IG-AG 30mm+6mm part-1
2025-04-28 21:27:45,518 INFO  ExportHelperExtension.cs: 1136 - Found 36 in Abstandhalter M3 IG-AG 30mm+6mm part-1
2025-04-28 21:27:45,519 INFO  ExportHelperExtension.cs: 1145 - Found 0 features of type [RefAxis] in Abstandhalter M3 IG-AG 30mm+6mm part-1
2025-04-28 21:27:45,519 INFO  ExportHelperExtension.cs: 1125 - Retrieving features of type [RefAxis] from Abstandhalter M3 IG-AG 30mm+6mm part-5
2025-04-28 21:27:45,520 INFO  ExportHelperExtension.cs: 1136 - Found 36 in Abstandhalter M3 IG-AG 30mm+6mm part-5
2025-04-28 21:27:45,520 INFO  ExportHelperExtension.cs: 1145 - Found 0 features of type [RefAxis] in Abstandhalter M3 IG-AG 30mm+6mm part-5
2025-04-28 21:27:45,521 INFO  ExportHelperExtension.cs: 1125 - Retrieving features of type [RefAxis] from LTC 3780 Mudule v11 part-1
2025-04-28 21:27:45,522 INFO  ExportHelperExtension.cs: 1136 - Found 121 in LTC 3780 Mudule v11 part-1
2025-04-28 21:27:45,523 INFO  ExportHelperExtension.cs: 1145 - Found 0 features of type [RefAxis] in LTC 3780 Mudule v11 part-1
2025-04-28 21:27:45,523 INFO  ExportHelperExtension.cs: 1125 - Retrieving features of type [RefAxis] from rbot_washer-13
2025-04-28 21:27:45,524 INFO  ExportHelperExtension.cs: 1136 - Found 25 in rbot_washer-13
2025-04-28 21:27:45,524 INFO  ExportHelperExtension.cs: 1145 - Found 0 features of type [RefAxis] in rbot_washer-13
2025-04-28 21:27:45,525 INFO  ExportHelperExtension.cs: 1125 - Retrieving features of type [RefAxis] from rbot_washer-14
2025-04-28 21:27:45,525 INFO  ExportHelperExtension.cs: 1136 - Found 25 in rbot_washer-14
2025-04-28 21:27:45,526 INFO  ExportHelperExtension.cs: 1145 - Found 0 features of type [RefAxis] in rbot_washer-14
2025-04-28 21:27:45,526 INFO  ExportHelperExtension.cs: 1125 - Retrieving features of type [RefAxis] from W420_spacer-12
2025-04-28 21:27:45,527 INFO  ExportHelperExtension.cs: 1136 - Found 25 in W420_spacer-12
2025-04-28 21:27:45,527 INFO  ExportHelperExtension.cs: 1145 - Found 0 features of type [RefAxis] in W420_spacer-12
2025-04-28 21:27:45,528 INFO  ExportHelperExtension.cs: 1125 - Retrieving features of type [RefAxis] from W420_spacer-14
2025-04-28 21:27:45,528 INFO  ExportHelperExtension.cs: 1136 - Found 25 in W420_spacer-14
2025-04-28 21:27:45,529 INFO  ExportHelperExtension.cs: 1145 - Found 0 features of type [RefAxis] in W420_spacer-14
2025-04-28 21:27:45,530 INFO  ExportHelperExtension.cs: 1125 - Retrieving features of type [RefAxis] from W420_spacer-13
2025-04-28 21:27:45,530 INFO  ExportHelperExtension.cs: 1136 - Found 25 in W420_spacer-13
2025-04-28 21:27:45,531 INFO  ExportHelperExtension.cs: 1145 - Found 0 features of type [RefAxis] in W420_spacer-13
2025-04-28 21:27:45,531 INFO  ExportHelperExtension.cs: 1125 - Retrieving features of type [RefAxis] from copper_wheel_with_adapter_part-2
2025-04-28 21:27:45,532 INFO  ExportHelperExtension.cs: 1136 - Found 25 in copper_wheel_with_adapter_part-2
2025-04-28 21:27:45,532 INFO  ExportHelperExtension.cs: 1145 - Found 0 features of type [RefAxis] in copper_wheel_with_adapter_part-2
2025-04-28 21:27:45,533 INFO  ExportHelperExtension.cs: 1125 - Retrieving features of type [RefAxis] from abstandhalter m3 ig-ag 20mm+6mm part-1
2025-04-28 21:27:45,533 INFO  ExportHelperExtension.cs: 1136 - Found 36 in abstandhalter m3 ig-ag 20mm+6mm part-1
2025-04-28 21:27:45,534 INFO  ExportHelperExtension.cs: 1145 - Found 0 features of type [RefAxis] in abstandhalter m3 ig-ag 20mm+6mm part-1
2025-04-28 21:27:45,534 INFO  ExportHelperExtension.cs: 1125 - Retrieving features of type [RefAxis] from abstandhalter m3 ig-ag 20mm+6mm part-2
2025-04-28 21:27:45,535 INFO  ExportHelperExtension.cs: 1136 - Found 36 in abstandhalter m3 ig-ag 20mm+6mm part-2
2025-04-28 21:27:45,535 INFO  ExportHelperExtension.cs: 1145 - Found 0 features of type [RefAxis] in abstandhalter m3 ig-ag 20mm+6mm part-2
2025-04-28 21:27:45,535 INFO  ExportHelperExtension.cs: 1125 - Retrieving features of type [RefAxis] from MPU6050_nude-1
2025-04-28 21:27:45,536 INFO  ExportHelperExtension.cs: 1136 - Found 39 in MPU6050_nude-1
2025-04-28 21:27:45,537 INFO  ExportHelperExtension.cs: 1145 - Found 0 features of type [RefAxis] in MPU6050_nude-1
2025-04-28 21:27:45,537 INFO  ExportHelperExtension.cs: 1125 - Retrieving features of type [RefAxis] from copper_wheel_with_adapter_part-1
2025-04-28 21:27:45,538 INFO  ExportHelperExtension.cs: 1136 - Found 25 in copper_wheel_with_adapter_part-1
2025-04-28 21:27:45,538 INFO  ExportHelperExtension.cs: 1145 - Found 0 features of type [RefAxis] in copper_wheel_with_adapter_part-1
2025-04-28 21:27:45,539 INFO  ExportHelperExtension.cs: 1125 - Retrieving features of type [RefAxis] from X3_Lidar_part-1
2025-04-28 21:27:45,539 INFO  ExportHelperExtension.cs: 1136 - Found 91 in X3_Lidar_part-1
2025-04-28 21:27:45,540 INFO  ExportHelperExtension.cs: 1145 - Found 1 features of type [RefAxis] in X3_Lidar_part-1
2025-04-28 21:27:45,541 INFO  ExportHelperExtension.cs: 1125 - Retrieving features of type [RefAxis] from abstandhalter m2,5 ig-ag 20mm+6mm part-1
2025-04-28 21:27:45,541 INFO  ExportHelperExtension.cs: 1136 - Found 36 in abstandhalter m2,5 ig-ag 20mm+6mm part-1
2025-04-28 21:27:45,542 INFO  ExportHelperExtension.cs: 1145 - Found 0 features of type [RefAxis] in abstandhalter m2,5 ig-ag 20mm+6mm part-1
2025-04-28 21:27:45,542 INFO  ExportHelperExtension.cs: 1125 - Retrieving features of type [RefAxis] from abstandhalter m2,5 ig-ag 20mm+6mm part-4
2025-04-28 21:27:45,543 INFO  ExportHelperExtension.cs: 1136 - Found 36 in abstandhalter m2,5 ig-ag 20mm+6mm part-4
2025-04-28 21:27:45,543 INFO  ExportHelperExtension.cs: 1145 - Found 0 features of type [RefAxis] in abstandhalter m2,5 ig-ag 20mm+6mm part-4
2025-04-28 21:27:45,543 INFO  ExportHelperExtension.cs: 1125 - Retrieving features of type [RefAxis] from abstandhalter m2,5 ig-ag 20mm+6mm part-3
2025-04-28 21:27:45,544 INFO  ExportHelperExtension.cs: 1136 - Found 36 in abstandhalter m2,5 ig-ag 20mm+6mm part-3
2025-04-28 21:27:45,544 INFO  ExportHelperExtension.cs: 1145 - Found 0 features of type [RefAxis] in abstandhalter m2,5 ig-ag 20mm+6mm part-3
2025-04-28 21:27:45,545 INFO  ExportHelperExtension.cs: 1125 - Retrieving features of type [RefAxis] from abstandhalter m2,5 ig-ag 20mm+6mm part-2
2025-04-28 21:27:45,577 INFO  ExportHelperExtension.cs: 1136 - Found 36 in abstandhalter m2,5 ig-ag 20mm+6mm part-2
2025-04-28 21:27:45,578 INFO  ExportHelperExtension.cs: 1145 - Found 0 features of type [RefAxis] in abstandhalter m2,5 ig-ag 20mm+6mm part-2
2025-04-28 21:27:45,784 INFO  SwAddin.cs: 339 - Loading config tree
2025-04-28 21:27:45,792 INFO  ConfigurationSerialization.cs: 276 - URDF Configuration found
<Link z:Id="i1" xmlns="http://schemas.datacontract.org/2004/07/SW2URDF" xmlns:i="http://www.w3.org/2001/XMLSchema-instance" xmlns:z="http://schemas.microsoft.com/2003/10/Serialization/"><Attributes><Attribute z:Id="i2"><AttributeType>name</AttributeType><IsRequired>true</IsRequired><Value i:type="a:string" xmlns:a="http://www.w3.org/2001/XMLSchema">base_link</Value></Attribute></Attributes><ChildElements><URDFElement z:Id="i3" i:type="Inertial"><Attributes/><ChildElements><URDFElement z:Id="i4" i:type="Origin"><Attributes><Attribute z:Id="i5"><AttributeType>xyz</AttributeType><IsRequired>true</IsRequired><Value i:type="a:ArrayOfdouble" xmlns:a="http://schemas.microsoft.com/2003/10/Serialization/Arrays"><a:double>-0.00029960019977723091</a:double><a:double>-0.00076406188227395692</a:double><a:double>0.053754497718263128</a:double></Value></Attribute><Attribute z:Id="i6"><AttributeType>rpy</AttributeType><IsRequired>true</IsRequired><Value i:type="a:ArrayOfdouble" xmlns:a="http://schemas.microsoft.com/2003/10/Serialization/Arrays"><a:double>0</a:double><a:double>0</a:double><a:double>0</a:double></Value></Attribute></Attributes><ChildElements/><ElementName>origin</ElementName><required>false</required><RPYAttribute z:Ref="i6"/><XYZAttribute z:Ref="i5"/><isCustomized>false</isCustomized></URDFElement><URDFElement z:Id="i7" i:type="Mass"><Attributes><Attribute z:Id="i8"><AttributeType>value</AttributeType><IsRequired>true</IsRequired><Value i:type="a:double" xmlns:a="http://www.w3.org/2001/XMLSchema">0.47490204978631079</Value></Attribute></Attributes><ChildElements/><ElementName>mass</ElementName><required>false</required><ValueAttribute z:Ref="i8"/></URDFElement><URDFElement z:Id="i9" i:type="Inertia"><Attributes><Attribute z:Id="i10"><AttributeType>ixx</AttributeType><IsRequired>true</IsRequired><Value i:type="a:double" xmlns:a="http://www.w3.org/2001/XMLSchema">0.00092332986447731739</Value></Attribute><Attribute z:Id="i11"><AttributeType>ixy</AttributeType><IsRequired>true</IsRequired><Value i:type="a:double" xmlns:a="http://www.w3.org/2001/XMLSchema">-4.4322108794828943E-08</Value></Attribute><Attribute z:Id="i12"><AttributeType>ixz</AttributeType><IsRequired>true</IsRequired><Value i:type="a:double" xmlns:a="http://www.w3.org/2001/XMLSchema">-2.4999349307869206E-07</Value></Attribute><Attribute z:Id="i13"><AttributeType>iyy</AttributeType><IsRequired>true</IsRequired><Value i:type="a:double" xmlns:a="http://www.w3.org/2001/XMLSchema">0.00079964917492803239</Value></Attribute><Attribute z:Id="i14"><AttributeType>iyz</AttributeType><IsRequired>true</IsRequired><Value i:type="a:double" xmlns:a="http://www.w3.org/2001/XMLSchema">-3.8965322840191029E-09</Value></Attribute><Attribute z:Id="i15"><AttributeType>izz</AttributeType><IsRequired>true</IsRequired><Value i:type="a:double" xmlns:a="http://www.w3.org/2001/XMLSchema">0.0017130145824619599</Value></Attribute></Attributes><ChildElements/><ElementName>inertia</ElementName><required>false</required><IxxAttribute z:Ref="i10"/><IxyAttribute z:Ref="i11"/><IxzAttribute z:Ref="i12"/><IyyAttribute z:Ref="i13"/><IyzAttribute z:Ref="i14"/><IzzAttribute z:Ref="i15"/></URDFElement></ChildElements><ElementName>inertial</ElementName><required>false</required><Inertia z:Ref="i9"/><Mass z:Ref="i7"/><Origin z:Ref="i4"/></URDFElement><URDFElement z:Id="i16" i:type="Visual"><Attributes/><ChildElements><URDFElement z:Id="i17" i:type="Origin"><Attributes><Attribute z:Id="i18"><AttributeType>xyz</AttributeType><IsRequired>true</IsRequired><Value i:type="a:ArrayOfdouble" xmlns:a="http://schemas.microsoft.com/2003/10/Serialization/Arrays"><a:double>0</a:double><a:double>0</a:double><a:double>0</a:double></Value></Attribute><Attribute z:Id="i19"><AttributeType>rpy</AttributeType><IsRequired>true</IsRequired><Value i:type="a:ArrayOfdouble" xmlns:a="http://schemas.microsoft.com/2003/10/Serialization/Arrays"><a:double>0</a:double><a:double>0</a:double><a:double>0</a:double></Value></Attribute></Attributes><ChildElements/><ElementName>origin</ElementName><required>false</required><RPYAttribute z:Ref="i19"/><XYZAttribute z:Ref="i18"/><isCustomized>false</isCustomized></URDFElement><URDFElement z:Id="i20" i:type="Geometry"><Attributes/><ChildElements><URDFElement z:Id="i21" i:type="Mesh"><Attributes><Attribute z:Id="i22"><AttributeType>filename</AttributeType><IsRequired>true</IsRequired><Value i:nil="true"/></Attribute></Attributes><ChildElements/><ElementName>mesh</ElementName><required>false</required><FilenameAttribute z:Ref="i22"/></URDFElement></ChildElements><ElementName>geometry</ElementName><required>true</required><Mesh z:Ref="i21"/></URDFElement><URDFElement z:Id="i23" i:type="Material"><Attributes><Attribute z:Id="i24"><AttributeType>name</AttributeType><IsRequired>true</IsRequired><Value i:type="a:string" xmlns:a="http://www.w3.org/2001/XMLSchema"/></Attribute></Attributes><ChildElements><URDFElement z:Id="i25" i:type="Color"><Attributes><Attribute z:Id="i26"><AttributeType>rgba</AttributeType><IsRequired>true</IsRequired><Value i:type="a:ArrayOfdouble" xmlns:a="http://schemas.microsoft.com/2003/10/Serialization/Arrays"><a:double>0.792156862745098</a:double><a:double>0.81960784313725488</a:double><a:double>0.93333333333333335</a:double><a:double>1</a:double></Value></Attribute></Attributes><ChildElements/><ElementName>color</ElementName><required>false</required><RGBAAttribute z:Ref="i26"/></URDFElement><URDFElement z:Id="i27" i:type="Texture"><Attributes><Attribute z:Id="i28"><AttributeType>filename</AttributeType><IsRequired>true</IsRequired><Value i:nil="true"/></Attribute></Attributes><ChildElements/><ElementName>texture</ElementName><required>false</required><FilenameAttribute z:Ref="i28"/><wFilename/></URDFElement></ChildElements><ElementName>material</ElementName><required>false</required><Color z:Ref="i25"/><NameAttribute z:Ref="i24"/><Texture z:Ref="i27"/></URDFElement></ChildElements><ElementName>visual</ElementName><required>false</required><Geometry z:Ref="i20"/><Material z:Ref="i23"/><Origin z:Ref="i17"/></URDFElement><URDFElement z:Id="i29" i:type="Collision"><Attributes/><ChildElements><URDFElement z:Id="i30" i:type="Origin"><Attributes><Attribute z:Id="i31"><AttributeType>xyz</AttributeType><IsRequired>true</IsRequired><Value i:type="a:ArrayOfdouble" xmlns:a="http://schemas.microsoft.com/2003/10/Serialization/Arrays"><a:double>0</a:double><a:double>0</a:double><a:double>0</a:double></Value></Attribute><Attribute z:Id="i32"><AttributeType>rpy</AttributeType><IsRequired>true</IsRequired><Value i:type="a:ArrayOfdouble" xmlns:a="http://schemas.microsoft.com/2003/10/Serialization/Arrays"><a:double>0</a:double><a:double>0</a:double><a:double>0</a:double></Value></Attribute></Attributes><ChildElements/><ElementName>origin</ElementName><required>false</required><RPYAttribute z:Ref="i32"/><XYZAttribute z:Ref="i31"/><isCustomized>false</isCustomized></URDFElement><URDFElement z:Id="i33" i:type="Geometry"><Attributes/><ChildElements><URDFElement z:Id="i34" i:type="Mesh"><Attributes><Attribute z:Id="i35"><AttributeType>filename</AttributeType><IsRequired>true</IsRequired><Value i:nil="true"/></Attribute></Attributes><ChildElements/><ElementName>mesh</ElementName><required>false</required><FilenameAttribute z:Ref="i35"/></URDFElement></ChildElements><ElementName>geometry</ElementName><required>true</required><Mesh z:Ref="i34"/></URDFElement></ChildElements><ElementName>collision</ElementName><required>false</required><Geometry z:Ref="i33"/><Origin z:Ref="i30"/></URDFElement><URDFElement z:Id="i36" i:type="Joint"><Attributes><Attribute z:Id="i37"><AttributeType>name</AttributeType><IsRequired>true</IsRequired><Value i:type="a:string" xmlns:a="http://www.w3.org/2001/XMLSchema"/></Attribute><Attribute z:Id="i38"><AttributeType>type</AttributeType><IsRequired>true</IsRequired><Value i:type="a:string" xmlns:a="http://www.w3.org/2001/XMLSchema"/></Attribute></Attributes><ChildElements><URDFElement z:Id="i39" i:type="Origin"><Attributes><Attribute z:Id="i40"><AttributeType>xyz</AttributeType><IsRequired>true</IsRequired><Value i:type="a:ArrayOfdouble" xmlns:a="http://schemas.microsoft.com/2003/10/Serialization/Arrays"><a:double>0</a:double><a:double>0</a:double><a:double>0</a:double></Value></Attribute><Attribute z:Id="i41"><AttributeType>rpy</AttributeType><IsRequired>true</IsRequired><Value i:type="a:ArrayOfdouble" xmlns:a="http://schemas.microsoft.com/2003/10/Serialization/Arrays"><a:double>0</a:double><a:double>0</a:double><a:double>0</a:double></Value></Attribute></Attributes><ChildElements/><ElementName>origin</ElementName><required>false</required><RPYAttribute z:Ref="i41"/><XYZAttribute z:Ref="i40"/><isCustomized>false</isCustomized></URDFElement><URDFElement z:Id="i42" i:type="ParentLink"><Attributes><Attribute z:Id="i43"><AttributeType>link</AttributeType><IsRequired>true</IsRequired><Value i:type="a:string" xmlns:a="http://www.w3.org/2001/XMLSchema"/></Attribute></Attributes><ChildElements/><ElementName>parent</ElementName><required>true</required><NameAttribute z:Ref="i43"/></URDFElement><URDFElement z:Id="i44" i:type="ChildLink"><Attributes><Attribute z:Id="i45"><AttributeType>link</AttributeType><IsRequired>true</IsRequired><Value i:type="a:string" xmlns:a="http://www.w3.org/2001/XMLSchema"/></Attribute></Attributes><ChildElements/><ElementName>child</ElementName><required>true</required><NameAttribute z:Ref="i45"/></URDFElement><URDFElement z:Id="i46" i:type="Axis"><Attributes><Attribute z:Id="i47"><AttributeType>xyz</AttributeType><IsRequired>true</IsRequired><Value i:type="a:ArrayOfdouble" xmlns:a="http://schemas.microsoft.com/2003/10/Serialization/Arrays"><a:double>0</a:double><a:double>0</a:double><a:double>0</a:double></Value></Attribute></Attributes><ChildElements/><ElementName>axis</ElementName><required>false</required><XYZAttribute z:Ref="i47"/></URDFElement><URDFElement z:Id="i48" i:type="Limit"><Attributes><Attribute z:Id="i49"><AttributeType>lower</AttributeType><IsRequired>false</IsRequired><Value i:nil="true"/></Attribute><Attribute z:Id="i50"><AttributeType>upper</AttributeType><IsRequired>false</IsRequired><Value i:nil="true"/></Attribute><Attribute z:Id="i51"><AttributeType>effort</AttributeType><IsRequired>true</IsRequired><Value i:nil="true"/></Attribute><Attribute z:Id="i52"><AttributeType>velocity</AttributeType><IsRequired>true</IsRequired><Value i:nil="true"/></Attribute></Attributes><ChildElements/><ElementName>limit</ElementName><required>false</required><EffortAttribute z:Ref="i51"/><LowerAttribute z:Ref="i49"/><UpperAttribute z:Ref="i50"/><VelocityAttribute z:Ref="i52"/></URDFElement><URDFElement z:Id="i53" i:type="Calibration"><Attributes><Attribute z:Id="i54"><AttributeType>rising</AttributeType><IsRequired>false</IsRequired><Value i:nil="true"/></Attribute><Attribute z:Id="i55"><AttributeType>falling</AttributeType><IsRequired>false</IsRequired><Value i:nil="true"/></Attribute></Attributes><ChildElements/><ElementName>calibration</ElementName><required>false</required><FallingAttribute z:Ref="i55"/><RisingAttribute z:Ref="i54"/></URDFElement><URDFElement z:Id="i56" i:type="Dynamics"><Attributes><Attribute z:Id="i57"><AttributeType>damping</AttributeType><IsRequired>false</IsRequired><Value i:nil="true"/></Attribute><Attribute z:Id="i58"><AttributeType>friction</AttributeType><IsRequired>false</IsRequired><Value i:nil="true"/></Attribute></Attributes><ChildElements/><ElementName>dynamics</ElementName><required>false</required><DampingAttribute z:Ref="i57"/><FrictionAttribute z:Ref="i58"/></URDFElement><URDFElement z:Id="i59" i:type="SafetyController"><Attributes><Attribute z:Id="i60"><AttributeType>soft_upper_limit</AttributeType><IsRequired>false</IsRequired><Value i:nil="true"/></Attribute><Attribute z:Id="i61"><AttributeType>soft_lower_limit</AttributeType><IsRequired>false</IsRequired><Value i:nil="true"/></Attribute><Attribute z:Id="i62"><AttributeType>k_position</AttributeType><IsRequired>false</IsRequired><Value i:nil="true"/></Attribute><Attribute z:Id="i63"><AttributeType>k_velocity</AttributeType><IsRequired>true</IsRequired><Value i:nil="true"/></Attribute></Attributes><ChildElements/><ElementName>safety_controller</ElementName><required>false</required><KPositionAttribute z:Ref="i62"/><KVelocityAttribute z:Ref="i63"/><SoftLowerAttribute z:Ref="i61"/><SoftUpperAttribute z:Ref="i60"/></URDFElement><URDFElement z:Id="i64" i:type="Mimic"><Attributes><Attribute z:Id="i65"><AttributeType>joint</AttributeType><IsRequired>true</IsRequired><Value i:nil="true"/></Attribute><Attribute z:Id="i66"><AttributeType>multiplier</AttributeType><IsRequired>false</IsRequired><Value i:nil="true"/></Attribute><Attribute z:Id="i67"><AttributeType>offset</AttributeType><IsRequired>false</IsRequired><Value i:nil="true"/></Attribute></Attributes><ChildElements/><ElementName>mimic</ElementName><required>false</required><JointNameAttribute z:Ref="i65"/><MultiplierAttribute z:Ref="i66"/><OffsetAttribute z:Ref="i67"/></URDFElement></ChildElements><ElementName>joint</ElementName><required>false</required><Axis z:Ref="i46"/><AxisName/><Calibration z:Ref="i53"/><Child z:Ref="i44"/><CoordinateSystemName>Base_origin</CoordinateSystemName><Dynamics z:Ref="i56"/><Limit z:Ref="i48"/><Mimic z:Ref="i64"/><NameAttribute z:Ref="i37"/><Origin z:Ref="i39"/><Parent z:Ref="i42"/><Safety z:Ref="i59"/><TypeAttribute z:Ref="i38"/></URDFElement></ChildElements><ElementName>link</ElementName><required>true</required><Children><Link z:Id="i68"><Attributes><Attribute z:Id="i69"><AttributeType>name</AttributeType><IsRequired>true</IsRequired><Value i:type="a:string" xmlns:a="http://www.w3.org/2001/XMLSchema">R_wheel_link</Value></Attribute></Attributes><ChildElements><URDFElement z:Id="i70" i:type="Inertial"><Attributes/><ChildElements><URDFElement z:Id="i71" i:type="Origin"><Attributes><Attribute z:Id="i72"><AttributeType>xyz</AttributeType><IsRequired>true</IsRequired><Value i:type="a:ArrayOfdouble" xmlns:a="http://schemas.microsoft.com/2003/10/Serialization/Arrays"><a:double>5.7991489720886531E-05</a:double><a:double>0.0058199863971848675</a:double><a:double>-0.0008508372650005056</a:double></Value></Attribute><Attribute z:Id="i73"><AttributeType>rpy</AttributeType><IsRequired>true</IsRequired><Value i:type="a:ArrayOfdouble" xmlns:a="http://schemas.microsoft.com/2003/10/Serialization/Arrays"><a:double>0</a:double><a:double>0</a:double><a:double>0</a:double></Value></Attribute></Attributes><ChildElements/><ElementName>origin</ElementName><required>false</required><RPYAttribute z:Ref="i73"/><XYZAttribute z:Ref="i72"/><isCustomized>false</isCustomized></URDFElement><URDFElement z:Id="i74" i:type="Mass"><Attributes><Attribute z:Id="i75"><AttributeType>value</AttributeType><IsRequired>true</IsRequired><Value i:type="a:double" xmlns:a="http://www.w3.org/2001/XMLSchema">0.041955149555898887</Value></Attribute></Attributes><ChildElements/><ElementName>mass</ElementName><required>false</required><ValueAttribute z:Ref="i75"/></URDFElement><URDFElement z:Id="i76" i:type="Inertia"><Attributes><Attribute z:Id="i77"><AttributeType>ixx</AttributeType><IsRequired>true</IsRequired><Value i:type="a:double" xmlns:a="http://www.w3.org/2001/XMLSchema">1.8373507938030858E-05</Value></Attribute><Attribute z:Id="i78"><AttributeType>ixy</AttributeType><IsRequired>true</IsRequired><Value i:type="a:double" xmlns:a="http://www.w3.org/2001/XMLSchema">-1.8161867336429015E-11</Value></Attribute><Attribute z:Id="i79"><AttributeType>ixz</AttributeType><IsRequired>true</IsRequired><Value i:type="a:double" xmlns:a="http://www.w3.org/2001/XMLSchema">-2.1106704777052428E-09</Value></Attribute><Attribute z:Id="i80"><AttributeType>iyy</AttributeType><IsRequired>true</IsRequired><Value i:type="a:double" xmlns:a="http://www.w3.org/2001/XMLSchema">3.0919329148918272E-05</Value></Attribute><Attribute z:Id="i81"><AttributeType>iyz</AttributeType><IsRequired>true</IsRequired><Value i:type="a:double" xmlns:a="http://www.w3.org/2001/XMLSchema">4.300671763998919E-10</Value></Attribute><Attribute z:Id="i82"><AttributeType>izz</AttributeType><IsRequired>true</IsRequired><Value i:type="a:double" xmlns:a="http://www.w3.org/2001/XMLSchema">1.8408240459889539E-05</Value></Attribute></Attributes><ChildElements/><ElementName>inertia</ElementName><required>false</required><IxxAttribute z:Ref="i77"/><IxyAttribute z:Ref="i78"/><IxzAttribute z:Ref="i79"/><IyyAttribute z:Ref="i80"/><IyzAttribute z:Ref="i81"/><IzzAttribute z:Ref="i82"/></URDFElement></ChildElements><ElementName>inertial</ElementName><required>false</required><Inertia z:Ref="i76"/><Mass z:Ref="i74"/><Origin z:Ref="i71"/></URDFElement><URDFElement z:Id="i83" i:type="Visual"><Attributes/><ChildElements><URDFElement z:Id="i84" i:type="Origin"><Attributes><Attribute z:Id="i85"><AttributeType>xyz</AttributeType><IsRequired>true</IsRequired><Value i:type="a:ArrayOfdouble" xmlns:a="http://schemas.microsoft.com/2003/10/Serialization/Arrays"><a:double>0</a:double><a:double>0</a:double><a:double>0</a:double></Value></Attribute><Attribute z:Id="i86"><AttributeType>rpy</AttributeType><IsRequired>true</IsRequired><Value i:type="a:ArrayOfdouble" xmlns:a="http://schemas.microsoft.com/2003/10/Serialization/Arrays"><a:double>0</a:double><a:double>0</a:double><a:double>0</a:double></Value></Attribute></Attributes><ChildElements/><ElementName>origin</ElementName><required>false</required><RPYAttribute z:Ref="i86"/><XYZAttribute z:Ref="i85"/><isCustomized>false</isCustomized></URDFElement><URDFElement z:Id="i87" i:type="Geometry"><Attributes/><ChildElements><URDFElement z:Id="i88" i:type="Mesh"><Attributes><Attribute z:Id="i89"><AttributeType>filename</AttributeType><IsRequired>true</IsRequired><Value i:nil="true"/></Attribute></Attributes><ChildElements/><ElementName>mesh</ElementName><required>false</required><FilenameAttribute z:Ref="i89"/></URDFElement></ChildElements><ElementName>geometry</ElementName><required>true</required><Mesh z:Ref="i88"/></URDFElement><URDFElement z:Id="i90" i:type="Material"><Attributes><Attribute z:Id="i91"><AttributeType>name</AttributeType><IsRequired>true</IsRequired><Value i:type="a:string" xmlns:a="http://www.w3.org/2001/XMLSchema"/></Attribute></Attributes><ChildElements><URDFElement z:Id="i92" i:type="Color"><Attributes><Attribute z:Id="i93"><AttributeType>rgba</AttributeType><IsRequired>true</IsRequired><Value i:type="a:ArrayOfdouble" xmlns:a="http://schemas.microsoft.com/2003/10/Serialization/Arrays"><a:double>0.792156862745098</a:double><a:double>0.81960784313725488</a:double><a:double>0.93333333333333335</a:double><a:double>1</a:double></Value></Attribute></Attributes><ChildElements/><ElementName>color</ElementName><required>false</required><RGBAAttribute z:Ref="i93"/></URDFElement><URDFElement z:Id="i94" i:type="Texture"><Attributes><Attribute z:Id="i95"><AttributeType>filename</AttributeType><IsRequired>true</IsRequired><Value i:nil="true"/></Attribute></Attributes><ChildElements/><ElementName>texture</ElementName><required>false</required><FilenameAttribute z:Ref="i95"/><wFilename/></URDFElement></ChildElements><ElementName>material</ElementName><required>false</required><Color z:Ref="i92"/><NameAttribute z:Ref="i91"/><Texture z:Ref="i94"/></URDFElement></ChildElements><ElementName>visual</ElementName><required>false</required><Geometry z:Ref="i87"/><Material z:Ref="i90"/><Origin z:Ref="i84"/></URDFElement><URDFElement z:Id="i96" i:type="Collision"><Attributes/><ChildElements><URDFElement z:Id="i97" i:type="Origin"><Attributes><Attribute z:Id="i98"><AttributeType>xyz</AttributeType><IsRequired>true</IsRequired><Value i:type="a:ArrayOfdouble" xmlns:a="http://schemas.microsoft.com/2003/10/Serialization/Arrays"><a:double>0</a:double><a:double>0</a:double><a:double>0</a:double></Value></Attribute><Attribute z:Id="i99"><AttributeType>rpy</AttributeType><IsRequired>true</IsRequired><Value i:type="a:ArrayOfdouble" xmlns:a="http://schemas.microsoft.com/2003/10/Serialization/Arrays"><a:double>0</a:double><a:double>0</a:double><a:double>0</a:double></Value></Attribute></Attributes><ChildElements/><ElementName>origin</ElementName><required>false</required><RPYAttribute z:Ref="i99"/><XYZAttribute z:Ref="i98"/><isCustomized>false</isCustomized></URDFElement><URDFElement z:Id="i100" i:type="Geometry"><Attributes/><ChildElements><URDFElement z:Id="i101" i:type="Mesh"><Attributes><Attribute z:Id="i102"><AttributeType>filename</AttributeType><IsRequired>true</IsRequired><Value i:nil="true"/></Attribute></Attributes><ChildElements/><ElementName>mesh</ElementName><required>false</required><FilenameAttribute z:Ref="i102"/></URDFElement></ChildElements><ElementName>geometry</ElementName><required>true</required><Mesh z:Ref="i101"/></URDFElement></ChildElements><ElementName>collision</ElementName><required>false</required><Geometry z:Ref="i100"/><Origin z:Ref="i97"/></URDFElement><URDFElement z:Id="i103" i:type="Joint"><Attributes><Attribute z:Id="i104"><AttributeType>name</AttributeType><IsRequired>true</IsRequired><Value i:type="a:string" xmlns:a="http://www.w3.org/2001/XMLSchema">Rwheel_joint</Value></Attribute><Attribute z:Id="i105"><AttributeType>type</AttributeType><IsRequired>true</IsRequired><Value i:type="a:string" xmlns:a="http://www.w3.org/2001/XMLSchema">continuous</Value></Attribute></Attributes><ChildElements><URDFElement z:Id="i106" i:type="Origin"><Attributes><Attribute z:Id="i107"><AttributeType>xyz</AttributeType><IsRequired>true</IsRequired><Value i:type="a:ArrayOfdouble" xmlns:a="http://schemas.microsoft.com/2003/10/Serialization/Arrays"><a:double>-0.00040439175433133571</a:double><a:double>-0.10525110642810885</a:double><a:double>0.025000000000000112</a:double></Value></Attribute><Attribute z:Id="i108"><AttributeType>rpy</AttributeType><IsRequired>true</IsRequired><Value i:type="a:ArrayOfdouble" xmlns:a="http://schemas.microsoft.com/2003/10/Serialization/Arrays"><a:double>0</a:double><a:double>0</a:double><a:double>0</a:double></Value></Attribute></Attributes><ChildElements/><ElementName>origin</ElementName><required>false</required><RPYAttribute z:Ref="i108"/><XYZAttribute z:Ref="i107"/><isCustomized>false</isCustomized></URDFElement><URDFElement z:Id="i109" i:type="ParentLink"><Attributes><Attribute z:Id="i110"><AttributeType>link</AttributeType><IsRequired>true</IsRequired><Value i:type="a:string" xmlns:a="http://www.w3.org/2001/XMLSchema">base_link</Value></Attribute></Attributes><ChildElements/><ElementName>parent</ElementName><required>true</required><NameAttribute z:Ref="i110"/></URDFElement><URDFElement z:Id="i111" i:type="ChildLink"><Attributes><Attribute z:Id="i112"><AttributeType>link</AttributeType><IsRequired>true</IsRequired><Value i:type="a:string" xmlns:a="http://www.w3.org/2001/XMLSchema">R_wheel_link</Value></Attribute></Attributes><ChildElements/><ElementName>child</ElementName><required>true</required><NameAttribute z:Ref="i112"/></URDFElement><URDFElement z:Id="i113" i:type="Axis"><Attributes><Attribute z:Id="i114"><AttributeType>xyz</AttributeType><IsRequired>true</IsRequired><Value i:type="a:ArrayOfdouble" xmlns:a="http://schemas.microsoft.com/2003/10/Serialization/Arrays"><a:double>0</a:double><a:double>-1</a:double><a:double>0</a:double></Value></Attribute></Attributes><ChildElements/><ElementName>axis</ElementName><required>false</required><XYZAttribute z:Ref="i114"/></URDFElement><URDFElement z:Id="i115" i:type="Limit"><Attributes><Attribute z:Id="i116"><AttributeType>lower</AttributeType><IsRequired>false</IsRequired><Value i:nil="true"/></Attribute><Attribute z:Id="i117"><AttributeType>upper</AttributeType><IsRequired>false</IsRequired><Value i:nil="true"/></Attribute><Attribute z:Id="i118"><AttributeType>effort</AttributeType><IsRequired>true</IsRequired><Value i:nil="true"/></Attribute><Attribute z:Id="i119"><AttributeType>velocity</AttributeType><IsRequired>true</IsRequired><Value i:nil="true"/></Attribute></Attributes><ChildElements/><ElementName>limit</ElementName><required>false</required><EffortAttribute z:Ref="i118"/><LowerAttribute z:Ref="i116"/><UpperAttribute z:Ref="i117"/><VelocityAttribute z:Ref="i119"/></URDFElement><URDFElement z:Id="i120" i:type="Calibration"><Attributes><Attribute z:Id="i121"><AttributeType>rising</AttributeType><IsRequired>false</IsRequired><Value i:nil="true"/></Attribute><Attribute z:Id="i122"><AttributeType>falling</AttributeType><IsRequired>false</IsRequired><Value i:nil="true"/></Attribute></Attributes><ChildElements/><ElementName>calibration</ElementName><required>false</required><FallingAttribute z:Ref="i122"/><RisingAttribute z:Ref="i121"/></URDFElement><URDFElement z:Id="i123" i:type="Dynamics"><Attributes><Attribute z:Id="i124"><AttributeType>damping</AttributeType><IsRequired>false</IsRequired><Value i:nil="true"/></Attribute><Attribute z:Id="i125"><AttributeType>friction</AttributeType><IsRequired>false</IsRequired><Value i:nil="true"/></Attribute></Attributes><ChildElements/><ElementName>dynamics</ElementName><required>false</required><DampingAttribute z:Ref="i124"/><FrictionAttribute z:Ref="i125"/></URDFElement><URDFElement z:Id="i126" i:type="SafetyController"><Attributes><Attribute z:Id="i127"><AttributeType>soft_upper_limit</AttributeType><IsRequired>false</IsRequired><Value i:nil="true"/></Attribute><Attribute z:Id="i128"><AttributeType>soft_lower_limit</AttributeType><IsRequired>false</IsRequired><Value i:nil="true"/></Attribute><Attribute z:Id="i129"><AttributeType>k_position</AttributeType><IsRequired>false</IsRequired><Value i:nil="true"/></Attribute><Attribute z:Id="i130"><AttributeType>k_velocity</AttributeType><IsRequired>true</IsRequired><Value i:nil="true"/></Attribute></Attributes><ChildElements/><ElementName>safety_controller</ElementName><required>false</required><KPositionAttribute z:Ref="i129"/><KVelocityAttribute z:Ref="i130"/><SoftLowerAttribute z:Ref="i128"/><SoftUpperAttribute z:Ref="i127"/></URDFElement><URDFElement z:Id="i131" i:type="Mimic"><Attributes><Attribute z:Id="i132"><AttributeType>joint</AttributeType><IsRequired>true</IsRequired><Value i:nil="true"/></Attribute><Attribute z:Id="i133"><AttributeType>multiplier</AttributeType><IsRequired>false</IsRequired><Value i:nil="true"/></Attribute><Attribute z:Id="i134"><AttributeType>offset</AttributeType><IsRequired>false</IsRequired><Value i:nil="true"/></Attribute></Attributes><ChildElements/><ElementName>mimic</ElementName><required>false</required><JointNameAttribute z:Ref="i132"/><MultiplierAttribute z:Ref="i133"/><OffsetAttribute z:Ref="i134"/></URDFElement></ChildElements><ElementName>joint</ElementName><required>false</required><Axis z:Ref="i113"/><AxisName>Axis_wheel</AxisName><Calibration z:Ref="i120"/><Child z:Ref="i111"/><CoordinateSystemName>R_origin</CoordinateSystemName><Dynamics z:Ref="i123"/><Limit z:Ref="i115"/><Mimic z:Ref="i131"/><NameAttribute z:Ref="i104"/><Origin z:Ref="i106"/><Parent z:Ref="i109"/><Safety z:Ref="i126"/><TypeAttribute z:Ref="i105"/></URDFElement></ChildElements><ElementName>link</ElementName><required>true</required><Children/><Collision z:Ref="i96"/><Inertial z:Ref="i70"/><Joint z:Ref="i103"/><NameAttribute z:Ref="i69"/><Parent z:Ref="i1"/><STLQualityFine>false</STLQualityFine><SWComponentPIDs xmlns:a="http://schemas.microsoft.com/2003/10/Serialization/Arrays"><a:base64Binary>aEIAAAUAAAD//v8nYwBvAHAAcABlAHIAXwB3AGgAZQBlAGwAXwB3AGkAdABoAF8AYQBkAGEAcAB0AGUAcgBfAHAAYQByAHQALQAxAEAAYQBzAHMAZQBtADEABAAAABAAAAABAAAAAQAAAOcBAAA=</a:base64Binary></SWComponentPIDs><SWMainComponentPID i:nil="true"/><Visual z:Ref="i83"/><isFixedFrame>false</isFixedFrame><isIncomplete>false</isIncomplete></Link><Link z:Id="i135"><Attributes><Attribute z:Id="i136"><AttributeType>name</AttributeType><IsRequired>true</IsRequired><Value i:type="a:string" xmlns:a="http://www.w3.org/2001/XMLSchema">L_wheel_link</Value></Attribute></Attributes><ChildElements><URDFElement z:Id="i137" i:type="Inertial"><Attributes/><ChildElements><URDFElement z:Id="i138" i:type="Origin"><Attributes><Attribute z:Id="i139"><AttributeType>xyz</AttributeType><IsRequired>true</IsRequired><Value i:type="a:ArrayOfdouble" xmlns:a="http://schemas.microsoft.com/2003/10/Serialization/Arrays"><a:double>-0.00041032411340115663</a:double><a:double>-0.0058199863971911681</a:double><a:double>0.00074761031728983753</a:double></Value></Attribute><Attribute z:Id="i140"><AttributeType>rpy</AttributeType><IsRequired>true</IsRequired><Value i:type="a:ArrayOfdouble" xmlns:a="http://schemas.microsoft.com/2003/10/Serialization/Arrays"><a:double>0</a:double><a:double>0</a:double><a:double>0</a:double></Value></Attribute></Attributes><ChildElements/><ElementName>origin</ElementName><required>false</required><RPYAttribute z:Ref="i140"/><XYZAttribute z:Ref="i139"/><isCustomized>false</isCustomized></URDFElement><URDFElement z:Id="i141" i:type="Mass"><Attributes><Attribute z:Id="i142"><AttributeType>value</AttributeType><IsRequired>true</IsRequired><Value i:type="a:double" xmlns:a="http://www.w3.org/2001/XMLSchema">0.04195514955587068</Value></Attribute></Attributes><ChildElements/><ElementName>mass</ElementName><required>false</required><ValueAttribute z:Ref="i142"/></URDFElement><URDFElement z:Id="i143" i:type="Inertia"><Attributes><Attribute z:Id="i144"><AttributeType>ixx</AttributeType><IsRequired>true</IsRequired><Value i:type="a:double" xmlns:a="http://www.w3.org/2001/XMLSchema">1.8381704642724268E-05</Value></Attribute><Attribute z:Id="i145"><AttributeType>ixy</AttributeType><IsRequired>true</IsRequired><Value i:type="a:double" xmlns:a="http://www.w3.org/2001/XMLSchema">-2.1679157785039226E-10</Value></Attribute><Attribute z:Id="i146"><AttributeType>ixz</AttributeType><IsRequired>true</IsRequired><Value i:type="a:double" xmlns:a="http://www.w3.org/2001/XMLSchema">-1.4898361886727788E-08</Value></Attribute><Attribute z:Id="i147"><AttributeType>iyy</AttributeType><IsRequired>true</IsRequired><Value i:type="a:double" xmlns:a="http://www.w3.org/2001/XMLSchema">3.0919329148921755E-05</Value></Attribute><Attribute z:Id="i148"><AttributeType>iyz</AttributeType><IsRequired>true</IsRequired><Value i:type="a:double" xmlns:a="http://www.w3.org/2001/XMLSchema">3.7187230586482468E-10</Value></Attribute><Attribute z:Id="i149"><AttributeType>izz</AttributeType><IsRequired>true</IsRequired><Value i:type="a:double" xmlns:a="http://www.w3.org/2001/XMLSchema">1.8400043755197284E-05</Value></Attribute></Attributes><ChildElements/><ElementName>inertia</ElementName><required>false</required><IxxAttribute z:Ref="i144"/><IxyAttribute z:Ref="i145"/><IxzAttribute z:Ref="i146"/><IyyAttribute z:Ref="i147"/><IyzAttribute z:Ref="i148"/><IzzAttribute z:Ref="i149"/></URDFElement></ChildElements><ElementName>inertial</ElementName><required>false</required><Inertia z:Ref="i143"/><Mass z:Ref="i141"/><Origin z:Ref="i138"/></URDFElement><URDFElement z:Id="i150" i:type="Visual"><Attributes/><ChildElements><URDFElement z:Id="i151" i:type="Origin"><Attributes><Attribute z:Id="i152"><AttributeType>xyz</AttributeType><IsRequired>true</IsRequired><Value i:type="a:ArrayOfdouble" xmlns:a="http://schemas.microsoft.com/2003/10/Serialization/Arrays"><a:double>0</a:double><a:double>0</a:double><a:double>0</a:double></Value></Attribute><Attribute z:Id="i153"><AttributeType>rpy</AttributeType><IsRequired>true</IsRequired><Value i:type="a:ArrayOfdouble" xmlns:a="http://schemas.microsoft.com/2003/10/Serialization/Arrays"><a:double>0</a:double><a:double>0</a:double><a:double>0</a:double></Value></Attribute></Attributes><ChildElements/><ElementName>origin</ElementName><required>false</required><RPYAttribute z:Ref="i153"/><XYZAttribute z:Ref="i152"/><isCustomized>false</isCustomized></URDFElement><URDFElement z:Id="i154" i:type="Geometry"><Attributes/><ChildElements><URDFElement z:Id="i155" i:type="Mesh"><Attributes><Attribute z:Id="i156"><AttributeType>filename</AttributeType><IsRequired>true</IsRequired><Value i:nil="true"/></Attribute></Attributes><ChildElements/><ElementName>mesh</ElementName><required>false</required><FilenameAttribute z:Ref="i156"/></URDFElement></ChildElements><ElementName>geometry</ElementName><required>true</required><Mesh z:Ref="i155"/></URDFElement><URDFElement z:Id="i157" i:type="Material"><Attributes><Attribute z:Id="i158"><AttributeType>name</AttributeType><IsRequired>true</IsRequired><Value i:type="a:string" xmlns:a="http://www.w3.org/2001/XMLSchema"/></Attribute></Attributes><ChildElements><URDFElement z:Id="i159" i:type="Color"><Attributes><Attribute z:Id="i160"><AttributeType>rgba</AttributeType><IsRequired>true</IsRequired><Value i:type="a:ArrayOfdouble" xmlns:a="http://schemas.microsoft.com/2003/10/Serialization/Arrays"><a:double>0.792156862745098</a:double><a:double>0.81960784313725488</a:double><a:double>0.93333333333333335</a:double><a:double>1</a:double></Value></Attribute></Attributes><ChildElements/><ElementName>color</ElementName><required>false</required><RGBAAttribute z:Ref="i160"/></URDFElement><URDFElement z:Id="i161" i:type="Texture"><Attributes><Attribute z:Id="i162"><AttributeType>filename</AttributeType><IsRequired>true</IsRequired><Value i:nil="true"/></Attribute></Attributes><ChildElements/><ElementName>texture</ElementName><required>false</required><FilenameAttribute z:Ref="i162"/><wFilename/></URDFElement></ChildElements><ElementName>material</ElementName><required>false</required><Color z:Ref="i159"/><NameAttribute z:Ref="i158"/><Texture z:Ref="i161"/></URDFElement></ChildElements><ElementName>visual</ElementName><required>false</required><Geometry z:Ref="i154"/><Material z:Ref="i157"/><Origin z:Ref="i151"/></URDFElement><URDFElement z:Id="i163" i:type="Collision"><Attributes/><ChildElements><URDFElement z:Id="i164" i:type="Origin"><Attributes><Attribute z:Id="i165"><AttributeType>xyz</AttributeType><IsRequired>true</IsRequired><Value i:type="a:ArrayOfdouble" xmlns:a="http://schemas.microsoft.com/2003/10/Serialization/Arrays"><a:double>0</a:double><a:double>0</a:double><a:double>0</a:double></Value></Attribute><Attribute z:Id="i166"><AttributeType>rpy</AttributeType><IsRequired>true</IsRequired><Value i:type="a:ArrayOfdouble" xmlns:a="http://schemas.microsoft.com/2003/10/Serialization/Arrays"><a:double>0</a:double><a:double>0</a:double><a:double>0</a:double></Value></Attribute></Attributes><ChildElements/><ElementName>origin</ElementName><required>false</required><RPYAttribute z:Ref="i166"/><XYZAttribute z:Ref="i165"/><isCustomized>false</isCustomized></URDFElement><URDFElement z:Id="i167" i:type="Geometry"><Attributes/><ChildElements><URDFElement z:Id="i168" i:type="Mesh"><Attributes><Attribute z:Id="i169"><AttributeType>filename</AttributeType><IsRequired>true</IsRequired><Value i:nil="true"/></Attribute></Attributes><ChildElements/><ElementName>mesh</ElementName><required>false</required><FilenameAttribute z:Ref="i169"/></URDFElement></ChildElements><ElementName>geometry</ElementName><required>true</required><Mesh z:Ref="i168"/></URDFElement></ChildElements><ElementName>collision</ElementName><required>false</required><Geometry z:Ref="i167"/><Origin z:Ref="i164"/></URDFElement><URDFElement z:Id="i170" i:type="Joint"><Attributes><Attribute z:Id="i171"><AttributeType>name</AttributeType><IsRequired>true</IsRequired><Value i:type="a:string" xmlns:a="http://www.w3.org/2001/XMLSchema">Lwheel_joint</Value></Attribute><Attribute z:Id="i172"><AttributeType>type</AttributeType><IsRequired>true</IsRequired><Value i:type="a:string" xmlns:a="http://www.w3.org/2001/XMLSchema">continuous</Value></Attribute></Attributes><ChildElements><URDFElement z:Id="i173" i:type="Origin"><Attributes><Attribute z:Id="i174"><AttributeType>xyz</AttributeType><IsRequired>true</IsRequired><Value i:type="a:ArrayOfdouble" xmlns:a="http://schemas.microsoft.com/2003/10/Serialization/Arrays"><a:double>-0.00040439175433133832</a:double><a:double>0.10525110642810892</a:double><a:double>0.025000000000000827</a:double></Value></Attribute><Attribute z:Id="i175"><AttributeType>rpy</AttributeType><IsRequired>true</IsRequired><Value i:type="a:ArrayOfdouble" xmlns:a="http://schemas.microsoft.com/2003/10/Serialization/Arrays"><a:double>0</a:double><a:double>0</a:double><a:double>0</a:double></Value></Attribute></Attributes><ChildElements/><ElementName>origin</ElementName><required>false</required><RPYAttribute z:Ref="i175"/><XYZAttribute z:Ref="i174"/><isCustomized>false</isCustomized></URDFElement><URDFElement z:Id="i176" i:type="ParentLink"><Attributes><Attribute z:Id="i177"><AttributeType>link</AttributeType><IsRequired>true</IsRequired><Value i:type="a:string" xmlns:a="http://www.w3.org/2001/XMLSchema">base_link</Value></Attribute></Attributes><ChildElements/><ElementName>parent</ElementName><required>true</required><NameAttribute z:Ref="i177"/></URDFElement><URDFElement z:Id="i178" i:type="ChildLink"><Attributes><Attribute z:Id="i179"><AttributeType>link</AttributeType><IsRequired>true</IsRequired><Value i:type="a:string" xmlns:a="http://www.w3.org/2001/XMLSchema">L_wheel_link</Value></Attribute></Attributes><ChildElements/><ElementName>child</ElementName><required>true</required><NameAttribute z:Ref="i179"/></URDFElement><URDFElement z:Id="i180" i:type="Axis"><Attributes><Attribute z:Id="i181"><AttributeType>xyz</AttributeType><IsRequired>true</IsRequired><Value i:type="a:ArrayOfdouble" xmlns:a="http://schemas.microsoft.com/2003/10/Serialization/Arrays"><a:double>0</a:double><a:double>-1</a:double><a:double>0</a:double></Value></Attribute></Attributes><ChildElements/><ElementName>axis</ElementName><required>false</required><XYZAttribute z:Ref="i181"/></URDFElement><URDFElement z:Id="i182" i:type="Limit"><Attributes><Attribute z:Id="i183"><AttributeType>lower</AttributeType><IsRequired>false</IsRequired><Value i:nil="true"/></Attribute><Attribute z:Id="i184"><AttributeType>upper</AttributeType><IsRequired>false</IsRequired><Value i:nil="true"/></Attribute><Attribute z:Id="i185"><AttributeType>effort</AttributeType><IsRequired>true</IsRequired><Value i:nil="true"/></Attribute><Attribute z:Id="i186"><AttributeType>velocity</AttributeType><IsRequired>true</IsRequired><Value i:nil="true"/></Attribute></Attributes><ChildElements/><ElementName>limit</ElementName><required>false</required><EffortAttribute z:Ref="i185"/><LowerAttribute z:Ref="i183"/><UpperAttribute z:Ref="i184"/><VelocityAttribute z:Ref="i186"/></URDFElement><URDFElement z:Id="i187" i:type="Calibration"><Attributes><Attribute z:Id="i188"><AttributeType>rising</AttributeType><IsRequired>false</IsRequired><Value i:nil="true"/></Attribute><Attribute z:Id="i189"><AttributeType>falling</AttributeType><IsRequired>false</IsRequired><Value i:nil="true"/></Attribute></Attributes><ChildElements/><ElementName>calibration</ElementName><required>false</required><FallingAttribute z:Ref="i189"/><RisingAttribute z:Ref="i188"/></URDFElement><URDFElement z:Id="i190" i:type="Dynamics"><Attributes><Attribute z:Id="i191"><AttributeType>damping</AttributeType><IsRequired>false</IsRequired><Value i:nil="true"/></Attribute><Attribute z:Id="i192"><AttributeType>friction</AttributeType><IsRequired>false</IsRequired><Value i:nil="true"/></Attribute></Attributes><ChildElements/><ElementName>dynamics</ElementName><required>false</required><DampingAttribute z:Ref="i191"/><FrictionAttribute z:Ref="i192"/></URDFElement><URDFElement z:Id="i193" i:type="SafetyController"><Attributes><Attribute z:Id="i194"><AttributeType>soft_upper_limit</AttributeType><IsRequired>false</IsRequired><Value i:nil="true"/></Attribute><Attribute z:Id="i195"><AttributeType>soft_lower_limit</AttributeType><IsRequired>false</IsRequired><Value i:nil="true"/></Attribute><Attribute z:Id="i196"><AttributeType>k_position</AttributeType><IsRequired>false</IsRequired><Value i:nil="true"/></Attribute><Attribute z:Id="i197"><AttributeType>k_velocity</AttributeType><IsRequired>true</IsRequired><Value i:nil="true"/></Attribute></Attributes><ChildElements/><ElementName>safety_controller</ElementName><required>false</required><KPositionAttribute z:Ref="i196"/><KVelocityAttribute z:Ref="i197"/><SoftLowerAttribute z:Ref="i195"/><SoftUpperAttribute z:Ref="i194"/></URDFElement><URDFElement z:Id="i198" i:type="Mimic"><Attributes><Attribute z:Id="i199"><AttributeType>joint</AttributeType><IsRequired>true</IsRequired><Value i:nil="true"/></Attribute><Attribute z:Id="i200"><AttributeType>multiplier</AttributeType><IsRequired>false</IsRequired><Value i:nil="true"/></Attribute><Attribute z:Id="i201"><AttributeType>offset</AttributeType><IsRequired>false</IsRequired><Value i:nil="true"/></Attribute></Attributes><ChildElements/><ElementName>mimic</ElementName><required>false</required><JointNameAttribute z:Ref="i199"/><MultiplierAttribute z:Ref="i200"/><OffsetAttribute z:Ref="i201"/></URDFElement></ChildElements><ElementName>joint</ElementName><required>false</required><Axis z:Ref="i180"/><AxisName>Axis_wheel</AxisName><Calibration z:Ref="i187"/><Child z:Ref="i178"/><CoordinateSystemName>L_origin</CoordinateSystemName><Dynamics z:Ref="i190"/><Limit z:Ref="i182"/><Mimic z:Ref="i198"/><NameAttribute z:Ref="i171"/><Origin z:Ref="i173"/><Parent z:Ref="i176"/><Safety z:Ref="i193"/><TypeAttribute z:Ref="i172"/></URDFElement></ChildElements><ElementName>link</ElementName><required>true</required><Children/><Collision z:Ref="i163"/><Inertial z:Ref="i137"/><Joint z:Ref="i170"/><NameAttribute z:Ref="i136"/><Parent z:Ref="i1"/><STLQualityFine>false</STLQualityFine><SWComponentPIDs xmlns:a="http://schemas.microsoft.com/2003/10/Serialization/Arrays"><a:base64Binary>aEIAAAUAAAD//v8nYwBvAHAAcABlAHIAXwB3AGgAZQBlAGwAXwB3AGkAdABoAF8AYQBkAGEAcAB0AGUAcgBfAHAAYQByAHQALQAyAEAAYQBzAHMAZQBtADEABAAAABAAAAABAAAAAQAAAOoBAAA=</a:base64Binary></SWComponentPIDs><SWMainComponentPID i:nil="true"/><Visual z:Ref="i150"/><isFixedFrame>false</isFixedFrame><isIncomplete>false</isIncomplete></Link><Link z:Id="i202"><Attributes><Attribute z:Id="i203"><AttributeType>name</AttributeType><IsRequired>true</IsRequired><Value i:type="a:string" xmlns:a="http://www.w3.org/2001/XMLSchema">Ball_front_link</Value></Attribute></Attributes><ChildElements><URDFElement z:Id="i204" i:type="Inertial"><Attributes/><ChildElements><URDFElement z:Id="i205" i:type="Origin"><Attributes><Attribute z:Id="i206"><AttributeType>xyz</AttributeType><IsRequired>true</IsRequired><Value i:type="a:ArrayOfdouble" xmlns:a="http://schemas.microsoft.com/2003/10/Serialization/Arrays"><a:double>4.3021142204224816E-16</a:double><a:double>-6.3696315145619908E-06</a:double><a:double>0.0054783181552000952</a:double></Value></Attribute><Attribute z:Id="i207"><AttributeType>rpy</AttributeType><IsRequired>true</IsRequired><Value i:type="a:ArrayOfdouble" xmlns:a="http://schemas.microsoft.com/2003/10/Serialization/Arrays"><a:double>0</a:double><a:double>0</a:double><a:double>0</a:double></Value></Attribute></Attributes><ChildElements/><ElementName>origin</ElementName><required>false</required><RPYAttribute z:Ref="i207"/><XYZAttribute z:Ref="i206"/><isCustomized>false</isCustomized></URDFElement><URDFElement z:Id="i208" i:type="Mass"><Attributes><Attribute z:Id="i209"><AttributeType>value</AttributeType><IsRequired>true</IsRequired><Value i:type="a:double" xmlns:a="http://www.w3.org/2001/XMLSchema">0.0051732918664278834</Value></Attribute></Attributes><ChildElements/><ElementName>mass</ElementName><required>false</required><ValueAttribute z:Ref="i209"/></URDFElement><URDFElement z:Id="i210" i:type="Inertia"><Attributes><Attribute z:Id="i211"><AttributeType>ixx</AttributeType><IsRequired>true</IsRequired><Value i:type="a:double" xmlns:a="http://www.w3.org/2001/XMLSchema">4.8243600128638774E-07</Value></Attribute><Attribute z:Id="i212"><AttributeType>ixy</AttributeType><IsRequired>true</IsRequired><Value i:type="a:double" xmlns:a="http://www.w3.org/2001/XMLSchema">6.8036953082322914E-16</Value></Attribute><Attribute z:Id="i213"><AttributeType>ixz</AttributeType><IsRequired>true</IsRequired><Value i:type="a:double" xmlns:a="http://www.w3.org/2001/XMLSchema">7.636107438290798E-23</Value></Attribute><Attribute z:Id="i214"><AttributeType>iyy</AttributeType><IsRequired>true</IsRequired><Value i:type="a:double" xmlns:a="http://www.w3.org/2001/XMLSchema">2.1717606375324091E-07</Value></Attribute><Attribute z:Id="i215"><AttributeType>iyz</AttributeType><IsRequired>true</IsRequired><Value i:type="a:double" xmlns:a="http://www.w3.org/2001/XMLSchema">2.5529250701518955E-10</Value></Attribute><Attribute z:Id="i216"><AttributeType>izz</AttributeType><IsRequired>true</IsRequired><Value i:type="a:double" xmlns:a="http://www.w3.org/2001/XMLSchema">5.286393882496393E-07</Value></Attribute></Attributes><ChildElements/><ElementName>inertia</ElementName><required>false</required><IxxAttribute z:Ref="i211"/><IxyAttribute z:Ref="i212"/><IxzAttribute z:Ref="i213"/><IyyAttribute z:Ref="i214"/><IyzAttribute z:Ref="i215"/><IzzAttribute z:Ref="i216"/></URDFElement></ChildElements><ElementName>inertial</ElementName><required>false</required><Inertia z:Ref="i210"/><Mass z:Ref="i208"/><Origin z:Ref="i205"/></URDFElement><URDFElement z:Id="i217" i:type="Visual"><Attributes/><ChildElements><URDFElement z:Id="i218" i:type="Origin"><Attributes><Attribute z:Id="i219"><AttributeType>xyz</AttributeType><IsRequired>true</IsRequired><Value i:type="a:ArrayOfdouble" xmlns:a="http://schemas.microsoft.com/2003/10/Serialization/Arrays"><a:double>0</a:double><a:double>0</a:double><a:double>0</a:double></Value></Attribute><Attribute z:Id="i220"><AttributeType>rpy</AttributeType><IsRequired>true</IsRequired><Value i:type="a:ArrayOfdouble" xmlns:a="http://schemas.microsoft.com/2003/10/Serialization/Arrays"><a:double>0</a:double><a:double>0</a:double><a:double>0</a:double></Value></Attribute></Attributes><ChildElements/><ElementName>origin</ElementName><required>false</required><RPYAttribute z:Ref="i220"/><XYZAttribute z:Ref="i219"/><isCustomized>false</isCustomized></URDFElement><URDFElement z:Id="i221" i:type="Geometry"><Attributes/><ChildElements><URDFElement z:Id="i222" i:type="Mesh"><Attributes><Attribute z:Id="i223"><AttributeType>filename</AttributeType><IsRequired>true</IsRequired><Value i:nil="true"/></Attribute></Attributes><ChildElements/><ElementName>mesh</ElementName><required>false</required><FilenameAttribute z:Ref="i223"/></URDFElement></ChildElements><ElementName>geometry</ElementName><required>true</required><Mesh z:Ref="i222"/></URDFElement><URDFElement z:Id="i224" i:type="Material"><Attributes><Attribute z:Id="i225"><AttributeType>name</AttributeType><IsRequired>true</IsRequired><Value i:type="a:string" xmlns:a="http://www.w3.org/2001/XMLSchema"/></Attribute></Attributes><ChildElements><URDFElement z:Id="i226" i:type="Color"><Attributes><Attribute z:Id="i227"><AttributeType>rgba</AttributeType><IsRequired>true</IsRequired><Value i:type="a:ArrayOfdouble" xmlns:a="http://schemas.microsoft.com/2003/10/Serialization/Arrays"><a:double>0.792156862745098</a:double><a:double>0.81960784313725488</a:double><a:double>0.93333333333333335</a:double><a:double>1</a:double></Value></Attribute></Attributes><ChildElements/><ElementName>color</ElementName><required>false</required><RGBAAttribute z:Ref="i227"/></URDFElement><URDFElement z:Id="i228" i:type="Texture"><Attributes><Attribute z:Id="i229"><AttributeType>filename</AttributeType><IsRequired>true</IsRequired><Value i:nil="true"/></Attribute></Attributes><ChildElements/><ElementName>texture</ElementName><required>false</required><FilenameAttribute z:Ref="i229"/><wFilename/></URDFElement></ChildElements><ElementName>material</ElementName><required>false</required><Color z:Ref="i226"/><NameAttribute z:Ref="i225"/><Texture z:Ref="i228"/></URDFElement></ChildElements><ElementName>visual</ElementName><required>false</required><Geometry z:Ref="i221"/><Material z:Ref="i224"/><Origin z:Ref="i218"/></URDFElement><URDFElement z:Id="i230" i:type="Collision"><Attributes/><ChildElements><URDFElement z:Id="i231" i:type="Origin"><Attributes><Attribute z:Id="i232"><AttributeType>xyz</AttributeType><IsRequired>true</IsRequired><Value i:type="a:ArrayOfdouble" xmlns:a="http://schemas.microsoft.com/2003/10/Serialization/Arrays"><a:double>0</a:double><a:double>0</a:double><a:double>0</a:double></Value></Attribute><Attribute z:Id="i233"><AttributeType>rpy</AttributeType><IsRequired>true</IsRequired><Value i:type="a:ArrayOfdouble" xmlns:a="http://schemas.microsoft.com/2003/10/Serialization/Arrays"><a:double>0</a:double><a:double>0</a:double><a:double>0</a:double></Value></Attribute></Attributes><ChildElements/><ElementName>origin</ElementName><required>false</required><RPYAttribute z:Ref="i233"/><XYZAttribute z:Ref="i232"/><isCustomized>false</isCustomized></URDFElement><URDFElement z:Id="i234" i:type="Geometry"><Attributes/><ChildElements><URDFElement z:Id="i235" i:type="Mesh"><Attributes><Attribute z:Id="i236"><AttributeType>filename</AttributeType><IsRequired>true</IsRequired><Value i:nil="true"/></Attribute></Attributes><ChildElements/><ElementName>mesh</ElementName><required>false</required><FilenameAttribute z:Ref="i236"/></URDFElement></ChildElements><ElementName>geometry</ElementName><required>true</required><Mesh z:Ref="i235"/></URDFElement></ChildElements><ElementName>collision</ElementName><required>false</required><Geometry z:Ref="i234"/><Origin z:Ref="i231"/></URDFElement><URDFElement z:Id="i237" i:type="Joint"><Attributes><Attribute z:Id="i238"><AttributeType>name</AttributeType><IsRequired>true</IsRequired><Value i:type="a:string" xmlns:a="http://www.w3.org/2001/XMLSchema">Ballfront_joint</Value></Attribute><Attribute z:Id="i239"><AttributeType>type</AttributeType><IsRequired>true</IsRequired><Value i:type="a:string" xmlns:a="http://www.w3.org/2001/XMLSchema">fixed</Value></Attribute></Attributes><ChildElements><URDFElement z:Id="i240" i:type="Origin"><Attributes><Attribute z:Id="i241"><AttributeType>xyz</AttributeType><IsRequired>true</IsRequired><Value i:type="a:ArrayOfdouble" xmlns:a="http://schemas.microsoft.com/2003/10/Serialization/Arrays"><a:double>0.074595608245668021</a:double><a:double>-0.00018349405514948847</a:double><a:double>-0.00090000000000049069</a:double></Value></Attribute><Attribute z:Id="i242"><AttributeType>rpy</AttributeType><IsRequired>true</IsRequired><Value i:type="a:ArrayOfdouble" xmlns:a="http://schemas.microsoft.com/2003/10/Serialization/Arrays"><a:double>0</a:double><a:double>0</a:double><a:double>0</a:double></Value></Attribute></Attributes><ChildElements/><ElementName>origin</ElementName><required>false</required><RPYAttribute z:Ref="i242"/><XYZAttribute z:Ref="i241"/><isCustomized>false</isCustomized></URDFElement><URDFElement z:Id="i243" i:type="ParentLink"><Attributes><Attribute z:Id="i244"><AttributeType>link</AttributeType><IsRequired>true</IsRequired><Value i:type="a:string" xmlns:a="http://www.w3.org/2001/XMLSchema">base_link</Value></Attribute></Attributes><ChildElements/><ElementName>parent</ElementName><required>true</required><NameAttribute z:Ref="i244"/></URDFElement><URDFElement z:Id="i245" i:type="ChildLink"><Attributes><Attribute z:Id="i246"><AttributeType>link</AttributeType><IsRequired>true</IsRequired><Value i:type="a:string" xmlns:a="http://www.w3.org/2001/XMLSchema">Ball_front_link</Value></Attribute></Attributes><ChildElements/><ElementName>child</ElementName><required>true</required><NameAttribute z:Ref="i246"/></URDFElement><URDFElement z:Id="i247" i:type="Axis"><Attributes><Attribute z:Id="i248"><AttributeType>xyz</AttributeType><IsRequired>true</IsRequired><Value i:type="a:ArrayOfdouble" xmlns:a="http://schemas.microsoft.com/2003/10/Serialization/Arrays"><a:double>0</a:double><a:double>0</a:double><a:double>0</a:double></Value></Attribute></Attributes><ChildElements/><ElementName>axis</ElementName><required>false</required><XYZAttribute z:Ref="i248"/></URDFElement><URDFElement z:Id="i249" i:type="Limit"><Attributes><Attribute z:Id="i250"><AttributeType>lower</AttributeType><IsRequired>false</IsRequired><Value i:nil="true"/></Attribute><Attribute z:Id="i251"><AttributeType>upper</AttributeType><IsRequired>false</IsRequired><Value i:nil="true"/></Attribute><Attribute z:Id="i252"><AttributeType>effort</AttributeType><IsRequired>true</IsRequired><Value i:nil="true"/></Attribute><Attribute z:Id="i253"><AttributeType>velocity</AttributeType><IsRequired>true</IsRequired><Value i:nil="true"/></Attribute></Attributes><ChildElements/><ElementName>limit</ElementName><required>false</required><EffortAttribute z:Ref="i252"/><LowerAttribute z:Ref="i250"/><UpperAttribute z:Ref="i251"/><VelocityAttribute z:Ref="i253"/></URDFElement><URDFElement z:Id="i254" i:type="Calibration"><Attributes><Attribute z:Id="i255"><AttributeType>rising</AttributeType><IsRequired>false</IsRequired><Value i:nil="true"/></Attribute><Attribute z:Id="i256"><AttributeType>falling</AttributeType><IsRequired>false</IsRequired><Value i:nil="true"/></Attribute></Attributes><ChildElements/><ElementName>calibration</ElementName><required>false</required><FallingAttribute z:Ref="i256"/><RisingAttribute z:Ref="i255"/></URDFElement><URDFElement z:Id="i257" i:type="Dynamics"><Attributes><Attribute z:Id="i258"><AttributeType>damping</AttributeType><IsRequired>false</IsRequired><Value i:nil="true"/></Attribute><Attribute z:Id="i259"><AttributeType>friction</AttributeType><IsRequired>false</IsRequired><Value i:nil="true"/></Attribute></Attributes><ChildElements/><ElementName>dynamics</ElementName><required>false</required><DampingAttribute z:Ref="i258"/><FrictionAttribute z:Ref="i259"/></URDFElement><URDFElement z:Id="i260" i:type="SafetyController"><Attributes><Attribute z:Id="i261"><AttributeType>soft_upper_limit</AttributeType><IsRequired>false</IsRequired><Value i:nil="true"/></Attribute><Attribute z:Id="i262"><AttributeType>soft_lower_limit</AttributeType><IsRequired>false</IsRequired><Value i:nil="true"/></Attribute><Attribute z:Id="i263"><AttributeType>k_position</AttributeType><IsRequired>false</IsRequired><Value i:nil="true"/></Attribute><Attribute z:Id="i264"><AttributeType>k_velocity</AttributeType><IsRequired>true</IsRequired><Value i:nil="true"/></Attribute></Attributes><ChildElements/><ElementName>safety_controller</ElementName><required>false</required><KPositionAttribute z:Ref="i263"/><KVelocityAttribute z:Ref="i264"/><SoftLowerAttribute z:Ref="i262"/><SoftUpperAttribute z:Ref="i261"/></URDFElement><URDFElement z:Id="i265" i:type="Mimic"><Attributes><Attribute z:Id="i266"><AttributeType>joint</AttributeType><IsRequired>true</IsRequired><Value i:nil="true"/></Attribute><Attribute z:Id="i267"><AttributeType>multiplier</AttributeType><IsRequired>false</IsRequired><Value i:nil="true"/></Attribute><Attribute z:Id="i268"><AttributeType>offset</AttributeType><IsRequired>false</IsRequired><Value i:nil="true"/></Attribute></Attributes><ChildElements/><ElementName>mimic</ElementName><required>false</required><JointNameAttribute z:Ref="i266"/><MultiplierAttribute z:Ref="i267"/><OffsetAttribute z:Ref="i268"/></URDFElement></ChildElements><ElementName>joint</ElementName><required>false</required><Axis z:Ref="i247"/><AxisName>Axis_Ballfront_joint</AxisName><Calibration z:Ref="i254"/><Child z:Ref="i245"/><CoordinateSystemName>Front_origin</CoordinateSystemName><Dynamics z:Ref="i257"/><Limit z:Ref="i249"/><Mimic z:Ref="i265"/><NameAttribute z:Ref="i238"/><Origin z:Ref="i240"/><Parent z:Ref="i243"/><Safety z:Ref="i260"/><TypeAttribute z:Ref="i239"/></URDFElement></ChildElements><ElementName>link</ElementName><required>true</required><Children/><Collision z:Ref="i230"/><Inertial z:Ref="i204"/><Joint z:Ref="i237"/><NameAttribute z:Ref="i203"/><Parent z:Ref="i1"/><STLQualityFine>false</STLQualityFine><SWComponentPIDs xmlns:a="http://schemas.microsoft.com/2003/10/Serialization/Arrays"><a:base64Binary>aEIAAAUAAAD//v8uVwA0ADIAMAAgAFUAbgBpAHYAZQByAHMAYQBsACAAUwB0AGUAZQBsACAAQgBhAGwAbAAgAEMAYQBzAHQAZQByAF8AcABhAHIAdAAtADEAQABhAHMAcwBlAG0AMQAEAAAAEAAAAAEAAAABAAAAxQEAAA==</a:base64Binary><a:base64Binary>aEIAAAUAAAD//v8VVwA0ADIAMABfAHMAcABhAGMAZQByAC0AMQAxAEAAYQBzAHMAZQBtADEABAAAABAAAAABAAAAAQAAAIkBAAA=</a:base64Binary><a:base64Binary>aEIAAAUAAAD//v8VVwA0ADIAMABfAHMAcABhAGMAZQByAC0AMQAyAEAAYQBzAHMAZQBtADEABAAAABAAAAABAAAAAQAAAIwBAAA=</a:base64Binary></SWComponentPIDs><SWMainComponentPID i:nil="true"/><Visual z:Ref="i217"/><isFixedFrame>false</isFixedFrame><isIncomplete>false</isIncomplete></Link><Link z:Id="i269"><Attributes><Attribute z:Id="i270"><AttributeType>name</AttributeType><IsRequired>true</IsRequired><Value i:type="a:string" xmlns:a="http://www.w3.org/2001/XMLSchema">Ball_back_link</Value></Attribute></Attributes><ChildElements><URDFElement z:Id="i271" i:type="Inertial"><Attributes/><ChildElements><URDFElement z:Id="i272" i:type="Origin"><Attributes><Attribute z:Id="i273"><AttributeType>xyz</AttributeType><IsRequired>true</IsRequired><Value i:type="a:ArrayOfdouble" xmlns:a="http://schemas.microsoft.com/2003/10/Serialization/Arrays"><a:double>4.5796699765787707E-16</a:double><a:double>-6.3696315145567867E-06</a:double><a:double>0.0054783181552000987</a:double></Value></Attribute><Attribute z:Id="i274"><AttributeType>rpy</AttributeType><IsRequired>true</IsRequired><Value i:type="a:ArrayOfdouble" xmlns:a="http://schemas.microsoft.com/2003/10/Serialization/Arrays"><a:double>0</a:double><a:double>0</a:double><a:double>0</a:double></Value></Attribute></Attributes><ChildElements/><ElementName>origin</ElementName><required>false</required><RPYAttribute z:Ref="i274"/><XYZAttribute z:Ref="i273"/><isCustomized>false</isCustomized></URDFElement><URDFElement z:Id="i275" i:type="Mass"><Attributes><Attribute z:Id="i276"><AttributeType>value</AttributeType><IsRequired>true</IsRequired><Value i:type="a:double" xmlns:a="http://www.w3.org/2001/XMLSchema">0.0051732918664278817</Value></Attribute></Attributes><ChildElements/><ElementName>mass</ElementName><required>false</required><ValueAttribute z:Ref="i276"/></URDFElement><URDFElement z:Id="i277" i:type="Inertia"><Attributes><Attribute z:Id="i278"><AttributeType>ixx</AttributeType><IsRequired>true</IsRequired><Value i:type="a:double" xmlns:a="http://www.w3.org/2001/XMLSchema">4.8243600128638784E-07</Value></Attribute><Attribute z:Id="i279"><AttributeType>ixy</AttributeType><IsRequired>true</IsRequired><Value i:type="a:double" xmlns:a="http://www.w3.org/2001/XMLSchema">6.8036947831073971E-16</Value></Attribute><Attribute z:Id="i280"><AttributeType>ixz</AttributeType><IsRequired>true</IsRequired><Value i:type="a:double" xmlns:a="http://www.w3.org/2001/XMLSchema">3.2419186658268075E-23</Value></Attribute><Attribute z:Id="i281"><AttributeType>iyy</AttributeType><IsRequired>true</IsRequired><Value i:type="a:double" xmlns:a="http://www.w3.org/2001/XMLSchema">2.17176063753241E-07</Value></Attribute><Attribute z:Id="i282"><AttributeType>iyz</AttributeType><IsRequired>true</IsRequired><Value i:type="a:double" xmlns:a="http://www.w3.org/2001/XMLSchema">2.5529250701531715E-10</Value></Attribute><Attribute z:Id="i283"><AttributeType>izz</AttributeType><IsRequired>true</IsRequired><Value i:type="a:double" xmlns:a="http://www.w3.org/2001/XMLSchema">5.2863938824963941E-07</Value></Attribute></Attributes><ChildElements/><ElementName>inertia</ElementName><required>false</required><IxxAttribute z:Ref="i278"/><IxyAttribute z:Ref="i279"/><IxzAttribute z:Ref="i280"/><IyyAttribute z:Ref="i281"/><IyzAttribute z:Ref="i282"/><IzzAttribute z:Ref="i283"/></URDFElement></ChildElements><ElementName>inertial</ElementName><required>false</required><Inertia z:Ref="i277"/><Mass z:Ref="i275"/><Origin z:Ref="i272"/></URDFElement><URDFElement z:Id="i284" i:type="Visual"><Attributes/><ChildElements><URDFElement z:Id="i285" i:type="Origin"><Attributes><Attribute z:Id="i286"><AttributeType>xyz</AttributeType><IsRequired>true</IsRequired><Value i:type="a:ArrayOfdouble" xmlns:a="http://schemas.microsoft.com/2003/10/Serialization/Arrays"><a:double>0</a:double><a:double>0</a:double><a:double>0</a:double></Value></Attribute><Attribute z:Id="i287"><AttributeType>rpy</AttributeType><IsRequired>true</IsRequired><Value i:type="a:ArrayOfdouble" xmlns:a="http://schemas.microsoft.com/2003/10/Serialization/Arrays"><a:double>0</a:double><a:double>0</a:double><a:double>0</a:double></Value></Attribute></Attributes><ChildElements/><ElementName>origin</ElementName><required>false</required><RPYAttribute z:Ref="i287"/><XYZAttribute z:Ref="i286"/><isCustomized>false</isCustomized></URDFElement><URDFElement z:Id="i288" i:type="Geometry"><Attributes/><ChildElements><URDFElement z:Id="i289" i:type="Mesh"><Attributes><Attribute z:Id="i290"><AttributeType>filename</AttributeType><IsRequired>true</IsRequired><Value i:nil="true"/></Attribute></Attributes><ChildElements/><ElementName>mesh</ElementName><required>false</required><FilenameAttribute z:Ref="i290"/></URDFElement></ChildElements><ElementName>geometry</ElementName><required>true</required><Mesh z:Ref="i289"/></URDFElement><URDFElement z:Id="i291" i:type="Material"><Attributes><Attribute z:Id="i292"><AttributeType>name</AttributeType><IsRequired>true</IsRequired><Value i:type="a:string" xmlns:a="http://www.w3.org/2001/XMLSchema"/></Attribute></Attributes><ChildElements><URDFElement z:Id="i293" i:type="Color"><Attributes><Attribute z:Id="i294"><AttributeType>rgba</AttributeType><IsRequired>true</IsRequired><Value i:type="a:ArrayOfdouble" xmlns:a="http://schemas.microsoft.com/2003/10/Serialization/Arrays"><a:double>0.792156862745098</a:double><a:double>0.81960784313725488</a:double><a:double>0.93333333333333335</a:double><a:double>1</a:double></Value></Attribute></Attributes><ChildElements/><ElementName>color</ElementName><required>false</required><RGBAAttribute z:Ref="i294"/></URDFElement><URDFElement z:Id="i295" i:type="Texture"><Attributes><Attribute z:Id="i296"><AttributeType>filename</AttributeType><IsRequired>true</IsRequired><Value i:nil="true"/></Attribute></Attributes><ChildElements/><ElementName>texture</ElementName><required>false</required><FilenameAttribute z:Ref="i296"/><wFilename/></URDFElement></ChildElements><ElementName>material</ElementName><required>false</required><Color z:Ref="i293"/><NameAttribute z:Ref="i292"/><Texture z:Ref="i295"/></URDFElement></ChildElements><ElementName>visual</ElementName><required>false</required><Geometry z:Ref="i288"/><Material z:Ref="i291"/><Origin z:Ref="i285"/></URDFElement><URDFElement z:Id="i297" i:type="Collision"><Attributes/><ChildElements><URDFElement z:Id="i298" i:type="Origin"><Attributes><Attribute z:Id="i299"><AttributeType>xyz</AttributeType><IsRequired>true</IsRequired><Value i:type="a:ArrayOfdouble" xmlns:a="http://schemas.microsoft.com/2003/10/Serialization/Arrays"><a:double>0</a:double><a:double>0</a:double><a:double>0</a:double></Value></Attribute><Attribute z:Id="i300"><AttributeType>rpy</AttributeType><IsRequired>true</IsRequired><Value i:type="a:ArrayOfdouble" xmlns:a="http://schemas.microsoft.com/2003/10/Serialization/Arrays"><a:double>0</a:double><a:double>0</a:double><a:double>0</a:double></Value></Attribute></Attributes><ChildElements/><ElementName>origin</ElementName><required>false</required><RPYAttribute z:Ref="i300"/><XYZAttribute z:Ref="i299"/><isCustomized>false</isCustomized></URDFElement><URDFElement z:Id="i301" i:type="Geometry"><Attributes/><ChildElements><URDFElement z:Id="i302" i:type="Mesh"><Attributes><Attribute z:Id="i303"><AttributeType>filename</AttributeType><IsRequired>true</IsRequired><Value i:nil="true"/></Attribute></Attributes><ChildElements/><ElementName>mesh</ElementName><required>false</required><FilenameAttribute z:Ref="i303"/></URDFElement></ChildElements><ElementName>geometry</ElementName><required>true</required><Mesh z:Ref="i302"/></URDFElement></ChildElements><ElementName>collision</ElementName><required>false</required><Geometry z:Ref="i301"/><Origin z:Ref="i298"/></URDFElement><URDFElement z:Id="i304" i:type="Joint"><Attributes><Attribute z:Id="i305"><AttributeType>name</AttributeType><IsRequired>true</IsRequired><Value i:type="a:string" xmlns:a="http://www.w3.org/2001/XMLSchema">Ballback_joint</Value></Attribute><Attribute z:Id="i306"><AttributeType>type</AttributeType><IsRequired>true</IsRequired><Value i:type="a:string" xmlns:a="http://www.w3.org/2001/XMLSchema">fixed</Value></Attribute></Attributes><ChildElements><URDFElement z:Id="i307" i:type="Origin"><Attributes><Attribute z:Id="i308"><AttributeType>xyz</AttributeType><IsRequired>true</IsRequired><Value i:type="a:ArrayOfdouble" xmlns:a="http://schemas.microsoft.com/2003/10/Serialization/Arrays"><a:double>-0.07540439175433207</a:double><a:double>-0.00018349405514943296</a:double><a:double>-0.00090000000000049069</a:double></Value></Attribute><Attribute z:Id="i309"><AttributeType>rpy</AttributeType><IsRequired>true</IsRequired><Value i:type="a:ArrayOfdouble" xmlns:a="http://schemas.microsoft.com/2003/10/Serialization/Arrays"><a:double>0</a:double><a:double>0</a:double><a:double>0</a:double></Value></Attribute></Attributes><ChildElements/><ElementName>origin</ElementName><required>false</required><RPYAttribute z:Ref="i309"/><XYZAttribute z:Ref="i308"/><isCustomized>false</isCustomized></URDFElement><URDFElement z:Id="i310" i:type="ParentLink"><Attributes><Attribute z:Id="i311"><AttributeType>link</AttributeType><IsRequired>true</IsRequired><Value i:type="a:string" xmlns:a="http://www.w3.org/2001/XMLSchema">base_link</Value></Attribute></Attributes><ChildElements/><ElementName>parent</ElementName><required>true</required><NameAttribute z:Ref="i311"/></URDFElement><URDFElement z:Id="i312" i:type="ChildLink"><Attributes><Attribute z:Id="i313"><AttributeType>link</AttributeType><IsRequired>true</IsRequired><Value i:type="a:string" xmlns:a="http://www.w3.org/2001/XMLSchema">Ball_back_link</Value></Attribute></Attributes><ChildElements/><ElementName>child</ElementName><required>true</required><NameAttribute z:Ref="i313"/></URDFElement><URDFElement z:Id="i314" i:type="Axis"><Attributes><Attribute z:Id="i315"><AttributeType>xyz</AttributeType><IsRequired>true</IsRequired><Value i:type="a:ArrayOfdouble" xmlns:a="http://schemas.microsoft.com/2003/10/Serialization/Arrays"><a:double>0</a:double><a:double>0</a:double><a:double>0</a:double></Value></Attribute></Attributes><ChildElements/><ElementName>axis</ElementName><required>false</required><XYZAttribute z:Ref="i315"/></URDFElement><URDFElement z:Id="i316" i:type="Limit"><Attributes><Attribute z:Id="i317"><AttributeType>lower</AttributeType><IsRequired>false</IsRequired><Value i:nil="true"/></Attribute><Attribute z:Id="i318"><AttributeType>upper</AttributeType><IsRequired>false</IsRequired><Value i:nil="true"/></Attribute><Attribute z:Id="i319"><AttributeType>effort</AttributeType><IsRequired>true</IsRequired><Value i:nil="true"/></Attribute><Attribute z:Id="i320"><AttributeType>velocity</AttributeType><IsRequired>true</IsRequired><Value i:nil="true"/></Attribute></Attributes><ChildElements/><ElementName>limit</ElementName><required>false</required><EffortAttribute z:Ref="i319"/><LowerAttribute z:Ref="i317"/><UpperAttribute z:Ref="i318"/><VelocityAttribute z:Ref="i320"/></URDFElement><URDFElement z:Id="i321" i:type="Calibration"><Attributes><Attribute z:Id="i322"><AttributeType>rising</AttributeType><IsRequired>false</IsRequired><Value i:nil="true"/></Attribute><Attribute z:Id="i323"><AttributeType>falling</AttributeType><IsRequired>false</IsRequired><Value i:nil="true"/></Attribute></Attributes><ChildElements/><ElementName>calibration</ElementName><required>false</required><FallingAttribute z:Ref="i323"/><RisingAttribute z:Ref="i322"/></URDFElement><URDFElement z:Id="i324" i:type="Dynamics"><Attributes><Attribute z:Id="i325"><AttributeType>damping</AttributeType><IsRequired>false</IsRequired><Value i:nil="true"/></Attribute><Attribute z:Id="i326"><AttributeType>friction</AttributeType><IsRequired>false</IsRequired><Value i:nil="true"/></Attribute></Attributes><ChildElements/><ElementName>dynamics</ElementName><required>false</required><DampingAttribute z:Ref="i325"/><FrictionAttribute z:Ref="i326"/></URDFElement><URDFElement z:Id="i327" i:type="SafetyController"><Attributes><Attribute z:Id="i328"><AttributeType>soft_upper_limit</AttributeType><IsRequired>false</IsRequired><Value i:nil="true"/></Attribute><Attribute z:Id="i329"><AttributeType>soft_lower_limit</AttributeType><IsRequired>false</IsRequired><Value i:nil="true"/></Attribute><Attribute z:Id="i330"><AttributeType>k_position</AttributeType><IsRequired>false</IsRequired><Value i:nil="true"/></Attribute><Attribute z:Id="i331"><AttributeType>k_velocity</AttributeType><IsRequired>true</IsRequired><Value i:nil="true"/></Attribute></Attributes><ChildElements/><ElementName>safety_controller</ElementName><required>false</required><KPositionAttribute z:Ref="i330"/><KVelocityAttribute z:Ref="i331"/><SoftLowerAttribute z:Ref="i329"/><SoftUpperAttribute z:Ref="i328"/></URDFElement><URDFElement z:Id="i332" i:type="Mimic"><Attributes><Attribute z:Id="i333"><AttributeType>joint</AttributeType><IsRequired>true</IsRequired><Value i:nil="true"/></Attribute><Attribute z:Id="i334"><AttributeType>multiplier</AttributeType><IsRequired>false</IsRequired><Value i:nil="true"/></Attribute><Attribute z:Id="i335"><AttributeType>offset</AttributeType><IsRequired>false</IsRequired><Value i:nil="true"/></Attribute></Attributes><ChildElements/><ElementName>mimic</ElementName><required>false</required><JointNameAttribute z:Ref="i333"/><MultiplierAttribute z:Ref="i334"/><OffsetAttribute z:Ref="i335"/></URDFElement></ChildElements><ElementName>joint</ElementName><required>false</required><Axis z:Ref="i314"/><AxisName>Axis_Ballback_joint</AxisName><Calibration z:Ref="i321"/><Child z:Ref="i312"/><CoordinateSystemName>Back_origin</CoordinateSystemName><Dynamics z:Ref="i324"/><Limit z:Ref="i316"/><Mimic z:Ref="i332"/><NameAttribute z:Ref="i305"/><Origin z:Ref="i307"/><Parent z:Ref="i310"/><Safety z:Ref="i327"/><TypeAttribute z:Ref="i306"/></URDFElement></ChildElements><ElementName>link</ElementName><required>true</required><Children/><Collision z:Ref="i297"/><Inertial z:Ref="i271"/><Joint z:Ref="i304"/><NameAttribute z:Ref="i270"/><Parent z:Ref="i1"/><STLQualityFine>false</STLQualityFine><SWComponentPIDs xmlns:a="http://schemas.microsoft.com/2003/10/Serialization/Arrays"><a:base64Binary>aEIAAAUAAAD//v8uVwA0ADIAMAAgAFUAbgBpAHYAZQByAHMAYQBsACAAUwB0AGUAZQBsACAAQgBhAGwAbAAgAEMAYQBzAHQAZQByAF8AcABhAHIAdAAtADIAQABhAHMAcwBlAG0AMQAEAAAAEAAAAAEAAAABAAAA1AEAAA==</a:base64Binary><a:base64Binary>aEIAAAUAAAD//v8VVwA0ADIAMABfAHMAcABhAGMAZQByAC0AMQAzAEAAYQBzAHMAZQBtADEABAAAABAAAAABAAAAAQAAALABAAA=</a:base64Binary><a:base64Binary>aEIAAAUAAAD//v8VVwA0ADIAMABfAHMAcABhAGMAZQByAC0AMQA0AEAAYQBzAHMAZQBtADEABAAAABAAAAABAAAAAQAAALMBAAA=</a:base64Binary></SWComponentPIDs><SWMainComponentPID i:nil="true"/><Visual z:Ref="i284"/><isFixedFrame>false</isFixedFrame><isIncomplete>false</isIncomplete></Link><Link z:Id="i336"><Attributes><Attribute z:Id="i337"><AttributeType>name</AttributeType><IsRequired>true</IsRequired><Value i:type="a:string" xmlns:a="http://www.w3.org/2001/XMLSchema">Lidar_link</Value></Attribute></Attributes><ChildElements><URDFElement z:Id="i338" i:type="Inertial"><Attributes/><ChildElements><URDFElement z:Id="i339" i:type="Origin"><Attributes><Attribute z:Id="i340"><AttributeType>xyz</AttributeType><IsRequired>true</IsRequired><Value i:type="a:ArrayOfdouble" xmlns:a="http://schemas.microsoft.com/2003/10/Serialization/Arrays"><a:double>0.014841507974672083</a:double><a:double>0.00032514886455901025</a:double><a:double>-0.021153620814209073</a:double></Value></Attribute><Attribute z:Id="i341"><AttributeType>rpy</AttributeType><IsRequired>true</IsRequired><Value i:type="a:ArrayOfdouble" xmlns:a="http://schemas.microsoft.com/2003/10/Serialization/Arrays"><a:double>0</a:double><a:double>0</a:double><a:double>0</a:double></Value></Attribute></Attributes><ChildElements/><ElementName>origin</ElementName><required>false</required><RPYAttribute z:Ref="i341"/><XYZAttribute z:Ref="i340"/><isCustomized>false</isCustomized></URDFElement><URDFElement z:Id="i342" i:type="Mass"><Attributes><Attribute z:Id="i343"><AttributeType>value</AttributeType><IsRequired>true</IsRequired><Value i:type="a:double" xmlns:a="http://www.w3.org/2001/XMLSchema">0.031240912686574956</Value></Attribute></Attributes><ChildElements/><ElementName>mass</ElementName><required>false</required><ValueAttribute z:Ref="i343"/></URDFElement><URDFElement z:Id="i344" i:type="Inertia"><Attributes><Attribute z:Id="i345"><AttributeType>ixx</AttributeType><IsRequired>true</IsRequired><Value i:type="a:double" xmlns:a="http://www.w3.org/2001/XMLSchema">8.877712343792878E-06</Value></Attribute><Attribute z:Id="i346"><AttributeType>ixy</AttributeType><IsRequired>true</IsRequired><Value i:type="a:double" xmlns:a="http://www.w3.org/2001/XMLSchema">-1.3131458523807686E-07</Value></Attribute><Attribute z:Id="i347"><AttributeType>ixz</AttributeType><IsRequired>true</IsRequired><Value i:type="a:double" xmlns:a="http://www.w3.org/2001/XMLSchema">1.1330956165065252E-07</Value></Attribute><Attribute z:Id="i348"><AttributeType>iyy</AttributeType><IsRequired>true</IsRequired><Value i:type="a:double" xmlns:a="http://www.w3.org/2001/XMLSchema">1.4493553042305012E-05</Value></Attribute><Attribute z:Id="i349"><AttributeType>iyz</AttributeType><IsRequired>true</IsRequired><Value i:type="a:double" xmlns:a="http://www.w3.org/2001/XMLSchema">3.3673144057706031E-08</Value></Attribute><Attribute z:Id="i350"><AttributeType>izz</AttributeType><IsRequired>true</IsRequired><Value i:type="a:double" xmlns:a="http://www.w3.org/2001/XMLSchema">2.2528909808120533E-05</Value></Attribute></Attributes><ChildElements/><ElementName>inertia</ElementName><required>false</required><IxxAttribute z:Ref="i345"/><IxyAttribute z:Ref="i346"/><IxzAttribute z:Ref="i347"/><IyyAttribute z:Ref="i348"/><IyzAttribute z:Ref="i349"/><IzzAttribute z:Ref="i350"/></URDFElement></ChildElements><ElementName>inertial</ElementName><required>false</required><Inertia z:Ref="i344"/><Mass z:Ref="i342"/><Origin z:Ref="i339"/></URDFElement><URDFElement z:Id="i351" i:type="Visual"><Attributes/><ChildElements><URDFElement z:Id="i352" i:type="Origin"><Attributes><Attribute z:Id="i353"><AttributeType>xyz</AttributeType><IsRequired>true</IsRequired><Value i:type="a:ArrayOfdouble" xmlns:a="http://schemas.microsoft.com/2003/10/Serialization/Arrays"><a:double>0</a:double><a:double>0</a:double><a:double>0</a:double></Value></Attribute><Attribute z:Id="i354"><AttributeType>rpy</AttributeType><IsRequired>true</IsRequired><Value i:type="a:ArrayOfdouble" xmlns:a="http://schemas.microsoft.com/2003/10/Serialization/Arrays"><a:double>0</a:double><a:double>0</a:double><a:double>0</a:double></Value></Attribute></Attributes><ChildElements/><ElementName>origin</ElementName><required>false</required><RPYAttribute z:Ref="i354"/><XYZAttribute z:Ref="i353"/><isCustomized>false</isCustomized></URDFElement><URDFElement z:Id="i355" i:type="Geometry"><Attributes/><ChildElements><URDFElement z:Id="i356" i:type="Mesh"><Attributes><Attribute z:Id="i357"><AttributeType>filename</AttributeType><IsRequired>true</IsRequired><Value i:nil="true"/></Attribute></Attributes><ChildElements/><ElementName>mesh</ElementName><required>false</required><FilenameAttribute z:Ref="i357"/></URDFElement></ChildElements><ElementName>geometry</ElementName><required>true</required><Mesh z:Ref="i356"/></URDFElement><URDFElement z:Id="i358" i:type="Material"><Attributes><Attribute z:Id="i359"><AttributeType>name</AttributeType><IsRequired>true</IsRequired><Value i:type="a:string" xmlns:a="http://www.w3.org/2001/XMLSchema"/></Attribute></Attributes><ChildElements><URDFElement z:Id="i360" i:type="Color"><Attributes><Attribute z:Id="i361"><AttributeType>rgba</AttributeType><IsRequired>true</IsRequired><Value i:type="a:ArrayOfdouble" xmlns:a="http://schemas.microsoft.com/2003/10/Serialization/Arrays"><a:double>0.792156862745098</a:double><a:double>0.81960784313725488</a:double><a:double>0.93333333333333335</a:double><a:double>1</a:double></Value></Attribute></Attributes><ChildElements/><ElementName>color</ElementName><required>false</required><RGBAAttribute z:Ref="i361"/></URDFElement><URDFElement z:Id="i362" i:type="Texture"><Attributes><Attribute z:Id="i363"><AttributeType>filename</AttributeType><IsRequired>true</IsRequired><Value i:nil="true"/></Attribute></Attributes><ChildElements/><ElementName>texture</ElementName><required>false</required><FilenameAttribute z:Ref="i363"/><wFilename/></URDFElement></ChildElements><ElementName>material</ElementName><required>false</required><Color z:Ref="i360"/><NameAttribute z:Ref="i359"/><Texture z:Ref="i362"/></URDFElement></ChildElements><ElementName>visual</ElementName><required>false</required><Geometry z:Ref="i355"/><Material z:Ref="i358"/><Origin z:Ref="i352"/></URDFElement><URDFElement z:Id="i364" i:type="Collision"><Attributes/><ChildElements><URDFElement z:Id="i365" i:type="Origin"><Attributes><Attribute z:Id="i366"><AttributeType>xyz</AttributeType><IsRequired>true</IsRequired><Value i:type="a:ArrayOfdouble" xmlns:a="http://schemas.microsoft.com/2003/10/Serialization/Arrays"><a:double>0</a:double><a:double>0</a:double><a:double>0</a:double></Value></Attribute><Attribute z:Id="i367"><AttributeType>rpy</AttributeType><IsRequired>true</IsRequired><Value i:type="a:ArrayOfdouble" xmlns:a="http://schemas.microsoft.com/2003/10/Serialization/Arrays"><a:double>0</a:double><a:double>0</a:double><a:double>0</a:double></Value></Attribute></Attributes><ChildElements/><ElementName>origin</ElementName><required>false</required><RPYAttribute z:Ref="i367"/><XYZAttribute z:Ref="i366"/><isCustomized>false</isCustomized></URDFElement><URDFElement z:Id="i368" i:type="Geometry"><Attributes/><ChildElements><URDFElement z:Id="i369" i:type="Mesh"><Attributes><Attribute z:Id="i370"><AttributeType>filename</AttributeType><IsRequired>true</IsRequired><Value i:nil="true"/></Attribute></Attributes><ChildElements/><ElementName>mesh</ElementName><required>false</required><FilenameAttribute z:Ref="i370"/></URDFElement></ChildElements><ElementName>geometry</ElementName><required>true</required><Mesh z:Ref="i369"/></URDFElement></ChildElements><ElementName>collision</ElementName><required>false</required><Geometry z:Ref="i368"/><Origin z:Ref="i365"/></URDFElement><URDFElement z:Id="i371" i:type="Joint"><Attributes><Attribute z:Id="i372"><AttributeType>name</AttributeType><IsRequired>true</IsRequired><Value i:type="a:string" xmlns:a="http://www.w3.org/2001/XMLSchema">Lidar_joint</Value></Attribute><Attribute z:Id="i373"><AttributeType>type</AttributeType><IsRequired>true</IsRequired><Value i:type="a:string" xmlns:a="http://www.w3.org/2001/XMLSchema">continuous</Value></Attribute></Attributes><ChildElements><URDFElement z:Id="i374" i:type="Origin"><Attributes><Attribute z:Id="i375"><AttributeType>xyz</AttributeType><IsRequired>true</IsRequired><Value i:type="a:ArrayOfdouble" xmlns:a="http://schemas.microsoft.com/2003/10/Serialization/Arrays"><a:double>-0.0068640499973873781</a:double><a:double>-0.00013029331516768022</a:double><a:double>0.1721</a:double></Value></Attribute><Attribute z:Id="i376"><AttributeType>rpy</AttributeType><IsRequired>true</IsRequired><Value i:type="a:ArrayOfdouble" xmlns:a="http://schemas.microsoft.com/2003/10/Serialization/Arrays"><a:double>0</a:double><a:double>0</a:double><a:double>0</a:double></Value></Attribute></Attributes><ChildElements/><ElementName>origin</ElementName><required>false</required><RPYAttribute z:Ref="i376"/><XYZAttribute z:Ref="i375"/><isCustomized>false</isCustomized></URDFElement><URDFElement z:Id="i377" i:type="ParentLink"><Attributes><Attribute z:Id="i378"><AttributeType>link</AttributeType><IsRequired>true</IsRequired><Value i:type="a:string" xmlns:a="http://www.w3.org/2001/XMLSchema">base_link</Value></Attribute></Attributes><ChildElements/><ElementName>parent</ElementName><required>true</required><NameAttribute z:Ref="i378"/></URDFElement><URDFElement z:Id="i379" i:type="ChildLink"><Attributes><Attribute z:Id="i380"><AttributeType>link</AttributeType><IsRequired>true</IsRequired><Value i:type="a:string" xmlns:a="http://www.w3.org/2001/XMLSchema">Lidar_link</Value></Attribute></Attributes><ChildElements/><ElementName>child</ElementName><required>true</required><NameAttribute z:Ref="i380"/></URDFElement><URDFElement z:Id="i381" i:type="Axis"><Attributes><Attribute z:Id="i382"><AttributeType>xyz</AttributeType><IsRequired>true</IsRequired><Value i:type="a:ArrayOfdouble" xmlns:a="http://schemas.microsoft.com/2003/10/Serialization/Arrays"><a:double>0</a:double><a:double>0</a:double><a:double>1</a:double></Value></Attribute></Attributes><ChildElements/><ElementName>axis</ElementName><required>false</required><XYZAttribute z:Ref="i382"/></URDFElement><URDFElement z:Id="i383" i:type="Limit"><Attributes><Attribute z:Id="i384"><AttributeType>lower</AttributeType><IsRequired>false</IsRequired><Value i:nil="true"/></Attribute><Attribute z:Id="i385"><AttributeType>upper</AttributeType><IsRequired>false</IsRequired><Value i:nil="true"/></Attribute><Attribute z:Id="i386"><AttributeType>effort</AttributeType><IsRequired>true</IsRequired><Value i:nil="true"/></Attribute><Attribute z:Id="i387"><AttributeType>velocity</AttributeType><IsRequired>true</IsRequired><Value i:nil="true"/></Attribute></Attributes><ChildElements/><ElementName>limit</ElementName><required>false</required><EffortAttribute z:Ref="i386"/><LowerAttribute z:Ref="i384"/><UpperAttribute z:Ref="i385"/><VelocityAttribute z:Ref="i387"/></URDFElement><URDFElement z:Id="i388" i:type="Calibration"><Attributes><Attribute z:Id="i389"><AttributeType>rising</AttributeType><IsRequired>false</IsRequired><Value i:nil="true"/></Attribute><Attribute z:Id="i390"><AttributeType>falling</AttributeType><IsRequired>false</IsRequired><Value i:nil="true"/></Attribute></Attributes><ChildElements/><ElementName>calibration</ElementName><required>false</required><FallingAttribute z:Ref="i390"/><RisingAttribute z:Ref="i389"/></URDFElement><URDFElement z:Id="i391" i:type="Dynamics"><Attributes><Attribute z:Id="i392"><AttributeType>damping</AttributeType><IsRequired>false</IsRequired><Value i:nil="true"/></Attribute><Attribute z:Id="i393"><AttributeType>friction</AttributeType><IsRequired>false</IsRequired><Value i:nil="true"/></Attribute></Attributes><ChildElements/><ElementName>dynamics</ElementName><required>false</required><DampingAttribute z:Ref="i392"/><FrictionAttribute z:Ref="i393"/></URDFElement><URDFElement z:Id="i394" i:type="SafetyController"><Attributes><Attribute z:Id="i395"><AttributeType>soft_upper_limit</AttributeType><IsRequired>false</IsRequired><Value i:nil="true"/></Attribute><Attribute z:Id="i396"><AttributeType>soft_lower_limit</AttributeType><IsRequired>false</IsRequired><Value i:nil="true"/></Attribute><Attribute z:Id="i397"><AttributeType>k_position</AttributeType><IsRequired>false</IsRequired><Value i:nil="true"/></Attribute><Attribute z:Id="i398"><AttributeType>k_velocity</AttributeType><IsRequired>true</IsRequired><Value i:nil="true"/></Attribute></Attributes><ChildElements/><ElementName>safety_controller</ElementName><required>false</required><KPositionAttribute z:Ref="i397"/><KVelocityAttribute z:Ref="i398"/><SoftLowerAttribute z:Ref="i396"/><SoftUpperAttribute z:Ref="i395"/></URDFElement><URDFElement z:Id="i399" i:type="Mimic"><Attributes><Attribute z:Id="i400"><AttributeType>joint</AttributeType><IsRequired>true</IsRequired><Value i:nil="true"/></Attribute><Attribute z:Id="i401"><AttributeType>multiplier</AttributeType><IsRequired>false</IsRequired><Value i:nil="true"/></Attribute><Attribute z:Id="i402"><AttributeType>offset</AttributeType><IsRequired>false</IsRequired><Value i:nil="true"/></Attribute></Attributes><ChildElements/><ElementName>mimic</ElementName><required>false</required><JointNameAttribute z:Ref="i400"/><MultiplierAttribute z:Ref="i401"/><OffsetAttribute z:Ref="i402"/></URDFElement></ChildElements><ElementName>joint</ElementName><required>false</required><Axis z:Ref="i381"/><AxisName>lidar_axis</AxisName><Calibration z:Ref="i388"/><Child z:Ref="i379"/><CoordinateSystemName>lidar_origin</CoordinateSystemName><Dynamics z:Ref="i391"/><Limit z:Ref="i383"/><Mimic z:Ref="i399"/><NameAttribute z:Ref="i372"/><Origin z:Ref="i374"/><Parent z:Ref="i377"/><Safety z:Ref="i394"/><TypeAttribute z:Ref="i373"/></URDFElement></ChildElements><ElementName>link</ElementName><required>true</required><Children/><Collision z:Ref="i364"/><Inertial z:Ref="i338"/><Joint z:Ref="i371"/><NameAttribute z:Ref="i337"/><Parent z:Ref="i1"/><STLQualityFine>false</STLQualityFine><SWComponentPIDs xmlns:a="http://schemas.microsoft.com/2003/10/Serialization/Arrays"><a:base64Binary>aEIAAAUAAAD//v8WWAAzAF8ATABpAGQAYQByAF8AcABhAHIAdAAtADEAQABhAHMAcwBlAG0AMQAEAAAAEAAAAAEAAAABAAAAAAIAAA==</a:base64Binary></SWComponentPIDs><SWMainComponentPID i:nil="true"/><Visual z:Ref="i351"/><isFixedFrame>false</isFixedFrame><isIncomplete>false</isIncomplete></Link><Link z:Id="i403"><Attributes><Attribute z:Id="i404"><AttributeType>name</AttributeType><IsRequired>true</IsRequired><Value i:type="a:string" xmlns:a="http://www.w3.org/2001/XMLSchema">imu_link</Value></Attribute></Attributes><ChildElements><URDFElement z:Id="i405" i:type="Inertial"><Attributes/><ChildElements><URDFElement z:Id="i406" i:type="Origin"><Attributes><Attribute z:Id="i407"><AttributeType>xyz</AttributeType><IsRequired>true</IsRequired><Value i:type="a:ArrayOfdouble" xmlns:a="http://schemas.microsoft.com/2003/10/Serialization/Arrays"><a:double>-0.00238812545770593</a:double><a:double>-0.0001572066193561289</a:double><a:double>-0.0022906513677181245</a:double></Value></Attribute><Attribute z:Id="i408"><AttributeType>rpy</AttributeType><IsRequired>true</IsRequired><Value i:type="a:ArrayOfdouble" xmlns:a="http://schemas.microsoft.com/2003/10/Serialization/Arrays"><a:double>0</a:double><a:double>0</a:double><a:double>0</a:double></Value></Attribute></Attributes><ChildElements/><ElementName>origin</ElementName><required>false</required><RPYAttribute z:Ref="i408"/><XYZAttribute z:Ref="i407"/><isCustomized>false</isCustomized></URDFElement><URDFElement z:Id="i409" i:type="Mass"><Attributes><Attribute z:Id="i410"><AttributeType>value</AttributeType><IsRequired>true</IsRequired><Value i:type="a:double" xmlns:a="http://www.w3.org/2001/XMLSchema">0.00067387693895371622</Value></Attribute></Attributes><ChildElements/><ElementName>mass</ElementName><required>false</required><ValueAttribute z:Ref="i410"/></URDFElement><URDFElement z:Id="i411" i:type="Inertia"><Attributes><Attribute z:Id="i412"><AttributeType>ixx</AttributeType><IsRequired>true</IsRequired><Value i:type="a:double" xmlns:a="http://www.w3.org/2001/XMLSchema">2.192972647974985E-08</Value></Attribute><Attribute z:Id="i413"><AttributeType>ixy</AttributeType><IsRequired>true</IsRequired><Value i:type="a:double" xmlns:a="http://www.w3.org/2001/XMLSchema">-2.8297776906548886E-14</Value></Attribute><Attribute z:Id="i414"><AttributeType>ixz</AttributeType><IsRequired>true</IsRequired><Value i:type="a:double" xmlns:a="http://www.w3.org/2001/XMLSchema">-2.6953030967525245E-14</Value></Attribute><Attribute z:Id="i415"><AttributeType>iyy</AttributeType><IsRequired>true</IsRequired><Value i:type="a:double" xmlns:a="http://www.w3.org/2001/XMLSchema">9.3345918426693785E-09</Value></Attribute><Attribute z:Id="i416"><AttributeType>iyz</AttributeType><IsRequired>true</IsRequired><Value i:type="a:double" xmlns:a="http://www.w3.org/2001/XMLSchema">-1.1632652646666621E-14</Value></Attribute><Attribute z:Id="i417"><AttributeType>izz</AttributeType><IsRequired>true</IsRequired><Value i:type="a:double" xmlns:a="http://www.w3.org/2001/XMLSchema">2.9883497839707489E-08</Value></Attribute></Attributes><ChildElements/><ElementName>inertia</ElementName><required>false</required><IxxAttribute z:Ref="i412"/><IxyAttribute z:Ref="i413"/><IxzAttribute z:Ref="i414"/><IyyAttribute z:Ref="i415"/><IyzAttribute z:Ref="i416"/><IzzAttribute z:Ref="i417"/></URDFElement></ChildElements><ElementName>inertial</ElementName><required>false</required><Inertia z:Ref="i411"/><Mass z:Ref="i409"/><Origin z:Ref="i406"/></URDFElement><URDFElement z:Id="i418" i:type="Visual"><Attributes/><ChildElements><URDFElement z:Id="i419" i:type="Origin"><Attributes><Attribute z:Id="i420"><AttributeType>xyz</AttributeType><IsRequired>true</IsRequired><Value i:type="a:ArrayOfdouble" xmlns:a="http://schemas.microsoft.com/2003/10/Serialization/Arrays"><a:double>0</a:double><a:double>0</a:double><a:double>0</a:double></Value></Attribute><Attribute z:Id="i421"><AttributeType>rpy</AttributeType><IsRequired>true</IsRequired><Value i:type="a:ArrayOfdouble" xmlns:a="http://schemas.microsoft.com/2003/10/Serialization/Arrays"><a:double>0</a:double><a:double>0</a:double><a:double>0</a:double></Value></Attribute></Attributes><ChildElements/><ElementName>origin</ElementName><required>false</required><RPYAttribute z:Ref="i421"/><XYZAttribute z:Ref="i420"/><isCustomized>false</isCustomized></URDFElement><URDFElement z:Id="i422" i:type="Geometry"><Attributes/><ChildElements><URDFElement z:Id="i423" i:type="Mesh"><Attributes><Attribute z:Id="i424"><AttributeType>filename</AttributeType><IsRequired>true</IsRequired><Value i:nil="true"/></Attribute></Attributes><ChildElements/><ElementName>mesh</ElementName><required>false</required><FilenameAttribute z:Ref="i424"/></URDFElement></ChildElements><ElementName>geometry</ElementName><required>true</required><Mesh z:Ref="i423"/></URDFElement><URDFElement z:Id="i425" i:type="Material"><Attributes><Attribute z:Id="i426"><AttributeType>name</AttributeType><IsRequired>true</IsRequired><Value i:type="a:string" xmlns:a="http://www.w3.org/2001/XMLSchema"/></Attribute></Attributes><ChildElements><URDFElement z:Id="i427" i:type="Color"><Attributes><Attribute z:Id="i428"><AttributeType>rgba</AttributeType><IsRequired>true</IsRequired><Value i:type="a:ArrayOfdouble" xmlns:a="http://schemas.microsoft.com/2003/10/Serialization/Arrays"><a:double>0.792156862745098</a:double><a:double>0.81960784313725488</a:double><a:double>0.93333333333333335</a:double><a:double>1</a:double></Value></Attribute></Attributes><ChildElements/><ElementName>color</ElementName><required>false</required><RGBAAttribute z:Ref="i428"/></URDFElement><URDFElement z:Id="i429" i:type="Texture"><Attributes><Attribute z:Id="i430"><AttributeType>filename</AttributeType><IsRequired>true</IsRequired><Value i:nil="true"/></Attribute></Attributes><ChildElements/><ElementName>texture</ElementName><required>false</required><FilenameAttribute z:Ref="i430"/><wFilename/></URDFElement></ChildElements><ElementName>material</ElementName><required>false</required><Color z:Ref="i427"/><NameAttribute z:Ref="i426"/><Texture z:Ref="i429"/></URDFElement></ChildElements><ElementName>visual</ElementName><required>false</required><Geometry z:Ref="i422"/><Material z:Ref="i425"/><Origin z:Ref="i419"/></URDFElement><URDFElement z:Id="i431" i:type="Collision"><Attributes/><ChildElements><URDFElement z:Id="i432" i:type="Origin"><Attributes><Attribute z:Id="i433"><AttributeType>xyz</AttributeType><IsRequired>true</IsRequired><Value i:type="a:ArrayOfdouble" xmlns:a="http://schemas.microsoft.com/2003/10/Serialization/Arrays"><a:double>0</a:double><a:double>0</a:double><a:double>0</a:double></Value></Attribute><Attribute z:Id="i434"><AttributeType>rpy</AttributeType><IsRequired>true</IsRequired><Value i:type="a:ArrayOfdouble" xmlns:a="http://schemas.microsoft.com/2003/10/Serialization/Arrays"><a:double>0</a:double><a:double>0</a:double><a:double>0</a:double></Value></Attribute></Attributes><ChildElements/><ElementName>origin</ElementName><required>false</required><RPYAttribute z:Ref="i434"/><XYZAttribute z:Ref="i433"/><isCustomized>false</isCustomized></URDFElement><URDFElement z:Id="i435" i:type="Geometry"><Attributes/><ChildElements><URDFElement z:Id="i436" i:type="Mesh"><Attributes><Attribute z:Id="i437"><AttributeType>filename</AttributeType><IsRequired>true</IsRequired><Value i:nil="true"/></Attribute></Attributes><ChildElements/><ElementName>mesh</ElementName><required>false</required><FilenameAttribute z:Ref="i437"/></URDFElement></ChildElements><ElementName>geometry</ElementName><required>true</required><Mesh z:Ref="i436"/></URDFElement></ChildElements><ElementName>collision</ElementName><required>false</required><Geometry z:Ref="i435"/><Origin z:Ref="i432"/></URDFElement><URDFElement z:Id="i438" i:type="Joint"><Attributes><Attribute z:Id="i439"><AttributeType>name</AttributeType><IsRequired>true</IsRequired><Value i:type="a:string" xmlns:a="http://www.w3.org/2001/XMLSchema">imu_joint</Value></Attribute><Attribute z:Id="i440"><AttributeType>type</AttributeType><IsRequired>true</IsRequired><Value i:type="a:string" xmlns:a="http://www.w3.org/2001/XMLSchema">fixed</Value></Attribute></Attributes><ChildElements><URDFElement z:Id="i441" i:type="Origin"><Attributes><Attribute z:Id="i442"><AttributeType>xyz</AttributeType><IsRequired>true</IsRequired><Value i:type="a:ArrayOfdouble" xmlns:a="http://schemas.microsoft.com/2003/10/Serialization/Arrays"><a:double>-0.00494016789724259</a:double><a:double>-0.036990916273756426</a:double><a:double>0.11451999998799492</a:double></Value></Attribute><Attribute z:Id="i443"><AttributeType>rpy</AttributeType><IsRequired>true</IsRequired><Value i:type="a:ArrayOfdouble" xmlns:a="http://schemas.microsoft.com/2003/10/Serialization/Arrays"><a:double>0</a:double><a:double>0</a:double><a:double>0</a:double></Value></Attribute></Attributes><ChildElements/><ElementName>origin</ElementName><required>false</required><RPYAttribute z:Ref="i443"/><XYZAttribute z:Ref="i442"/><isCustomized>false</isCustomized></URDFElement><URDFElement z:Id="i444" i:type="ParentLink"><Attributes><Attribute z:Id="i445"><AttributeType>link</AttributeType><IsRequired>true</IsRequired><Value i:type="a:string" xmlns:a="http://www.w3.org/2001/XMLSchema">base_link</Value></Attribute></Attributes><ChildElements/><ElementName>parent</ElementName><required>true</required><NameAttribute z:Ref="i445"/></URDFElement><URDFElement z:Id="i446" i:type="ChildLink"><Attributes><Attribute z:Id="i447"><AttributeType>link</AttributeType><IsRequired>true</IsRequired><Value i:type="a:string" xmlns:a="http://www.w3.org/2001/XMLSchema">imu_link</Value></Attribute></Attributes><ChildElements/><ElementName>child</ElementName><required>true</required><NameAttribute z:Ref="i447"/></URDFElement><URDFElement z:Id="i448" i:type="Axis"><Attributes><Attribute z:Id="i449"><AttributeType>xyz</AttributeType><IsRequired>true</IsRequired><Value i:type="a:ArrayOfdouble" xmlns:a="http://schemas.microsoft.com/2003/10/Serialization/Arrays"><a:double>0</a:double><a:double>0</a:double><a:double>0</a:double></Value></Attribute></Attributes><ChildElements/><ElementName>axis</ElementName><required>false</required><XYZAttribute z:Ref="i449"/></URDFElement><URDFElement z:Id="i450" i:type="Limit"><Attributes><Attribute z:Id="i451"><AttributeType>lower</AttributeType><IsRequired>false</IsRequired><Value i:nil="true"/></Attribute><Attribute z:Id="i452"><AttributeType>upper</AttributeType><IsRequired>false</IsRequired><Value i:nil="true"/></Attribute><Attribute z:Id="i453"><AttributeType>effort</AttributeType><IsRequired>true</IsRequired><Value i:nil="true"/></Attribute><Attribute z:Id="i454"><AttributeType>velocity</AttributeType><IsRequired>true</IsRequired><Value i:nil="true"/></Attribute></Attributes><ChildElements/><ElementName>limit</ElementName><required>false</required><EffortAttribute z:Ref="i453"/><LowerAttribute z:Ref="i451"/><UpperAttribute z:Ref="i452"/><VelocityAttribute z:Ref="i454"/></URDFElement><URDFElement z:Id="i455" i:type="Calibration"><Attributes><Attribute z:Id="i456"><AttributeType>rising</AttributeType><IsRequired>false</IsRequired><Value i:nil="true"/></Attribute><Attribute z:Id="i457"><AttributeType>falling</AttributeType><IsRequired>false</IsRequired><Value i:nil="true"/></Attribute></Attributes><ChildElements/><ElementName>calibration</ElementName><required>false</required><FallingAttribute z:Ref="i457"/><RisingAttribute z:Ref="i456"/></URDFElement><URDFElement z:Id="i458" i:type="Dynamics"><Attributes><Attribute z:Id="i459"><AttributeType>damping</AttributeType><IsRequired>false</IsRequired><Value i:nil="true"/></Attribute><Attribute z:Id="i460"><AttributeType>friction</AttributeType><IsRequired>false</IsRequired><Value i:nil="true"/></Attribute></Attributes><ChildElements/><ElementName>dynamics</ElementName><required>false</required><DampingAttribute z:Ref="i459"/><FrictionAttribute z:Ref="i460"/></URDFElement><URDFElement z:Id="i461" i:type="SafetyController"><Attributes><Attribute z:Id="i462"><AttributeType>soft_upper_limit</AttributeType><IsRequired>false</IsRequired><Value i:nil="true"/></Attribute><Attribute z:Id="i463"><AttributeType>soft_lower_limit</AttributeType><IsRequired>false</IsRequired><Value i:nil="true"/></Attribute><Attribute z:Id="i464"><AttributeType>k_position</AttributeType><IsRequired>false</IsRequired><Value i:nil="true"/></Attribute><Attribute z:Id="i465"><AttributeType>k_velocity</AttributeType><IsRequired>true</IsRequired><Value i:nil="true"/></Attribute></Attributes><ChildElements/><ElementName>safety_controller</ElementName><required>false</required><KPositionAttribute z:Ref="i464"/><KVelocityAttribute z:Ref="i465"/><SoftLowerAttribute z:Ref="i463"/><SoftUpperAttribute z:Ref="i462"/></URDFElement><URDFElement z:Id="i466" i:type="Mimic"><Attributes><Attribute z:Id="i467"><AttributeType>joint</AttributeType><IsRequired>true</IsRequired><Value i:nil="true"/></Attribute><Attribute z:Id="i468"><AttributeType>multiplier</AttributeType><IsRequired>false</IsRequired><Value i:nil="true"/></Attribute><Attribute z:Id="i469"><AttributeType>offset</AttributeType><IsRequired>false</IsRequired><Value i:nil="true"/></Attribute></Attributes><ChildElements/><ElementName>mimic</ElementName><required>false</required><JointNameAttribute z:Ref="i467"/><MultiplierAttribute z:Ref="i468"/><OffsetAttribute z:Ref="i469"/></URDFElement></ChildElements><ElementName>joint</ElementName><required>false</required><Axis z:Ref="i448"/><AxisName>Axis_imu_joint</AxisName><Calibration z:Ref="i455"/><Child z:Ref="i446"/><CoordinateSystemName>imu_origin</CoordinateSystemName><Dynamics z:Ref="i458"/><Limit z:Ref="i450"/><Mimic z:Ref="i466"/><NameAttribute z:Ref="i439"/><Origin z:Ref="i441"/><Parent z:Ref="i444"/><Safety z:Ref="i461"/><TypeAttribute z:Ref="i440"/></URDFElement></ChildElements><ElementName>link</ElementName><required>true</required><Children/><Collision z:Ref="i431"/><Inertial z:Ref="i405"/><Joint z:Ref="i438"/><NameAttribute z:Ref="i404"/><Parent z:Ref="i1"/><STLQualityFine>false</STLQualityFine><SWComponentPIDs xmlns:a="http://schemas.microsoft.com/2003/10/Serialization/Arrays"><a:base64Binary>aEIAAAUAAAD//v8VTQBQAFUANgAwADUAMABfAG4AdQBkAGUALQAxAEAAYQBzAHMAZQBtADEABAAAABAAAAABAAAAAQAAAPwBAAA=</a:base64Binary></SWComponentPIDs><SWMainComponentPID i:nil="true"/><Visual z:Ref="i418"/><isFixedFrame>false</isFixedFrame><isIncomplete>false</isIncomplete></Link></Children><Collision z:Ref="i29"/><Inertial z:Ref="i3"/><Joint z:Ref="i36"/><NameAttribute z:Ref="i2"/><Parent i:nil="true"/><STLQualityFine>false</STLQualityFine><SWComponentPIDs xmlns:a="http://schemas.microsoft.com/2003/10/Serialization/Arrays"><a:base64Binary>aEIAAAUAAAD//v8ScgBiAG8AdABfAGIAYQBzAGUALQAxAEAAYQBzAHMAZQBtADEABAAAABAAAAABAAAAAQAAABgAAAA=</a:base64Binary><a:base64Binary>aEIAAAUAAAD//v8sYwB1AG0ATQBvAHQAbwByAC0AMgBAAGEAcwBzAGUAbQAxAC8ASgBHAEEAMgA1AC0AMwA3ADEALQBtAG8AdQBuAHQALQAxAEAAYwB1AG0ATQBvAHQAbwByAAQAAAAQAAAAAQAAAAIAAAAdAAAAHAAAAA==</a:base64Binary><a:base64Binary>aEIAAAUAAAD//v83YwB1AG0ATQBvAHQAbwByAC0AMgBAAGEAcwBzAGUAbQAxAC8ASgBHAEEAMgA1AC0AMwA3ADEAXwAxADIAVgBEAEMAXwAyADUAMABSAFAATQAuAHMAdABwAC0AMQBAAGMAdQBtAE0AbwB0AG8AcgAEAAAAEAAAAAEAAAACAAAAHQAAABkAAAA=</a:base64Binary><a:base64Binary>aEIAAAUAAAD//v8sYwB1AG0ATQBvAHQAbwByAC0AMQBAAGEAcwBzAGUAbQAxAC8ASgBHAEEAMgA1AC0AMwA3ADEALQBtAG8AdQBuAHQALQAxAEAAYwB1AG0ATQBvAHQAbwByAAQAAAAQAAAAAQAAAAIAAAAZAAAAHAAAAA==</a:base64Binary><a:base64Binary>aEIAAAUAAAD//v83YwB1AG0ATQBvAHQAbwByAC0AMQBAAGEAcwBzAGUAbQAxAC8ASgBHAEEAMgA1AC0AMwA3ADEAXwAxADIAVgBEAEMAXwAyADUAMABSAFAATQAuAHMAdABwAC0AMQBAAGMAdQBtAE0AbwB0AG8AcgAEAAAAEAAAAAEAAAACAAAAGQAAABkAAAA=</a:base64Binary><a:base64Binary>aEIAAAUAAAD//v8UcgBiAG8AdABfAGwAYQB5AGUAcgAxAC0AMgBAAGEAcwBzAGUAbQAxAAQAAAAQAAAAAQAAAAEAAABtAAAA</a:base64Binary><a:base64Binary>aEIAAAUAAAD//v8tQQBiAHMAdABhAG4AZABoAGEAbAB0AGUAcgAgAE0AMwAgAEkARwAtAEEARwAgADMAMABtAG0AKwA2AG0AbQAgAHAAYQByAHQALQA3AEAAYQBzAHMAZQBtADEABAAAABAAAAABAAAAAQAAAEEBAAA=</a:base64Binary><a:base64Binary>aEIAAAUAAAD//v8tQQBiAHMAdABhAG4AZABoAGEAbAB0AGUAcgAgAE0AMwAgAEkARwAtAEEARwAgADMAMABtAG0AKwA2AG0AbQAgAHAAYQByAHQALQA4AEAAYQBzAHMAZQBtADEABAAAABAAAAABAAAAAQAAAEQBAAA=</a:base64Binary><a:base64Binary>aEIAAAUAAAD//v8UcgBiAG8AdABfAGwAYQB5AGUAcgAzAC0AMQBAAGEAcwBzAGUAbQAxAAQAAAAQAAAAAQAAAAEAAABxAAAA</a:base64Binary><a:base64Binary>aEIAAAUAAAD//v8tQQBiAHMAdABhAG4AZABoAGEAbAB0AGUAcgAgAE0AMwAgAEkARwAtAEEARwAgADMAMABtAG0AKwA2AG0AbQAgAHAAYQByAHQALQAzAEAAYQBzAHMAZQBtADEABAAAABAAAAABAAAAAQAAADIBAAA=</a:base64Binary><a:base64Binary>aEIAAAUAAAD//v8UcgBiAG8AdABfAGwAYQB5AGUAcgAyAC0AMQBAAGEAcwBzAGUAbQAxAAQAAAAQAAAAAQAAAAEAAACCAAAA</a:base64Binary><a:base64Binary>aEIAAAUAAAD//v8tQQBiAHMAdABhAG4AZABoAGEAbAB0AGUAcgAgAE0AMwAgAEkARwAtAEEARwAgADMAMABtAG0AKwA2AG0AbQAgAHAAYQByAHQALQA0AEAAYQBzAHMAZQBtADEABAAAABAAAAABAAAAAQAAADUBAAA=</a:base64Binary><a:base64Binary>aEIAAAUAAAD//v8tQQBiAHMAdABhAG4AZABoAGEAbAB0AGUAcgAgAE0AMwAgAEkARwAtAEEARwAgADUAMABtAG0AKwA2AG0AbQAgAHAAYQByAHQALQAzAEAAYQBzAHMAZQBtADEABAAAABAAAAABAAAAAQAAACABAAA=</a:base64Binary><a:base64Binary>aEIAAAUAAAD//v8tQQBiAHMAdABhAG4AZABoAGEAbAB0AGUAcgAgAE0AMwAgAEkARwAtAEEARwAgADUAMABtAG0AKwA2AG0AbQAgAHAAYQByAHQALQAyAEAAYQBzAHMAZQBtADEABAAAABAAAAABAAAAAQAAAB0BAAA=</a:base64Binary><a:base64Binary>aEIAAAUAAAD//v8tQQBiAHMAdABhAG4AZABoAGEAbAB0AGUAcgAgAE0AMwAgAEkARwAtAEEARwAgADUAMABtAG0AKwA2AG0AbQAgAHAAYQByAHQALQAxAEAAYQBzAHMAZQBtADEABAAAABAAAAABAAAAAQAAABoBAAA=</a:base64Binary><a:base64Binary>aEIAAAUAAAD//v8tQQBiAHMAdABhAG4AZABoAGEAbAB0AGUAcgAgAE0AMwAgAEkARwAtAEEARwAgADMAMABtAG0AKwA2AG0AbQAgAHAAYQByAHQALQAyAEAAYQBzAHMAZQBtADEABAAAABAAAAABAAAAAQAAAC8BAAA=</a:base64Binary><a:base64Binary>aEIAAAUAAAD//v8tQQBiAHMAdABhAG4AZABoAGEAbAB0AGUAcgAgAE0AMwAgAEkARwAtAEEARwAgADMAMABtAG0AKwA2AG0AbQAgAHAAYQByAHQALQA2AEAAYQBzAHMAZQBtADEABAAAABAAAAABAAAAAQAAAD4BAAA=</a:base64Binary><a:base64Binary>aEIAAAUAAAD//v8tQQBiAHMAdABhAG4AZABoAGEAbAB0AGUAcgAgAE0AMwAgAEkARwAtAEEARwAgADUAMABtAG0AKwA2AG0AbQAgAHAAYQByAHQALQA0AEAAYQBzAHMAZQBtADEABAAAABAAAAABAAAAAQAAACMBAAA=</a:base64Binary><a:base64Binary>aEIAAAUAAAD//v8tQQBiAHMAdABhAG4AZABoAGEAbAB0AGUAcgAgAE0AMwAgAEkARwAtAEEARwAgADMAMABtAG0AKwA2AG0AbQAgAHAAYQByAHQALQAxAEAAYQBzAHMAZQBtADEABAAAABAAAAABAAAAAQAAACkBAAA=</a:base64Binary><a:base64Binary>aEIAAAUAAAD//v8tQQBiAHMAdABhAG4AZABoAGEAbAB0AGUAcgAgAE0AMwAgAEkARwAtAEEARwAgADMAMABtAG0AKwA2AG0AbQAgAHAAYQByAHQALQA1AEAAYQBzAHMAZQBtADEABAAAABAAAAABAAAAAQAAADsBAAA=</a:base64Binary><a:base64Binary>aEIAAAUAAAD//v8UcgBiAG8AdABfAHcAYQBzAGgAZQByAC0ANQBAAGEAcwBzAGUAbQAxAAQAAAAQAAAAAQAAAAEAAADqAAAA</a:base64Binary><a:base64Binary>aEIAAAUAAAD//v8TTAAyADkAOABOAF8AcABhAHIAdAAtADEAQABhAHMAcwBlAG0AMQAEAAAAEAAAAAEAAAABAAAA6QAAAA==</a:base64Binary><a:base64Binary>aEIAAAUAAAD//v8UcgBiAG8AdABfAHcAYQBzAGgAZQByAC0ANgBAAGEAcwBzAGUAbQAxAAQAAAAQAAAAAQAAAAEAAADtAAAA</a:base64Binary><a:base64Binary>aEIAAAUAAAD//v8UcgBiAG8AdABfAHcAYQBzAGgAZQByAC0ANwBAAGEAcwBzAGUAbQAxAAQAAAAQAAAAAQAAAAEAAADwAAAA</a:base64Binary><a:base64Binary>aEIAAAUAAAD//v8VcgBiAG8AdABfAHcAYQBzAGgAZQByAC0AMQA0AEAAYQBzAHMAZQBtADEABAAAABAAAAABAAAAAQAAAFQBAAA=</a:base64Binary><a:base64Binary>aEIAAAUAAAD//v8VcgBiAG8AdABfAHcAYQBzAGgAZQByAC0AMQAxAEAAYQBzAHMAZQBtADEABAAAABAAAAABAAAAAQAAAEsBAAA=</a:base64Binary><a:base64Binary>aEIAAAUAAAD//v8hTABUAEMAIAAzADcAOAAwACAATQB1AGQAdQBsAGUAIAB2ADEAMQAgAHAAYQByAHQALQAxAEAAYQBzAHMAZQBtADEABAAAABAAAAABAAAAAQAAAEoBAAA=</a:base64Binary><a:base64Binary>aEIAAAUAAAD//v8VcgBiAG8AdABfAHcAYQBzAGgAZQByAC0AMQAwAEAAYQBzAHMAZQBtADEABAAAABAAAAABAAAAAQAAAPcAAAA=</a:base64Binary><a:base64Binary>aEIAAAUAAAD//v8VcgBiAG8AdABfAHcAYQBzAGgAZQByAC0AMQAzAEAAYQBzAHMAZQBtADEABAAAABAAAAABAAAAAQAAAFEBAAA=</a:base64Binary><a:base64Binary>aEIAAAUAAAD//v8VcgBiAG8AdABfAHcAYQBzAGgAZQByAC0AMQAyAEAAYQBzAHMAZQBtADEABAAAABAAAAABAAAAAQAAAE4BAAA=</a:base64Binary><a:base64Binary>aEIAAAUAAAD//v8tYQBiAHMAdABhAG4AZABoAGEAbAB0AGUAcgAgAG0AMwAgAGkAZwAtAGEAZwAgADIAMABtAG0AKwA2AG0AbQAgAHAAYQByAHQALQAxAEAAYQBzAHMAZQBtADEABAAAABAAAAABAAAAAQAAAPYBAAA=</a:base64Binary><a:base64Binary>aEIAAAUAAAD//v8tYQBiAHMAdABhAG4AZABoAGEAbAB0AGUAcgAgAG0AMwAgAGkAZwAtAGEAZwAgADIAMABtAG0AKwA2AG0AbQAgAHAAYQByAHQALQAyAEAAYQBzAHMAZQBtADEABAAAABAAAAABAAAAAQAAAPkBAAA=</a:base64Binary></SWComponentPIDs><SWMainComponentPID i:nil="true"/><Visual z:Ref="i16"/><isFixedFrame>false</isFixedFrame><isIncomplete>false</isIncomplete></Link>
2025-04-28 21:27:45,903 INFO  LinkNode.cs: 35 - Building node base_link
2025-04-28 21:27:45,904 INFO  LinkNode.cs: 35 - Building node R_wheel_link
2025-04-28 21:27:45,904 INFO  LinkNode.cs: 35 - Building node L_wheel_link
2025-04-28 21:27:45,905 INFO  LinkNode.cs: 35 - Building node Ball_front_link
2025-04-28 21:27:45,905 INFO  LinkNode.cs: 35 - Building node Ball_back_link
2025-04-28 21:27:45,905 INFO  LinkNode.cs: 35 - Building node Lidar_link
2025-04-28 21:27:45,906 INFO  LinkNode.cs: 35 - Building node imu_link
2025-04-28 21:27:45,907 INFO  CommonSwOperations.cs: 221 - Loading SolidWorks components for base_link from C:\Users\thien\OneDrive\3. STUDY\UNIVERSITY\4th YEAR - sem 1\PROJ ON ROBOOTIC\model3D\OldModel\assem1.SLDASM
2025-04-28 21:27:45,908 INFO  CommonSwOperations.cs: 245 - Loading component with PID hB     ???r b o t _ b a s e - 1 @ a s s e m 1                
2025-04-28 21:27:45,912 INFO  CommonSwOperations.cs: 254 - Successfully loaded component C:\Users\thien\OneDrive\3. STUDY\UNIVERSITY\4th YEAR - sem 1\PROJ ON ROBOOTIC\model3D\OldModel\rbot_base.SLDPRT
2025-04-28 21:27:45,912 INFO  CommonSwOperations.cs: 245 - Loading component with PID hB     ???,c u m M o t o r - 2 @ a s s e m 1 / J G A 2 5 - 3 7 1 - m o u n t - 1 @ c u m M o t o r                   
2025-04-28 21:27:45,913 INFO  CommonSwOperations.cs: 254 - Successfully loaded component C:\Users\thien\OneDrive\3. STUDY\UNIVERSITY\4th YEAR - sem 1\PROJ ON ROBOOTIC\model3D\OldModel\JGA25-371-mount.SLDPRT
2025-04-28 21:27:45,914 INFO  CommonSwOperations.cs: 245 - Loading component with PID hB     ???7c u m M o t o r - 2 @ a s s e m 1 / J G A 2 5 - 3 7 1 _ 1 2 V D C _ 2 5 0 R P M . s t p - 1 @ c u m M o t o r                   
2025-04-28 21:27:45,914 INFO  CommonSwOperations.cs: 254 - Successfully loaded component C:\Users\thien\OneDrive\3. STUDY\UNIVERSITY\4th YEAR - sem 1\PROJ ON ROBOOTIC\model3D\OldModel\JGA25-371_12VDC_250RPM.stp.SLDPRT
2025-04-28 21:27:45,915 INFO  CommonSwOperations.cs: 245 - Loading component with PID hB     ???,c u m M o t o r - 1 @ a s s e m 1 / J G A 2 5 - 3 7 1 - m o u n t - 1 @ c u m M o t o r                   
2025-04-28 21:27:45,915 INFO  CommonSwOperations.cs: 254 - Successfully loaded component C:\Users\thien\OneDrive\3. STUDY\UNIVERSITY\4th YEAR - sem 1\PROJ ON ROBOOTIC\model3D\OldModel\JGA25-371-mount.SLDPRT
2025-04-28 21:27:45,915 INFO  CommonSwOperations.cs: 245 - Loading component with PID hB     ???7c u m M o t o r - 1 @ a s s e m 1 / J G A 2 5 - 3 7 1 _ 1 2 V D C _ 2 5 0 R P M . s t p - 1 @ c u m M o t o r                   
2025-04-28 21:27:45,916 INFO  CommonSwOperations.cs: 254 - Successfully loaded component C:\Users\thien\OneDrive\3. STUDY\UNIVERSITY\4th YEAR - sem 1\PROJ ON ROBOOTIC\model3D\OldModel\JGA25-371_12VDC_250RPM.stp.SLDPRT
2025-04-28 21:27:45,916 INFO  CommonSwOperations.cs: 245 - Loading component with PID hB     ???r b o t _ l a y e r 1 - 2 @ a s s e m 1             m   
2025-04-28 21:27:45,916 INFO  CommonSwOperations.cs: 254 - Successfully loaded component C:\Users\thien\OneDrive\3. STUDY\UNIVERSITY\4th YEAR - sem 1\PROJ ON ROBOOTIC\model3D\OldModel\rbot_layer1.SLDPRT
2025-04-28 21:27:45,917 INFO  CommonSwOperations.cs: 245 - Loading component with PID hB     ???-A b s t a n d h a l t e r   M 3   I G - A G   3 0 m m + 6 m m   p a r t - 7 @ a s s e m 1             A  
2025-04-28 21:27:45,917 INFO  CommonSwOperations.cs: 254 - Successfully loaded component C:\Users\thien\OneDrive\3. STUDY\UNIVERSITY\4th YEAR - sem 1\PROJ ON ROBOOTIC\model3D\OldModel\STANDOFF PART\Abstandhalter M3 IG-AG 30mm+6mm part.SLDPRT
2025-04-28 21:27:45,917 INFO  CommonSwOperations.cs: 245 - Loading component with PID hB     ???-A b s t a n d h a l t e r   M 3   I G - A G   3 0 m m + 6 m m   p a r t - 8 @ a s s e m 1             D  
2025-04-28 21:27:45,918 INFO  CommonSwOperations.cs: 254 - Successfully loaded component C:\Users\thien\OneDrive\3. STUDY\UNIVERSITY\4th YEAR - sem 1\PROJ ON ROBOOTIC\model3D\OldModel\STANDOFF PART\Abstandhalter M3 IG-AG 30mm+6mm part.SLDPRT
2025-04-28 21:27:45,918 INFO  CommonSwOperations.cs: 245 - Loading component with PID hB     ???r b o t _ l a y e r 3 - 1 @ a s s e m 1             q   
2025-04-28 21:27:45,919 INFO  CommonSwOperations.cs: 254 - Successfully loaded component C:\Users\thien\OneDrive\3. STUDY\UNIVERSITY\4th YEAR - sem 1\PROJ ON ROBOOTIC\model3D\OldModel\rbot_layer3.SLDPRT
2025-04-28 21:27:45,919 INFO  CommonSwOperations.cs: 245 - Loading component with PID hB     ???-A b s t a n d h a l t e r   M 3   I G - A G   3 0 m m + 6 m m   p a r t - 3 @ a s s e m 1             2  
2025-04-28 21:27:45,920 INFO  CommonSwOperations.cs: 254 - Successfully loaded component C:\Users\thien\OneDrive\3. STUDY\UNIVERSITY\4th YEAR - sem 1\PROJ ON ROBOOTIC\model3D\OldModel\STANDOFF PART\Abstandhalter M3 IG-AG 30mm+6mm part.SLDPRT
2025-04-28 21:27:45,920 INFO  CommonSwOperations.cs: 245 - Loading component with PID hB     ???r b o t _ l a y e r 2 - 1 @ a s s e m 1             ?   
2025-04-28 21:27:45,920 INFO  CommonSwOperations.cs: 254 - Successfully loaded component C:\Users\thien\OneDrive\3. STUDY\UNIVERSITY\4th YEAR - sem 1\PROJ ON ROBOOTIC\model3D\OldModel\rbot_layer2.SLDPRT
2025-04-28 21:27:45,920 INFO  CommonSwOperations.cs: 245 - Loading component with PID hB     ???-A b s t a n d h a l t e r   M 3   I G - A G   3 0 m m + 6 m m   p a r t - 4 @ a s s e m 1             5  
2025-04-28 21:27:45,921 INFO  CommonSwOperations.cs: 254 - Successfully loaded component C:\Users\thien\OneDrive\3. STUDY\UNIVERSITY\4th YEAR - sem 1\PROJ ON ROBOOTIC\model3D\OldModel\STANDOFF PART\Abstandhalter M3 IG-AG 30mm+6mm part.SLDPRT
2025-04-28 21:27:45,921 INFO  CommonSwOperations.cs: 245 - Loading component with PID hB     ???-A b s t a n d h a l t e r   M 3   I G - A G   5 0 m m + 6 m m   p a r t - 3 @ a s s e m 1                
2025-04-28 21:27:45,921 INFO  CommonSwOperations.cs: 254 - Successfully loaded component C:\Users\thien\OneDrive\3. STUDY\UNIVERSITY\4th YEAR - sem 1\PROJ ON ROBOOTIC\model3D\OldModel\STANDOFF PART\Abstandhalter M3 IG-AG 50mm+6mm part.SLDPRT
2025-04-28 21:27:45,922 INFO  CommonSwOperations.cs: 245 - Loading component with PID hB     ???-A b s t a n d h a l t e r   M 3   I G - A G   5 0 m m + 6 m m   p a r t - 2 @ a s s e m 1               
2025-04-28 21:27:45,922 INFO  CommonSwOperations.cs: 254 - Successfully loaded component C:\Users\thien\OneDrive\3. STUDY\UNIVERSITY\4th YEAR - sem 1\PROJ ON ROBOOTIC\model3D\OldModel\STANDOFF PART\Abstandhalter M3 IG-AG 50mm+6mm part.SLDPRT
2025-04-28 21:27:45,922 INFO  CommonSwOperations.cs: 245 - Loading component with PID hB     ???-A b s t a n d h a l t e r   M 3   I G - A G   5 0 m m + 6 m m   p a r t - 1 @ a s s e m 1               
2025-04-28 21:27:45,923 INFO  CommonSwOperations.cs: 254 - Successfully loaded component C:\Users\thien\OneDrive\3. STUDY\UNIVERSITY\4th YEAR - sem 1\PROJ ON ROBOOTIC\model3D\OldModel\STANDOFF PART\Abstandhalter M3 IG-AG 50mm+6mm part.SLDPRT
2025-04-28 21:27:45,923 INFO  CommonSwOperations.cs: 245 - Loading component with PID hB     ???-A b s t a n d h a l t e r   M 3   I G - A G   3 0 m m + 6 m m   p a r t - 2 @ a s s e m 1             /  
2025-04-28 21:27:45,923 INFO  CommonSwOperations.cs: 254 - Successfully loaded component C:\Users\thien\OneDrive\3. STUDY\UNIVERSITY\4th YEAR - sem 1\PROJ ON ROBOOTIC\model3D\OldModel\STANDOFF PART\Abstandhalter M3 IG-AG 30mm+6mm part.SLDPRT
2025-04-28 21:27:45,924 INFO  CommonSwOperations.cs: 245 - Loading component with PID hB     ???-A b s t a n d h a l t e r   M 3   I G - A G   3 0 m m + 6 m m   p a r t - 6 @ a s s e m 1             >  
2025-04-28 21:27:45,924 INFO  CommonSwOperations.cs: 254 - Successfully loaded component C:\Users\thien\OneDrive\3. STUDY\UNIVERSITY\4th YEAR - sem 1\PROJ ON ROBOOTIC\model3D\OldModel\STANDOFF PART\Abstandhalter M3 IG-AG 30mm+6mm part.SLDPRT
2025-04-28 21:27:45,924 INFO  CommonSwOperations.cs: 245 - Loading component with PID hB     ???-A b s t a n d h a l t e r   M 3   I G - A G   5 0 m m + 6 m m   p a r t - 4 @ a s s e m 1             #  
2025-04-28 21:27:45,925 INFO  CommonSwOperations.cs: 254 - Successfully loaded component C:\Users\thien\OneDrive\3. STUDY\UNIVERSITY\4th YEAR - sem 1\PROJ ON ROBOOTIC\model3D\OldModel\STANDOFF PART\Abstandhalter M3 IG-AG 50mm+6mm part.SLDPRT
2025-04-28 21:27:45,925 INFO  CommonSwOperations.cs: 245 - Loading component with PID hB     ???-A b s t a n d h a l t e r   M 3   I G - A G   3 0 m m + 6 m m   p a r t - 1 @ a s s e m 1             )  
2025-04-28 21:27:45,925 INFO  CommonSwOperations.cs: 254 - Successfully loaded component C:\Users\thien\OneDrive\3. STUDY\UNIVERSITY\4th YEAR - sem 1\PROJ ON ROBOOTIC\model3D\OldModel\STANDOFF PART\Abstandhalter M3 IG-AG 30mm+6mm part.SLDPRT
2025-04-28 21:27:45,926 INFO  CommonSwOperations.cs: 245 - Loading component with PID hB     ???-A b s t a n d h a l t e r   M 3   I G - A G   3 0 m m + 6 m m   p a r t - 5 @ a s s e m 1             ;  
2025-04-28 21:27:45,926 INFO  CommonSwOperations.cs: 254 - Successfully loaded component C:\Users\thien\OneDrive\3. STUDY\UNIVERSITY\4th YEAR - sem 1\PROJ ON ROBOOTIC\model3D\OldModel\STANDOFF PART\Abstandhalter M3 IG-AG 30mm+6mm part.SLDPRT
2025-04-28 21:27:45,927 INFO  CommonSwOperations.cs: 245 - Loading component with PID hB     ???r b o t _ w a s h e r - 5 @ a s s e m 1             ?   
2025-04-28 21:27:45,927 INFO  CommonSwOperations.cs: 254 - Successfully loaded component C:\Users\thien\OneDrive\3. STUDY\UNIVERSITY\4th YEAR - sem 1\PROJ ON ROBOOTIC\model3D\OldModel\rbot_washer.SLDPRT
2025-04-28 21:27:45,927 INFO  CommonSwOperations.cs: 245 - Loading component with PID hB     ???L 2 9 8 N _ p a r t - 1 @ a s s e m 1             ?   
2025-04-28 21:27:45,927 INFO  CommonSwOperations.cs: 254 - Successfully loaded component C:\Users\thien\OneDrive\3. STUDY\UNIVERSITY\4th YEAR - sem 1\PROJ ON ROBOOTIC\model3D\OldModel\l298n-20.snapshot.1\L298N_part.SLDPRT
2025-04-28 21:27:45,927 INFO  CommonSwOperations.cs: 245 - Loading component with PID hB     ???r b o t _ w a s h e r - 6 @ a s s e m 1             ?   
2025-04-28 21:27:45,928 INFO  CommonSwOperations.cs: 254 - Successfully loaded component C:\Users\thien\OneDrive\3. STUDY\UNIVERSITY\4th YEAR - sem 1\PROJ ON ROBOOTIC\model3D\OldModel\rbot_washer.SLDPRT
2025-04-28 21:27:45,928 INFO  CommonSwOperations.cs: 245 - Loading component with PID hB     ???r b o t _ w a s h e r - 7 @ a s s e m 1             ?   
2025-04-28 21:27:45,928 INFO  CommonSwOperations.cs: 254 - Successfully loaded component C:\Users\thien\OneDrive\3. STUDY\UNIVERSITY\4th YEAR - sem 1\PROJ ON ROBOOTIC\model3D\OldModel\rbot_washer.SLDPRT
2025-04-28 21:27:45,929 INFO  CommonSwOperations.cs: 245 - Loading component with PID hB     ???r b o t _ w a s h e r - 1 4 @ a s s e m 1             T  
2025-04-28 21:27:45,929 INFO  CommonSwOperations.cs: 254 - Successfully loaded component C:\Users\thien\OneDrive\3. STUDY\UNIVERSITY\4th YEAR - sem 1\PROJ ON ROBOOTIC\model3D\OldModel\rbot_washer.SLDPRT
2025-04-28 21:27:45,929 INFO  CommonSwOperations.cs: 245 - Loading component with PID hB     ???r b o t _ w a s h e r - 1 1 @ a s s e m 1             K  
2025-04-28 21:27:45,930 INFO  CommonSwOperations.cs: 254 - Successfully loaded component C:\Users\thien\OneDrive\3. STUDY\UNIVERSITY\4th YEAR - sem 1\PROJ ON ROBOOTIC\model3D\OldModel\rbot_washer.SLDPRT
2025-04-28 21:27:45,930 INFO  CommonSwOperations.cs: 245 - Loading component with PID hB     ???!L T C   3 7 8 0   M u d u l e   v 1 1   p a r t - 1 @ a s s e m 1             J  
2025-04-28 21:27:45,930 INFO  CommonSwOperations.cs: 254 - Successfully loaded component C:\Users\thien\OneDrive\3. STUDY\UNIVERSITY\4th YEAR - sem 1\PROJ ON ROBOOTIC\model3D\OldModel\ltc3780-step-up-and-step-down-regulator-module-1.snapshot.4\LTC 3780 Mudule v11 part.SLDPRT
2025-04-28 21:27:45,931 INFO  CommonSwOperations.cs: 245 - Loading component with PID hB     ???r b o t _ w a s h e r - 1 0 @ a s s e m 1             ?   
2025-04-28 21:27:45,931 INFO  CommonSwOperations.cs: 254 - Successfully loaded component C:\Users\thien\OneDrive\3. STUDY\UNIVERSITY\4th YEAR - sem 1\PROJ ON ROBOOTIC\model3D\OldModel\rbot_washer.SLDPRT
2025-04-28 21:27:45,931 INFO  CommonSwOperations.cs: 245 - Loading component with PID hB     ???r b o t _ w a s h e r - 1 3 @ a s s e m 1             Q  
2025-04-28 21:27:45,932 INFO  CommonSwOperations.cs: 254 - Successfully loaded component C:\Users\thien\OneDrive\3. STUDY\UNIVERSITY\4th YEAR - sem 1\PROJ ON ROBOOTIC\model3D\OldModel\rbot_washer.SLDPRT
2025-04-28 21:27:45,932 INFO  CommonSwOperations.cs: 245 - Loading component with PID hB     ???r b o t _ w a s h e r - 1 2 @ a s s e m 1             N  
2025-04-28 21:27:45,932 INFO  CommonSwOperations.cs: 254 - Successfully loaded component C:\Users\thien\OneDrive\3. STUDY\UNIVERSITY\4th YEAR - sem 1\PROJ ON ROBOOTIC\model3D\OldModel\rbot_washer.SLDPRT
2025-04-28 21:27:45,933 INFO  CommonSwOperations.cs: 245 - Loading component with PID hB     ???-a b s t a n d h a l t e r   m 3   i g - a g   2 0 m m + 6 m m   p a r t - 1 @ a s s e m 1             ?  
2025-04-28 21:27:45,933 INFO  CommonSwOperations.cs: 254 - Successfully loaded component C:\Users\thien\OneDrive\3. STUDY\UNIVERSITY\4th YEAR - sem 1\PROJ ON ROBOOTIC\model3D\OldModel\STANDOFF PART\abstandhalter m3 ig-ag 20mm+6mm part.SLDPRT
2025-04-28 21:27:45,933 INFO  CommonSwOperations.cs: 245 - Loading component with PID hB     ???-a b s t a n d h a l t e r   m 3   i g - a g   2 0 m m + 6 m m   p a r t - 2 @ a s s e m 1             ?  
2025-04-28 21:27:45,934 INFO  CommonSwOperations.cs: 254 - Successfully loaded component C:\Users\thien\OneDrive\3. STUDY\UNIVERSITY\4th YEAR - sem 1\PROJ ON ROBOOTIC\model3D\OldModel\STANDOFF PART\abstandhalter m3 ig-ag 20mm+6mm part.SLDPRT
2025-04-28 21:27:45,935 INFO  CommonSwOperations.cs: 230 - Loaded 32 components for link base_link
2025-04-28 21:27:45,935 INFO  CommonSwOperations.cs: 221 - Loading SolidWorks components for R_wheel_link from C:\Users\thien\OneDrive\3. STUDY\UNIVERSITY\4th YEAR - sem 1\PROJ ON ROBOOTIC\model3D\OldModel\assem1.SLDASM
2025-04-28 21:27:45,935 INFO  CommonSwOperations.cs: 245 - Loading component with PID hB     ???'c o p p e r _ w h e e l _ w i t h _ a d a p t e r _ p a r t - 1 @ a s s e m 1             ?  
2025-04-28 21:27:45,936 INFO  CommonSwOperations.cs: 254 - Successfully loaded component C:\Users\thien\OneDrive\3. STUDY\UNIVERSITY\4th YEAR - sem 1\PROJ ON ROBOOTIC\model3D\OldModel\blue-wheel-for-hobby-robotics-1.snapshot.2\copper_wheel_with_adapter_part.SLDPRT
2025-04-28 21:27:45,936 INFO  CommonSwOperations.cs: 230 - Loaded 1 components for link R_wheel_link
2025-04-28 21:27:45,936 INFO  CommonSwOperations.cs: 221 - Loading SolidWorks components for L_wheel_link from C:\Users\thien\OneDrive\3. STUDY\UNIVERSITY\4th YEAR - sem 1\PROJ ON ROBOOTIC\model3D\OldModel\assem1.SLDASM
2025-04-28 21:27:45,936 INFO  CommonSwOperations.cs: 245 - Loading component with PID hB     ???'c o p p e r _ w h e e l _ w i t h _ a d a p t e r _ p a r t - 2 @ a s s e m 1             ?  
2025-04-28 21:27:45,937 INFO  CommonSwOperations.cs: 254 - Successfully loaded component C:\Users\thien\OneDrive\3. STUDY\UNIVERSITY\4th YEAR - sem 1\PROJ ON ROBOOTIC\model3D\OldModel\blue-wheel-for-hobby-robotics-1.snapshot.2\copper_wheel_with_adapter_part.SLDPRT
2025-04-28 21:27:45,937 INFO  CommonSwOperations.cs: 230 - Loaded 1 components for link L_wheel_link
2025-04-28 21:27:45,938 INFO  CommonSwOperations.cs: 221 - Loading SolidWorks components for Ball_front_link from C:\Users\thien\OneDrive\3. STUDY\UNIVERSITY\4th YEAR - sem 1\PROJ ON ROBOOTIC\model3D\OldModel\assem1.SLDASM
2025-04-28 21:27:45,938 INFO  CommonSwOperations.cs: 245 - Loading component with PID hB     ???.W 4 2 0   U n i v e r s a l   S t e e l   B a l l   C a s t e r _ p a r t - 1 @ a s s e m 1             ?  
2025-04-28 21:27:45,938 INFO  CommonSwOperations.cs: 254 - Successfully loaded component C:\Users\thien\OneDrive\3. STUDY\UNIVERSITY\4th YEAR - sem 1\PROJ ON ROBOOTIC\model3D\OldModel\w420-universal-steel-ball-caster-1.snapshot.3\W420 Universal Steel Ball Caster_part.SLDPRT
2025-04-28 21:27:45,939 INFO  CommonSwOperations.cs: 245 - Loading component with PID hB     ???W 4 2 0 _ s p a c e r - 1 1 @ a s s e m 1             ?  
2025-04-28 21:27:45,939 INFO  CommonSwOperations.cs: 254 - Successfully loaded component C:\Users\thien\OneDrive\3. STUDY\UNIVERSITY\4th YEAR - sem 1\PROJ ON ROBOOTIC\model3D\OldModel\W420_spacer.SLDPRT
2025-04-28 21:27:45,939 INFO  CommonSwOperations.cs: 245 - Loading component with PID hB     ???W 4 2 0 _ s p a c e r - 1 2 @ a s s e m 1             ?  
2025-04-28 21:27:45,944 INFO  CommonSwOperations.cs: 254 - Successfully loaded component C:\Users\thien\OneDrive\3. STUDY\UNIVERSITY\4th YEAR - sem 1\PROJ ON ROBOOTIC\model3D\OldModel\W420_spacer.SLDPRT
2025-04-28 21:27:45,944 INFO  CommonSwOperations.cs: 230 - Loaded 3 components for link Ball_front_link
2025-04-28 21:27:45,945 INFO  CommonSwOperations.cs: 221 - Loading SolidWorks components for Ball_back_link from C:\Users\thien\OneDrive\3. STUDY\UNIVERSITY\4th YEAR - sem 1\PROJ ON ROBOOTIC\model3D\OldModel\assem1.SLDASM
2025-04-28 21:27:45,945 INFO  CommonSwOperations.cs: 245 - Loading component with PID hB     ???.W 4 2 0   U n i v e r s a l   S t e e l   B a l l   C a s t e r _ p a r t - 2 @ a s s e m 1             ?  
2025-04-28 21:27:45,945 INFO  CommonSwOperations.cs: 254 - Successfully loaded component C:\Users\thien\OneDrive\3. STUDY\UNIVERSITY\4th YEAR - sem 1\PROJ ON ROBOOTIC\model3D\OldModel\w420-universal-steel-ball-caster-1.snapshot.3\W420 Universal Steel Ball Caster_part.SLDPRT
2025-04-28 21:27:45,945 INFO  CommonSwOperations.cs: 245 - Loading component with PID hB     ???W 4 2 0 _ s p a c e r - 1 3 @ a s s e m 1             ?  
2025-04-28 21:27:45,945 INFO  CommonSwOperations.cs: 254 - Successfully loaded component C:\Users\thien\OneDrive\3. STUDY\UNIVERSITY\4th YEAR - sem 1\PROJ ON ROBOOTIC\model3D\OldModel\W420_spacer.SLDPRT
2025-04-28 21:27:45,946 INFO  CommonSwOperations.cs: 245 - Loading component with PID hB     ???W 4 2 0 _ s p a c e r - 1 4 @ a s s e m 1             ?  
2025-04-28 21:27:45,947 INFO  CommonSwOperations.cs: 254 - Successfully loaded component C:\Users\thien\OneDrive\3. STUDY\UNIVERSITY\4th YEAR - sem 1\PROJ ON ROBOOTIC\model3D\OldModel\W420_spacer.SLDPRT
2025-04-28 21:27:45,947 INFO  CommonSwOperations.cs: 230 - Loaded 3 components for link Ball_back_link
2025-04-28 21:27:45,947 INFO  CommonSwOperations.cs: 221 - Loading SolidWorks components for Lidar_link from C:\Users\thien\OneDrive\3. STUDY\UNIVERSITY\4th YEAR - sem 1\PROJ ON ROBOOTIC\model3D\OldModel\assem1.SLDASM
2025-04-28 21:27:45,947 INFO  CommonSwOperations.cs: 245 - Loading component with PID hB     ???X 3 _ L i d a r _ p a r t - 1 @ a s s e m 1                
2025-04-28 21:27:45,948 INFO  CommonSwOperations.cs: 254 - Successfully loaded component C:\Users\thien\OneDrive\3. STUDY\UNIVERSITY\4th YEAR - sem 1\PROJ ON ROBOOTIC\model3D\OldModel\X3_Lidar_part.SLDPRT
2025-04-28 21:27:45,948 INFO  CommonSwOperations.cs: 230 - Loaded 1 components for link Lidar_link
2025-04-28 21:27:45,948 INFO  CommonSwOperations.cs: 221 - Loading SolidWorks components for imu_link from C:\Users\thien\OneDrive\3. STUDY\UNIVERSITY\4th YEAR - sem 1\PROJ ON ROBOOTIC\model3D\OldModel\assem1.SLDASM
2025-04-28 21:27:45,949 INFO  CommonSwOperations.cs: 245 - Loading component with PID hB     ???M P U 6 0 5 0 _ n u d e - 1 @ a s s e m 1             ?  
2025-04-28 21:27:45,949 INFO  CommonSwOperations.cs: 254 - Successfully loaded component C:\Users\thien\OneDrive\3. STUDY\UNIVERSITY\4th YEAR - sem 1\PROJ ON ROBOOTIC\model3D\OldModel\mpu6050-accelerometer-module-1.snapshot.3\MPU6050_nude.SLDPRT
2025-04-28 21:27:45,949 INFO  CommonSwOperations.cs: 230 - Loaded 1 components for link imu_link
2025-04-28 21:27:46,519 INFO  SwAddin.cs: 344 - Showing property manager
2025-04-28 21:27:51,479 INFO  ExportPropertyManager.cs: 422 - Configuration saved
2025-04-28 21:27:51,487 INFO  ConfigurationSerialization.cs: 276 - URDF Configuration found
<Link z:Id="i1" xmlns="http://schemas.datacontract.org/2004/07/SW2URDF" xmlns:i="http://www.w3.org/2001/XMLSchema-instance" xmlns:z="http://schemas.microsoft.com/2003/10/Serialization/"><Attributes><Attribute z:Id="i2"><AttributeType>name</AttributeType><IsRequired>true</IsRequired><Value i:type="a:string" xmlns:a="http://www.w3.org/2001/XMLSchema">base_link</Value></Attribute></Attributes><ChildElements><URDFElement z:Id="i3" i:type="Inertial"><Attributes/><ChildElements><URDFElement z:Id="i4" i:type="Origin"><Attributes><Attribute z:Id="i5"><AttributeType>xyz</AttributeType><IsRequired>true</IsRequired><Value i:type="a:ArrayOfdouble" xmlns:a="http://schemas.microsoft.com/2003/10/Serialization/Arrays"><a:double>-0.00029960019977723091</a:double><a:double>-0.00076406188227395692</a:double><a:double>0.053754497718263128</a:double></Value></Attribute><Attribute z:Id="i6"><AttributeType>rpy</AttributeType><IsRequired>true</IsRequired><Value i:type="a:ArrayOfdouble" xmlns:a="http://schemas.microsoft.com/2003/10/Serialization/Arrays"><a:double>0</a:double><a:double>0</a:double><a:double>0</a:double></Value></Attribute></Attributes><ChildElements/><ElementName>origin</ElementName><required>false</required><RPYAttribute z:Ref="i6"/><XYZAttribute z:Ref="i5"/><isCustomized>false</isCustomized></URDFElement><URDFElement z:Id="i7" i:type="Mass"><Attributes><Attribute z:Id="i8"><AttributeType>value</AttributeType><IsRequired>true</IsRequired><Value i:type="a:double" xmlns:a="http://www.w3.org/2001/XMLSchema">0.47490204978631079</Value></Attribute></Attributes><ChildElements/><ElementName>mass</ElementName><required>false</required><ValueAttribute z:Ref="i8"/></URDFElement><URDFElement z:Id="i9" i:type="Inertia"><Attributes><Attribute z:Id="i10"><AttributeType>ixx</AttributeType><IsRequired>true</IsRequired><Value i:type="a:double" xmlns:a="http://www.w3.org/2001/XMLSchema">0.00092332986447731739</Value></Attribute><Attribute z:Id="i11"><AttributeType>ixy</AttributeType><IsRequired>true</IsRequired><Value i:type="a:double" xmlns:a="http://www.w3.org/2001/XMLSchema">-4.4322108794828943E-08</Value></Attribute><Attribute z:Id="i12"><AttributeType>ixz</AttributeType><IsRequired>true</IsRequired><Value i:type="a:double" xmlns:a="http://www.w3.org/2001/XMLSchema">-2.4999349307869206E-07</Value></Attribute><Attribute z:Id="i13"><AttributeType>iyy</AttributeType><IsRequired>true</IsRequired><Value i:type="a:double" xmlns:a="http://www.w3.org/2001/XMLSchema">0.00079964917492803239</Value></Attribute><Attribute z:Id="i14"><AttributeType>iyz</AttributeType><IsRequired>true</IsRequired><Value i:type="a:double" xmlns:a="http://www.w3.org/2001/XMLSchema">-3.8965322840191029E-09</Value></Attribute><Attribute z:Id="i15"><AttributeType>izz</AttributeType><IsRequired>true</IsRequired><Value i:type="a:double" xmlns:a="http://www.w3.org/2001/XMLSchema">0.0017130145824619599</Value></Attribute></Attributes><ChildElements/><ElementName>inertia</ElementName><required>false</required><IxxAttribute z:Ref="i10"/><IxyAttribute z:Ref="i11"/><IxzAttribute z:Ref="i12"/><IyyAttribute z:Ref="i13"/><IyzAttribute z:Ref="i14"/><IzzAttribute z:Ref="i15"/></URDFElement></ChildElements><ElementName>inertial</ElementName><required>false</required><Inertia z:Ref="i9"/><Mass z:Ref="i7"/><Origin z:Ref="i4"/></URDFElement><URDFElement z:Id="i16" i:type="Visual"><Attributes/><ChildElements><URDFElement z:Id="i17" i:type="Origin"><Attributes><Attribute z:Id="i18"><AttributeType>xyz</AttributeType><IsRequired>true</IsRequired><Value i:type="a:ArrayOfdouble" xmlns:a="http://schemas.microsoft.com/2003/10/Serialization/Arrays"><a:double>0</a:double><a:double>0</a:double><a:double>0</a:double></Value></Attribute><Attribute z:Id="i19"><AttributeType>rpy</AttributeType><IsRequired>true</IsRequired><Value i:type="a:ArrayOfdouble" xmlns:a="http://schemas.microsoft.com/2003/10/Serialization/Arrays"><a:double>0</a:double><a:double>0</a:double><a:double>0</a:double></Value></Attribute></Attributes><ChildElements/><ElementName>origin</ElementName><required>false</required><RPYAttribute z:Ref="i19"/><XYZAttribute z:Ref="i18"/><isCustomized>false</isCustomized></URDFElement><URDFElement z:Id="i20" i:type="Geometry"><Attributes/><ChildElements><URDFElement z:Id="i21" i:type="Mesh"><Attributes><Attribute z:Id="i22"><AttributeType>filename</AttributeType><IsRequired>true</IsRequired><Value i:nil="true"/></Attribute></Attributes><ChildElements/><ElementName>mesh</ElementName><required>false</required><FilenameAttribute z:Ref="i22"/></URDFElement></ChildElements><ElementName>geometry</ElementName><required>true</required><Mesh z:Ref="i21"/></URDFElement><URDFElement z:Id="i23" i:type="Material"><Attributes><Attribute z:Id="i24"><AttributeType>name</AttributeType><IsRequired>true</IsRequired><Value i:type="a:string" xmlns:a="http://www.w3.org/2001/XMLSchema"/></Attribute></Attributes><ChildElements><URDFElement z:Id="i25" i:type="Color"><Attributes><Attribute z:Id="i26"><AttributeType>rgba</AttributeType><IsRequired>true</IsRequired><Value i:type="a:ArrayOfdouble" xmlns:a="http://schemas.microsoft.com/2003/10/Serialization/Arrays"><a:double>0.792156862745098</a:double><a:double>0.81960784313725488</a:double><a:double>0.93333333333333335</a:double><a:double>1</a:double></Value></Attribute></Attributes><ChildElements/><ElementName>color</ElementName><required>false</required><RGBAAttribute z:Ref="i26"/></URDFElement><URDFElement z:Id="i27" i:type="Texture"><Attributes><Attribute z:Id="i28"><AttributeType>filename</AttributeType><IsRequired>true</IsRequired><Value i:nil="true"/></Attribute></Attributes><ChildElements/><ElementName>texture</ElementName><required>false</required><FilenameAttribute z:Ref="i28"/><wFilename/></URDFElement></ChildElements><ElementName>material</ElementName><required>false</required><Color z:Ref="i25"/><NameAttribute z:Ref="i24"/><Texture z:Ref="i27"/></URDFElement></ChildElements><ElementName>visual</ElementName><required>false</required><Geometry z:Ref="i20"/><Material z:Ref="i23"/><Origin z:Ref="i17"/></URDFElement><URDFElement z:Id="i29" i:type="Collision"><Attributes/><ChildElements><URDFElement z:Id="i30" i:type="Origin"><Attributes><Attribute z:Id="i31"><AttributeType>xyz</AttributeType><IsRequired>true</IsRequired><Value i:type="a:ArrayOfdouble" xmlns:a="http://schemas.microsoft.com/2003/10/Serialization/Arrays"><a:double>0</a:double><a:double>0</a:double><a:double>0</a:double></Value></Attribute><Attribute z:Id="i32"><AttributeType>rpy</AttributeType><IsRequired>true</IsRequired><Value i:type="a:ArrayOfdouble" xmlns:a="http://schemas.microsoft.com/2003/10/Serialization/Arrays"><a:double>0</a:double><a:double>0</a:double><a:double>0</a:double></Value></Attribute></Attributes><ChildElements/><ElementName>origin</ElementName><required>false</required><RPYAttribute z:Ref="i32"/><XYZAttribute z:Ref="i31"/><isCustomized>false</isCustomized></URDFElement><URDFElement z:Id="i33" i:type="Geometry"><Attributes/><ChildElements><URDFElement z:Id="i34" i:type="Mesh"><Attributes><Attribute z:Id="i35"><AttributeType>filename</AttributeType><IsRequired>true</IsRequired><Value i:nil="true"/></Attribute></Attributes><ChildElements/><ElementName>mesh</ElementName><required>false</required><FilenameAttribute z:Ref="i35"/></URDFElement></ChildElements><ElementName>geometry</ElementName><required>true</required><Mesh z:Ref="i34"/></URDFElement></ChildElements><ElementName>collision</ElementName><required>false</required><Geometry z:Ref="i33"/><Origin z:Ref="i30"/></URDFElement><URDFElement z:Id="i36" i:type="Joint"><Attributes><Attribute z:Id="i37"><AttributeType>name</AttributeType><IsRequired>true</IsRequired><Value i:type="a:string" xmlns:a="http://www.w3.org/2001/XMLSchema"/></Attribute><Attribute z:Id="i38"><AttributeType>type</AttributeType><IsRequired>true</IsRequired><Value i:type="a:string" xmlns:a="http://www.w3.org/2001/XMLSchema"/></Attribute></Attributes><ChildElements><URDFElement z:Id="i39" i:type="Origin"><Attributes><Attribute z:Id="i40"><AttributeType>xyz</AttributeType><IsRequired>true</IsRequired><Value i:type="a:ArrayOfdouble" xmlns:a="http://schemas.microsoft.com/2003/10/Serialization/Arrays"><a:double>0</a:double><a:double>0</a:double><a:double>0</a:double></Value></Attribute><Attribute z:Id="i41"><AttributeType>rpy</AttributeType><IsRequired>true</IsRequired><Value i:type="a:ArrayOfdouble" xmlns:a="http://schemas.microsoft.com/2003/10/Serialization/Arrays"><a:double>0</a:double><a:double>0</a:double><a:double>0</a:double></Value></Attribute></Attributes><ChildElements/><ElementName>origin</ElementName><required>false</required><RPYAttribute z:Ref="i41"/><XYZAttribute z:Ref="i40"/><isCustomized>false</isCustomized></URDFElement><URDFElement z:Id="i42" i:type="ParentLink"><Attributes><Attribute z:Id="i43"><AttributeType>link</AttributeType><IsRequired>true</IsRequired><Value i:type="a:string" xmlns:a="http://www.w3.org/2001/XMLSchema"/></Attribute></Attributes><ChildElements/><ElementName>parent</ElementName><required>true</required><NameAttribute z:Ref="i43"/></URDFElement><URDFElement z:Id="i44" i:type="ChildLink"><Attributes><Attribute z:Id="i45"><AttributeType>link</AttributeType><IsRequired>true</IsRequired><Value i:type="a:string" xmlns:a="http://www.w3.org/2001/XMLSchema"/></Attribute></Attributes><ChildElements/><ElementName>child</ElementName><required>true</required><NameAttribute z:Ref="i45"/></URDFElement><URDFElement z:Id="i46" i:type="Axis"><Attributes><Attribute z:Id="i47"><AttributeType>xyz</AttributeType><IsRequired>true</IsRequired><Value i:type="a:ArrayOfdouble" xmlns:a="http://schemas.microsoft.com/2003/10/Serialization/Arrays"><a:double>0</a:double><a:double>0</a:double><a:double>0</a:double></Value></Attribute></Attributes><ChildElements/><ElementName>axis</ElementName><required>false</required><XYZAttribute z:Ref="i47"/></URDFElement><URDFElement z:Id="i48" i:type="Limit"><Attributes><Attribute z:Id="i49"><AttributeType>lower</AttributeType><IsRequired>false</IsRequired><Value i:nil="true"/></Attribute><Attribute z:Id="i50"><AttributeType>upper</AttributeType><IsRequired>false</IsRequired><Value i:nil="true"/></Attribute><Attribute z:Id="i51"><AttributeType>effort</AttributeType><IsRequired>true</IsRequired><Value i:nil="true"/></Attribute><Attribute z:Id="i52"><AttributeType>velocity</AttributeType><IsRequired>true</IsRequired><Value i:nil="true"/></Attribute></Attributes><ChildElements/><ElementName>limit</ElementName><required>false</required><EffortAttribute z:Ref="i51"/><LowerAttribute z:Ref="i49"/><UpperAttribute z:Ref="i50"/><VelocityAttribute z:Ref="i52"/></URDFElement><URDFElement z:Id="i53" i:type="Calibration"><Attributes><Attribute z:Id="i54"><AttributeType>rising</AttributeType><IsRequired>false</IsRequired><Value i:nil="true"/></Attribute><Attribute z:Id="i55"><AttributeType>falling</AttributeType><IsRequired>false</IsRequired><Value i:nil="true"/></Attribute></Attributes><ChildElements/><ElementName>calibration</ElementName><required>false</required><FallingAttribute z:Ref="i55"/><RisingAttribute z:Ref="i54"/></URDFElement><URDFElement z:Id="i56" i:type="Dynamics"><Attributes><Attribute z:Id="i57"><AttributeType>damping</AttributeType><IsRequired>false</IsRequired><Value i:nil="true"/></Attribute><Attribute z:Id="i58"><AttributeType>friction</AttributeType><IsRequired>false</IsRequired><Value i:nil="true"/></Attribute></Attributes><ChildElements/><ElementName>dynamics</ElementName><required>false</required><DampingAttribute z:Ref="i57"/><FrictionAttribute z:Ref="i58"/></URDFElement><URDFElement z:Id="i59" i:type="SafetyController"><Attributes><Attribute z:Id="i60"><AttributeType>soft_upper_limit</AttributeType><IsRequired>false</IsRequired><Value i:nil="true"/></Attribute><Attribute z:Id="i61"><AttributeType>soft_lower_limit</AttributeType><IsRequired>false</IsRequired><Value i:nil="true"/></Attribute><Attribute z:Id="i62"><AttributeType>k_position</AttributeType><IsRequired>false</IsRequired><Value i:nil="true"/></Attribute><Attribute z:Id="i63"><AttributeType>k_velocity</AttributeType><IsRequired>true</IsRequired><Value i:nil="true"/></Attribute></Attributes><ChildElements/><ElementName>safety_controller</ElementName><required>false</required><KPositionAttribute z:Ref="i62"/><KVelocityAttribute z:Ref="i63"/><SoftLowerAttribute z:Ref="i61"/><SoftUpperAttribute z:Ref="i60"/></URDFElement><URDFElement z:Id="i64" i:type="Mimic"><Attributes><Attribute z:Id="i65"><AttributeType>joint</AttributeType><IsRequired>true</IsRequired><Value i:nil="true"/></Attribute><Attribute z:Id="i66"><AttributeType>multiplier</AttributeType><IsRequired>false</IsRequired><Value i:nil="true"/></Attribute><Attribute z:Id="i67"><AttributeType>offset</AttributeType><IsRequired>false</IsRequired><Value i:nil="true"/></Attribute></Attributes><ChildElements/><ElementName>mimic</ElementName><required>false</required><JointNameAttribute z:Ref="i65"/><MultiplierAttribute z:Ref="i66"/><OffsetAttribute z:Ref="i67"/></URDFElement></ChildElements><ElementName>joint</ElementName><required>false</required><Axis z:Ref="i46"/><AxisName/><Calibration z:Ref="i53"/><Child z:Ref="i44"/><CoordinateSystemName>Base_origin</CoordinateSystemName><Dynamics z:Ref="i56"/><Limit z:Ref="i48"/><Mimic z:Ref="i64"/><NameAttribute z:Ref="i37"/><Origin z:Ref="i39"/><Parent z:Ref="i42"/><Safety z:Ref="i59"/><TypeAttribute z:Ref="i38"/></URDFElement></ChildElements><ElementName>link</ElementName><required>true</required><Children><Link z:Id="i68"><Attributes><Attribute z:Id="i69"><AttributeType>name</AttributeType><IsRequired>true</IsRequired><Value i:type="a:string" xmlns:a="http://www.w3.org/2001/XMLSchema">R_wheel_link</Value></Attribute></Attributes><ChildElements><URDFElement z:Id="i70" i:type="Inertial"><Attributes/><ChildElements><URDFElement z:Id="i71" i:type="Origin"><Attributes><Attribute z:Id="i72"><AttributeType>xyz</AttributeType><IsRequired>true</IsRequired><Value i:type="a:ArrayOfdouble" xmlns:a="http://schemas.microsoft.com/2003/10/Serialization/Arrays"><a:double>5.7991489720886531E-05</a:double><a:double>0.0058199863971848675</a:double><a:double>-0.0008508372650005056</a:double></Value></Attribute><Attribute z:Id="i73"><AttributeType>rpy</AttributeType><IsRequired>true</IsRequired><Value i:type="a:ArrayOfdouble" xmlns:a="http://schemas.microsoft.com/2003/10/Serialization/Arrays"><a:double>0</a:double><a:double>0</a:double><a:double>0</a:double></Value></Attribute></Attributes><ChildElements/><ElementName>origin</ElementName><required>false</required><RPYAttribute z:Ref="i73"/><XYZAttribute z:Ref="i72"/><isCustomized>false</isCustomized></URDFElement><URDFElement z:Id="i74" i:type="Mass"><Attributes><Attribute z:Id="i75"><AttributeType>value</AttributeType><IsRequired>true</IsRequired><Value i:type="a:double" xmlns:a="http://www.w3.org/2001/XMLSchema">0.041955149555898887</Value></Attribute></Attributes><ChildElements/><ElementName>mass</ElementName><required>false</required><ValueAttribute z:Ref="i75"/></URDFElement><URDFElement z:Id="i76" i:type="Inertia"><Attributes><Attribute z:Id="i77"><AttributeType>ixx</AttributeType><IsRequired>true</IsRequired><Value i:type="a:double" xmlns:a="http://www.w3.org/2001/XMLSchema">1.8373507938030858E-05</Value></Attribute><Attribute z:Id="i78"><AttributeType>ixy</AttributeType><IsRequired>true</IsRequired><Value i:type="a:double" xmlns:a="http://www.w3.org/2001/XMLSchema">-1.8161867336429015E-11</Value></Attribute><Attribute z:Id="i79"><AttributeType>ixz</AttributeType><IsRequired>true</IsRequired><Value i:type="a:double" xmlns:a="http://www.w3.org/2001/XMLSchema">-2.1106704777052428E-09</Value></Attribute><Attribute z:Id="i80"><AttributeType>iyy</AttributeType><IsRequired>true</IsRequired><Value i:type="a:double" xmlns:a="http://www.w3.org/2001/XMLSchema">3.0919329148918272E-05</Value></Attribute><Attribute z:Id="i81"><AttributeType>iyz</AttributeType><IsRequired>true</IsRequired><Value i:type="a:double" xmlns:a="http://www.w3.org/2001/XMLSchema">4.300671763998919E-10</Value></Attribute><Attribute z:Id="i82"><AttributeType>izz</AttributeType><IsRequired>true</IsRequired><Value i:type="a:double" xmlns:a="http://www.w3.org/2001/XMLSchema">1.8408240459889539E-05</Value></Attribute></Attributes><ChildElements/><ElementName>inertia</ElementName><required>false</required><IxxAttribute z:Ref="i77"/><IxyAttribute z:Ref="i78"/><IxzAttribute z:Ref="i79"/><IyyAttribute z:Ref="i80"/><IyzAttribute z:Ref="i81"/><IzzAttribute z:Ref="i82"/></URDFElement></ChildElements><ElementName>inertial</ElementName><required>false</required><Inertia z:Ref="i76"/><Mass z:Ref="i74"/><Origin z:Ref="i71"/></URDFElement><URDFElement z:Id="i83" i:type="Visual"><Attributes/><ChildElements><URDFElement z:Id="i84" i:type="Origin"><Attributes><Attribute z:Id="i85"><AttributeType>xyz</AttributeType><IsRequired>true</IsRequired><Value i:type="a:ArrayOfdouble" xmlns:a="http://schemas.microsoft.com/2003/10/Serialization/Arrays"><a:double>0</a:double><a:double>0</a:double><a:double>0</a:double></Value></Attribute><Attribute z:Id="i86"><AttributeType>rpy</AttributeType><IsRequired>true</IsRequired><Value i:type="a:ArrayOfdouble" xmlns:a="http://schemas.microsoft.com/2003/10/Serialization/Arrays"><a:double>0</a:double><a:double>0</a:double><a:double>0</a:double></Value></Attribute></Attributes><ChildElements/><ElementName>origin</ElementName><required>false</required><RPYAttribute z:Ref="i86"/><XYZAttribute z:Ref="i85"/><isCustomized>false</isCustomized></URDFElement><URDFElement z:Id="i87" i:type="Geometry"><Attributes/><ChildElements><URDFElement z:Id="i88" i:type="Mesh"><Attributes><Attribute z:Id="i89"><AttributeType>filename</AttributeType><IsRequired>true</IsRequired><Value i:nil="true"/></Attribute></Attributes><ChildElements/><ElementName>mesh</ElementName><required>false</required><FilenameAttribute z:Ref="i89"/></URDFElement></ChildElements><ElementName>geometry</ElementName><required>true</required><Mesh z:Ref="i88"/></URDFElement><URDFElement z:Id="i90" i:type="Material"><Attributes><Attribute z:Id="i91"><AttributeType>name</AttributeType><IsRequired>true</IsRequired><Value i:type="a:string" xmlns:a="http://www.w3.org/2001/XMLSchema"/></Attribute></Attributes><ChildElements><URDFElement z:Id="i92" i:type="Color"><Attributes><Attribute z:Id="i93"><AttributeType>rgba</AttributeType><IsRequired>true</IsRequired><Value i:type="a:ArrayOfdouble" xmlns:a="http://schemas.microsoft.com/2003/10/Serialization/Arrays"><a:double>0.792156862745098</a:double><a:double>0.81960784313725488</a:double><a:double>0.93333333333333335</a:double><a:double>1</a:double></Value></Attribute></Attributes><ChildElements/><ElementName>color</ElementName><required>false</required><RGBAAttribute z:Ref="i93"/></URDFElement><URDFElement z:Id="i94" i:type="Texture"><Attributes><Attribute z:Id="i95"><AttributeType>filename</AttributeType><IsRequired>true</IsRequired><Value i:nil="true"/></Attribute></Attributes><ChildElements/><ElementName>texture</ElementName><required>false</required><FilenameAttribute z:Ref="i95"/><wFilename/></URDFElement></ChildElements><ElementName>material</ElementName><required>false</required><Color z:Ref="i92"/><NameAttribute z:Ref="i91"/><Texture z:Ref="i94"/></URDFElement></ChildElements><ElementName>visual</ElementName><required>false</required><Geometry z:Ref="i87"/><Material z:Ref="i90"/><Origin z:Ref="i84"/></URDFElement><URDFElement z:Id="i96" i:type="Collision"><Attributes/><ChildElements><URDFElement z:Id="i97" i:type="Origin"><Attributes><Attribute z:Id="i98"><AttributeType>xyz</AttributeType><IsRequired>true</IsRequired><Value i:type="a:ArrayOfdouble" xmlns:a="http://schemas.microsoft.com/2003/10/Serialization/Arrays"><a:double>0</a:double><a:double>0</a:double><a:double>0</a:double></Value></Attribute><Attribute z:Id="i99"><AttributeType>rpy</AttributeType><IsRequired>true</IsRequired><Value i:type="a:ArrayOfdouble" xmlns:a="http://schemas.microsoft.com/2003/10/Serialization/Arrays"><a:double>0</a:double><a:double>0</a:double><a:double>0</a:double></Value></Attribute></Attributes><ChildElements/><ElementName>origin</ElementName><required>false</required><RPYAttribute z:Ref="i99"/><XYZAttribute z:Ref="i98"/><isCustomized>false</isCustomized></URDFElement><URDFElement z:Id="i100" i:type="Geometry"><Attributes/><ChildElements><URDFElement z:Id="i101" i:type="Mesh"><Attributes><Attribute z:Id="i102"><AttributeType>filename</AttributeType><IsRequired>true</IsRequired><Value i:nil="true"/></Attribute></Attributes><ChildElements/><ElementName>mesh</ElementName><required>false</required><FilenameAttribute z:Ref="i102"/></URDFElement></ChildElements><ElementName>geometry</ElementName><required>true</required><Mesh z:Ref="i101"/></URDFElement></ChildElements><ElementName>collision</ElementName><required>false</required><Geometry z:Ref="i100"/><Origin z:Ref="i97"/></URDFElement><URDFElement z:Id="i103" i:type="Joint"><Attributes><Attribute z:Id="i104"><AttributeType>name</AttributeType><IsRequired>true</IsRequired><Value i:type="a:string" xmlns:a="http://www.w3.org/2001/XMLSchema">Rwheel_joint</Value></Attribute><Attribute z:Id="i105"><AttributeType>type</AttributeType><IsRequired>true</IsRequired><Value i:type="a:string" xmlns:a="http://www.w3.org/2001/XMLSchema">continuous</Value></Attribute></Attributes><ChildElements><URDFElement z:Id="i106" i:type="Origin"><Attributes><Attribute z:Id="i107"><AttributeType>xyz</AttributeType><IsRequired>true</IsRequired><Value i:type="a:ArrayOfdouble" xmlns:a="http://schemas.microsoft.com/2003/10/Serialization/Arrays"><a:double>-0.00040439175433133571</a:double><a:double>-0.10525110642810885</a:double><a:double>0.025000000000000112</a:double></Value></Attribute><Attribute z:Id="i108"><AttributeType>rpy</AttributeType><IsRequired>true</IsRequired><Value i:type="a:ArrayOfdouble" xmlns:a="http://schemas.microsoft.com/2003/10/Serialization/Arrays"><a:double>0</a:double><a:double>0</a:double><a:double>0</a:double></Value></Attribute></Attributes><ChildElements/><ElementName>origin</ElementName><required>false</required><RPYAttribute z:Ref="i108"/><XYZAttribute z:Ref="i107"/><isCustomized>false</isCustomized></URDFElement><URDFElement z:Id="i109" i:type="ParentLink"><Attributes><Attribute z:Id="i110"><AttributeType>link</AttributeType><IsRequired>true</IsRequired><Value i:type="a:string" xmlns:a="http://www.w3.org/2001/XMLSchema">base_link</Value></Attribute></Attributes><ChildElements/><ElementName>parent</ElementName><required>true</required><NameAttribute z:Ref="i110"/></URDFElement><URDFElement z:Id="i111" i:type="ChildLink"><Attributes><Attribute z:Id="i112"><AttributeType>link</AttributeType><IsRequired>true</IsRequired><Value i:type="a:string" xmlns:a="http://www.w3.org/2001/XMLSchema">R_wheel_link</Value></Attribute></Attributes><ChildElements/><ElementName>child</ElementName><required>true</required><NameAttribute z:Ref="i112"/></URDFElement><URDFElement z:Id="i113" i:type="Axis"><Attributes><Attribute z:Id="i114"><AttributeType>xyz</AttributeType><IsRequired>true</IsRequired><Value i:type="a:ArrayOfdouble" xmlns:a="http://schemas.microsoft.com/2003/10/Serialization/Arrays"><a:double>0</a:double><a:double>-1</a:double><a:double>0</a:double></Value></Attribute></Attributes><ChildElements/><ElementName>axis</ElementName><required>false</required><XYZAttribute z:Ref="i114"/></URDFElement><URDFElement z:Id="i115" i:type="Limit"><Attributes><Attribute z:Id="i116"><AttributeType>lower</AttributeType><IsRequired>false</IsRequired><Value i:nil="true"/></Attribute><Attribute z:Id="i117"><AttributeType>upper</AttributeType><IsRequired>false</IsRequired><Value i:nil="true"/></Attribute><Attribute z:Id="i118"><AttributeType>effort</AttributeType><IsRequired>true</IsRequired><Value i:nil="true"/></Attribute><Attribute z:Id="i119"><AttributeType>velocity</AttributeType><IsRequired>true</IsRequired><Value i:nil="true"/></Attribute></Attributes><ChildElements/><ElementName>limit</ElementName><required>false</required><EffortAttribute z:Ref="i118"/><LowerAttribute z:Ref="i116"/><UpperAttribute z:Ref="i117"/><VelocityAttribute z:Ref="i119"/></URDFElement><URDFElement z:Id="i120" i:type="Calibration"><Attributes><Attribute z:Id="i121"><AttributeType>rising</AttributeType><IsRequired>false</IsRequired><Value i:nil="true"/></Attribute><Attribute z:Id="i122"><AttributeType>falling</AttributeType><IsRequired>false</IsRequired><Value i:nil="true"/></Attribute></Attributes><ChildElements/><ElementName>calibration</ElementName><required>false</required><FallingAttribute z:Ref="i122"/><RisingAttribute z:Ref="i121"/></URDFElement><URDFElement z:Id="i123" i:type="Dynamics"><Attributes><Attribute z:Id="i124"><AttributeType>damping</AttributeType><IsRequired>false</IsRequired><Value i:nil="true"/></Attribute><Attribute z:Id="i125"><AttributeType>friction</AttributeType><IsRequired>false</IsRequired><Value i:nil="true"/></Attribute></Attributes><ChildElements/><ElementName>dynamics</ElementName><required>false</required><DampingAttribute z:Ref="i124"/><FrictionAttribute z:Ref="i125"/></URDFElement><URDFElement z:Id="i126" i:type="SafetyController"><Attributes><Attribute z:Id="i127"><AttributeType>soft_upper_limit</AttributeType><IsRequired>false</IsRequired><Value i:nil="true"/></Attribute><Attribute z:Id="i128"><AttributeType>soft_lower_limit</AttributeType><IsRequired>false</IsRequired><Value i:nil="true"/></Attribute><Attribute z:Id="i129"><AttributeType>k_position</AttributeType><IsRequired>false</IsRequired><Value i:nil="true"/></Attribute><Attribute z:Id="i130"><AttributeType>k_velocity</AttributeType><IsRequired>true</IsRequired><Value i:nil="true"/></Attribute></Attributes><ChildElements/><ElementName>safety_controller</ElementName><required>false</required><KPositionAttribute z:Ref="i129"/><KVelocityAttribute z:Ref="i130"/><SoftLowerAttribute z:Ref="i128"/><SoftUpperAttribute z:Ref="i127"/></URDFElement><URDFElement z:Id="i131" i:type="Mimic"><Attributes><Attribute z:Id="i132"><AttributeType>joint</AttributeType><IsRequired>true</IsRequired><Value i:nil="true"/></Attribute><Attribute z:Id="i133"><AttributeType>multiplier</AttributeType><IsRequired>false</IsRequired><Value i:nil="true"/></Attribute><Attribute z:Id="i134"><AttributeType>offset</AttributeType><IsRequired>false</IsRequired><Value i:nil="true"/></Attribute></Attributes><ChildElements/><ElementName>mimic</ElementName><required>false</required><JointNameAttribute z:Ref="i132"/><MultiplierAttribute z:Ref="i133"/><OffsetAttribute z:Ref="i134"/></URDFElement></ChildElements><ElementName>joint</ElementName><required>false</required><Axis z:Ref="i113"/><AxisName>Axis_wheel</AxisName><Calibration z:Ref="i120"/><Child z:Ref="i111"/><CoordinateSystemName>R_origin</CoordinateSystemName><Dynamics z:Ref="i123"/><Limit z:Ref="i115"/><Mimic z:Ref="i131"/><NameAttribute z:Ref="i104"/><Origin z:Ref="i106"/><Parent z:Ref="i109"/><Safety z:Ref="i126"/><TypeAttribute z:Ref="i105"/></URDFElement></ChildElements><ElementName>link</ElementName><required>true</required><Children/><Collision z:Ref="i96"/><Inertial z:Ref="i70"/><Joint z:Ref="i103"/><NameAttribute z:Ref="i69"/><Parent z:Ref="i1"/><STLQualityFine>false</STLQualityFine><SWComponentPIDs xmlns:a="http://schemas.microsoft.com/2003/10/Serialization/Arrays"><a:base64Binary>aEIAAAUAAAD//v8nYwBvAHAAcABlAHIAXwB3AGgAZQBlAGwAXwB3AGkAdABoAF8AYQBkAGEAcAB0AGUAcgBfAHAAYQByAHQALQAxAEAAYQBzAHMAZQBtADEABAAAABAAAAABAAAAAQAAAOcBAAA=</a:base64Binary></SWComponentPIDs><SWMainComponentPID i:nil="true"/><Visual z:Ref="i83"/><isFixedFrame>false</isFixedFrame><isIncomplete>false</isIncomplete></Link><Link z:Id="i135"><Attributes><Attribute z:Id="i136"><AttributeType>name</AttributeType><IsRequired>true</IsRequired><Value i:type="a:string" xmlns:a="http://www.w3.org/2001/XMLSchema">L_wheel_link</Value></Attribute></Attributes><ChildElements><URDFElement z:Id="i137" i:type="Inertial"><Attributes/><ChildElements><URDFElement z:Id="i138" i:type="Origin"><Attributes><Attribute z:Id="i139"><AttributeType>xyz</AttributeType><IsRequired>true</IsRequired><Value i:type="a:ArrayOfdouble" xmlns:a="http://schemas.microsoft.com/2003/10/Serialization/Arrays"><a:double>-0.00041032411340115663</a:double><a:double>-0.0058199863971911681</a:double><a:double>0.00074761031728983753</a:double></Value></Attribute><Attribute z:Id="i140"><AttributeType>rpy</AttributeType><IsRequired>true</IsRequired><Value i:type="a:ArrayOfdouble" xmlns:a="http://schemas.microsoft.com/2003/10/Serialization/Arrays"><a:double>0</a:double><a:double>0</a:double><a:double>0</a:double></Value></Attribute></Attributes><ChildElements/><ElementName>origin</ElementName><required>false</required><RPYAttribute z:Ref="i140"/><XYZAttribute z:Ref="i139"/><isCustomized>false</isCustomized></URDFElement><URDFElement z:Id="i141" i:type="Mass"><Attributes><Attribute z:Id="i142"><AttributeType>value</AttributeType><IsRequired>true</IsRequired><Value i:type="a:double" xmlns:a="http://www.w3.org/2001/XMLSchema">0.04195514955587068</Value></Attribute></Attributes><ChildElements/><ElementName>mass</ElementName><required>false</required><ValueAttribute z:Ref="i142"/></URDFElement><URDFElement z:Id="i143" i:type="Inertia"><Attributes><Attribute z:Id="i144"><AttributeType>ixx</AttributeType><IsRequired>true</IsRequired><Value i:type="a:double" xmlns:a="http://www.w3.org/2001/XMLSchema">1.8381704642724268E-05</Value></Attribute><Attribute z:Id="i145"><AttributeType>ixy</AttributeType><IsRequired>true</IsRequired><Value i:type="a:double" xmlns:a="http://www.w3.org/2001/XMLSchema">-2.1679157785039226E-10</Value></Attribute><Attribute z:Id="i146"><AttributeType>ixz</AttributeType><IsRequired>true</IsRequired><Value i:type="a:double" xmlns:a="http://www.w3.org/2001/XMLSchema">-1.4898361886727788E-08</Value></Attribute><Attribute z:Id="i147"><AttributeType>iyy</AttributeType><IsRequired>true</IsRequired><Value i:type="a:double" xmlns:a="http://www.w3.org/2001/XMLSchema">3.0919329148921755E-05</Value></Attribute><Attribute z:Id="i148"><AttributeType>iyz</AttributeType><IsRequired>true</IsRequired><Value i:type="a:double" xmlns:a="http://www.w3.org/2001/XMLSchema">3.7187230586482468E-10</Value></Attribute><Attribute z:Id="i149"><AttributeType>izz</AttributeType><IsRequired>true</IsRequired><Value i:type="a:double" xmlns:a="http://www.w3.org/2001/XMLSchema">1.8400043755197284E-05</Value></Attribute></Attributes><ChildElements/><ElementName>inertia</ElementName><required>false</required><IxxAttribute z:Ref="i144"/><IxyAttribute z:Ref="i145"/><IxzAttribute z:Ref="i146"/><IyyAttribute z:Ref="i147"/><IyzAttribute z:Ref="i148"/><IzzAttribute z:Ref="i149"/></URDFElement></ChildElements><ElementName>inertial</ElementName><required>false</required><Inertia z:Ref="i143"/><Mass z:Ref="i141"/><Origin z:Ref="i138"/></URDFElement><URDFElement z:Id="i150" i:type="Visual"><Attributes/><ChildElements><URDFElement z:Id="i151" i:type="Origin"><Attributes><Attribute z:Id="i152"><AttributeType>xyz</AttributeType><IsRequired>true</IsRequired><Value i:type="a:ArrayOfdouble" xmlns:a="http://schemas.microsoft.com/2003/10/Serialization/Arrays"><a:double>0</a:double><a:double>0</a:double><a:double>0</a:double></Value></Attribute><Attribute z:Id="i153"><AttributeType>rpy</AttributeType><IsRequired>true</IsRequired><Value i:type="a:ArrayOfdouble" xmlns:a="http://schemas.microsoft.com/2003/10/Serialization/Arrays"><a:double>0</a:double><a:double>0</a:double><a:double>0</a:double></Value></Attribute></Attributes><ChildElements/><ElementName>origin</ElementName><required>false</required><RPYAttribute z:Ref="i153"/><XYZAttribute z:Ref="i152"/><isCustomized>false</isCustomized></URDFElement><URDFElement z:Id="i154" i:type="Geometry"><Attributes/><ChildElements><URDFElement z:Id="i155" i:type="Mesh"><Attributes><Attribute z:Id="i156"><AttributeType>filename</AttributeType><IsRequired>true</IsRequired><Value i:nil="true"/></Attribute></Attributes><ChildElements/><ElementName>mesh</ElementName><required>false</required><FilenameAttribute z:Ref="i156"/></URDFElement></ChildElements><ElementName>geometry</ElementName><required>true</required><Mesh z:Ref="i155"/></URDFElement><URDFElement z:Id="i157" i:type="Material"><Attributes><Attribute z:Id="i158"><AttributeType>name</AttributeType><IsRequired>true</IsRequired><Value i:type="a:string" xmlns:a="http://www.w3.org/2001/XMLSchema"/></Attribute></Attributes><ChildElements><URDFElement z:Id="i159" i:type="Color"><Attributes><Attribute z:Id="i160"><AttributeType>rgba</AttributeType><IsRequired>true</IsRequired><Value i:type="a:ArrayOfdouble" xmlns:a="http://schemas.microsoft.com/2003/10/Serialization/Arrays"><a:double>0.792156862745098</a:double><a:double>0.81960784313725488</a:double><a:double>0.93333333333333335</a:double><a:double>1</a:double></Value></Attribute></Attributes><ChildElements/><ElementName>color</ElementName><required>false</required><RGBAAttribute z:Ref="i160"/></URDFElement><URDFElement z:Id="i161" i:type="Texture"><Attributes><Attribute z:Id="i162"><AttributeType>filename</AttributeType><IsRequired>true</IsRequired><Value i:nil="true"/></Attribute></Attributes><ChildElements/><ElementName>texture</ElementName><required>false</required><FilenameAttribute z:Ref="i162"/><wFilename/></URDFElement></ChildElements><ElementName>material</ElementName><required>false</required><Color z:Ref="i159"/><NameAttribute z:Ref="i158"/><Texture z:Ref="i161"/></URDFElement></ChildElements><ElementName>visual</ElementName><required>false</required><Geometry z:Ref="i154"/><Material z:Ref="i157"/><Origin z:Ref="i151"/></URDFElement><URDFElement z:Id="i163" i:type="Collision"><Attributes/><ChildElements><URDFElement z:Id="i164" i:type="Origin"><Attributes><Attribute z:Id="i165"><AttributeType>xyz</AttributeType><IsRequired>true</IsRequired><Value i:type="a:ArrayOfdouble" xmlns:a="http://schemas.microsoft.com/2003/10/Serialization/Arrays"><a:double>0</a:double><a:double>0</a:double><a:double>0</a:double></Value></Attribute><Attribute z:Id="i166"><AttributeType>rpy</AttributeType><IsRequired>true</IsRequired><Value i:type="a:ArrayOfdouble" xmlns:a="http://schemas.microsoft.com/2003/10/Serialization/Arrays"><a:double>0</a:double><a:double>0</a:double><a:double>0</a:double></Value></Attribute></Attributes><ChildElements/><ElementName>origin</ElementName><required>false</required><RPYAttribute z:Ref="i166"/><XYZAttribute z:Ref="i165"/><isCustomized>false</isCustomized></URDFElement><URDFElement z:Id="i167" i:type="Geometry"><Attributes/><ChildElements><URDFElement z:Id="i168" i:type="Mesh"><Attributes><Attribute z:Id="i169"><AttributeType>filename</AttributeType><IsRequired>true</IsRequired><Value i:nil="true"/></Attribute></Attributes><ChildElements/><ElementName>mesh</ElementName><required>false</required><FilenameAttribute z:Ref="i169"/></URDFElement></ChildElements><ElementName>geometry</ElementName><required>true</required><Mesh z:Ref="i168"/></URDFElement></ChildElements><ElementName>collision</ElementName><required>false</required><Geometry z:Ref="i167"/><Origin z:Ref="i164"/></URDFElement><URDFElement z:Id="i170" i:type="Joint"><Attributes><Attribute z:Id="i171"><AttributeType>name</AttributeType><IsRequired>true</IsRequired><Value i:type="a:string" xmlns:a="http://www.w3.org/2001/XMLSchema">Lwheel_joint</Value></Attribute><Attribute z:Id="i172"><AttributeType>type</AttributeType><IsRequired>true</IsRequired><Value i:type="a:string" xmlns:a="http://www.w3.org/2001/XMLSchema">continuous</Value></Attribute></Attributes><ChildElements><URDFElement z:Id="i173" i:type="Origin"><Attributes><Attribute z:Id="i174"><AttributeType>xyz</AttributeType><IsRequired>true</IsRequired><Value i:type="a:ArrayOfdouble" xmlns:a="http://schemas.microsoft.com/2003/10/Serialization/Arrays"><a:double>-0.00040439175433133832</a:double><a:double>0.10525110642810892</a:double><a:double>0.025000000000000827</a:double></Value></Attribute><Attribute z:Id="i175"><AttributeType>rpy</AttributeType><IsRequired>true</IsRequired><Value i:type="a:ArrayOfdouble" xmlns:a="http://schemas.microsoft.com/2003/10/Serialization/Arrays"><a:double>0</a:double><a:double>0</a:double><a:double>0</a:double></Value></Attribute></Attributes><ChildElements/><ElementName>origin</ElementName><required>false</required><RPYAttribute z:Ref="i175"/><XYZAttribute z:Ref="i174"/><isCustomized>false</isCustomized></URDFElement><URDFElement z:Id="i176" i:type="ParentLink"><Attributes><Attribute z:Id="i177"><AttributeType>link</AttributeType><IsRequired>true</IsRequired><Value i:type="a:string" xmlns:a="http://www.w3.org/2001/XMLSchema">base_link</Value></Attribute></Attributes><ChildElements/><ElementName>parent</ElementName><required>true</required><NameAttribute z:Ref="i177"/></URDFElement><URDFElement z:Id="i178" i:type="ChildLink"><Attributes><Attribute z:Id="i179"><AttributeType>link</AttributeType><IsRequired>true</IsRequired><Value i:type="a:string" xmlns:a="http://www.w3.org/2001/XMLSchema">L_wheel_link</Value></Attribute></Attributes><ChildElements/><ElementName>child</ElementName><required>true</required><NameAttribute z:Ref="i179"/></URDFElement><URDFElement z:Id="i180" i:type="Axis"><Attributes><Attribute z:Id="i181"><AttributeType>xyz</AttributeType><IsRequired>true</IsRequired><Value i:type="a:ArrayOfdouble" xmlns:a="http://schemas.microsoft.com/2003/10/Serialization/Arrays"><a:double>0</a:double><a:double>-1</a:double><a:double>0</a:double></Value></Attribute></Attributes><ChildElements/><ElementName>axis</ElementName><required>false</required><XYZAttribute z:Ref="i181"/></URDFElement><URDFElement z:Id="i182" i:type="Limit"><Attributes><Attribute z:Id="i183"><AttributeType>lower</AttributeType><IsRequired>false</IsRequired><Value i:nil="true"/></Attribute><Attribute z:Id="i184"><AttributeType>upper</AttributeType><IsRequired>false</IsRequired><Value i:nil="true"/></Attribute><Attribute z:Id="i185"><AttributeType>effort</AttributeType><IsRequired>true</IsRequired><Value i:nil="true"/></Attribute><Attribute z:Id="i186"><AttributeType>velocity</AttributeType><IsRequired>true</IsRequired><Value i:nil="true"/></Attribute></Attributes><ChildElements/><ElementName>limit</ElementName><required>false</required><EffortAttribute z:Ref="i185"/><LowerAttribute z:Ref="i183"/><UpperAttribute z:Ref="i184"/><VelocityAttribute z:Ref="i186"/></URDFElement><URDFElement z:Id="i187" i:type="Calibration"><Attributes><Attribute z:Id="i188"><AttributeType>rising</AttributeType><IsRequired>false</IsRequired><Value i:nil="true"/></Attribute><Attribute z:Id="i189"><AttributeType>falling</AttributeType><IsRequired>false</IsRequired><Value i:nil="true"/></Attribute></Attributes><ChildElements/><ElementName>calibration</ElementName><required>false</required><FallingAttribute z:Ref="i189"/><RisingAttribute z:Ref="i188"/></URDFElement><URDFElement z:Id="i190" i:type="Dynamics"><Attributes><Attribute z:Id="i191"><AttributeType>damping</AttributeType><IsRequired>false</IsRequired><Value i:nil="true"/></Attribute><Attribute z:Id="i192"><AttributeType>friction</AttributeType><IsRequired>false</IsRequired><Value i:nil="true"/></Attribute></Attributes><ChildElements/><ElementName>dynamics</ElementName><required>false</required><DampingAttribute z:Ref="i191"/><FrictionAttribute z:Ref="i192"/></URDFElement><URDFElement z:Id="i193" i:type="SafetyController"><Attributes><Attribute z:Id="i194"><AttributeType>soft_upper_limit</AttributeType><IsRequired>false</IsRequired><Value i:nil="true"/></Attribute><Attribute z:Id="i195"><AttributeType>soft_lower_limit</AttributeType><IsRequired>false</IsRequired><Value i:nil="true"/></Attribute><Attribute z:Id="i196"><AttributeType>k_position</AttributeType><IsRequired>false</IsRequired><Value i:nil="true"/></Attribute><Attribute z:Id="i197"><AttributeType>k_velocity</AttributeType><IsRequired>true</IsRequired><Value i:nil="true"/></Attribute></Attributes><ChildElements/><ElementName>safety_controller</ElementName><required>false</required><KPositionAttribute z:Ref="i196"/><KVelocityAttribute z:Ref="i197"/><SoftLowerAttribute z:Ref="i195"/><SoftUpperAttribute z:Ref="i194"/></URDFElement><URDFElement z:Id="i198" i:type="Mimic"><Attributes><Attribute z:Id="i199"><AttributeType>joint</AttributeType><IsRequired>true</IsRequired><Value i:nil="true"/></Attribute><Attribute z:Id="i200"><AttributeType>multiplier</AttributeType><IsRequired>false</IsRequired><Value i:nil="true"/></Attribute><Attribute z:Id="i201"><AttributeType>offset</AttributeType><IsRequired>false</IsRequired><Value i:nil="true"/></Attribute></Attributes><ChildElements/><ElementName>mimic</ElementName><required>false</required><JointNameAttribute z:Ref="i199"/><MultiplierAttribute z:Ref="i200"/><OffsetAttribute z:Ref="i201"/></URDFElement></ChildElements><ElementName>joint</ElementName><required>false</required><Axis z:Ref="i180"/><AxisName>Axis_wheel</AxisName><Calibration z:Ref="i187"/><Child z:Ref="i178"/><CoordinateSystemName>L_origin</CoordinateSystemName><Dynamics z:Ref="i190"/><Limit z:Ref="i182"/><Mimic z:Ref="i198"/><NameAttribute z:Ref="i171"/><Origin z:Ref="i173"/><Parent z:Ref="i176"/><Safety z:Ref="i193"/><TypeAttribute z:Ref="i172"/></URDFElement></ChildElements><ElementName>link</ElementName><required>true</required><Children/><Collision z:Ref="i163"/><Inertial z:Ref="i137"/><Joint z:Ref="i170"/><NameAttribute z:Ref="i136"/><Parent z:Ref="i1"/><STLQualityFine>false</STLQualityFine><SWComponentPIDs xmlns:a="http://schemas.microsoft.com/2003/10/Serialization/Arrays"><a:base64Binary>aEIAAAUAAAD//v8nYwBvAHAAcABlAHIAXwB3AGgAZQBlAGwAXwB3AGkAdABoAF8AYQBkAGEAcAB0AGUAcgBfAHAAYQByAHQALQAyAEAAYQBzAHMAZQBtADEABAAAABAAAAABAAAAAQAAAOoBAAA=</a:base64Binary></SWComponentPIDs><SWMainComponentPID i:nil="true"/><Visual z:Ref="i150"/><isFixedFrame>false</isFixedFrame><isIncomplete>false</isIncomplete></Link><Link z:Id="i202"><Attributes><Attribute z:Id="i203"><AttributeType>name</AttributeType><IsRequired>true</IsRequired><Value i:type="a:string" xmlns:a="http://www.w3.org/2001/XMLSchema">Ball_front_link</Value></Attribute></Attributes><ChildElements><URDFElement z:Id="i204" i:type="Inertial"><Attributes/><ChildElements><URDFElement z:Id="i205" i:type="Origin"><Attributes><Attribute z:Id="i206"><AttributeType>xyz</AttributeType><IsRequired>true</IsRequired><Value i:type="a:ArrayOfdouble" xmlns:a="http://schemas.microsoft.com/2003/10/Serialization/Arrays"><a:double>4.3021142204224816E-16</a:double><a:double>-6.3696315145619908E-06</a:double><a:double>0.0054783181552000952</a:double></Value></Attribute><Attribute z:Id="i207"><AttributeType>rpy</AttributeType><IsRequired>true</IsRequired><Value i:type="a:ArrayOfdouble" xmlns:a="http://schemas.microsoft.com/2003/10/Serialization/Arrays"><a:double>0</a:double><a:double>0</a:double><a:double>0</a:double></Value></Attribute></Attributes><ChildElements/><ElementName>origin</ElementName><required>false</required><RPYAttribute z:Ref="i207"/><XYZAttribute z:Ref="i206"/><isCustomized>false</isCustomized></URDFElement><URDFElement z:Id="i208" i:type="Mass"><Attributes><Attribute z:Id="i209"><AttributeType>value</AttributeType><IsRequired>true</IsRequired><Value i:type="a:double" xmlns:a="http://www.w3.org/2001/XMLSchema">0.0051732918664278834</Value></Attribute></Attributes><ChildElements/><ElementName>mass</ElementName><required>false</required><ValueAttribute z:Ref="i209"/></URDFElement><URDFElement z:Id="i210" i:type="Inertia"><Attributes><Attribute z:Id="i211"><AttributeType>ixx</AttributeType><IsRequired>true</IsRequired><Value i:type="a:double" xmlns:a="http://www.w3.org/2001/XMLSchema">4.8243600128638774E-07</Value></Attribute><Attribute z:Id="i212"><AttributeType>ixy</AttributeType><IsRequired>true</IsRequired><Value i:type="a:double" xmlns:a="http://www.w3.org/2001/XMLSchema">6.8036953082322914E-16</Value></Attribute><Attribute z:Id="i213"><AttributeType>ixz</AttributeType><IsRequired>true</IsRequired><Value i:type="a:double" xmlns:a="http://www.w3.org/2001/XMLSchema">7.636107438290798E-23</Value></Attribute><Attribute z:Id="i214"><AttributeType>iyy</AttributeType><IsRequired>true</IsRequired><Value i:type="a:double" xmlns:a="http://www.w3.org/2001/XMLSchema">2.1717606375324091E-07</Value></Attribute><Attribute z:Id="i215"><AttributeType>iyz</AttributeType><IsRequired>true</IsRequired><Value i:type="a:double" xmlns:a="http://www.w3.org/2001/XMLSchema">2.5529250701518955E-10</Value></Attribute><Attribute z:Id="i216"><AttributeType>izz</AttributeType><IsRequired>true</IsRequired><Value i:type="a:double" xmlns:a="http://www.w3.org/2001/XMLSchema">5.286393882496393E-07</Value></Attribute></Attributes><ChildElements/><ElementName>inertia</ElementName><required>false</required><IxxAttribute z:Ref="i211"/><IxyAttribute z:Ref="i212"/><IxzAttribute z:Ref="i213"/><IyyAttribute z:Ref="i214"/><IyzAttribute z:Ref="i215"/><IzzAttribute z:Ref="i216"/></URDFElement></ChildElements><ElementName>inertial</ElementName><required>false</required><Inertia z:Ref="i210"/><Mass z:Ref="i208"/><Origin z:Ref="i205"/></URDFElement><URDFElement z:Id="i217" i:type="Visual"><Attributes/><ChildElements><URDFElement z:Id="i218" i:type="Origin"><Attributes><Attribute z:Id="i219"><AttributeType>xyz</AttributeType><IsRequired>true</IsRequired><Value i:type="a:ArrayOfdouble" xmlns:a="http://schemas.microsoft.com/2003/10/Serialization/Arrays"><a:double>0</a:double><a:double>0</a:double><a:double>0</a:double></Value></Attribute><Attribute z:Id="i220"><AttributeType>rpy</AttributeType><IsRequired>true</IsRequired><Value i:type="a:ArrayOfdouble" xmlns:a="http://schemas.microsoft.com/2003/10/Serialization/Arrays"><a:double>0</a:double><a:double>0</a:double><a:double>0</a:double></Value></Attribute></Attributes><ChildElements/><ElementName>origin</ElementName><required>false</required><RPYAttribute z:Ref="i220"/><XYZAttribute z:Ref="i219"/><isCustomized>false</isCustomized></URDFElement><URDFElement z:Id="i221" i:type="Geometry"><Attributes/><ChildElements><URDFElement z:Id="i222" i:type="Mesh"><Attributes><Attribute z:Id="i223"><AttributeType>filename</AttributeType><IsRequired>true</IsRequired><Value i:nil="true"/></Attribute></Attributes><ChildElements/><ElementName>mesh</ElementName><required>false</required><FilenameAttribute z:Ref="i223"/></URDFElement></ChildElements><ElementName>geometry</ElementName><required>true</required><Mesh z:Ref="i222"/></URDFElement><URDFElement z:Id="i224" i:type="Material"><Attributes><Attribute z:Id="i225"><AttributeType>name</AttributeType><IsRequired>true</IsRequired><Value i:type="a:string" xmlns:a="http://www.w3.org/2001/XMLSchema"/></Attribute></Attributes><ChildElements><URDFElement z:Id="i226" i:type="Color"><Attributes><Attribute z:Id="i227"><AttributeType>rgba</AttributeType><IsRequired>true</IsRequired><Value i:type="a:ArrayOfdouble" xmlns:a="http://schemas.microsoft.com/2003/10/Serialization/Arrays"><a:double>0.792156862745098</a:double><a:double>0.81960784313725488</a:double><a:double>0.93333333333333335</a:double><a:double>1</a:double></Value></Attribute></Attributes><ChildElements/><ElementName>color</ElementName><required>false</required><RGBAAttribute z:Ref="i227"/></URDFElement><URDFElement z:Id="i228" i:type="Texture"><Attributes><Attribute z:Id="i229"><AttributeType>filename</AttributeType><IsRequired>true</IsRequired><Value i:nil="true"/></Attribute></Attributes><ChildElements/><ElementName>texture</ElementName><required>false</required><FilenameAttribute z:Ref="i229"/><wFilename/></URDFElement></ChildElements><ElementName>material</ElementName><required>false</required><Color z:Ref="i226"/><NameAttribute z:Ref="i225"/><Texture z:Ref="i228"/></URDFElement></ChildElements><ElementName>visual</ElementName><required>false</required><Geometry z:Ref="i221"/><Material z:Ref="i224"/><Origin z:Ref="i218"/></URDFElement><URDFElement z:Id="i230" i:type="Collision"><Attributes/><ChildElements><URDFElement z:Id="i231" i:type="Origin"><Attributes><Attribute z:Id="i232"><AttributeType>xyz</AttributeType><IsRequired>true</IsRequired><Value i:type="a:ArrayOfdouble" xmlns:a="http://schemas.microsoft.com/2003/10/Serialization/Arrays"><a:double>0</a:double><a:double>0</a:double><a:double>0</a:double></Value></Attribute><Attribute z:Id="i233"><AttributeType>rpy</AttributeType><IsRequired>true</IsRequired><Value i:type="a:ArrayOfdouble" xmlns:a="http://schemas.microsoft.com/2003/10/Serialization/Arrays"><a:double>0</a:double><a:double>0</a:double><a:double>0</a:double></Value></Attribute></Attributes><ChildElements/><ElementName>origin</ElementName><required>false</required><RPYAttribute z:Ref="i233"/><XYZAttribute z:Ref="i232"/><isCustomized>false</isCustomized></URDFElement><URDFElement z:Id="i234" i:type="Geometry"><Attributes/><ChildElements><URDFElement z:Id="i235" i:type="Mesh"><Attributes><Attribute z:Id="i236"><AttributeType>filename</AttributeType><IsRequired>true</IsRequired><Value i:nil="true"/></Attribute></Attributes><ChildElements/><ElementName>mesh</ElementName><required>false</required><FilenameAttribute z:Ref="i236"/></URDFElement></ChildElements><ElementName>geometry</ElementName><required>true</required><Mesh z:Ref="i235"/></URDFElement></ChildElements><ElementName>collision</ElementName><required>false</required><Geometry z:Ref="i234"/><Origin z:Ref="i231"/></URDFElement><URDFElement z:Id="i237" i:type="Joint"><Attributes><Attribute z:Id="i238"><AttributeType>name</AttributeType><IsRequired>true</IsRequired><Value i:type="a:string" xmlns:a="http://www.w3.org/2001/XMLSchema">Ballfront_joint</Value></Attribute><Attribute z:Id="i239"><AttributeType>type</AttributeType><IsRequired>true</IsRequired><Value i:type="a:string" xmlns:a="http://www.w3.org/2001/XMLSchema">fixed</Value></Attribute></Attributes><ChildElements><URDFElement z:Id="i240" i:type="Origin"><Attributes><Attribute z:Id="i241"><AttributeType>xyz</AttributeType><IsRequired>true</IsRequired><Value i:type="a:ArrayOfdouble" xmlns:a="http://schemas.microsoft.com/2003/10/Serialization/Arrays"><a:double>0.074595608245668021</a:double><a:double>-0.00018349405514948847</a:double><a:double>-0.00090000000000049069</a:double></Value></Attribute><Attribute z:Id="i242"><AttributeType>rpy</AttributeType><IsRequired>true</IsRequired><Value i:type="a:ArrayOfdouble" xmlns:a="http://schemas.microsoft.com/2003/10/Serialization/Arrays"><a:double>0</a:double><a:double>0</a:double><a:double>0</a:double></Value></Attribute></Attributes><ChildElements/><ElementName>origin</ElementName><required>false</required><RPYAttribute z:Ref="i242"/><XYZAttribute z:Ref="i241"/><isCustomized>false</isCustomized></URDFElement><URDFElement z:Id="i243" i:type="ParentLink"><Attributes><Attribute z:Id="i244"><AttributeType>link</AttributeType><IsRequired>true</IsRequired><Value i:type="a:string" xmlns:a="http://www.w3.org/2001/XMLSchema">base_link</Value></Attribute></Attributes><ChildElements/><ElementName>parent</ElementName><required>true</required><NameAttribute z:Ref="i244"/></URDFElement><URDFElement z:Id="i245" i:type="ChildLink"><Attributes><Attribute z:Id="i246"><AttributeType>link</AttributeType><IsRequired>true</IsRequired><Value i:type="a:string" xmlns:a="http://www.w3.org/2001/XMLSchema">Ball_front_link</Value></Attribute></Attributes><ChildElements/><ElementName>child</ElementName><required>true</required><NameAttribute z:Ref="i246"/></URDFElement><URDFElement z:Id="i247" i:type="Axis"><Attributes><Attribute z:Id="i248"><AttributeType>xyz</AttributeType><IsRequired>true</IsRequired><Value i:type="a:ArrayOfdouble" xmlns:a="http://schemas.microsoft.com/2003/10/Serialization/Arrays"><a:double>0</a:double><a:double>0</a:double><a:double>0</a:double></Value></Attribute></Attributes><ChildElements/><ElementName>axis</ElementName><required>false</required><XYZAttribute z:Ref="i248"/></URDFElement><URDFElement z:Id="i249" i:type="Limit"><Attributes><Attribute z:Id="i250"><AttributeType>lower</AttributeType><IsRequired>false</IsRequired><Value i:nil="true"/></Attribute><Attribute z:Id="i251"><AttributeType>upper</AttributeType><IsRequired>false</IsRequired><Value i:nil="true"/></Attribute><Attribute z:Id="i252"><AttributeType>effort</AttributeType><IsRequired>true</IsRequired><Value i:nil="true"/></Attribute><Attribute z:Id="i253"><AttributeType>velocity</AttributeType><IsRequired>true</IsRequired><Value i:nil="true"/></Attribute></Attributes><ChildElements/><ElementName>limit</ElementName><required>false</required><EffortAttribute z:Ref="i252"/><LowerAttribute z:Ref="i250"/><UpperAttribute z:Ref="i251"/><VelocityAttribute z:Ref="i253"/></URDFElement><URDFElement z:Id="i254" i:type="Calibration"><Attributes><Attribute z:Id="i255"><AttributeType>rising</AttributeType><IsRequired>false</IsRequired><Value i:nil="true"/></Attribute><Attribute z:Id="i256"><AttributeType>falling</AttributeType><IsRequired>false</IsRequired><Value i:nil="true"/></Attribute></Attributes><ChildElements/><ElementName>calibration</ElementName><required>false</required><FallingAttribute z:Ref="i256"/><RisingAttribute z:Ref="i255"/></URDFElement><URDFElement z:Id="i257" i:type="Dynamics"><Attributes><Attribute z:Id="i258"><AttributeType>damping</AttributeType><IsRequired>false</IsRequired><Value i:nil="true"/></Attribute><Attribute z:Id="i259"><AttributeType>friction</AttributeType><IsRequired>false</IsRequired><Value i:nil="true"/></Attribute></Attributes><ChildElements/><ElementName>dynamics</ElementName><required>false</required><DampingAttribute z:Ref="i258"/><FrictionAttribute z:Ref="i259"/></URDFElement><URDFElement z:Id="i260" i:type="SafetyController"><Attributes><Attribute z:Id="i261"><AttributeType>soft_upper_limit</AttributeType><IsRequired>false</IsRequired><Value i:nil="true"/></Attribute><Attribute z:Id="i262"><AttributeType>soft_lower_limit</AttributeType><IsRequired>false</IsRequired><Value i:nil="true"/></Attribute><Attribute z:Id="i263"><AttributeType>k_position</AttributeType><IsRequired>false</IsRequired><Value i:nil="true"/></Attribute><Attribute z:Id="i264"><AttributeType>k_velocity</AttributeType><IsRequired>true</IsRequired><Value i:nil="true"/></Attribute></Attributes><ChildElements/><ElementName>safety_controller</ElementName><required>false</required><KPositionAttribute z:Ref="i263"/><KVelocityAttribute z:Ref="i264"/><SoftLowerAttribute z:Ref="i262"/><SoftUpperAttribute z:Ref="i261"/></URDFElement><URDFElement z:Id="i265" i:type="Mimic"><Attributes><Attribute z:Id="i266"><AttributeType>joint</AttributeType><IsRequired>true</IsRequired><Value i:nil="true"/></Attribute><Attribute z:Id="i267"><AttributeType>multiplier</AttributeType><IsRequired>false</IsRequired><Value i:nil="true"/></Attribute><Attribute z:Id="i268"><AttributeType>offset</AttributeType><IsRequired>false</IsRequired><Value i:nil="true"/></Attribute></Attributes><ChildElements/><ElementName>mimic</ElementName><required>false</required><JointNameAttribute z:Ref="i266"/><MultiplierAttribute z:Ref="i267"/><OffsetAttribute z:Ref="i268"/></URDFElement></ChildElements><ElementName>joint</ElementName><required>false</required><Axis z:Ref="i247"/><AxisName>Axis_Ballfront_joint</AxisName><Calibration z:Ref="i254"/><Child z:Ref="i245"/><CoordinateSystemName>Front_origin</CoordinateSystemName><Dynamics z:Ref="i257"/><Limit z:Ref="i249"/><Mimic z:Ref="i265"/><NameAttribute z:Ref="i238"/><Origin z:Ref="i240"/><Parent z:Ref="i243"/><Safety z:Ref="i260"/><TypeAttribute z:Ref="i239"/></URDFElement></ChildElements><ElementName>link</ElementName><required>true</required><Children/><Collision z:Ref="i230"/><Inertial z:Ref="i204"/><Joint z:Ref="i237"/><NameAttribute z:Ref="i203"/><Parent z:Ref="i1"/><STLQualityFine>false</STLQualityFine><SWComponentPIDs xmlns:a="http://schemas.microsoft.com/2003/10/Serialization/Arrays"><a:base64Binary>aEIAAAUAAAD//v8uVwA0ADIAMAAgAFUAbgBpAHYAZQByAHMAYQBsACAAUwB0AGUAZQBsACAAQgBhAGwAbAAgAEMAYQBzAHQAZQByAF8AcABhAHIAdAAtADEAQABhAHMAcwBlAG0AMQAEAAAAEAAAAAEAAAABAAAAxQEAAA==</a:base64Binary><a:base64Binary>aEIAAAUAAAD//v8VVwA0ADIAMABfAHMAcABhAGMAZQByAC0AMQAxAEAAYQBzAHMAZQBtADEABAAAABAAAAABAAAAAQAAAIkBAAA=</a:base64Binary><a:base64Binary>aEIAAAUAAAD//v8VVwA0ADIAMABfAHMAcABhAGMAZQByAC0AMQAyAEAAYQBzAHMAZQBtADEABAAAABAAAAABAAAAAQAAAIwBAAA=</a:base64Binary></SWComponentPIDs><SWMainComponentPID i:nil="true"/><Visual z:Ref="i217"/><isFixedFrame>false</isFixedFrame><isIncomplete>false</isIncomplete></Link><Link z:Id="i269"><Attributes><Attribute z:Id="i270"><AttributeType>name</AttributeType><IsRequired>true</IsRequired><Value i:type="a:string" xmlns:a="http://www.w3.org/2001/XMLSchema">Ball_back_link</Value></Attribute></Attributes><ChildElements><URDFElement z:Id="i271" i:type="Inertial"><Attributes/><ChildElements><URDFElement z:Id="i272" i:type="Origin"><Attributes><Attribute z:Id="i273"><AttributeType>xyz</AttributeType><IsRequired>true</IsRequired><Value i:type="a:ArrayOfdouble" xmlns:a="http://schemas.microsoft.com/2003/10/Serialization/Arrays"><a:double>4.5796699765787707E-16</a:double><a:double>-6.3696315145567867E-06</a:double><a:double>0.0054783181552000987</a:double></Value></Attribute><Attribute z:Id="i274"><AttributeType>rpy</AttributeType><IsRequired>true</IsRequired><Value i:type="a:ArrayOfdouble" xmlns:a="http://schemas.microsoft.com/2003/10/Serialization/Arrays"><a:double>0</a:double><a:double>0</a:double><a:double>0</a:double></Value></Attribute></Attributes><ChildElements/><ElementName>origin</ElementName><required>false</required><RPYAttribute z:Ref="i274"/><XYZAttribute z:Ref="i273"/><isCustomized>false</isCustomized></URDFElement><URDFElement z:Id="i275" i:type="Mass"><Attributes><Attribute z:Id="i276"><AttributeType>value</AttributeType><IsRequired>true</IsRequired><Value i:type="a:double" xmlns:a="http://www.w3.org/2001/XMLSchema">0.0051732918664278817</Value></Attribute></Attributes><ChildElements/><ElementName>mass</ElementName><required>false</required><ValueAttribute z:Ref="i276"/></URDFElement><URDFElement z:Id="i277" i:type="Inertia"><Attributes><Attribute z:Id="i278"><AttributeType>ixx</AttributeType><IsRequired>true</IsRequired><Value i:type="a:double" xmlns:a="http://www.w3.org/2001/XMLSchema">4.8243600128638784E-07</Value></Attribute><Attribute z:Id="i279"><AttributeType>ixy</AttributeType><IsRequired>true</IsRequired><Value i:type="a:double" xmlns:a="http://www.w3.org/2001/XMLSchema">6.8036947831073971E-16</Value></Attribute><Attribute z:Id="i280"><AttributeType>ixz</AttributeType><IsRequired>true</IsRequired><Value i:type="a:double" xmlns:a="http://www.w3.org/2001/XMLSchema">3.2419186658268075E-23</Value></Attribute><Attribute z:Id="i281"><AttributeType>iyy</AttributeType><IsRequired>true</IsRequired><Value i:type="a:double" xmlns:a="http://www.w3.org/2001/XMLSchema">2.17176063753241E-07</Value></Attribute><Attribute z:Id="i282"><AttributeType>iyz</AttributeType><IsRequired>true</IsRequired><Value i:type="a:double" xmlns:a="http://www.w3.org/2001/XMLSchema">2.5529250701531715E-10</Value></Attribute><Attribute z:Id="i283"><AttributeType>izz</AttributeType><IsRequired>true</IsRequired><Value i:type="a:double" xmlns:a="http://www.w3.org/2001/XMLSchema">5.2863938824963941E-07</Value></Attribute></Attributes><ChildElements/><ElementName>inertia</ElementName><required>false</required><IxxAttribute z:Ref="i278"/><IxyAttribute z:Ref="i279"/><IxzAttribute z:Ref="i280"/><IyyAttribute z:Ref="i281"/><IyzAttribute z:Ref="i282"/><IzzAttribute z:Ref="i283"/></URDFElement></ChildElements><ElementName>inertial</ElementName><required>false</required><Inertia z:Ref="i277"/><Mass z:Ref="i275"/><Origin z:Ref="i272"/></URDFElement><URDFElement z:Id="i284" i:type="Visual"><Attributes/><ChildElements><URDFElement z:Id="i285" i:type="Origin"><Attributes><Attribute z:Id="i286"><AttributeType>xyz</AttributeType><IsRequired>true</IsRequired><Value i:type="a:ArrayOfdouble" xmlns:a="http://schemas.microsoft.com/2003/10/Serialization/Arrays"><a:double>0</a:double><a:double>0</a:double><a:double>0</a:double></Value></Attribute><Attribute z:Id="i287"><AttributeType>rpy</AttributeType><IsRequired>true</IsRequired><Value i:type="a:ArrayOfdouble" xmlns:a="http://schemas.microsoft.com/2003/10/Serialization/Arrays"><a:double>0</a:double><a:double>0</a:double><a:double>0</a:double></Value></Attribute></Attributes><ChildElements/><ElementName>origin</ElementName><required>false</required><RPYAttribute z:Ref="i287"/><XYZAttribute z:Ref="i286"/><isCustomized>false</isCustomized></URDFElement><URDFElement z:Id="i288" i:type="Geometry"><Attributes/><ChildElements><URDFElement z:Id="i289" i:type="Mesh"><Attributes><Attribute z:Id="i290"><AttributeType>filename</AttributeType><IsRequired>true</IsRequired><Value i:nil="true"/></Attribute></Attributes><ChildElements/><ElementName>mesh</ElementName><required>false</required><FilenameAttribute z:Ref="i290"/></URDFElement></ChildElements><ElementName>geometry</ElementName><required>true</required><Mesh z:Ref="i289"/></URDFElement><URDFElement z:Id="i291" i:type="Material"><Attributes><Attribute z:Id="i292"><AttributeType>name</AttributeType><IsRequired>true</IsRequired><Value i:type="a:string" xmlns:a="http://www.w3.org/2001/XMLSchema"/></Attribute></Attributes><ChildElements><URDFElement z:Id="i293" i:type="Color"><Attributes><Attribute z:Id="i294"><AttributeType>rgba</AttributeType><IsRequired>true</IsRequired><Value i:type="a:ArrayOfdouble" xmlns:a="http://schemas.microsoft.com/2003/10/Serialization/Arrays"><a:double>0.792156862745098</a:double><a:double>0.81960784313725488</a:double><a:double>0.93333333333333335</a:double><a:double>1</a:double></Value></Attribute></Attributes><ChildElements/><ElementName>color</ElementName><required>false</required><RGBAAttribute z:Ref="i294"/></URDFElement><URDFElement z:Id="i295" i:type="Texture"><Attributes><Attribute z:Id="i296"><AttributeType>filename</AttributeType><IsRequired>true</IsRequired><Value i:nil="true"/></Attribute></Attributes><ChildElements/><ElementName>texture</ElementName><required>false</required><FilenameAttribute z:Ref="i296"/><wFilename/></URDFElement></ChildElements><ElementName>material</ElementName><required>false</required><Color z:Ref="i293"/><NameAttribute z:Ref="i292"/><Texture z:Ref="i295"/></URDFElement></ChildElements><ElementName>visual</ElementName><required>false</required><Geometry z:Ref="i288"/><Material z:Ref="i291"/><Origin z:Ref="i285"/></URDFElement><URDFElement z:Id="i297" i:type="Collision"><Attributes/><ChildElements><URDFElement z:Id="i298" i:type="Origin"><Attributes><Attribute z:Id="i299"><AttributeType>xyz</AttributeType><IsRequired>true</IsRequired><Value i:type="a:ArrayOfdouble" xmlns:a="http://schemas.microsoft.com/2003/10/Serialization/Arrays"><a:double>0</a:double><a:double>0</a:double><a:double>0</a:double></Value></Attribute><Attribute z:Id="i300"><AttributeType>rpy</AttributeType><IsRequired>true</IsRequired><Value i:type="a:ArrayOfdouble" xmlns:a="http://schemas.microsoft.com/2003/10/Serialization/Arrays"><a:double>0</a:double><a:double>0</a:double><a:double>0</a:double></Value></Attribute></Attributes><ChildElements/><ElementName>origin</ElementName><required>false</required><RPYAttribute z:Ref="i300"/><XYZAttribute z:Ref="i299"/><isCustomized>false</isCustomized></URDFElement><URDFElement z:Id="i301" i:type="Geometry"><Attributes/><ChildElements><URDFElement z:Id="i302" i:type="Mesh"><Attributes><Attribute z:Id="i303"><AttributeType>filename</AttributeType><IsRequired>true</IsRequired><Value i:nil="true"/></Attribute></Attributes><ChildElements/><ElementName>mesh</ElementName><required>false</required><FilenameAttribute z:Ref="i303"/></URDFElement></ChildElements><ElementName>geometry</ElementName><required>true</required><Mesh z:Ref="i302"/></URDFElement></ChildElements><ElementName>collision</ElementName><required>false</required><Geometry z:Ref="i301"/><Origin z:Ref="i298"/></URDFElement><URDFElement z:Id="i304" i:type="Joint"><Attributes><Attribute z:Id="i305"><AttributeType>name</AttributeType><IsRequired>true</IsRequired><Value i:type="a:string" xmlns:a="http://www.w3.org/2001/XMLSchema">Ballback_joint</Value></Attribute><Attribute z:Id="i306"><AttributeType>type</AttributeType><IsRequired>true</IsRequired><Value i:type="a:string" xmlns:a="http://www.w3.org/2001/XMLSchema">fixed</Value></Attribute></Attributes><ChildElements><URDFElement z:Id="i307" i:type="Origin"><Attributes><Attribute z:Id="i308"><AttributeType>xyz</AttributeType><IsRequired>true</IsRequired><Value i:type="a:ArrayOfdouble" xmlns:a="http://schemas.microsoft.com/2003/10/Serialization/Arrays"><a:double>-0.07540439175433207</a:double><a:double>-0.00018349405514943296</a:double><a:double>-0.00090000000000049069</a:double></Value></Attribute><Attribute z:Id="i309"><AttributeType>rpy</AttributeType><IsRequired>true</IsRequired><Value i:type="a:ArrayOfdouble" xmlns:a="http://schemas.microsoft.com/2003/10/Serialization/Arrays"><a:double>0</a:double><a:double>0</a:double><a:double>0</a:double></Value></Attribute></Attributes><ChildElements/><ElementName>origin</ElementName><required>false</required><RPYAttribute z:Ref="i309"/><XYZAttribute z:Ref="i308"/><isCustomized>false</isCustomized></URDFElement><URDFElement z:Id="i310" i:type="ParentLink"><Attributes><Attribute z:Id="i311"><AttributeType>link</AttributeType><IsRequired>true</IsRequired><Value i:type="a:string" xmlns:a="http://www.w3.org/2001/XMLSchema">base_link</Value></Attribute></Attributes><ChildElements/><ElementName>parent</ElementName><required>true</required><NameAttribute z:Ref="i311"/></URDFElement><URDFElement z:Id="i312" i:type="ChildLink"><Attributes><Attribute z:Id="i313"><AttributeType>link</AttributeType><IsRequired>true</IsRequired><Value i:type="a:string" xmlns:a="http://www.w3.org/2001/XMLSchema">Ball_back_link</Value></Attribute></Attributes><ChildElements/><ElementName>child</ElementName><required>true</required><NameAttribute z:Ref="i313"/></URDFElement><URDFElement z:Id="i314" i:type="Axis"><Attributes><Attribute z:Id="i315"><AttributeType>xyz</AttributeType><IsRequired>true</IsRequired><Value i:type="a:ArrayOfdouble" xmlns:a="http://schemas.microsoft.com/2003/10/Serialization/Arrays"><a:double>0</a:double><a:double>0</a:double><a:double>0</a:double></Value></Attribute></Attributes><ChildElements/><ElementName>axis</ElementName><required>false</required><XYZAttribute z:Ref="i315"/></URDFElement><URDFElement z:Id="i316" i:type="Limit"><Attributes><Attribute z:Id="i317"><AttributeType>lower</AttributeType><IsRequired>false</IsRequired><Value i:nil="true"/></Attribute><Attribute z:Id="i318"><AttributeType>upper</AttributeType><IsRequired>false</IsRequired><Value i:nil="true"/></Attribute><Attribute z:Id="i319"><AttributeType>effort</AttributeType><IsRequired>true</IsRequired><Value i:nil="true"/></Attribute><Attribute z:Id="i320"><AttributeType>velocity</AttributeType><IsRequired>true</IsRequired><Value i:nil="true"/></Attribute></Attributes><ChildElements/><ElementName>limit</ElementName><required>false</required><EffortAttribute z:Ref="i319"/><LowerAttribute z:Ref="i317"/><UpperAttribute z:Ref="i318"/><VelocityAttribute z:Ref="i320"/></URDFElement><URDFElement z:Id="i321" i:type="Calibration"><Attributes><Attribute z:Id="i322"><AttributeType>rising</AttributeType><IsRequired>false</IsRequired><Value i:nil="true"/></Attribute><Attribute z:Id="i323"><AttributeType>falling</AttributeType><IsRequired>false</IsRequired><Value i:nil="true"/></Attribute></Attributes><ChildElements/><ElementName>calibration</ElementName><required>false</required><FallingAttribute z:Ref="i323"/><RisingAttribute z:Ref="i322"/></URDFElement><URDFElement z:Id="i324" i:type="Dynamics"><Attributes><Attribute z:Id="i325"><AttributeType>damping</AttributeType><IsRequired>false</IsRequired><Value i:nil="true"/></Attribute><Attribute z:Id="i326"><AttributeType>friction</AttributeType><IsRequired>false</IsRequired><Value i:nil="true"/></Attribute></Attributes><ChildElements/><ElementName>dynamics</ElementName><required>false</required><DampingAttribute z:Ref="i325"/><FrictionAttribute z:Ref="i326"/></URDFElement><URDFElement z:Id="i327" i:type="SafetyController"><Attributes><Attribute z:Id="i328"><AttributeType>soft_upper_limit</AttributeType><IsRequired>false</IsRequired><Value i:nil="true"/></Attribute><Attribute z:Id="i329"><AttributeType>soft_lower_limit</AttributeType><IsRequired>false</IsRequired><Value i:nil="true"/></Attribute><Attribute z:Id="i330"><AttributeType>k_position</AttributeType><IsRequired>false</IsRequired><Value i:nil="true"/></Attribute><Attribute z:Id="i331"><AttributeType>k_velocity</AttributeType><IsRequired>true</IsRequired><Value i:nil="true"/></Attribute></Attributes><ChildElements/><ElementName>safety_controller</ElementName><required>false</required><KPositionAttribute z:Ref="i330"/><KVelocityAttribute z:Ref="i331"/><SoftLowerAttribute z:Ref="i329"/><SoftUpperAttribute z:Ref="i328"/></URDFElement><URDFElement z:Id="i332" i:type="Mimic"><Attributes><Attribute z:Id="i333"><AttributeType>joint</AttributeType><IsRequired>true</IsRequired><Value i:nil="true"/></Attribute><Attribute z:Id="i334"><AttributeType>multiplier</AttributeType><IsRequired>false</IsRequired><Value i:nil="true"/></Attribute><Attribute z:Id="i335"><AttributeType>offset</AttributeType><IsRequired>false</IsRequired><Value i:nil="true"/></Attribute></Attributes><ChildElements/><ElementName>mimic</ElementName><required>false</required><JointNameAttribute z:Ref="i333"/><MultiplierAttribute z:Ref="i334"/><OffsetAttribute z:Ref="i335"/></URDFElement></ChildElements><ElementName>joint</ElementName><required>false</required><Axis z:Ref="i314"/><AxisName>Axis_Ballback_joint</AxisName><Calibration z:Ref="i321"/><Child z:Ref="i312"/><CoordinateSystemName>Back_origin</CoordinateSystemName><Dynamics z:Ref="i324"/><Limit z:Ref="i316"/><Mimic z:Ref="i332"/><NameAttribute z:Ref="i305"/><Origin z:Ref="i307"/><Parent z:Ref="i310"/><Safety z:Ref="i327"/><TypeAttribute z:Ref="i306"/></URDFElement></ChildElements><ElementName>link</ElementName><required>true</required><Children/><Collision z:Ref="i297"/><Inertial z:Ref="i271"/><Joint z:Ref="i304"/><NameAttribute z:Ref="i270"/><Parent z:Ref="i1"/><STLQualityFine>false</STLQualityFine><SWComponentPIDs xmlns:a="http://schemas.microsoft.com/2003/10/Serialization/Arrays"><a:base64Binary>aEIAAAUAAAD//v8uVwA0ADIAMAAgAFUAbgBpAHYAZQByAHMAYQBsACAAUwB0AGUAZQBsACAAQgBhAGwAbAAgAEMAYQBzAHQAZQByAF8AcABhAHIAdAAtADIAQABhAHMAcwBlAG0AMQAEAAAAEAAAAAEAAAABAAAA1AEAAA==</a:base64Binary><a:base64Binary>aEIAAAUAAAD//v8VVwA0ADIAMABfAHMAcABhAGMAZQByAC0AMQAzAEAAYQBzAHMAZQBtADEABAAAABAAAAABAAAAAQAAALABAAA=</a:base64Binary><a:base64Binary>aEIAAAUAAAD//v8VVwA0ADIAMABfAHMAcABhAGMAZQByAC0AMQA0AEAAYQBzAHMAZQBtADEABAAAABAAAAABAAAAAQAAALMBAAA=</a:base64Binary></SWComponentPIDs><SWMainComponentPID i:nil="true"/><Visual z:Ref="i284"/><isFixedFrame>false</isFixedFrame><isIncomplete>false</isIncomplete></Link><Link z:Id="i336"><Attributes><Attribute z:Id="i337"><AttributeType>name</AttributeType><IsRequired>true</IsRequired><Value i:type="a:string" xmlns:a="http://www.w3.org/2001/XMLSchema">Lidar_link</Value></Attribute></Attributes><ChildElements><URDFElement z:Id="i338" i:type="Inertial"><Attributes/><ChildElements><URDFElement z:Id="i339" i:type="Origin"><Attributes><Attribute z:Id="i340"><AttributeType>xyz</AttributeType><IsRequired>true</IsRequired><Value i:type="a:ArrayOfdouble" xmlns:a="http://schemas.microsoft.com/2003/10/Serialization/Arrays"><a:double>0.014841507974672083</a:double><a:double>0.00032514886455901025</a:double><a:double>-0.021153620814209073</a:double></Value></Attribute><Attribute z:Id="i341"><AttributeType>rpy</AttributeType><IsRequired>true</IsRequired><Value i:type="a:ArrayOfdouble" xmlns:a="http://schemas.microsoft.com/2003/10/Serialization/Arrays"><a:double>0</a:double><a:double>0</a:double><a:double>0</a:double></Value></Attribute></Attributes><ChildElements/><ElementName>origin</ElementName><required>false</required><RPYAttribute z:Ref="i341"/><XYZAttribute z:Ref="i340"/><isCustomized>false</isCustomized></URDFElement><URDFElement z:Id="i342" i:type="Mass"><Attributes><Attribute z:Id="i343"><AttributeType>value</AttributeType><IsRequired>true</IsRequired><Value i:type="a:double" xmlns:a="http://www.w3.org/2001/XMLSchema">0.031240912686574956</Value></Attribute></Attributes><ChildElements/><ElementName>mass</ElementName><required>false</required><ValueAttribute z:Ref="i343"/></URDFElement><URDFElement z:Id="i344" i:type="Inertia"><Attributes><Attribute z:Id="i345"><AttributeType>ixx</AttributeType><IsRequired>true</IsRequired><Value i:type="a:double" xmlns:a="http://www.w3.org/2001/XMLSchema">8.877712343792878E-06</Value></Attribute><Attribute z:Id="i346"><AttributeType>ixy</AttributeType><IsRequired>true</IsRequired><Value i:type="a:double" xmlns:a="http://www.w3.org/2001/XMLSchema">-1.3131458523807686E-07</Value></Attribute><Attribute z:Id="i347"><AttributeType>ixz</AttributeType><IsRequired>true</IsRequired><Value i:type="a:double" xmlns:a="http://www.w3.org/2001/XMLSchema">1.1330956165065252E-07</Value></Attribute><Attribute z:Id="i348"><AttributeType>iyy</AttributeType><IsRequired>true</IsRequired><Value i:type="a:double" xmlns:a="http://www.w3.org/2001/XMLSchema">1.4493553042305012E-05</Value></Attribute><Attribute z:Id="i349"><AttributeType>iyz</AttributeType><IsRequired>true</IsRequired><Value i:type="a:double" xmlns:a="http://www.w3.org/2001/XMLSchema">3.3673144057706031E-08</Value></Attribute><Attribute z:Id="i350"><AttributeType>izz</AttributeType><IsRequired>true</IsRequired><Value i:type="a:double" xmlns:a="http://www.w3.org/2001/XMLSchema">2.2528909808120533E-05</Value></Attribute></Attributes><ChildElements/><ElementName>inertia</ElementName><required>false</required><IxxAttribute z:Ref="i345"/><IxyAttribute z:Ref="i346"/><IxzAttribute z:Ref="i347"/><IyyAttribute z:Ref="i348"/><IyzAttribute z:Ref="i349"/><IzzAttribute z:Ref="i350"/></URDFElement></ChildElements><ElementName>inertial</ElementName><required>false</required><Inertia z:Ref="i344"/><Mass z:Ref="i342"/><Origin z:Ref="i339"/></URDFElement><URDFElement z:Id="i351" i:type="Visual"><Attributes/><ChildElements><URDFElement z:Id="i352" i:type="Origin"><Attributes><Attribute z:Id="i353"><AttributeType>xyz</AttributeType><IsRequired>true</IsRequired><Value i:type="a:ArrayOfdouble" xmlns:a="http://schemas.microsoft.com/2003/10/Serialization/Arrays"><a:double>0</a:double><a:double>0</a:double><a:double>0</a:double></Value></Attribute><Attribute z:Id="i354"><AttributeType>rpy</AttributeType><IsRequired>true</IsRequired><Value i:type="a:ArrayOfdouble" xmlns:a="http://schemas.microsoft.com/2003/10/Serialization/Arrays"><a:double>0</a:double><a:double>0</a:double><a:double>0</a:double></Value></Attribute></Attributes><ChildElements/><ElementName>origin</ElementName><required>false</required><RPYAttribute z:Ref="i354"/><XYZAttribute z:Ref="i353"/><isCustomized>false</isCustomized></URDFElement><URDFElement z:Id="i355" i:type="Geometry"><Attributes/><ChildElements><URDFElement z:Id="i356" i:type="Mesh"><Attributes><Attribute z:Id="i357"><AttributeType>filename</AttributeType><IsRequired>true</IsRequired><Value i:nil="true"/></Attribute></Attributes><ChildElements/><ElementName>mesh</ElementName><required>false</required><FilenameAttribute z:Ref="i357"/></URDFElement></ChildElements><ElementName>geometry</ElementName><required>true</required><Mesh z:Ref="i356"/></URDFElement><URDFElement z:Id="i358" i:type="Material"><Attributes><Attribute z:Id="i359"><AttributeType>name</AttributeType><IsRequired>true</IsRequired><Value i:type="a:string" xmlns:a="http://www.w3.org/2001/XMLSchema"/></Attribute></Attributes><ChildElements><URDFElement z:Id="i360" i:type="Color"><Attributes><Attribute z:Id="i361"><AttributeType>rgba</AttributeType><IsRequired>true</IsRequired><Value i:type="a:ArrayOfdouble" xmlns:a="http://schemas.microsoft.com/2003/10/Serialization/Arrays"><a:double>0.792156862745098</a:double><a:double>0.81960784313725488</a:double><a:double>0.93333333333333335</a:double><a:double>1</a:double></Value></Attribute></Attributes><ChildElements/><ElementName>color</ElementName><required>false</required><RGBAAttribute z:Ref="i361"/></URDFElement><URDFElement z:Id="i362" i:type="Texture"><Attributes><Attribute z:Id="i363"><AttributeType>filename</AttributeType><IsRequired>true</IsRequired><Value i:nil="true"/></Attribute></Attributes><ChildElements/><ElementName>texture</ElementName><required>false</required><FilenameAttribute z:Ref="i363"/><wFilename/></URDFElement></ChildElements><ElementName>material</ElementName><required>false</required><Color z:Ref="i360"/><NameAttribute z:Ref="i359"/><Texture z:Ref="i362"/></URDFElement></ChildElements><ElementName>visual</ElementName><required>false</required><Geometry z:Ref="i355"/><Material z:Ref="i358"/><Origin z:Ref="i352"/></URDFElement><URDFElement z:Id="i364" i:type="Collision"><Attributes/><ChildElements><URDFElement z:Id="i365" i:type="Origin"><Attributes><Attribute z:Id="i366"><AttributeType>xyz</AttributeType><IsRequired>true</IsRequired><Value i:type="a:ArrayOfdouble" xmlns:a="http://schemas.microsoft.com/2003/10/Serialization/Arrays"><a:double>0</a:double><a:double>0</a:double><a:double>0</a:double></Value></Attribute><Attribute z:Id="i367"><AttributeType>rpy</AttributeType><IsRequired>true</IsRequired><Value i:type="a:ArrayOfdouble" xmlns:a="http://schemas.microsoft.com/2003/10/Serialization/Arrays"><a:double>0</a:double><a:double>0</a:double><a:double>0</a:double></Value></Attribute></Attributes><ChildElements/><ElementName>origin</ElementName><required>false</required><RPYAttribute z:Ref="i367"/><XYZAttribute z:Ref="i366"/><isCustomized>false</isCustomized></URDFElement><URDFElement z:Id="i368" i:type="Geometry"><Attributes/><ChildElements><URDFElement z:Id="i369" i:type="Mesh"><Attributes><Attribute z:Id="i370"><AttributeType>filename</AttributeType><IsRequired>true</IsRequired><Value i:nil="true"/></Attribute></Attributes><ChildElements/><ElementName>mesh</ElementName><required>false</required><FilenameAttribute z:Ref="i370"/></URDFElement></ChildElements><ElementName>geometry</ElementName><required>true</required><Mesh z:Ref="i369"/></URDFElement></ChildElements><ElementName>collision</ElementName><required>false</required><Geometry z:Ref="i368"/><Origin z:Ref="i365"/></URDFElement><URDFElement z:Id="i371" i:type="Joint"><Attributes><Attribute z:Id="i372"><AttributeType>name</AttributeType><IsRequired>true</IsRequired><Value i:type="a:string" xmlns:a="http://www.w3.org/2001/XMLSchema">Lidar_joint</Value></Attribute><Attribute z:Id="i373"><AttributeType>type</AttributeType><IsRequired>true</IsRequired><Value i:type="a:string" xmlns:a="http://www.w3.org/2001/XMLSchema">continuous</Value></Attribute></Attributes><ChildElements><URDFElement z:Id="i374" i:type="Origin"><Attributes><Attribute z:Id="i375"><AttributeType>xyz</AttributeType><IsRequired>true</IsRequired><Value i:type="a:ArrayOfdouble" xmlns:a="http://schemas.microsoft.com/2003/10/Serialization/Arrays"><a:double>-0.0068640499973873781</a:double><a:double>-0.00013029331516768022</a:double><a:double>0.1721</a:double></Value></Attribute><Attribute z:Id="i376"><AttributeType>rpy</AttributeType><IsRequired>true</IsRequired><Value i:type="a:ArrayOfdouble" xmlns:a="http://schemas.microsoft.com/2003/10/Serialization/Arrays"><a:double>0</a:double><a:double>0</a:double><a:double>0</a:double></Value></Attribute></Attributes><ChildElements/><ElementName>origin</ElementName><required>false</required><RPYAttribute z:Ref="i376"/><XYZAttribute z:Ref="i375"/><isCustomized>false</isCustomized></URDFElement><URDFElement z:Id="i377" i:type="ParentLink"><Attributes><Attribute z:Id="i378"><AttributeType>link</AttributeType><IsRequired>true</IsRequired><Value i:type="a:string" xmlns:a="http://www.w3.org/2001/XMLSchema">base_link</Value></Attribute></Attributes><ChildElements/><ElementName>parent</ElementName><required>true</required><NameAttribute z:Ref="i378"/></URDFElement><URDFElement z:Id="i379" i:type="ChildLink"><Attributes><Attribute z:Id="i380"><AttributeType>link</AttributeType><IsRequired>true</IsRequired><Value i:type="a:string" xmlns:a="http://www.w3.org/2001/XMLSchema">Lidar_link</Value></Attribute></Attributes><ChildElements/><ElementName>child</ElementName><required>true</required><NameAttribute z:Ref="i380"/></URDFElement><URDFElement z:Id="i381" i:type="Axis"><Attributes><Attribute z:Id="i382"><AttributeType>xyz</AttributeType><IsRequired>true</IsRequired><Value i:type="a:ArrayOfdouble" xmlns:a="http://schemas.microsoft.com/2003/10/Serialization/Arrays"><a:double>0</a:double><a:double>0</a:double><a:double>1</a:double></Value></Attribute></Attributes><ChildElements/><ElementName>axis</ElementName><required>false</required><XYZAttribute z:Ref="i382"/></URDFElement><URDFElement z:Id="i383" i:type="Limit"><Attributes><Attribute z:Id="i384"><AttributeType>lower</AttributeType><IsRequired>false</IsRequired><Value i:nil="true"/></Attribute><Attribute z:Id="i385"><AttributeType>upper</AttributeType><IsRequired>false</IsRequired><Value i:nil="true"/></Attribute><Attribute z:Id="i386"><AttributeType>effort</AttributeType><IsRequired>true</IsRequired><Value i:nil="true"/></Attribute><Attribute z:Id="i387"><AttributeType>velocity</AttributeType><IsRequired>true</IsRequired><Value i:nil="true"/></Attribute></Attributes><ChildElements/><ElementName>limit</ElementName><required>false</required><EffortAttribute z:Ref="i386"/><LowerAttribute z:Ref="i384"/><UpperAttribute z:Ref="i385"/><VelocityAttribute z:Ref="i387"/></URDFElement><URDFElement z:Id="i388" i:type="Calibration"><Attributes><Attribute z:Id="i389"><AttributeType>rising</AttributeType><IsRequired>false</IsRequired><Value i:nil="true"/></Attribute><Attribute z:Id="i390"><AttributeType>falling</AttributeType><IsRequired>false</IsRequired><Value i:nil="true"/></Attribute></Attributes><ChildElements/><ElementName>calibration</ElementName><required>false</required><FallingAttribute z:Ref="i390"/><RisingAttribute z:Ref="i389"/></URDFElement><URDFElement z:Id="i391" i:type="Dynamics"><Attributes><Attribute z:Id="i392"><AttributeType>damping</AttributeType><IsRequired>false</IsRequired><Value i:nil="true"/></Attribute><Attribute z:Id="i393"><AttributeType>friction</AttributeType><IsRequired>false</IsRequired><Value i:nil="true"/></Attribute></Attributes><ChildElements/><ElementName>dynamics</ElementName><required>false</required><DampingAttribute z:Ref="i392"/><FrictionAttribute z:Ref="i393"/></URDFElement><URDFElement z:Id="i394" i:type="SafetyController"><Attributes><Attribute z:Id="i395"><AttributeType>soft_upper_limit</AttributeType><IsRequired>false</IsRequired><Value i:nil="true"/></Attribute><Attribute z:Id="i396"><AttributeType>soft_lower_limit</AttributeType><IsRequired>false</IsRequired><Value i:nil="true"/></Attribute><Attribute z:Id="i397"><AttributeType>k_position</AttributeType><IsRequired>false</IsRequired><Value i:nil="true"/></Attribute><Attribute z:Id="i398"><AttributeType>k_velocity</AttributeType><IsRequired>true</IsRequired><Value i:nil="true"/></Attribute></Attributes><ChildElements/><ElementName>safety_controller</ElementName><required>false</required><KPositionAttribute z:Ref="i397"/><KVelocityAttribute z:Ref="i398"/><SoftLowerAttribute z:Ref="i396"/><SoftUpperAttribute z:Ref="i395"/></URDFElement><URDFElement z:Id="i399" i:type="Mimic"><Attributes><Attribute z:Id="i400"><AttributeType>joint</AttributeType><IsRequired>true</IsRequired><Value i:nil="true"/></Attribute><Attribute z:Id="i401"><AttributeType>multiplier</AttributeType><IsRequired>false</IsRequired><Value i:nil="true"/></Attribute><Attribute z:Id="i402"><AttributeType>offset</AttributeType><IsRequired>false</IsRequired><Value i:nil="true"/></Attribute></Attributes><ChildElements/><ElementName>mimic</ElementName><required>false</required><JointNameAttribute z:Ref="i400"/><MultiplierAttribute z:Ref="i401"/><OffsetAttribute z:Ref="i402"/></URDFElement></ChildElements><ElementName>joint</ElementName><required>false</required><Axis z:Ref="i381"/><AxisName>lidar_axis</AxisName><Calibration z:Ref="i388"/><Child z:Ref="i379"/><CoordinateSystemName>lidar_origin</CoordinateSystemName><Dynamics z:Ref="i391"/><Limit z:Ref="i383"/><Mimic z:Ref="i399"/><NameAttribute z:Ref="i372"/><Origin z:Ref="i374"/><Parent z:Ref="i377"/><Safety z:Ref="i394"/><TypeAttribute z:Ref="i373"/></URDFElement></ChildElements><ElementName>link</ElementName><required>true</required><Children/><Collision z:Ref="i364"/><Inertial z:Ref="i338"/><Joint z:Ref="i371"/><NameAttribute z:Ref="i337"/><Parent z:Ref="i1"/><STLQualityFine>false</STLQualityFine><SWComponentPIDs xmlns:a="http://schemas.microsoft.com/2003/10/Serialization/Arrays"><a:base64Binary>aEIAAAUAAAD//v8WWAAzAF8ATABpAGQAYQByAF8AcABhAHIAdAAtADEAQABhAHMAcwBlAG0AMQAEAAAAEAAAAAEAAAABAAAAAAIAAA==</a:base64Binary></SWComponentPIDs><SWMainComponentPID i:nil="true"/><Visual z:Ref="i351"/><isFixedFrame>false</isFixedFrame><isIncomplete>false</isIncomplete></Link><Link z:Id="i403"><Attributes><Attribute z:Id="i404"><AttributeType>name</AttributeType><IsRequired>true</IsRequired><Value i:type="a:string" xmlns:a="http://www.w3.org/2001/XMLSchema">imu_link</Value></Attribute></Attributes><ChildElements><URDFElement z:Id="i405" i:type="Inertial"><Attributes/><ChildElements><URDFElement z:Id="i406" i:type="Origin"><Attributes><Attribute z:Id="i407"><AttributeType>xyz</AttributeType><IsRequired>true</IsRequired><Value i:type="a:ArrayOfdouble" xmlns:a="http://schemas.microsoft.com/2003/10/Serialization/Arrays"><a:double>-0.00238812545770593</a:double><a:double>-0.0001572066193561289</a:double><a:double>-0.0022906513677181245</a:double></Value></Attribute><Attribute z:Id="i408"><AttributeType>rpy</AttributeType><IsRequired>true</IsRequired><Value i:type="a:ArrayOfdouble" xmlns:a="http://schemas.microsoft.com/2003/10/Serialization/Arrays"><a:double>0</a:double><a:double>0</a:double><a:double>0</a:double></Value></Attribute></Attributes><ChildElements/><ElementName>origin</ElementName><required>false</required><RPYAttribute z:Ref="i408"/><XYZAttribute z:Ref="i407"/><isCustomized>false</isCustomized></URDFElement><URDFElement z:Id="i409" i:type="Mass"><Attributes><Attribute z:Id="i410"><AttributeType>value</AttributeType><IsRequired>true</IsRequired><Value i:type="a:double" xmlns:a="http://www.w3.org/2001/XMLSchema">0.00067387693895371622</Value></Attribute></Attributes><ChildElements/><ElementName>mass</ElementName><required>false</required><ValueAttribute z:Ref="i410"/></URDFElement><URDFElement z:Id="i411" i:type="Inertia"><Attributes><Attribute z:Id="i412"><AttributeType>ixx</AttributeType><IsRequired>true</IsRequired><Value i:type="a:double" xmlns:a="http://www.w3.org/2001/XMLSchema">2.192972647974985E-08</Value></Attribute><Attribute z:Id="i413"><AttributeType>ixy</AttributeType><IsRequired>true</IsRequired><Value i:type="a:double" xmlns:a="http://www.w3.org/2001/XMLSchema">-2.8297776906548886E-14</Value></Attribute><Attribute z:Id="i414"><AttributeType>ixz</AttributeType><IsRequired>true</IsRequired><Value i:type="a:double" xmlns:a="http://www.w3.org/2001/XMLSchema">-2.6953030967525245E-14</Value></Attribute><Attribute z:Id="i415"><AttributeType>iyy</AttributeType><IsRequired>true</IsRequired><Value i:type="a:double" xmlns:a="http://www.w3.org/2001/XMLSchema">9.3345918426693785E-09</Value></Attribute><Attribute z:Id="i416"><AttributeType>iyz</AttributeType><IsRequired>true</IsRequired><Value i:type="a:double" xmlns:a="http://www.w3.org/2001/XMLSchema">-1.1632652646666621E-14</Value></Attribute><Attribute z:Id="i417"><AttributeType>izz</AttributeType><IsRequired>true</IsRequired><Value i:type="a:double" xmlns:a="http://www.w3.org/2001/XMLSchema">2.9883497839707489E-08</Value></Attribute></Attributes><ChildElements/><ElementName>inertia</ElementName><required>false</required><IxxAttribute z:Ref="i412"/><IxyAttribute z:Ref="i413"/><IxzAttribute z:Ref="i414"/><IyyAttribute z:Ref="i415"/><IyzAttribute z:Ref="i416"/><IzzAttribute z:Ref="i417"/></URDFElement></ChildElements><ElementName>inertial</ElementName><required>false</required><Inertia z:Ref="i411"/><Mass z:Ref="i409"/><Origin z:Ref="i406"/></URDFElement><URDFElement z:Id="i418" i:type="Visual"><Attributes/><ChildElements><URDFElement z:Id="i419" i:type="Origin"><Attributes><Attribute z:Id="i420"><AttributeType>xyz</AttributeType><IsRequired>true</IsRequired><Value i:type="a:ArrayOfdouble" xmlns:a="http://schemas.microsoft.com/2003/10/Serialization/Arrays"><a:double>0</a:double><a:double>0</a:double><a:double>0</a:double></Value></Attribute><Attribute z:Id="i421"><AttributeType>rpy</AttributeType><IsRequired>true</IsRequired><Value i:type="a:ArrayOfdouble" xmlns:a="http://schemas.microsoft.com/2003/10/Serialization/Arrays"><a:double>0</a:double><a:double>0</a:double><a:double>0</a:double></Value></Attribute></Attributes><ChildElements/><ElementName>origin</ElementName><required>false</required><RPYAttribute z:Ref="i421"/><XYZAttribute z:Ref="i420"/><isCustomized>false</isCustomized></URDFElement><URDFElement z:Id="i422" i:type="Geometry"><Attributes/><ChildElements><URDFElement z:Id="i423" i:type="Mesh"><Attributes><Attribute z:Id="i424"><AttributeType>filename</AttributeType><IsRequired>true</IsRequired><Value i:nil="true"/></Attribute></Attributes><ChildElements/><ElementName>mesh</ElementName><required>false</required><FilenameAttribute z:Ref="i424"/></URDFElement></ChildElements><ElementName>geometry</ElementName><required>true</required><Mesh z:Ref="i423"/></URDFElement><URDFElement z:Id="i425" i:type="Material"><Attributes><Attribute z:Id="i426"><AttributeType>name</AttributeType><IsRequired>true</IsRequired><Value i:type="a:string" xmlns:a="http://www.w3.org/2001/XMLSchema"/></Attribute></Attributes><ChildElements><URDFElement z:Id="i427" i:type="Color"><Attributes><Attribute z:Id="i428"><AttributeType>rgba</AttributeType><IsRequired>true</IsRequired><Value i:type="a:ArrayOfdouble" xmlns:a="http://schemas.microsoft.com/2003/10/Serialization/Arrays"><a:double>0.792156862745098</a:double><a:double>0.81960784313725488</a:double><a:double>0.93333333333333335</a:double><a:double>1</a:double></Value></Attribute></Attributes><ChildElements/><ElementName>color</ElementName><required>false</required><RGBAAttribute z:Ref="i428"/></URDFElement><URDFElement z:Id="i429" i:type="Texture"><Attributes><Attribute z:Id="i430"><AttributeType>filename</AttributeType><IsRequired>true</IsRequired><Value i:nil="true"/></Attribute></Attributes><ChildElements/><ElementName>texture</ElementName><required>false</required><FilenameAttribute z:Ref="i430"/><wFilename/></URDFElement></ChildElements><ElementName>material</ElementName><required>false</required><Color z:Ref="i427"/><NameAttribute z:Ref="i426"/><Texture z:Ref="i429"/></URDFElement></ChildElements><ElementName>visual</ElementName><required>false</required><Geometry z:Ref="i422"/><Material z:Ref="i425"/><Origin z:Ref="i419"/></URDFElement><URDFElement z:Id="i431" i:type="Collision"><Attributes/><ChildElements><URDFElement z:Id="i432" i:type="Origin"><Attributes><Attribute z:Id="i433"><AttributeType>xyz</AttributeType><IsRequired>true</IsRequired><Value i:type="a:ArrayOfdouble" xmlns:a="http://schemas.microsoft.com/2003/10/Serialization/Arrays"><a:double>0</a:double><a:double>0</a:double><a:double>0</a:double></Value></Attribute><Attribute z:Id="i434"><AttributeType>rpy</AttributeType><IsRequired>true</IsRequired><Value i:type="a:ArrayOfdouble" xmlns:a="http://schemas.microsoft.com/2003/10/Serialization/Arrays"><a:double>0</a:double><a:double>0</a:double><a:double>0</a:double></Value></Attribute></Attributes><ChildElements/><ElementName>origin</ElementName><required>false</required><RPYAttribute z:Ref="i434"/><XYZAttribute z:Ref="i433"/><isCustomized>false</isCustomized></URDFElement><URDFElement z:Id="i435" i:type="Geometry"><Attributes/><ChildElements><URDFElement z:Id="i436" i:type="Mesh"><Attributes><Attribute z:Id="i437"><AttributeType>filename</AttributeType><IsRequired>true</IsRequired><Value i:nil="true"/></Attribute></Attributes><ChildElements/><ElementName>mesh</ElementName><required>false</required><FilenameAttribute z:Ref="i437"/></URDFElement></ChildElements><ElementName>geometry</ElementName><required>true</required><Mesh z:Ref="i436"/></URDFElement></ChildElements><ElementName>collision</ElementName><required>false</required><Geometry z:Ref="i435"/><Origin z:Ref="i432"/></URDFElement><URDFElement z:Id="i438" i:type="Joint"><Attributes><Attribute z:Id="i439"><AttributeType>name</AttributeType><IsRequired>true</IsRequired><Value i:type="a:string" xmlns:a="http://www.w3.org/2001/XMLSchema">imu_joint</Value></Attribute><Attribute z:Id="i440"><AttributeType>type</AttributeType><IsRequired>true</IsRequired><Value i:type="a:string" xmlns:a="http://www.w3.org/2001/XMLSchema">fixed</Value></Attribute></Attributes><ChildElements><URDFElement z:Id="i441" i:type="Origin"><Attributes><Attribute z:Id="i442"><AttributeType>xyz</AttributeType><IsRequired>true</IsRequired><Value i:type="a:ArrayOfdouble" xmlns:a="http://schemas.microsoft.com/2003/10/Serialization/Arrays"><a:double>-0.00494016789724259</a:double><a:double>-0.036990916273756426</a:double><a:double>0.11451999998799492</a:double></Value></Attribute><Attribute z:Id="i443"><AttributeType>rpy</AttributeType><IsRequired>true</IsRequired><Value i:type="a:ArrayOfdouble" xmlns:a="http://schemas.microsoft.com/2003/10/Serialization/Arrays"><a:double>0</a:double><a:double>0</a:double><a:double>0</a:double></Value></Attribute></Attributes><ChildElements/><ElementName>origin</ElementName><required>false</required><RPYAttribute z:Ref="i443"/><XYZAttribute z:Ref="i442"/><isCustomized>false</isCustomized></URDFElement><URDFElement z:Id="i444" i:type="ParentLink"><Attributes><Attribute z:Id="i445"><AttributeType>link</AttributeType><IsRequired>true</IsRequired><Value i:type="a:string" xmlns:a="http://www.w3.org/2001/XMLSchema">base_link</Value></Attribute></Attributes><ChildElements/><ElementName>parent</ElementName><required>true</required><NameAttribute z:Ref="i445"/></URDFElement><URDFElement z:Id="i446" i:type="ChildLink"><Attributes><Attribute z:Id="i447"><AttributeType>link</AttributeType><IsRequired>true</IsRequired><Value i:type="a:string" xmlns:a="http://www.w3.org/2001/XMLSchema">imu_link</Value></Attribute></Attributes><ChildElements/><ElementName>child</ElementName><required>true</required><NameAttribute z:Ref="i447"/></URDFElement><URDFElement z:Id="i448" i:type="Axis"><Attributes><Attribute z:Id="i449"><AttributeType>xyz</AttributeType><IsRequired>true</IsRequired><Value i:type="a:ArrayOfdouble" xmlns:a="http://schemas.microsoft.com/2003/10/Serialization/Arrays"><a:double>0</a:double><a:double>0</a:double><a:double>0</a:double></Value></Attribute></Attributes><ChildElements/><ElementName>axis</ElementName><required>false</required><XYZAttribute z:Ref="i449"/></URDFElement><URDFElement z:Id="i450" i:type="Limit"><Attributes><Attribute z:Id="i451"><AttributeType>lower</AttributeType><IsRequired>false</IsRequired><Value i:nil="true"/></Attribute><Attribute z:Id="i452"><AttributeType>upper</AttributeType><IsRequired>false</IsRequired><Value i:nil="true"/></Attribute><Attribute z:Id="i453"><AttributeType>effort</AttributeType><IsRequired>true</IsRequired><Value i:nil="true"/></Attribute><Attribute z:Id="i454"><AttributeType>velocity</AttributeType><IsRequired>true</IsRequired><Value i:nil="true"/></Attribute></Attributes><ChildElements/><ElementName>limit</ElementName><required>false</required><EffortAttribute z:Ref="i453"/><LowerAttribute z:Ref="i451"/><UpperAttribute z:Ref="i452"/><VelocityAttribute z:Ref="i454"/></URDFElement><URDFElement z:Id="i455" i:type="Calibration"><Attributes><Attribute z:Id="i456"><AttributeType>rising</AttributeType><IsRequired>false</IsRequired><Value i:nil="true"/></Attribute><Attribute z:Id="i457"><AttributeType>falling</AttributeType><IsRequired>false</IsRequired><Value i:nil="true"/></Attribute></Attributes><ChildElements/><ElementName>calibration</ElementName><required>false</required><FallingAttribute z:Ref="i457"/><RisingAttribute z:Ref="i456"/></URDFElement><URDFElement z:Id="i458" i:type="Dynamics"><Attributes><Attribute z:Id="i459"><AttributeType>damping</AttributeType><IsRequired>false</IsRequired><Value i:nil="true"/></Attribute><Attribute z:Id="i460"><AttributeType>friction</AttributeType><IsRequired>false</IsRequired><Value i:nil="true"/></Attribute></Attributes><ChildElements/><ElementName>dynamics</ElementName><required>false</required><DampingAttribute z:Ref="i459"/><FrictionAttribute z:Ref="i460"/></URDFElement><URDFElement z:Id="i461" i:type="SafetyController"><Attributes><Attribute z:Id="i462"><AttributeType>soft_upper_limit</AttributeType><IsRequired>false</IsRequired><Value i:nil="true"/></Attribute><Attribute z:Id="i463"><AttributeType>soft_lower_limit</AttributeType><IsRequired>false</IsRequired><Value i:nil="true"/></Attribute><Attribute z:Id="i464"><AttributeType>k_position</AttributeType><IsRequired>false</IsRequired><Value i:nil="true"/></Attribute><Attribute z:Id="i465"><AttributeType>k_velocity</AttributeType><IsRequired>true</IsRequired><Value i:nil="true"/></Attribute></Attributes><ChildElements/><ElementName>safety_controller</ElementName><required>false</required><KPositionAttribute z:Ref="i464"/><KVelocityAttribute z:Ref="i465"/><SoftLowerAttribute z:Ref="i463"/><SoftUpperAttribute z:Ref="i462"/></URDFElement><URDFElement z:Id="i466" i:type="Mimic"><Attributes><Attribute z:Id="i467"><AttributeType>joint</AttributeType><IsRequired>true</IsRequired><Value i:nil="true"/></Attribute><Attribute z:Id="i468"><AttributeType>multiplier</AttributeType><IsRequired>false</IsRequired><Value i:nil="true"/></Attribute><Attribute z:Id="i469"><AttributeType>offset</AttributeType><IsRequired>false</IsRequired><Value i:nil="true"/></Attribute></Attributes><ChildElements/><ElementName>mimic</ElementName><required>false</required><JointNameAttribute z:Ref="i467"/><MultiplierAttribute z:Ref="i468"/><OffsetAttribute z:Ref="i469"/></URDFElement></ChildElements><ElementName>joint</ElementName><required>false</required><Axis z:Ref="i448"/><AxisName>Axis_imu_joint</AxisName><Calibration z:Ref="i455"/><Child z:Ref="i446"/><CoordinateSystemName>imu_origin</CoordinateSystemName><Dynamics z:Ref="i458"/><Limit z:Ref="i450"/><Mimic z:Ref="i466"/><NameAttribute z:Ref="i439"/><Origin z:Ref="i441"/><Parent z:Ref="i444"/><Safety z:Ref="i461"/><TypeAttribute z:Ref="i440"/></URDFElement></ChildElements><ElementName>link</ElementName><required>true</required><Children/><Collision z:Ref="i431"/><Inertial z:Ref="i405"/><Joint z:Ref="i438"/><NameAttribute z:Ref="i404"/><Parent z:Ref="i1"/><STLQualityFine>false</STLQualityFine><SWComponentPIDs xmlns:a="http://schemas.microsoft.com/2003/10/Serialization/Arrays"><a:base64Binary>aEIAAAUAAAD//v8VTQBQAFUANgAwADUAMABfAG4AdQBkAGUALQAxAEAAYQBzAHMAZQBtADEABAAAABAAAAABAAAAAQAAAPwBAAA=</a:base64Binary></SWComponentPIDs><SWMainComponentPID i:nil="true"/><Visual z:Ref="i418"/><isFixedFrame>false</isFixedFrame><isIncomplete>false</isIncomplete></Link></Children><Collision z:Ref="i29"/><Inertial z:Ref="i3"/><Joint z:Ref="i36"/><NameAttribute z:Ref="i2"/><Parent i:nil="true"/><STLQualityFine>false</STLQualityFine><SWComponentPIDs xmlns:a="http://schemas.microsoft.com/2003/10/Serialization/Arrays"><a:base64Binary>aEIAAAUAAAD//v8ScgBiAG8AdABfAGIAYQBzAGUALQAxAEAAYQBzAHMAZQBtADEABAAAABAAAAABAAAAAQAAABgAAAA=</a:base64Binary><a:base64Binary>aEIAAAUAAAD//v8sYwB1AG0ATQBvAHQAbwByAC0AMgBAAGEAcwBzAGUAbQAxAC8ASgBHAEEAMgA1AC0AMwA3ADEALQBtAG8AdQBuAHQALQAxAEAAYwB1AG0ATQBvAHQAbwByAAQAAAAQAAAAAQAAAAIAAAAdAAAAHAAAAA==</a:base64Binary><a:base64Binary>aEIAAAUAAAD//v83YwB1AG0ATQBvAHQAbwByAC0AMgBAAGEAcwBzAGUAbQAxAC8ASgBHAEEAMgA1AC0AMwA3ADEAXwAxADIAVgBEAEMAXwAyADUAMABSAFAATQAuAHMAdABwAC0AMQBAAGMAdQBtAE0AbwB0AG8AcgAEAAAAEAAAAAEAAAACAAAAHQAAABkAAAA=</a:base64Binary><a:base64Binary>aEIAAAUAAAD//v8sYwB1AG0ATQBvAHQAbwByAC0AMQBAAGEAcwBzAGUAbQAxAC8ASgBHAEEAMgA1AC0AMwA3ADEALQBtAG8AdQBuAHQALQAxAEAAYwB1AG0ATQBvAHQAbwByAAQAAAAQAAAAAQAAAAIAAAAZAAAAHAAAAA==</a:base64Binary><a:base64Binary>aEIAAAUAAAD//v83YwB1AG0ATQBvAHQAbwByAC0AMQBAAGEAcwBzAGUAbQAxAC8ASgBHAEEAMgA1AC0AMwA3ADEAXwAxADIAVgBEAEMAXwAyADUAMABSAFAATQAuAHMAdABwAC0AMQBAAGMAdQBtAE0AbwB0AG8AcgAEAAAAEAAAAAEAAAACAAAAGQAAABkAAAA=</a:base64Binary><a:base64Binary>aEIAAAUAAAD//v8UcgBiAG8AdABfAGwAYQB5AGUAcgAxAC0AMgBAAGEAcwBzAGUAbQAxAAQAAAAQAAAAAQAAAAEAAABtAAAA</a:base64Binary><a:base64Binary>aEIAAAUAAAD//v8tQQBiAHMAdABhAG4AZABoAGEAbAB0AGUAcgAgAE0AMwAgAEkARwAtAEEARwAgADMAMABtAG0AKwA2AG0AbQAgAHAAYQByAHQALQA3AEAAYQBzAHMAZQBtADEABAAAABAAAAABAAAAAQAAAEEBAAA=</a:base64Binary><a:base64Binary>aEIAAAUAAAD//v8tQQBiAHMAdABhAG4AZABoAGEAbAB0AGUAcgAgAE0AMwAgAEkARwAtAEEARwAgADMAMABtAG0AKwA2AG0AbQAgAHAAYQByAHQALQA4AEAAYQBzAHMAZQBtADEABAAAABAAAAABAAAAAQAAAEQBAAA=</a:base64Binary><a:base64Binary>aEIAAAUAAAD//v8UcgBiAG8AdABfAGwAYQB5AGUAcgAzAC0AMQBAAGEAcwBzAGUAbQAxAAQAAAAQAAAAAQAAAAEAAABxAAAA</a:base64Binary><a:base64Binary>aEIAAAUAAAD//v8tQQBiAHMAdABhAG4AZABoAGEAbAB0AGUAcgAgAE0AMwAgAEkARwAtAEEARwAgADMAMABtAG0AKwA2AG0AbQAgAHAAYQByAHQALQAzAEAAYQBzAHMAZQBtADEABAAAABAAAAABAAAAAQAAADIBAAA=</a:base64Binary><a:base64Binary>aEIAAAUAAAD//v8UcgBiAG8AdABfAGwAYQB5AGUAcgAyAC0AMQBAAGEAcwBzAGUAbQAxAAQAAAAQAAAAAQAAAAEAAACCAAAA</a:base64Binary><a:base64Binary>aEIAAAUAAAD//v8tQQBiAHMAdABhAG4AZABoAGEAbAB0AGUAcgAgAE0AMwAgAEkARwAtAEEARwAgADMAMABtAG0AKwA2AG0AbQAgAHAAYQByAHQALQA0AEAAYQBzAHMAZQBtADEABAAAABAAAAABAAAAAQAAADUBAAA=</a:base64Binary><a:base64Binary>aEIAAAUAAAD//v8tQQBiAHMAdABhAG4AZABoAGEAbAB0AGUAcgAgAE0AMwAgAEkARwAtAEEARwAgADUAMABtAG0AKwA2AG0AbQAgAHAAYQByAHQALQAzAEAAYQBzAHMAZQBtADEABAAAABAAAAABAAAAAQAAACABAAA=</a:base64Binary><a:base64Binary>aEIAAAUAAAD//v8tQQBiAHMAdABhAG4AZABoAGEAbAB0AGUAcgAgAE0AMwAgAEkARwAtAEEARwAgADUAMABtAG0AKwA2AG0AbQAgAHAAYQByAHQALQAyAEAAYQBzAHMAZQBtADEABAAAABAAAAABAAAAAQAAAB0BAAA=</a:base64Binary><a:base64Binary>aEIAAAUAAAD//v8tQQBiAHMAdABhAG4AZABoAGEAbAB0AGUAcgAgAE0AMwAgAEkARwAtAEEARwAgADUAMABtAG0AKwA2AG0AbQAgAHAAYQByAHQALQAxAEAAYQBzAHMAZQBtADEABAAAABAAAAABAAAAAQAAABoBAAA=</a:base64Binary><a:base64Binary>aEIAAAUAAAD//v8tQQBiAHMAdABhAG4AZABoAGEAbAB0AGUAcgAgAE0AMwAgAEkARwAtAEEARwAgADMAMABtAG0AKwA2AG0AbQAgAHAAYQByAHQALQAyAEAAYQBzAHMAZQBtADEABAAAABAAAAABAAAAAQAAAC8BAAA=</a:base64Binary><a:base64Binary>aEIAAAUAAAD//v8tQQBiAHMAdABhAG4AZABoAGEAbAB0AGUAcgAgAE0AMwAgAEkARwAtAEEARwAgADMAMABtAG0AKwA2AG0AbQAgAHAAYQByAHQALQA2AEAAYQBzAHMAZQBtADEABAAAABAAAAABAAAAAQAAAD4BAAA=</a:base64Binary><a:base64Binary>aEIAAAUAAAD//v8tQQBiAHMAdABhAG4AZABoAGEAbAB0AGUAcgAgAE0AMwAgAEkARwAtAEEARwAgADUAMABtAG0AKwA2AG0AbQAgAHAAYQByAHQALQA0AEAAYQBzAHMAZQBtADEABAAAABAAAAABAAAAAQAAACMBAAA=</a:base64Binary><a:base64Binary>aEIAAAUAAAD//v8tQQBiAHMAdABhAG4AZABoAGEAbAB0AGUAcgAgAE0AMwAgAEkARwAtAEEARwAgADMAMABtAG0AKwA2AG0AbQAgAHAAYQByAHQALQAxAEAAYQBzAHMAZQBtADEABAAAABAAAAABAAAAAQAAACkBAAA=</a:base64Binary><a:base64Binary>aEIAAAUAAAD//v8tQQBiAHMAdABhAG4AZABoAGEAbAB0AGUAcgAgAE0AMwAgAEkARwAtAEEARwAgADMAMABtAG0AKwA2AG0AbQAgAHAAYQByAHQALQA1AEAAYQBzAHMAZQBtADEABAAAABAAAAABAAAAAQAAADsBAAA=</a:base64Binary><a:base64Binary>aEIAAAUAAAD//v8UcgBiAG8AdABfAHcAYQBzAGgAZQByAC0ANQBAAGEAcwBzAGUAbQAxAAQAAAAQAAAAAQAAAAEAAADqAAAA</a:base64Binary><a:base64Binary>aEIAAAUAAAD//v8TTAAyADkAOABOAF8AcABhAHIAdAAtADEAQABhAHMAcwBlAG0AMQAEAAAAEAAAAAEAAAABAAAA6QAAAA==</a:base64Binary><a:base64Binary>aEIAAAUAAAD//v8UcgBiAG8AdABfAHcAYQBzAGgAZQByAC0ANgBAAGEAcwBzAGUAbQAxAAQAAAAQAAAAAQAAAAEAAADtAAAA</a:base64Binary><a:base64Binary>aEIAAAUAAAD//v8UcgBiAG8AdABfAHcAYQBzAGgAZQByAC0ANwBAAGEAcwBzAGUAbQAxAAQAAAAQAAAAAQAAAAEAAADwAAAA</a:base64Binary><a:base64Binary>aEIAAAUAAAD//v8VcgBiAG8AdABfAHcAYQBzAGgAZQByAC0AMQA0AEAAYQBzAHMAZQBtADEABAAAABAAAAABAAAAAQAAAFQBAAA=</a:base64Binary><a:base64Binary>aEIAAAUAAAD//v8VcgBiAG8AdABfAHcAYQBzAGgAZQByAC0AMQAxAEAAYQBzAHMAZQBtADEABAAAABAAAAABAAAAAQAAAEsBAAA=</a:base64Binary><a:base64Binary>aEIAAAUAAAD//v8hTABUAEMAIAAzADcAOAAwACAATQB1AGQAdQBsAGUAIAB2ADEAMQAgAHAAYQByAHQALQAxAEAAYQBzAHMAZQBtADEABAAAABAAAAABAAAAAQAAAEoBAAA=</a:base64Binary><a:base64Binary>aEIAAAUAAAD//v8VcgBiAG8AdABfAHcAYQBzAGgAZQByAC0AMQAwAEAAYQBzAHMAZQBtADEABAAAABAAAAABAAAAAQAAAPcAAAA=</a:base64Binary><a:base64Binary>aEIAAAUAAAD//v8VcgBiAG8AdABfAHcAYQBzAGgAZQByAC0AMQAzAEAAYQBzAHMAZQBtADEABAAAABAAAAABAAAAAQAAAFEBAAA=</a:base64Binary><a:base64Binary>aEIAAAUAAAD//v8VcgBiAG8AdABfAHcAYQBzAGgAZQByAC0AMQAyAEAAYQBzAHMAZQBtADEABAAAABAAAAABAAAAAQAAAE4BAAA=</a:base64Binary><a:base64Binary>aEIAAAUAAAD//v8tYQBiAHMAdABhAG4AZABoAGEAbAB0AGUAcgAgAG0AMwAgAGkAZwAtAGEAZwAgADIAMABtAG0AKwA2AG0AbQAgAHAAYQByAHQALQAxAEAAYQBzAHMAZQBtADEABAAAABAAAAABAAAAAQAAAPYBAAA=</a:base64Binary><a:base64Binary>aEIAAAUAAAD//v8tYQBiAHMAdABhAG4AZABoAGEAbAB0AGUAcgAgAG0AMwAgAGkAZwAtAGEAZwAgADIAMABtAG0AKwA2AG0AbQAgAHAAYQByAHQALQAyAEAAYQBzAHMAZQBtADEABAAAABAAAAABAAAAAQAAAPkBAAA=</a:base64Binary></SWComponentPIDs><SWMainComponentPID i:nil="true"/><Visual z:Ref="i16"/><isFixedFrame>false</isFixedFrame><isIncomplete>false</isIncomplete></Link>
2025-04-28 21:27:52,363 INFO  ExportHelperExtension.cs: 347 - Creating joint R_wheel_link
2025-04-28 21:27:52,764 WARN  ExportHelperExtension.cs: 351 - Creating joint from parent base_link to child R_wheel_link failed
2025-04-28 21:27:53,764 INFO  ExportHelperExtension.cs: 347 - Creating joint L_wheel_link
2025-04-28 21:27:53,841 WARN  ExportHelperExtension.cs: 351 - Creating joint from parent base_link to child L_wheel_link failed
2025-04-28 21:27:54,836 INFO  ExportHelperExtension.cs: 347 - Creating joint Ball_front_link
2025-04-28 21:27:54,842 INFO  ExportHelperExtension.cs: 1397 - Fixing components for base_link
2025-04-28 21:27:54,843 INFO  ExportHelperExtension.cs: 1402 - Fixing 24
2025-04-28 21:27:54,843 INFO  ExportHelperExtension.cs: 1409 - Component 24 is already fixed
2025-04-28 21:27:54,843 INFO  ExportHelperExtension.cs: 1402 - Fixing 28
2025-04-28 21:27:54,844 INFO  ExportHelperExtension.cs: 1402 - Fixing 25
2025-04-28 21:27:54,844 INFO  ExportHelperExtension.cs: 1402 - Fixing 28
2025-04-28 21:27:54,844 INFO  ExportHelperExtension.cs: 1402 - Fixing 25
2025-04-28 21:27:54,845 INFO  ExportHelperExtension.cs: 1402 - Fixing 109
2025-04-28 21:27:54,846 INFO  ExportHelperExtension.cs: 1402 - Fixing 321
2025-04-28 21:27:54,846 INFO  ExportHelperExtension.cs: 1402 - Fixing 324
2025-04-28 21:27:54,846 INFO  ExportHelperExtension.cs: 1402 - Fixing 113
2025-04-28 21:27:54,846 INFO  ExportHelperExtension.cs: 1402 - Fixing 306
2025-04-28 21:27:54,847 INFO  ExportHelperExtension.cs: 1402 - Fixing 130
2025-04-28 21:27:54,847 INFO  ExportHelperExtension.cs: 1402 - Fixing 309
2025-04-28 21:27:54,847 INFO  ExportHelperExtension.cs: 1402 - Fixing 288
2025-04-28 21:27:54,847 INFO  ExportHelperExtension.cs: 1402 - Fixing 285
2025-04-28 21:27:54,848 INFO  ExportHelperExtension.cs: 1402 - Fixing 282
2025-04-28 21:27:54,848 INFO  ExportHelperExtension.cs: 1402 - Fixing 303
2025-04-28 21:27:54,848 INFO  ExportHelperExtension.cs: 1402 - Fixing 318
2025-04-28 21:27:54,849 INFO  ExportHelperExtension.cs: 1402 - Fixing 291
2025-04-28 21:27:54,849 INFO  ExportHelperExtension.cs: 1402 - Fixing 297
2025-04-28 21:27:54,849 INFO  ExportHelperExtension.cs: 1402 - Fixing 315
2025-04-28 21:27:54,849 INFO  ExportHelperExtension.cs: 1402 - Fixing 234
2025-04-28 21:27:54,850 INFO  ExportHelperExtension.cs: 1402 - Fixing 233
2025-04-28 21:27:54,850 INFO  ExportHelperExtension.cs: 1402 - Fixing 237
2025-04-28 21:27:54,850 INFO  ExportHelperExtension.cs: 1402 - Fixing 240
2025-04-28 21:27:54,850 INFO  ExportHelperExtension.cs: 1402 - Fixing 340
2025-04-28 21:27:54,851 INFO  ExportHelperExtension.cs: 1402 - Fixing 331
2025-04-28 21:27:54,851 INFO  ExportHelperExtension.cs: 1402 - Fixing 330
2025-04-28 21:27:54,852 INFO  ExportHelperExtension.cs: 1402 - Fixing 247
2025-04-28 21:27:54,852 INFO  ExportHelperExtension.cs: 1402 - Fixing 337
2025-04-28 21:27:54,852 INFO  ExportHelperExtension.cs: 1402 - Fixing 334
2025-04-28 21:27:54,852 INFO  ExportHelperExtension.cs: 1402 - Fixing 502
2025-04-28 21:27:54,853 INFO  ExportHelperExtension.cs: 1402 - Fixing 505
2025-04-28 21:27:56,458 INFO  ExportHelperExtension.cs: 832 - R1: 0, 0
2025-04-28 21:27:56,458 INFO  ExportHelperExtension.cs: 841 - R2: 0, 0
2025-04-28 21:27:56,459 INFO  ExportHelperExtension.cs: 849 - L1: 0
2025-04-28 21:27:56,459 INFO  ExportHelperExtension.cs: 857 - L2: 0
2025-04-28 21:27:56,460 INFO  ExportHelperExtension.cs: 1352 - Unfixing component 28
2025-04-28 21:27:56,461 INFO  ExportHelperExtension.cs: 1352 - Unfixing component 25
2025-04-28 21:27:56,462 INFO  ExportHelperExtension.cs: 1352 - Unfixing component 28
2025-04-28 21:27:56,462 INFO  ExportHelperExtension.cs: 1352 - Unfixing component 25
2025-04-28 21:27:56,462 INFO  ExportHelperExtension.cs: 1352 - Unfixing component 109
2025-04-28 21:27:56,462 INFO  ExportHelperExtension.cs: 1352 - Unfixing component 321
2025-04-28 21:27:56,463 INFO  ExportHelperExtension.cs: 1352 - Unfixing component 324
2025-04-28 21:27:56,463 INFO  ExportHelperExtension.cs: 1352 - Unfixing component 113
2025-04-28 21:27:56,463 INFO  ExportHelperExtension.cs: 1352 - Unfixing component 306
2025-04-28 21:27:56,464 INFO  ExportHelperExtension.cs: 1352 - Unfixing component 130
2025-04-28 21:27:56,464 INFO  ExportHelperExtension.cs: 1352 - Unfixing component 309
2025-04-28 21:27:56,464 INFO  ExportHelperExtension.cs: 1352 - Unfixing component 288
2025-04-28 21:27:56,464 INFO  ExportHelperExtension.cs: 1352 - Unfixing component 285
2025-04-28 21:27:56,465 INFO  ExportHelperExtension.cs: 1352 - Unfixing component 282
2025-04-28 21:27:56,465 INFO  ExportHelperExtension.cs: 1352 - Unfixing component 303
2025-04-28 21:27:56,465 INFO  ExportHelperExtension.cs: 1352 - Unfixing component 318
2025-04-28 21:27:56,465 INFO  ExportHelperExtension.cs: 1352 - Unfixing component 291
2025-04-28 21:27:56,466 INFO  ExportHelperExtension.cs: 1352 - Unfixing component 297
2025-04-28 21:27:56,466 INFO  ExportHelperExtension.cs: 1352 - Unfixing component 315
2025-04-28 21:27:56,467 INFO  ExportHelperExtension.cs: 1352 - Unfixing component 234
2025-04-28 21:27:56,467 INFO  ExportHelperExtension.cs: 1352 - Unfixing component 233
2025-04-28 21:27:56,467 INFO  ExportHelperExtension.cs: 1352 - Unfixing component 237
2025-04-28 21:27:56,468 INFO  ExportHelperExtension.cs: 1352 - Unfixing component 240
2025-04-28 21:27:56,472 INFO  ExportHelperExtension.cs: 1352 - Unfixing component 340
2025-04-28 21:27:56,473 INFO  ExportHelperExtension.cs: 1352 - Unfixing component 331
2025-04-28 21:27:56,473 INFO  ExportHelperExtension.cs: 1352 - Unfixing component 330
2025-04-28 21:27:56,473 INFO  ExportHelperExtension.cs: 1352 - Unfixing component 247
2025-04-28 21:27:56,474 INFO  ExportHelperExtension.cs: 1352 - Unfixing component 337
2025-04-28 21:27:56,474 INFO  ExportHelperExtension.cs: 1352 - Unfixing component 334
2025-04-28 21:27:56,474 INFO  ExportHelperExtension.cs: 1352 - Unfixing component 502
2025-04-28 21:27:56,475 INFO  ExportHelperExtension.cs: 1352 - Unfixing component 505
2025-04-28 21:27:57,922 WARN  ExportHelperExtension.cs: 351 - Creating joint from parent base_link to child Ball_front_link failed
2025-04-28 21:27:57,943 INFO  ExportHelperExtension.cs: 347 - Creating joint Ball_back_link
2025-04-28 21:27:57,944 INFO  ExportHelperExtension.cs: 1397 - Fixing components for base_link
2025-04-28 21:27:57,944 INFO  ExportHelperExtension.cs: 1402 - Fixing 24
2025-04-28 21:27:57,944 INFO  ExportHelperExtension.cs: 1409 - Component 24 is already fixed
2025-04-28 21:27:57,945 INFO  ExportHelperExtension.cs: 1402 - Fixing 28
2025-04-28 21:27:57,945 INFO  ExportHelperExtension.cs: 1402 - Fixing 25
2025-04-28 21:27:57,945 INFO  ExportHelperExtension.cs: 1402 - Fixing 28
2025-04-28 21:27:57,946 INFO  ExportHelperExtension.cs: 1402 - Fixing 25
2025-04-28 21:27:57,946 INFO  ExportHelperExtension.cs: 1402 - Fixing 109
2025-04-28 21:27:57,946 INFO  ExportHelperExtension.cs: 1402 - Fixing 321
2025-04-28 21:27:57,947 INFO  ExportHelperExtension.cs: 1402 - Fixing 324
2025-04-28 21:27:57,947 INFO  ExportHelperExtension.cs: 1402 - Fixing 113
2025-04-28 21:27:57,947 INFO  ExportHelperExtension.cs: 1402 - Fixing 306
2025-04-28 21:27:57,948 INFO  ExportHelperExtension.cs: 1402 - Fixing 130
2025-04-28 21:27:57,948 INFO  ExportHelperExtension.cs: 1402 - Fixing 309
2025-04-28 21:27:57,949 INFO  ExportHelperExtension.cs: 1402 - Fixing 288
2025-04-28 21:27:57,949 INFO  ExportHelperExtension.cs: 1402 - Fixing 285
2025-04-28 21:27:57,949 INFO  ExportHelperExtension.cs: 1402 - Fixing 282
2025-04-28 21:27:57,950 INFO  ExportHelperExtension.cs: 1402 - Fixing 303
2025-04-28 21:27:57,950 INFO  ExportHelperExtension.cs: 1402 - Fixing 318
2025-04-28 21:27:57,950 INFO  ExportHelperExtension.cs: 1402 - Fixing 291
2025-04-28 21:27:57,950 INFO  ExportHelperExtension.cs: 1402 - Fixing 297
2025-04-28 21:27:57,951 INFO  ExportHelperExtension.cs: 1402 - Fixing 315
2025-04-28 21:27:57,951 INFO  ExportHelperExtension.cs: 1402 - Fixing 234
2025-04-28 21:27:57,951 INFO  ExportHelperExtension.cs: 1402 - Fixing 233
2025-04-28 21:27:57,951 INFO  ExportHelperExtension.cs: 1402 - Fixing 237
2025-04-28 21:27:57,952 INFO  ExportHelperExtension.cs: 1402 - Fixing 240
2025-04-28 21:27:57,952 INFO  ExportHelperExtension.cs: 1402 - Fixing 340
2025-04-28 21:27:57,952 INFO  ExportHelperExtension.cs: 1402 - Fixing 331
2025-04-28 21:27:57,953 INFO  ExportHelperExtension.cs: 1402 - Fixing 330
2025-04-28 21:27:57,953 INFO  ExportHelperExtension.cs: 1402 - Fixing 247
2025-04-28 21:27:57,953 INFO  ExportHelperExtension.cs: 1402 - Fixing 337
2025-04-28 21:27:57,954 INFO  ExportHelperExtension.cs: 1402 - Fixing 334
2025-04-28 21:27:57,954 INFO  ExportHelperExtension.cs: 1402 - Fixing 502
2025-04-28 21:27:57,954 INFO  ExportHelperExtension.cs: 1402 - Fixing 505
2025-04-28 21:27:59,368 INFO  ExportHelperExtension.cs: 832 - R1: 0, 0
2025-04-28 21:27:59,369 INFO  ExportHelperExtension.cs: 841 - R2: 0, 0
2025-04-28 21:27:59,369 INFO  ExportHelperExtension.cs: 849 - L1: 0
2025-04-28 21:27:59,370 INFO  ExportHelperExtension.cs: 857 - L2: 0
2025-04-28 21:27:59,370 INFO  ExportHelperExtension.cs: 1352 - Unfixing component 28
2025-04-28 21:27:59,370 INFO  ExportHelperExtension.cs: 1352 - Unfixing component 25
2025-04-28 21:27:59,371 INFO  ExportHelperExtension.cs: 1352 - Unfixing component 28
2025-04-28 21:27:59,371 INFO  ExportHelperExtension.cs: 1352 - Unfixing component 25
2025-04-28 21:27:59,372 INFO  ExportHelperExtension.cs: 1352 - Unfixing component 109
2025-04-28 21:27:59,372 INFO  ExportHelperExtension.cs: 1352 - Unfixing component 321
2025-04-28 21:27:59,372 INFO  ExportHelperExtension.cs: 1352 - Unfixing component 324
2025-04-28 21:27:59,373 INFO  ExportHelperExtension.cs: 1352 - Unfixing component 113
2025-04-28 21:27:59,373 INFO  ExportHelperExtension.cs: 1352 - Unfixing component 306
2025-04-28 21:27:59,374 INFO  ExportHelperExtension.cs: 1352 - Unfixing component 130
2025-04-28 21:27:59,374 INFO  ExportHelperExtension.cs: 1352 - Unfixing component 309
2025-04-28 21:27:59,375 INFO  ExportHelperExtension.cs: 1352 - Unfixing component 288
2025-04-28 21:27:59,375 INFO  ExportHelperExtension.cs: 1352 - Unfixing component 285
2025-04-28 21:27:59,376 INFO  ExportHelperExtension.cs: 1352 - Unfixing component 282
2025-04-28 21:27:59,376 INFO  ExportHelperExtension.cs: 1352 - Unfixing component 303
2025-04-28 21:27:59,376 INFO  ExportHelperExtension.cs: 1352 - Unfixing component 318
2025-04-28 21:27:59,377 INFO  ExportHelperExtension.cs: 1352 - Unfixing component 291
2025-04-28 21:27:59,377 INFO  ExportHelperExtension.cs: 1352 - Unfixing component 297
2025-04-28 21:27:59,377 INFO  ExportHelperExtension.cs: 1352 - Unfixing component 315
2025-04-28 21:27:59,378 INFO  ExportHelperExtension.cs: 1352 - Unfixing component 234
2025-04-28 21:27:59,378 INFO  ExportHelperExtension.cs: 1352 - Unfixing component 233
2025-04-28 21:27:59,378 INFO  ExportHelperExtension.cs: 1352 - Unfixing component 237
2025-04-28 21:27:59,379 INFO  ExportHelperExtension.cs: 1352 - Unfixing component 240
2025-04-28 21:27:59,379 INFO  ExportHelperExtension.cs: 1352 - Unfixing component 340
2025-04-28 21:27:59,379 INFO  ExportHelperExtension.cs: 1352 - Unfixing component 331
2025-04-28 21:27:59,380 INFO  ExportHelperExtension.cs: 1352 - Unfixing component 330
2025-04-28 21:27:59,380 INFO  ExportHelperExtension.cs: 1352 - Unfixing component 247
2025-04-28 21:27:59,380 INFO  ExportHelperExtension.cs: 1352 - Unfixing component 337
2025-04-28 21:27:59,381 INFO  ExportHelperExtension.cs: 1352 - Unfixing component 334
2025-04-28 21:27:59,381 INFO  ExportHelperExtension.cs: 1352 - Unfixing component 502
2025-04-28 21:27:59,381 INFO  ExportHelperExtension.cs: 1352 - Unfixing component 505
2025-04-28 21:28:00,761 WARN  ExportHelperExtension.cs: 351 - Creating joint from parent base_link to child Ball_back_link failed
2025-04-28 21:28:00,785 INFO  ExportHelperExtension.cs: 347 - Creating joint Lidar_link
2025-04-28 21:28:00,857 WARN  ExportHelperExtension.cs: 351 - Creating joint from parent base_link to child Lidar_link failed
2025-04-28 21:28:01,139 INFO  ExportHelperExtension.cs: 347 - Creating joint imu_link
2025-04-28 21:28:01,140 INFO  ExportHelperExtension.cs: 1397 - Fixing components for base_link
2025-04-28 21:28:01,140 INFO  ExportHelperExtension.cs: 1402 - Fixing 24
2025-04-28 21:28:01,140 INFO  ExportHelperExtension.cs: 1409 - Component 24 is already fixed
2025-04-28 21:28:01,141 INFO  ExportHelperExtension.cs: 1402 - Fixing 28
2025-04-28 21:28:01,141 INFO  ExportHelperExtension.cs: 1402 - Fixing 25
2025-04-28 21:28:01,142 INFO  ExportHelperExtension.cs: 1402 - Fixing 28
2025-04-28 21:28:01,142 INFO  ExportHelperExtension.cs: 1402 - Fixing 25
2025-04-28 21:28:01,142 INFO  ExportHelperExtension.cs: 1402 - Fixing 109
2025-04-28 21:28:01,143 INFO  ExportHelperExtension.cs: 1402 - Fixing 321
2025-04-28 21:28:01,143 INFO  ExportHelperExtension.cs: 1402 - Fixing 324
2025-04-28 21:28:01,143 INFO  ExportHelperExtension.cs: 1402 - Fixing 113
2025-04-28 21:28:01,143 INFO  ExportHelperExtension.cs: 1402 - Fixing 306
2025-04-28 21:28:01,144 INFO  ExportHelperExtension.cs: 1402 - Fixing 130
2025-04-28 21:28:01,144 INFO  ExportHelperExtension.cs: 1402 - Fixing 309
2025-04-28 21:28:01,144 INFO  ExportHelperExtension.cs: 1402 - Fixing 288
2025-04-28 21:28:01,145 INFO  ExportHelperExtension.cs: 1402 - Fixing 285
2025-04-28 21:28:01,145 INFO  ExportHelperExtension.cs: 1402 - Fixing 282
2025-04-28 21:28:01,145 INFO  ExportHelperExtension.cs: 1402 - Fixing 303
2025-04-28 21:28:01,146 INFO  ExportHelperExtension.cs: 1402 - Fixing 318
2025-04-28 21:28:01,146 INFO  ExportHelperExtension.cs: 1402 - Fixing 291
2025-04-28 21:28:01,146 INFO  ExportHelperExtension.cs: 1402 - Fixing 297
2025-04-28 21:28:01,146 INFO  ExportHelperExtension.cs: 1402 - Fixing 315
2025-04-28 21:28:01,147 INFO  ExportHelperExtension.cs: 1402 - Fixing 234
2025-04-28 21:28:01,147 INFO  ExportHelperExtension.cs: 1402 - Fixing 233
2025-04-28 21:28:01,147 INFO  ExportHelperExtension.cs: 1402 - Fixing 237
2025-04-28 21:28:01,148 INFO  ExportHelperExtension.cs: 1402 - Fixing 240
2025-04-28 21:28:01,148 INFO  ExportHelperExtension.cs: 1402 - Fixing 340
2025-04-28 21:28:01,148 INFO  ExportHelperExtension.cs: 1402 - Fixing 331
2025-04-28 21:28:01,149 INFO  ExportHelperExtension.cs: 1402 - Fixing 330
2025-04-28 21:28:01,149 INFO  ExportHelperExtension.cs: 1402 - Fixing 247
2025-04-28 21:28:01,150 INFO  ExportHelperExtension.cs: 1402 - Fixing 337
2025-04-28 21:28:01,150 INFO  ExportHelperExtension.cs: 1402 - Fixing 334
2025-04-28 21:28:01,150 INFO  ExportHelperExtension.cs: 1402 - Fixing 502
2025-04-28 21:28:01,150 INFO  ExportHelperExtension.cs: 1402 - Fixing 505
2025-04-28 21:28:02,546 INFO  ExportHelperExtension.cs: 832 - R1: 0, 0
2025-04-28 21:28:02,547 INFO  ExportHelperExtension.cs: 841 - R2: 0, 0
2025-04-28 21:28:02,547 INFO  ExportHelperExtension.cs: 849 - L1: 0
2025-04-28 21:28:02,547 INFO  ExportHelperExtension.cs: 857 - L2: 0
2025-04-28 21:28:02,548 INFO  ExportHelperExtension.cs: 1352 - Unfixing component 28
2025-04-28 21:28:02,548 INFO  ExportHelperExtension.cs: 1352 - Unfixing component 25
2025-04-28 21:28:02,548 INFO  ExportHelperExtension.cs: 1352 - Unfixing component 28
2025-04-28 21:28:02,549 INFO  ExportHelperExtension.cs: 1352 - Unfixing component 25
2025-04-28 21:28:02,549 INFO  ExportHelperExtension.cs: 1352 - Unfixing component 109
2025-04-28 21:28:02,549 INFO  ExportHelperExtension.cs: 1352 - Unfixing component 321
2025-04-28 21:28:02,550 INFO  ExportHelperExtension.cs: 1352 - Unfixing component 324
2025-04-28 21:28:02,550 INFO  ExportHelperExtension.cs: 1352 - Unfixing component 113
2025-04-28 21:28:02,550 INFO  ExportHelperExtension.cs: 1352 - Unfixing component 306
2025-04-28 21:28:02,551 INFO  ExportHelperExtension.cs: 1352 - Unfixing component 130
2025-04-28 21:28:02,551 INFO  ExportHelperExtension.cs: 1352 - Unfixing component 309
2025-04-28 21:28:02,551 INFO  ExportHelperExtension.cs: 1352 - Unfixing component 288
2025-04-28 21:28:02,552 INFO  ExportHelperExtension.cs: 1352 - Unfixing component 285
2025-04-28 21:28:02,552 INFO  ExportHelperExtension.cs: 1352 - Unfixing component 282
2025-04-28 21:28:02,552 INFO  ExportHelperExtension.cs: 1352 - Unfixing component 303
2025-04-28 21:28:02,552 INFO  ExportHelperExtension.cs: 1352 - Unfixing component 318
2025-04-28 21:28:02,553 INFO  ExportHelperExtension.cs: 1352 - Unfixing component 291
2025-04-28 21:28:02,553 INFO  ExportHelperExtension.cs: 1352 - Unfixing component 297
2025-04-28 21:28:02,553 INFO  ExportHelperExtension.cs: 1352 - Unfixing component 315
2025-04-28 21:28:02,554 INFO  ExportHelperExtension.cs: 1352 - Unfixing component 234
2025-04-28 21:28:02,554 INFO  ExportHelperExtension.cs: 1352 - Unfixing component 233
2025-04-28 21:28:02,555 INFO  ExportHelperExtension.cs: 1352 - Unfixing component 237
2025-04-28 21:28:02,555 INFO  ExportHelperExtension.cs: 1352 - Unfixing component 240
2025-04-28 21:28:02,555 INFO  ExportHelperExtension.cs: 1352 - Unfixing component 340
2025-04-28 21:28:02,556 INFO  ExportHelperExtension.cs: 1352 - Unfixing component 331
2025-04-28 21:28:02,556 INFO  ExportHelperExtension.cs: 1352 - Unfixing component 330
2025-04-28 21:28:02,556 INFO  ExportHelperExtension.cs: 1352 - Unfixing component 247
2025-04-28 21:28:02,556 INFO  ExportHelperExtension.cs: 1352 - Unfixing component 337
2025-04-28 21:28:02,557 INFO  ExportHelperExtension.cs: 1352 - Unfixing component 334
2025-04-28 21:28:02,557 INFO  ExportHelperExtension.cs: 1352 - Unfixing component 502
2025-04-28 21:28:02,557 INFO  ExportHelperExtension.cs: 1352 - Unfixing component 505
2025-04-28 21:28:03,910 WARN  ExportHelperExtension.cs: 351 - Creating joint from parent base_link to child imu_link failed
2025-04-28 21:28:04,191 INFO  ExportHelperExtension.cs: 1125 - Retrieving features of type [CoordSys] from assem1.SLDASM
2025-04-28 21:28:04,199 INFO  ExportHelperExtension.cs: 1136 - Found 202 in assem1.SLDASM
2025-04-28 21:28:04,200 INFO  ExportHelperExtension.cs: 1145 - Found 7 features of type [CoordSys] in assem1.SLDASM
2025-04-28 21:28:04,200 INFO  ExportHelperExtension.cs: 1148 - Proceeding through assembly components
2025-04-28 21:28:04,201 INFO  ExportHelperExtension.cs: 1160 - 49 components to check
2025-04-28 21:28:04,201 INFO  ExportHelperExtension.cs: 1125 - Retrieving features of type [CoordSys] from cumMotor-2
2025-04-28 21:28:04,289 INFO  ExportHelperExtension.cs: 1136 - Found 27 in cumMotor-2
2025-04-28 21:28:04,289 INFO  ExportHelperExtension.cs: 1145 - Found 0 features of type [CoordSys] in cumMotor-2
2025-04-28 21:28:04,290 INFO  ExportHelperExtension.cs: 1125 - Retrieving features of type [CoordSys] from rbot_layer1-2
2025-04-28 21:28:04,290 INFO  ExportHelperExtension.cs: 1136 - Found 28 in rbot_layer1-2
2025-04-28 21:28:04,291 INFO  ExportHelperExtension.cs: 1145 - Found 0 features of type [CoordSys] in rbot_layer1-2
2025-04-28 21:28:04,291 INFO  ExportHelperExtension.cs: 1125 - Retrieving features of type [CoordSys] from rbot_washer-3
2025-04-28 21:28:04,292 INFO  ExportHelperExtension.cs: 1136 - Found 25 in rbot_washer-3
2025-04-28 21:28:04,292 INFO  ExportHelperExtension.cs: 1145 - Found 0 features of type [CoordSys] in rbot_washer-3
2025-04-28 21:28:04,293 INFO  ExportHelperExtension.cs: 1125 - Retrieving features of type [CoordSys] from rbot_layer3-1
2025-04-28 21:28:04,293 INFO  ExportHelperExtension.cs: 1136 - Found 28 in rbot_layer3-1
2025-04-28 21:28:04,293 INFO  ExportHelperExtension.cs: 1145 - Found 0 features of type [CoordSys] in rbot_layer3-1
2025-04-28 21:28:04,294 INFO  ExportHelperExtension.cs: 1125 - Retrieving features of type [CoordSys] from rbot_base-1
2025-04-28 21:28:04,295 INFO  ExportHelperExtension.cs: 1136 - Found 27 in rbot_base-1
2025-04-28 21:28:04,295 INFO  ExportHelperExtension.cs: 1145 - Found 0 features of type [CoordSys] in rbot_base-1
2025-04-28 21:28:04,296 INFO  ExportHelperExtension.cs: 1125 - Retrieving features of type [CoordSys] from rbot_layer2-1
2025-04-28 21:28:04,296 INFO  ExportHelperExtension.cs: 1136 - Found 28 in rbot_layer2-1
2025-04-28 21:28:04,297 INFO  ExportHelperExtension.cs: 1145 - Found 0 features of type [CoordSys] in rbot_layer2-1
2025-04-28 21:28:04,297 INFO  ExportHelperExtension.cs: 1125 - Retrieving features of type [CoordSys] from Raspberry Pi 4 Model B.STEP-1
2025-04-28 21:28:04,298 INFO  ExportHelperExtension.cs: 1136 - Found 41 in Raspberry Pi 4 Model B.STEP-1
2025-04-28 21:28:04,298 INFO  ExportHelperExtension.cs: 1145 - Found 0 features of type [CoordSys] in Raspberry Pi 4 Model B.STEP-1
2025-04-28 21:28:04,299 INFO  ExportHelperExtension.cs: 1125 - Retrieving features of type [CoordSys] from cumMotor-1
2025-04-28 21:28:04,299 INFO  ExportHelperExtension.cs: 1136 - Found 27 in cumMotor-1
2025-04-28 21:28:04,300 INFO  ExportHelperExtension.cs: 1145 - Found 0 features of type [CoordSys] in cumMotor-1
2025-04-28 21:28:04,300 INFO  ExportHelperExtension.cs: 1125 - Retrieving features of type [CoordSys] from rbot_washer-1
2025-04-28 21:28:04,300 INFO  ExportHelperExtension.cs: 1136 - Found 25 in rbot_washer-1
2025-04-28 21:28:04,301 INFO  ExportHelperExtension.cs: 1145 - Found 0 features of type [CoordSys] in rbot_washer-1
2025-04-28 21:28:04,301 INFO  ExportHelperExtension.cs: 1125 - Retrieving features of type [CoordSys] from rbot_washer-2
2025-04-28 21:28:04,302 INFO  ExportHelperExtension.cs: 1136 - Found 25 in rbot_washer-2
2025-04-28 21:28:04,302 INFO  ExportHelperExtension.cs: 1145 - Found 0 features of type [CoordSys] in rbot_washer-2
2025-04-28 21:28:04,302 INFO  ExportHelperExtension.cs: 1125 - Retrieving features of type [CoordSys] from rbot_washer-4
2025-04-28 21:28:04,303 INFO  ExportHelperExtension.cs: 1136 - Found 25 in rbot_washer-4
2025-04-28 21:28:04,303 INFO  ExportHelperExtension.cs: 1145 - Found 0 features of type [CoordSys] in rbot_washer-4
2025-04-28 21:28:04,303 INFO  ExportHelperExtension.cs: 1125 - Retrieving features of type [CoordSys] from rbot_washer-5
2025-04-28 21:28:04,304 INFO  ExportHelperExtension.cs: 1136 - Found 25 in rbot_washer-5
2025-04-28 21:28:04,304 INFO  ExportHelperExtension.cs: 1145 - Found 0 features of type [CoordSys] in rbot_washer-5
2025-04-28 21:28:04,304 INFO  ExportHelperExtension.cs: 1125 - Retrieving features of type [CoordSys] from rbot_washer-6
2025-04-28 21:28:04,305 INFO  ExportHelperExtension.cs: 1136 - Found 25 in rbot_washer-6
2025-04-28 21:28:04,305 INFO  ExportHelperExtension.cs: 1145 - Found 0 features of type [CoordSys] in rbot_washer-6
2025-04-28 21:28:04,306 INFO  ExportHelperExtension.cs: 1125 - Retrieving features of type [CoordSys] from rbot_washer-7
2025-04-28 21:28:04,306 INFO  ExportHelperExtension.cs: 1136 - Found 25 in rbot_washer-7
2025-04-28 21:28:04,306 INFO  ExportHelperExtension.cs: 1145 - Found 0 features of type [CoordSys] in rbot_washer-7
2025-04-28 21:28:04,307 INFO  ExportHelperExtension.cs: 1125 - Retrieving features of type [CoordSys] from rbot_washer-10
2025-04-28 21:28:04,307 INFO  ExportHelperExtension.cs: 1136 - Found 25 in rbot_washer-10
2025-04-28 21:28:04,307 INFO  ExportHelperExtension.cs: 1145 - Found 0 features of type [CoordSys] in rbot_washer-10
2025-04-28 21:28:04,308 INFO  ExportHelperExtension.cs: 1125 - Retrieving features of type [CoordSys] from Abstandhalter M3 IG-AG 50mm+6mm part-1
2025-04-28 21:28:04,308 INFO  ExportHelperExtension.cs: 1136 - Found 36 in Abstandhalter M3 IG-AG 50mm+6mm part-1
2025-04-28 21:28:04,309 INFO  ExportHelperExtension.cs: 1145 - Found 0 features of type [CoordSys] in Abstandhalter M3 IG-AG 50mm+6mm part-1
2025-04-28 21:28:04,309 INFO  ExportHelperExtension.cs: 1125 - Retrieving features of type [CoordSys] from Abstandhalter M3 IG-AG 50mm+6mm part-3
2025-04-28 21:28:04,310 INFO  ExportHelperExtension.cs: 1136 - Found 36 in Abstandhalter M3 IG-AG 50mm+6mm part-3
2025-04-28 21:28:04,310 INFO  ExportHelperExtension.cs: 1145 - Found 0 features of type [CoordSys] in Abstandhalter M3 IG-AG 50mm+6mm part-3
2025-04-28 21:28:04,311 INFO  ExportHelperExtension.cs: 1125 - Retrieving features of type [CoordSys] from Abstandhalter M3 IG-AG 50mm+6mm part-2
2025-04-28 21:28:04,311 INFO  ExportHelperExtension.cs: 1136 - Found 36 in Abstandhalter M3 IG-AG 50mm+6mm part-2
2025-04-28 21:28:04,312 INFO  ExportHelperExtension.cs: 1145 - Found 0 features of type [CoordSys] in Abstandhalter M3 IG-AG 50mm+6mm part-2
2025-04-28 21:28:04,312 INFO  ExportHelperExtension.cs: 1125 - Retrieving features of type [CoordSys] from L298N_part-1
2025-04-28 21:28:04,312 INFO  ExportHelperExtension.cs: 1136 - Found 27 in L298N_part-1
2025-04-28 21:28:04,313 INFO  ExportHelperExtension.cs: 1145 - Found 0 features of type [CoordSys] in L298N_part-1
2025-04-28 21:28:04,313 INFO  ExportHelperExtension.cs: 1125 - Retrieving features of type [CoordSys] from Abstandhalter M3 IG-AG 50mm+6mm part-4
2025-04-28 21:28:04,314 INFO  ExportHelperExtension.cs: 1136 - Found 36 in Abstandhalter M3 IG-AG 50mm+6mm part-4
2025-04-28 21:28:04,314 INFO  ExportHelperExtension.cs: 1145 - Found 0 features of type [CoordSys] in Abstandhalter M3 IG-AG 50mm+6mm part-4
2025-04-28 21:28:04,315 INFO  ExportHelperExtension.cs: 1125 - Retrieving features of type [CoordSys] from Abstandhalter M3 IG-AG 30mm+6mm part-2
2025-04-28 21:28:04,315 INFO  ExportHelperExtension.cs: 1136 - Found 36 in Abstandhalter M3 IG-AG 30mm+6mm part-2
2025-04-28 21:28:04,315 INFO  ExportHelperExtension.cs: 1145 - Found 0 features of type [CoordSys] in Abstandhalter M3 IG-AG 30mm+6mm part-2
2025-04-28 21:28:04,316 INFO  ExportHelperExtension.cs: 1125 - Retrieving features of type [CoordSys] from Abstandhalter M3 IG-AG 30mm+6mm part-8
2025-04-28 21:28:04,316 INFO  ExportHelperExtension.cs: 1136 - Found 36 in Abstandhalter M3 IG-AG 30mm+6mm part-8
2025-04-28 21:28:04,317 INFO  ExportHelperExtension.cs: 1145 - Found 0 features of type [CoordSys] in Abstandhalter M3 IG-AG 30mm+6mm part-8
2025-04-28 21:28:04,317 INFO  ExportHelperExtension.cs: 1125 - Retrieving features of type [CoordSys] from rbot_washer-12
2025-04-28 21:28:04,317 INFO  ExportHelperExtension.cs: 1136 - Found 25 in rbot_washer-12
2025-04-28 21:28:04,318 INFO  ExportHelperExtension.cs: 1145 - Found 0 features of type [CoordSys] in rbot_washer-12
2025-04-28 21:28:04,318 INFO  ExportHelperExtension.cs: 1125 - Retrieving features of type [CoordSys] from Abstandhalter M3 IG-AG 30mm+6mm part-4
2025-04-28 21:28:04,319 INFO  ExportHelperExtension.cs: 1136 - Found 36 in Abstandhalter M3 IG-AG 30mm+6mm part-4
2025-04-28 21:28:04,319 INFO  ExportHelperExtension.cs: 1145 - Found 0 features of type [CoordSys] in Abstandhalter M3 IG-AG 30mm+6mm part-4
2025-04-28 21:28:04,319 INFO  ExportHelperExtension.cs: 1125 - Retrieving features of type [CoordSys] from Abstandhalter M3 IG-AG 30mm+6mm part-7
2025-04-28 21:28:04,320 INFO  ExportHelperExtension.cs: 1136 - Found 36 in Abstandhalter M3 IG-AG 30mm+6mm part-7
2025-04-28 21:28:04,320 INFO  ExportHelperExtension.cs: 1145 - Found 0 features of type [CoordSys] in Abstandhalter M3 IG-AG 30mm+6mm part-7
2025-04-28 21:28:04,320 INFO  ExportHelperExtension.cs: 1125 - Retrieving features of type [CoordSys] from W420_spacer-11
2025-04-28 21:28:04,321 INFO  ExportHelperExtension.cs: 1136 - Found 25 in W420_spacer-11
2025-04-28 21:28:04,321 INFO  ExportHelperExtension.cs: 1145 - Found 0 features of type [CoordSys] in W420_spacer-11
2025-04-28 21:28:04,322 INFO  ExportHelperExtension.cs: 1125 - Retrieving features of type [CoordSys] from rbot_washer-11
2025-04-28 21:28:04,322 INFO  ExportHelperExtension.cs: 1136 - Found 25 in rbot_washer-11
2025-04-28 21:28:04,322 INFO  ExportHelperExtension.cs: 1145 - Found 0 features of type [CoordSys] in rbot_washer-11
2025-04-28 21:28:04,323 INFO  ExportHelperExtension.cs: 1125 - Retrieving features of type [CoordSys] from W420 Universal Steel Ball Caster_part-2
2025-04-28 21:28:04,323 INFO  ExportHelperExtension.cs: 1136 - Found 25 in W420 Universal Steel Ball Caster_part-2
2025-04-28 21:28:04,324 INFO  ExportHelperExtension.cs: 1145 - Found 0 features of type [CoordSys] in W420 Universal Steel Ball Caster_part-2
2025-04-28 21:28:04,325 INFO  ExportHelperExtension.cs: 1125 - Retrieving features of type [CoordSys] from W420 Universal Steel Ball Caster_part-1
2025-04-28 21:28:04,325 INFO  ExportHelperExtension.cs: 1136 - Found 25 in W420 Universal Steel Ball Caster_part-1
2025-04-28 21:28:04,326 INFO  ExportHelperExtension.cs: 1145 - Found 0 features of type [CoordSys] in W420 Universal Steel Ball Caster_part-1
2025-04-28 21:28:04,326 INFO  ExportHelperExtension.cs: 1125 - Retrieving features of type [CoordSys] from Abstandhalter M3 IG-AG 30mm+6mm part-6
2025-04-28 21:28:04,326 INFO  ExportHelperExtension.cs: 1136 - Found 36 in Abstandhalter M3 IG-AG 30mm+6mm part-6
2025-04-28 21:28:04,327 INFO  ExportHelperExtension.cs: 1145 - Found 0 features of type [CoordSys] in Abstandhalter M3 IG-AG 30mm+6mm part-6
2025-04-28 21:28:04,327 INFO  ExportHelperExtension.cs: 1125 - Retrieving features of type [CoordSys] from Abstandhalter M3 IG-AG 30mm+6mm part-3
2025-04-28 21:28:04,327 INFO  ExportHelperExtension.cs: 1136 - Found 36 in Abstandhalter M3 IG-AG 30mm+6mm part-3
2025-04-28 21:28:04,328 INFO  ExportHelperExtension.cs: 1145 - Found 0 features of type [CoordSys] in Abstandhalter M3 IG-AG 30mm+6mm part-3
2025-04-28 21:28:04,328 INFO  ExportHelperExtension.cs: 1125 - Retrieving features of type [CoordSys] from Abstandhalter M3 IG-AG 30mm+6mm part-1
2025-04-28 21:28:04,329 INFO  ExportHelperExtension.cs: 1136 - Found 36 in Abstandhalter M3 IG-AG 30mm+6mm part-1
2025-04-28 21:28:04,329 INFO  ExportHelperExtension.cs: 1145 - Found 0 features of type [CoordSys] in Abstandhalter M3 IG-AG 30mm+6mm part-1
2025-04-28 21:28:04,329 INFO  ExportHelperExtension.cs: 1125 - Retrieving features of type [CoordSys] from Abstandhalter M3 IG-AG 30mm+6mm part-5
2025-04-28 21:28:04,330 INFO  ExportHelperExtension.cs: 1136 - Found 36 in Abstandhalter M3 IG-AG 30mm+6mm part-5
2025-04-28 21:28:04,330 INFO  ExportHelperExtension.cs: 1145 - Found 0 features of type [CoordSys] in Abstandhalter M3 IG-AG 30mm+6mm part-5
2025-04-28 21:28:04,330 INFO  ExportHelperExtension.cs: 1125 - Retrieving features of type [CoordSys] from LTC 3780 Mudule v11 part-1
2025-04-28 21:28:04,331 INFO  ExportHelperExtension.cs: 1136 - Found 121 in LTC 3780 Mudule v11 part-1
2025-04-28 21:28:04,331 INFO  ExportHelperExtension.cs: 1145 - Found 0 features of type [CoordSys] in LTC 3780 Mudule v11 part-1
2025-04-28 21:28:04,332 INFO  ExportHelperExtension.cs: 1125 - Retrieving features of type [CoordSys] from rbot_washer-13
2025-04-28 21:28:04,333 INFO  ExportHelperExtension.cs: 1136 - Found 25 in rbot_washer-13
2025-04-28 21:28:04,333 INFO  ExportHelperExtension.cs: 1145 - Found 0 features of type [CoordSys] in rbot_washer-13
2025-04-28 21:28:04,333 INFO  ExportHelperExtension.cs: 1125 - Retrieving features of type [CoordSys] from rbot_washer-14
2025-04-28 21:28:04,334 INFO  ExportHelperExtension.cs: 1136 - Found 25 in rbot_washer-14
2025-04-28 21:28:04,334 INFO  ExportHelperExtension.cs: 1145 - Found 0 features of type [CoordSys] in rbot_washer-14
2025-04-28 21:28:04,335 INFO  ExportHelperExtension.cs: 1125 - Retrieving features of type [CoordSys] from W420_spacer-12
2025-04-28 21:28:04,362 INFO  ExportHelperExtension.cs: 1136 - Found 25 in W420_spacer-12
2025-04-28 21:28:04,362 INFO  ExportHelperExtension.cs: 1145 - Found 0 features of type [CoordSys] in W420_spacer-12
2025-04-28 21:28:04,363 INFO  ExportHelperExtension.cs: 1125 - Retrieving features of type [CoordSys] from W420_spacer-14
2025-04-28 21:28:04,363 INFO  ExportHelperExtension.cs: 1136 - Found 25 in W420_spacer-14
2025-04-28 21:28:04,364 INFO  ExportHelperExtension.cs: 1145 - Found 0 features of type [CoordSys] in W420_spacer-14
2025-04-28 21:28:04,365 INFO  ExportHelperExtension.cs: 1125 - Retrieving features of type [CoordSys] from W420_spacer-13
2025-04-28 21:28:04,365 INFO  ExportHelperExtension.cs: 1136 - Found 25 in W420_spacer-13
2025-04-28 21:28:04,365 INFO  ExportHelperExtension.cs: 1145 - Found 0 features of type [CoordSys] in W420_spacer-13
2025-04-28 21:28:04,366 INFO  ExportHelperExtension.cs: 1125 - Retrieving features of type [CoordSys] from copper_wheel_with_adapter_part-2
2025-04-28 21:28:04,366 INFO  ExportHelperExtension.cs: 1136 - Found 25 in copper_wheel_with_adapter_part-2
2025-04-28 21:28:04,366 INFO  ExportHelperExtension.cs: 1145 - Found 0 features of type [CoordSys] in copper_wheel_with_adapter_part-2
2025-04-28 21:28:04,367 INFO  ExportHelperExtension.cs: 1125 - Retrieving features of type [CoordSys] from abstandhalter m3 ig-ag 20mm+6mm part-1
2025-04-28 21:28:04,367 INFO  ExportHelperExtension.cs: 1136 - Found 36 in abstandhalter m3 ig-ag 20mm+6mm part-1
2025-04-28 21:28:04,368 INFO  ExportHelperExtension.cs: 1145 - Found 0 features of type [CoordSys] in abstandhalter m3 ig-ag 20mm+6mm part-1
2025-04-28 21:28:04,368 INFO  ExportHelperExtension.cs: 1125 - Retrieving features of type [CoordSys] from abstandhalter m3 ig-ag 20mm+6mm part-2
2025-04-28 21:28:04,368 INFO  ExportHelperExtension.cs: 1136 - Found 36 in abstandhalter m3 ig-ag 20mm+6mm part-2
2025-04-28 21:28:04,369 INFO  ExportHelperExtension.cs: 1145 - Found 0 features of type [CoordSys] in abstandhalter m3 ig-ag 20mm+6mm part-2
2025-04-28 21:28:04,369 INFO  ExportHelperExtension.cs: 1125 - Retrieving features of type [CoordSys] from MPU6050_nude-1
2025-04-28 21:28:04,370 INFO  ExportHelperExtension.cs: 1136 - Found 39 in MPU6050_nude-1
2025-04-28 21:28:04,370 INFO  ExportHelperExtension.cs: 1145 - Found 0 features of type [CoordSys] in MPU6050_nude-1
2025-04-28 21:28:04,370 INFO  ExportHelperExtension.cs: 1125 - Retrieving features of type [CoordSys] from copper_wheel_with_adapter_part-1
2025-04-28 21:28:04,371 INFO  ExportHelperExtension.cs: 1136 - Found 25 in copper_wheel_with_adapter_part-1
2025-04-28 21:28:04,371 INFO  ExportHelperExtension.cs: 1145 - Found 0 features of type [CoordSys] in copper_wheel_with_adapter_part-1
2025-04-28 21:28:04,372 INFO  ExportHelperExtension.cs: 1125 - Retrieving features of type [CoordSys] from X3_Lidar_part-1
2025-04-28 21:28:04,372 INFO  ExportHelperExtension.cs: 1136 - Found 91 in X3_Lidar_part-1
2025-04-28 21:28:04,373 INFO  ExportHelperExtension.cs: 1145 - Found 0 features of type [CoordSys] in X3_Lidar_part-1
2025-04-28 21:28:04,373 INFO  ExportHelperExtension.cs: 1125 - Retrieving features of type [CoordSys] from abstandhalter m2,5 ig-ag 20mm+6mm part-1
2025-04-28 21:28:04,373 INFO  ExportHelperExtension.cs: 1136 - Found 36 in abstandhalter m2,5 ig-ag 20mm+6mm part-1
2025-04-28 21:28:04,374 INFO  ExportHelperExtension.cs: 1145 - Found 0 features of type [CoordSys] in abstandhalter m2,5 ig-ag 20mm+6mm part-1
2025-04-28 21:28:04,374 INFO  ExportHelperExtension.cs: 1125 - Retrieving features of type [CoordSys] from abstandhalter m2,5 ig-ag 20mm+6mm part-4
2025-04-28 21:28:04,375 INFO  ExportHelperExtension.cs: 1136 - Found 36 in abstandhalter m2,5 ig-ag 20mm+6mm part-4
2025-04-28 21:28:04,375 INFO  ExportHelperExtension.cs: 1145 - Found 0 features of type [CoordSys] in abstandhalter m2,5 ig-ag 20mm+6mm part-4
2025-04-28 21:28:04,375 INFO  ExportHelperExtension.cs: 1125 - Retrieving features of type [CoordSys] from abstandhalter m2,5 ig-ag 20mm+6mm part-3
2025-04-28 21:28:04,376 INFO  ExportHelperExtension.cs: 1136 - Found 36 in abstandhalter m2,5 ig-ag 20mm+6mm part-3
2025-04-28 21:28:04,376 INFO  ExportHelperExtension.cs: 1145 - Found 0 features of type [CoordSys] in abstandhalter m2,5 ig-ag 20mm+6mm part-3
2025-04-28 21:28:04,377 INFO  ExportHelperExtension.cs: 1125 - Retrieving features of type [CoordSys] from abstandhalter m2,5 ig-ag 20mm+6mm part-2
2025-04-28 21:28:04,377 INFO  ExportHelperExtension.cs: 1136 - Found 36 in abstandhalter m2,5 ig-ag 20mm+6mm part-2
2025-04-28 21:28:04,377 INFO  ExportHelperExtension.cs: 1145 - Found 0 features of type [CoordSys] in abstandhalter m2,5 ig-ag 20mm+6mm part-2
2025-04-28 21:28:04,378 INFO  ExportHelperExtension.cs: 1125 - Retrieving features of type [RefAxis] from assem1.SLDASM
2025-04-28 21:28:04,378 INFO  ExportHelperExtension.cs: 1136 - Found 202 in assem1.SLDASM
2025-04-28 21:28:04,379 INFO  ExportHelperExtension.cs: 1145 - Found 2 features of type [RefAxis] in assem1.SLDASM
2025-04-28 21:28:04,380 INFO  ExportHelperExtension.cs: 1148 - Proceeding through assembly components
2025-04-28 21:28:04,380 INFO  ExportHelperExtension.cs: 1160 - 49 components to check
2025-04-28 21:28:04,381 INFO  ExportHelperExtension.cs: 1125 - Retrieving features of type [RefAxis] from cumMotor-2
2025-04-28 21:28:04,381 INFO  ExportHelperExtension.cs: 1136 - Found 27 in cumMotor-2
2025-04-28 21:28:04,381 INFO  ExportHelperExtension.cs: 1145 - Found 0 features of type [RefAxis] in cumMotor-2
2025-04-28 21:28:04,382 INFO  ExportHelperExtension.cs: 1125 - Retrieving features of type [RefAxis] from rbot_layer1-2
2025-04-28 21:28:04,382 INFO  ExportHelperExtension.cs: 1136 - Found 28 in rbot_layer1-2
2025-04-28 21:28:04,383 INFO  ExportHelperExtension.cs: 1145 - Found 0 features of type [RefAxis] in rbot_layer1-2
2025-04-28 21:28:04,383 INFO  ExportHelperExtension.cs: 1125 - Retrieving features of type [RefAxis] from rbot_washer-3
2025-04-28 21:28:04,383 INFO  ExportHelperExtension.cs: 1136 - Found 25 in rbot_washer-3
2025-04-28 21:28:04,384 INFO  ExportHelperExtension.cs: 1145 - Found 0 features of type [RefAxis] in rbot_washer-3
2025-04-28 21:28:04,384 INFO  ExportHelperExtension.cs: 1125 - Retrieving features of type [RefAxis] from rbot_layer3-1
2025-04-28 21:28:04,384 INFO  ExportHelperExtension.cs: 1136 - Found 28 in rbot_layer3-1
2025-04-28 21:28:04,385 INFO  ExportHelperExtension.cs: 1145 - Found 0 features of type [RefAxis] in rbot_layer3-1
2025-04-28 21:28:04,385 INFO  ExportHelperExtension.cs: 1125 - Retrieving features of type [RefAxis] from rbot_base-1
2025-04-28 21:28:04,386 INFO  ExportHelperExtension.cs: 1136 - Found 27 in rbot_base-1
2025-04-28 21:28:04,386 INFO  ExportHelperExtension.cs: 1145 - Found 0 features of type [RefAxis] in rbot_base-1
2025-04-28 21:28:04,386 INFO  ExportHelperExtension.cs: 1125 - Retrieving features of type [RefAxis] from rbot_layer2-1
2025-04-28 21:28:04,386 INFO  ExportHelperExtension.cs: 1136 - Found 28 in rbot_layer2-1
2025-04-28 21:28:04,387 INFO  ExportHelperExtension.cs: 1145 - Found 0 features of type [RefAxis] in rbot_layer2-1
2025-04-28 21:28:04,388 INFO  ExportHelperExtension.cs: 1125 - Retrieving features of type [RefAxis] from Raspberry Pi 4 Model B.STEP-1
2025-04-28 21:28:04,388 INFO  ExportHelperExtension.cs: 1136 - Found 41 in Raspberry Pi 4 Model B.STEP-1
2025-04-28 21:28:04,389 INFO  ExportHelperExtension.cs: 1145 - Found 0 features of type [RefAxis] in Raspberry Pi 4 Model B.STEP-1
2025-04-28 21:28:04,389 INFO  ExportHelperExtension.cs: 1125 - Retrieving features of type [RefAxis] from cumMotor-1
2025-04-28 21:28:04,389 INFO  ExportHelperExtension.cs: 1136 - Found 27 in cumMotor-1
2025-04-28 21:28:04,390 INFO  ExportHelperExtension.cs: 1145 - Found 0 features of type [RefAxis] in cumMotor-1
2025-04-28 21:28:04,391 INFO  ExportHelperExtension.cs: 1125 - Retrieving features of type [RefAxis] from rbot_washer-1
2025-04-28 21:28:04,391 INFO  ExportHelperExtension.cs: 1136 - Found 25 in rbot_washer-1
2025-04-28 21:28:04,391 INFO  ExportHelperExtension.cs: 1145 - Found 0 features of type [RefAxis] in rbot_washer-1
2025-04-28 21:28:04,392 INFO  ExportHelperExtension.cs: 1125 - Retrieving features of type [RefAxis] from rbot_washer-2
2025-04-28 21:28:04,392 INFO  ExportHelperExtension.cs: 1136 - Found 25 in rbot_washer-2
2025-04-28 21:28:04,392 INFO  ExportHelperExtension.cs: 1145 - Found 0 features of type [RefAxis] in rbot_washer-2
2025-04-28 21:28:04,393 INFO  ExportHelperExtension.cs: 1125 - Retrieving features of type [RefAxis] from rbot_washer-4
2025-04-28 21:28:04,393 INFO  ExportHelperExtension.cs: 1136 - Found 25 in rbot_washer-4
2025-04-28 21:28:04,394 INFO  ExportHelperExtension.cs: 1145 - Found 0 features of type [RefAxis] in rbot_washer-4
2025-04-28 21:28:04,394 INFO  ExportHelperExtension.cs: 1125 - Retrieving features of type [RefAxis] from rbot_washer-5
2025-04-28 21:28:04,394 INFO  ExportHelperExtension.cs: 1136 - Found 25 in rbot_washer-5
2025-04-28 21:28:04,395 INFO  ExportHelperExtension.cs: 1145 - Found 0 features of type [RefAxis] in rbot_washer-5
2025-04-28 21:28:04,395 INFO  ExportHelperExtension.cs: 1125 - Retrieving features of type [RefAxis] from rbot_washer-6
2025-04-28 21:28:04,395 INFO  ExportHelperExtension.cs: 1136 - Found 25 in rbot_washer-6
2025-04-28 21:28:04,396 INFO  ExportHelperExtension.cs: 1145 - Found 0 features of type [RefAxis] in rbot_washer-6
2025-04-28 21:28:04,396 INFO  ExportHelperExtension.cs: 1125 - Retrieving features of type [RefAxis] from rbot_washer-7
2025-04-28 21:28:04,396 INFO  ExportHelperExtension.cs: 1136 - Found 25 in rbot_washer-7
2025-04-28 21:28:04,397 INFO  ExportHelperExtension.cs: 1145 - Found 0 features of type [RefAxis] in rbot_washer-7
2025-04-28 21:28:04,397 INFO  ExportHelperExtension.cs: 1125 - Retrieving features of type [RefAxis] from rbot_washer-10
2025-04-28 21:28:04,397 INFO  ExportHelperExtension.cs: 1136 - Found 25 in rbot_washer-10
2025-04-28 21:28:04,398 INFO  ExportHelperExtension.cs: 1145 - Found 0 features of type [RefAxis] in rbot_washer-10
2025-04-28 21:28:04,398 INFO  ExportHelperExtension.cs: 1125 - Retrieving features of type [RefAxis] from Abstandhalter M3 IG-AG 50mm+6mm part-1
2025-04-28 21:28:04,399 INFO  ExportHelperExtension.cs: 1136 - Found 36 in Abstandhalter M3 IG-AG 50mm+6mm part-1
2025-04-28 21:28:04,399 INFO  ExportHelperExtension.cs: 1145 - Found 0 features of type [RefAxis] in Abstandhalter M3 IG-AG 50mm+6mm part-1
2025-04-28 21:28:04,399 INFO  ExportHelperExtension.cs: 1125 - Retrieving features of type [RefAxis] from Abstandhalter M3 IG-AG 50mm+6mm part-3
2025-04-28 21:28:04,400 INFO  ExportHelperExtension.cs: 1136 - Found 36 in Abstandhalter M3 IG-AG 50mm+6mm part-3
2025-04-28 21:28:04,400 INFO  ExportHelperExtension.cs: 1145 - Found 0 features of type [RefAxis] in Abstandhalter M3 IG-AG 50mm+6mm part-3
2025-04-28 21:28:04,400 INFO  ExportHelperExtension.cs: 1125 - Retrieving features of type [RefAxis] from Abstandhalter M3 IG-AG 50mm+6mm part-2
2025-04-28 21:28:04,401 INFO  ExportHelperExtension.cs: 1136 - Found 36 in Abstandhalter M3 IG-AG 50mm+6mm part-2
2025-04-28 21:28:04,401 INFO  ExportHelperExtension.cs: 1145 - Found 0 features of type [RefAxis] in Abstandhalter M3 IG-AG 50mm+6mm part-2
2025-04-28 21:28:04,401 INFO  ExportHelperExtension.cs: 1125 - Retrieving features of type [RefAxis] from L298N_part-1
2025-04-28 21:28:04,402 INFO  ExportHelperExtension.cs: 1136 - Found 27 in L298N_part-1
2025-04-28 21:28:04,402 INFO  ExportHelperExtension.cs: 1145 - Found 0 features of type [RefAxis] in L298N_part-1
2025-04-28 21:28:04,403 INFO  ExportHelperExtension.cs: 1125 - Retrieving features of type [RefAxis] from Abstandhalter M3 IG-AG 50mm+6mm part-4
2025-04-28 21:28:04,403 INFO  ExportHelperExtension.cs: 1136 - Found 36 in Abstandhalter M3 IG-AG 50mm+6mm part-4
2025-04-28 21:28:04,404 INFO  ExportHelperExtension.cs: 1145 - Found 0 features of type [RefAxis] in Abstandhalter M3 IG-AG 50mm+6mm part-4
2025-04-28 21:28:04,404 INFO  ExportHelperExtension.cs: 1125 - Retrieving features of type [RefAxis] from Abstandhalter M3 IG-AG 30mm+6mm part-2
2025-04-28 21:28:04,404 INFO  ExportHelperExtension.cs: 1136 - Found 36 in Abstandhalter M3 IG-AG 30mm+6mm part-2
2025-04-28 21:28:04,405 INFO  ExportHelperExtension.cs: 1145 - Found 0 features of type [RefAxis] in Abstandhalter M3 IG-AG 30mm+6mm part-2
2025-04-28 21:28:04,405 INFO  ExportHelperExtension.cs: 1125 - Retrieving features of type [RefAxis] from Abstandhalter M3 IG-AG 30mm+6mm part-8
2025-04-28 21:28:04,405 INFO  ExportHelperExtension.cs: 1136 - Found 36 in Abstandhalter M3 IG-AG 30mm+6mm part-8
2025-04-28 21:28:04,406 INFO  ExportHelperExtension.cs: 1145 - Found 0 features of type [RefAxis] in Abstandhalter M3 IG-AG 30mm+6mm part-8
2025-04-28 21:28:04,406 INFO  ExportHelperExtension.cs: 1125 - Retrieving features of type [RefAxis] from rbot_washer-12
2025-04-28 21:28:04,406 INFO  ExportHelperExtension.cs: 1136 - Found 25 in rbot_washer-12
2025-04-28 21:28:04,407 INFO  ExportHelperExtension.cs: 1145 - Found 0 features of type [RefAxis] in rbot_washer-12
2025-04-28 21:28:04,407 INFO  ExportHelperExtension.cs: 1125 - Retrieving features of type [RefAxis] from Abstandhalter M3 IG-AG 30mm+6mm part-4
2025-04-28 21:28:04,439 INFO  ExportHelperExtension.cs: 1136 - Found 36 in Abstandhalter M3 IG-AG 30mm+6mm part-4
2025-04-28 21:28:04,440 INFO  ExportHelperExtension.cs: 1145 - Found 0 features of type [RefAxis] in Abstandhalter M3 IG-AG 30mm+6mm part-4
2025-04-28 21:28:04,440 INFO  ExportHelperExtension.cs: 1125 - Retrieving features of type [RefAxis] from Abstandhalter M3 IG-AG 30mm+6mm part-7
2025-04-28 21:28:04,440 INFO  ExportHelperExtension.cs: 1136 - Found 36 in Abstandhalter M3 IG-AG 30mm+6mm part-7
2025-04-28 21:28:04,441 INFO  ExportHelperExtension.cs: 1145 - Found 0 features of type [RefAxis] in Abstandhalter M3 IG-AG 30mm+6mm part-7
2025-04-28 21:28:04,441 INFO  ExportHelperExtension.cs: 1125 - Retrieving features of type [RefAxis] from W420_spacer-11
2025-04-28 21:28:04,441 INFO  ExportHelperExtension.cs: 1136 - Found 25 in W420_spacer-11
2025-04-28 21:28:04,442 INFO  ExportHelperExtension.cs: 1145 - Found 0 features of type [RefAxis] in W420_spacer-11
2025-04-28 21:28:04,442 INFO  ExportHelperExtension.cs: 1125 - Retrieving features of type [RefAxis] from rbot_washer-11
2025-04-28 21:28:04,443 INFO  ExportHelperExtension.cs: 1136 - Found 25 in rbot_washer-11
2025-04-28 21:28:04,443 INFO  ExportHelperExtension.cs: 1145 - Found 0 features of type [RefAxis] in rbot_washer-11
2025-04-28 21:28:04,444 INFO  ExportHelperExtension.cs: 1125 - Retrieving features of type [RefAxis] from W420 Universal Steel Ball Caster_part-2
2025-04-28 21:28:04,444 INFO  ExportHelperExtension.cs: 1136 - Found 25 in W420 Universal Steel Ball Caster_part-2
2025-04-28 21:28:04,444 INFO  ExportHelperExtension.cs: 1145 - Found 0 features of type [RefAxis] in W420 Universal Steel Ball Caster_part-2
2025-04-28 21:28:04,445 INFO  ExportHelperExtension.cs: 1125 - Retrieving features of type [RefAxis] from W420 Universal Steel Ball Caster_part-1
2025-04-28 21:28:04,445 INFO  ExportHelperExtension.cs: 1136 - Found 25 in W420 Universal Steel Ball Caster_part-1
2025-04-28 21:28:04,445 INFO  ExportHelperExtension.cs: 1145 - Found 0 features of type [RefAxis] in W420 Universal Steel Ball Caster_part-1
2025-04-28 21:28:04,446 INFO  ExportHelperExtension.cs: 1125 - Retrieving features of type [RefAxis] from Abstandhalter M3 IG-AG 30mm+6mm part-6
2025-04-28 21:28:04,446 INFO  ExportHelperExtension.cs: 1136 - Found 36 in Abstandhalter M3 IG-AG 30mm+6mm part-6
2025-04-28 21:28:04,447 INFO  ExportHelperExtension.cs: 1145 - Found 0 features of type [RefAxis] in Abstandhalter M3 IG-AG 30mm+6mm part-6
2025-04-28 21:28:04,447 INFO  ExportHelperExtension.cs: 1125 - Retrieving features of type [RefAxis] from Abstandhalter M3 IG-AG 30mm+6mm part-3
2025-04-28 21:28:04,448 INFO  ExportHelperExtension.cs: 1136 - Found 36 in Abstandhalter M3 IG-AG 30mm+6mm part-3
2025-04-28 21:28:04,448 INFO  ExportHelperExtension.cs: 1145 - Found 0 features of type [RefAxis] in Abstandhalter M3 IG-AG 30mm+6mm part-3
2025-04-28 21:28:04,448 INFO  ExportHelperExtension.cs: 1125 - Retrieving features of type [RefAxis] from Abstandhalter M3 IG-AG 30mm+6mm part-1
2025-04-28 21:28:04,449 INFO  ExportHelperExtension.cs: 1136 - Found 36 in Abstandhalter M3 IG-AG 30mm+6mm part-1
2025-04-28 21:28:04,449 INFO  ExportHelperExtension.cs: 1145 - Found 0 features of type [RefAxis] in Abstandhalter M3 IG-AG 30mm+6mm part-1
2025-04-28 21:28:04,449 INFO  ExportHelperExtension.cs: 1125 - Retrieving features of type [RefAxis] from Abstandhalter M3 IG-AG 30mm+6mm part-5
2025-04-28 21:28:04,450 INFO  ExportHelperExtension.cs: 1136 - Found 36 in Abstandhalter M3 IG-AG 30mm+6mm part-5
2025-04-28 21:28:04,450 INFO  ExportHelperExtension.cs: 1145 - Found 0 features of type [RefAxis] in Abstandhalter M3 IG-AG 30mm+6mm part-5
2025-04-28 21:28:04,450 INFO  ExportHelperExtension.cs: 1125 - Retrieving features of type [RefAxis] from LTC 3780 Mudule v11 part-1
2025-04-28 21:28:04,451 INFO  ExportHelperExtension.cs: 1136 - Found 121 in LTC 3780 Mudule v11 part-1
2025-04-28 21:28:04,452 INFO  ExportHelperExtension.cs: 1145 - Found 0 features of type [RefAxis] in LTC 3780 Mudule v11 part-1
2025-04-28 21:28:04,452 INFO  ExportHelperExtension.cs: 1125 - Retrieving features of type [RefAxis] from rbot_washer-13
2025-04-28 21:28:04,452 INFO  ExportHelperExtension.cs: 1136 - Found 25 in rbot_washer-13
2025-04-28 21:28:04,453 INFO  ExportHelperExtension.cs: 1145 - Found 0 features of type [RefAxis] in rbot_washer-13
2025-04-28 21:28:04,453 INFO  ExportHelperExtension.cs: 1125 - Retrieving features of type [RefAxis] from rbot_washer-14
2025-04-28 21:28:04,453 INFO  ExportHelperExtension.cs: 1136 - Found 25 in rbot_washer-14
2025-04-28 21:28:04,454 INFO  ExportHelperExtension.cs: 1145 - Found 0 features of type [RefAxis] in rbot_washer-14
2025-04-28 21:28:04,454 INFO  ExportHelperExtension.cs: 1125 - Retrieving features of type [RefAxis] from W420_spacer-12
2025-04-28 21:28:04,454 INFO  ExportHelperExtension.cs: 1136 - Found 25 in W420_spacer-12
2025-04-28 21:28:04,455 INFO  ExportHelperExtension.cs: 1145 - Found 0 features of type [RefAxis] in W420_spacer-12
2025-04-28 21:28:04,455 INFO  ExportHelperExtension.cs: 1125 - Retrieving features of type [RefAxis] from W420_spacer-14
2025-04-28 21:28:04,456 INFO  ExportHelperExtension.cs: 1136 - Found 25 in W420_spacer-14
2025-04-28 21:28:04,456 INFO  ExportHelperExtension.cs: 1145 - Found 0 features of type [RefAxis] in W420_spacer-14
2025-04-28 21:28:04,456 INFO  ExportHelperExtension.cs: 1125 - Retrieving features of type [RefAxis] from W420_spacer-13
2025-04-28 21:28:04,457 INFO  ExportHelperExtension.cs: 1136 - Found 25 in W420_spacer-13
2025-04-28 21:28:04,457 INFO  ExportHelperExtension.cs: 1145 - Found 0 features of type [RefAxis] in W420_spacer-13
2025-04-28 21:28:04,457 INFO  ExportHelperExtension.cs: 1125 - Retrieving features of type [RefAxis] from copper_wheel_with_adapter_part-2
2025-04-28 21:28:04,458 INFO  ExportHelperExtension.cs: 1136 - Found 25 in copper_wheel_with_adapter_part-2
2025-04-28 21:28:04,458 INFO  ExportHelperExtension.cs: 1145 - Found 0 features of type [RefAxis] in copper_wheel_with_adapter_part-2
2025-04-28 21:28:04,459 INFO  ExportHelperExtension.cs: 1125 - Retrieving features of type [RefAxis] from abstandhalter m3 ig-ag 20mm+6mm part-1
2025-04-28 21:28:04,459 INFO  ExportHelperExtension.cs: 1136 - Found 36 in abstandhalter m3 ig-ag 20mm+6mm part-1
2025-04-28 21:28:04,459 INFO  ExportHelperExtension.cs: 1145 - Found 0 features of type [RefAxis] in abstandhalter m3 ig-ag 20mm+6mm part-1
2025-04-28 21:28:04,460 INFO  ExportHelperExtension.cs: 1125 - Retrieving features of type [RefAxis] from abstandhalter m3 ig-ag 20mm+6mm part-2
2025-04-28 21:28:04,460 INFO  ExportHelperExtension.cs: 1136 - Found 36 in abstandhalter m3 ig-ag 20mm+6mm part-2
2025-04-28 21:28:04,460 INFO  ExportHelperExtension.cs: 1145 - Found 0 features of type [RefAxis] in abstandhalter m3 ig-ag 20mm+6mm part-2
2025-04-28 21:28:04,461 INFO  ExportHelperExtension.cs: 1125 - Retrieving features of type [RefAxis] from MPU6050_nude-1
2025-04-28 21:28:04,461 INFO  ExportHelperExtension.cs: 1136 - Found 39 in MPU6050_nude-1
2025-04-28 21:28:04,462 INFO  ExportHelperExtension.cs: 1145 - Found 0 features of type [RefAxis] in MPU6050_nude-1
2025-04-28 21:28:04,462 INFO  ExportHelperExtension.cs: 1125 - Retrieving features of type [RefAxis] from copper_wheel_with_adapter_part-1
2025-04-28 21:28:04,462 INFO  ExportHelperExtension.cs: 1136 - Found 25 in copper_wheel_with_adapter_part-1
2025-04-28 21:28:04,463 INFO  ExportHelperExtension.cs: 1145 - Found 0 features of type [RefAxis] in copper_wheel_with_adapter_part-1
2025-04-28 21:28:04,463 INFO  ExportHelperExtension.cs: 1125 - Retrieving features of type [RefAxis] from X3_Lidar_part-1
2025-04-28 21:28:04,463 INFO  ExportHelperExtension.cs: 1136 - Found 91 in X3_Lidar_part-1
2025-04-28 21:28:04,464 INFO  ExportHelperExtension.cs: 1145 - Found 1 features of type [RefAxis] in X3_Lidar_part-1
2025-04-28 21:28:04,464 INFO  ExportHelperExtension.cs: 1125 - Retrieving features of type [RefAxis] from abstandhalter m2,5 ig-ag 20mm+6mm part-1
2025-04-28 21:28:04,465 INFO  ExportHelperExtension.cs: 1136 - Found 36 in abstandhalter m2,5 ig-ag 20mm+6mm part-1
2025-04-28 21:28:04,465 INFO  ExportHelperExtension.cs: 1145 - Found 0 features of type [RefAxis] in abstandhalter m2,5 ig-ag 20mm+6mm part-1
2025-04-28 21:28:04,466 INFO  ExportHelperExtension.cs: 1125 - Retrieving features of type [RefAxis] from abstandhalter m2,5 ig-ag 20mm+6mm part-4
2025-04-28 21:28:04,466 INFO  ExportHelperExtension.cs: 1136 - Found 36 in abstandhalter m2,5 ig-ag 20mm+6mm part-4
2025-04-28 21:28:04,466 INFO  ExportHelperExtension.cs: 1145 - Found 0 features of type [RefAxis] in abstandhalter m2,5 ig-ag 20mm+6mm part-4
2025-04-28 21:28:04,467 INFO  ExportHelperExtension.cs: 1125 - Retrieving features of type [RefAxis] from abstandhalter m2,5 ig-ag 20mm+6mm part-3
2025-04-28 21:28:04,467 INFO  ExportHelperExtension.cs: 1136 - Found 36 in abstandhalter m2,5 ig-ag 20mm+6mm part-3
2025-04-28 21:28:04,468 INFO  ExportHelperExtension.cs: 1145 - Found 0 features of type [RefAxis] in abstandhalter m2,5 ig-ag 20mm+6mm part-3
2025-04-28 21:28:04,468 INFO  ExportHelperExtension.cs: 1125 - Retrieving features of type [RefAxis] from abstandhalter m2,5 ig-ag 20mm+6mm part-2
2025-04-28 21:28:04,468 INFO  ExportHelperExtension.cs: 1136 - Found 36 in abstandhalter m2,5 ig-ag 20mm+6mm part-2
2025-04-28 21:28:04,468 INFO  ExportHelperExtension.cs: 1145 - Found 0 features of type [RefAxis] in abstandhalter m2,5 ig-ag 20mm+6mm part-2
2025-04-28 21:28:04,533 INFO  ExportPropertyManager.cs: 1142 - AfterClose called. This method no longer throws an Exception. It just silently does nothing. Ok, except for this logging message
2025-04-28 21:28:29,828 INFO  AssemblyExportForm.cs: 253 - Completing URDF export
2025-04-28 21:28:29,835 INFO  ConfigurationSerialization.cs: 276 - URDF Configuration found
<Link z:Id="i1" xmlns="http://schemas.datacontract.org/2004/07/SW2URDF" xmlns:i="http://www.w3.org/2001/XMLSchema-instance" xmlns:z="http://schemas.microsoft.com/2003/10/Serialization/"><Attributes><Attribute z:Id="i2"><AttributeType>name</AttributeType><IsRequired>true</IsRequired><Value i:type="a:string" xmlns:a="http://www.w3.org/2001/XMLSchema">base_link</Value></Attribute></Attributes><ChildElements><URDFElement z:Id="i3" i:type="Inertial"><Attributes/><ChildElements><URDFElement z:Id="i4" i:type="Origin"><Attributes><Attribute z:Id="i5"><AttributeType>xyz</AttributeType><IsRequired>true</IsRequired><Value i:type="a:ArrayOfdouble" xmlns:a="http://schemas.microsoft.com/2003/10/Serialization/Arrays"><a:double>-0.00029960019977723091</a:double><a:double>-0.00076406188227395692</a:double><a:double>0.053754497718263128</a:double></Value></Attribute><Attribute z:Id="i6"><AttributeType>rpy</AttributeType><IsRequired>true</IsRequired><Value i:type="a:ArrayOfdouble" xmlns:a="http://schemas.microsoft.com/2003/10/Serialization/Arrays"><a:double>0</a:double><a:double>0</a:double><a:double>0</a:double></Value></Attribute></Attributes><ChildElements/><ElementName>origin</ElementName><required>false</required><RPYAttribute z:Ref="i6"/><XYZAttribute z:Ref="i5"/><isCustomized>false</isCustomized></URDFElement><URDFElement z:Id="i7" i:type="Mass"><Attributes><Attribute z:Id="i8"><AttributeType>value</AttributeType><IsRequired>true</IsRequired><Value i:type="a:double" xmlns:a="http://www.w3.org/2001/XMLSchema">0.47490204978631079</Value></Attribute></Attributes><ChildElements/><ElementName>mass</ElementName><required>false</required><ValueAttribute z:Ref="i8"/></URDFElement><URDFElement z:Id="i9" i:type="Inertia"><Attributes><Attribute z:Id="i10"><AttributeType>ixx</AttributeType><IsRequired>true</IsRequired><Value i:type="a:double" xmlns:a="http://www.w3.org/2001/XMLSchema">0.00092332986447731739</Value></Attribute><Attribute z:Id="i11"><AttributeType>ixy</AttributeType><IsRequired>true</IsRequired><Value i:type="a:double" xmlns:a="http://www.w3.org/2001/XMLSchema">-4.4322108794828943E-08</Value></Attribute><Attribute z:Id="i12"><AttributeType>ixz</AttributeType><IsRequired>true</IsRequired><Value i:type="a:double" xmlns:a="http://www.w3.org/2001/XMLSchema">-2.4999349307869206E-07</Value></Attribute><Attribute z:Id="i13"><AttributeType>iyy</AttributeType><IsRequired>true</IsRequired><Value i:type="a:double" xmlns:a="http://www.w3.org/2001/XMLSchema">0.00079964917492803239</Value></Attribute><Attribute z:Id="i14"><AttributeType>iyz</AttributeType><IsRequired>true</IsRequired><Value i:type="a:double" xmlns:a="http://www.w3.org/2001/XMLSchema">-3.8965322840191029E-09</Value></Attribute><Attribute z:Id="i15"><AttributeType>izz</AttributeType><IsRequired>true</IsRequired><Value i:type="a:double" xmlns:a="http://www.w3.org/2001/XMLSchema">0.0017130145824619599</Value></Attribute></Attributes><ChildElements/><ElementName>inertia</ElementName><required>false</required><IxxAttribute z:Ref="i10"/><IxyAttribute z:Ref="i11"/><IxzAttribute z:Ref="i12"/><IyyAttribute z:Ref="i13"/><IyzAttribute z:Ref="i14"/><IzzAttribute z:Ref="i15"/></URDFElement></ChildElements><ElementName>inertial</ElementName><required>false</required><Inertia z:Ref="i9"/><Mass z:Ref="i7"/><Origin z:Ref="i4"/></URDFElement><URDFElement z:Id="i16" i:type="Visual"><Attributes/><ChildElements><URDFElement z:Id="i17" i:type="Origin"><Attributes><Attribute z:Id="i18"><AttributeType>xyz</AttributeType><IsRequired>true</IsRequired><Value i:type="a:ArrayOfdouble" xmlns:a="http://schemas.microsoft.com/2003/10/Serialization/Arrays"><a:double>0</a:double><a:double>0</a:double><a:double>0</a:double></Value></Attribute><Attribute z:Id="i19"><AttributeType>rpy</AttributeType><IsRequired>true</IsRequired><Value i:type="a:ArrayOfdouble" xmlns:a="http://schemas.microsoft.com/2003/10/Serialization/Arrays"><a:double>0</a:double><a:double>0</a:double><a:double>0</a:double></Value></Attribute></Attributes><ChildElements/><ElementName>origin</ElementName><required>false</required><RPYAttribute z:Ref="i19"/><XYZAttribute z:Ref="i18"/><isCustomized>false</isCustomized></URDFElement><URDFElement z:Id="i20" i:type="Geometry"><Attributes/><ChildElements><URDFElement z:Id="i21" i:type="Mesh"><Attributes><Attribute z:Id="i22"><AttributeType>filename</AttributeType><IsRequired>true</IsRequired><Value i:nil="true"/></Attribute></Attributes><ChildElements/><ElementName>mesh</ElementName><required>false</required><FilenameAttribute z:Ref="i22"/></URDFElement></ChildElements><ElementName>geometry</ElementName><required>true</required><Mesh z:Ref="i21"/></URDFElement><URDFElement z:Id="i23" i:type="Material"><Attributes><Attribute z:Id="i24"><AttributeType>name</AttributeType><IsRequired>true</IsRequired><Value i:type="a:string" xmlns:a="http://www.w3.org/2001/XMLSchema"/></Attribute></Attributes><ChildElements><URDFElement z:Id="i25" i:type="Color"><Attributes><Attribute z:Id="i26"><AttributeType>rgba</AttributeType><IsRequired>true</IsRequired><Value i:type="a:ArrayOfdouble" xmlns:a="http://schemas.microsoft.com/2003/10/Serialization/Arrays"><a:double>0.792156862745098</a:double><a:double>0.81960784313725488</a:double><a:double>0.93333333333333335</a:double><a:double>1</a:double></Value></Attribute></Attributes><ChildElements/><ElementName>color</ElementName><required>false</required><RGBAAttribute z:Ref="i26"/></URDFElement><URDFElement z:Id="i27" i:type="Texture"><Attributes><Attribute z:Id="i28"><AttributeType>filename</AttributeType><IsRequired>true</IsRequired><Value i:nil="true"/></Attribute></Attributes><ChildElements/><ElementName>texture</ElementName><required>false</required><FilenameAttribute z:Ref="i28"/><wFilename/></URDFElement></ChildElements><ElementName>material</ElementName><required>false</required><Color z:Ref="i25"/><NameAttribute z:Ref="i24"/><Texture z:Ref="i27"/></URDFElement></ChildElements><ElementName>visual</ElementName><required>false</required><Geometry z:Ref="i20"/><Material z:Ref="i23"/><Origin z:Ref="i17"/></URDFElement><URDFElement z:Id="i29" i:type="Collision"><Attributes/><ChildElements><URDFElement z:Id="i30" i:type="Origin"><Attributes><Attribute z:Id="i31"><AttributeType>xyz</AttributeType><IsRequired>true</IsRequired><Value i:type="a:ArrayOfdouble" xmlns:a="http://schemas.microsoft.com/2003/10/Serialization/Arrays"><a:double>0</a:double><a:double>0</a:double><a:double>0</a:double></Value></Attribute><Attribute z:Id="i32"><AttributeType>rpy</AttributeType><IsRequired>true</IsRequired><Value i:type="a:ArrayOfdouble" xmlns:a="http://schemas.microsoft.com/2003/10/Serialization/Arrays"><a:double>0</a:double><a:double>0</a:double><a:double>0</a:double></Value></Attribute></Attributes><ChildElements/><ElementName>origin</ElementName><required>false</required><RPYAttribute z:Ref="i32"/><XYZAttribute z:Ref="i31"/><isCustomized>false</isCustomized></URDFElement><URDFElement z:Id="i33" i:type="Geometry"><Attributes/><ChildElements><URDFElement z:Id="i34" i:type="Mesh"><Attributes><Attribute z:Id="i35"><AttributeType>filename</AttributeType><IsRequired>true</IsRequired><Value i:nil="true"/></Attribute></Attributes><ChildElements/><ElementName>mesh</ElementName><required>false</required><FilenameAttribute z:Ref="i35"/></URDFElement></ChildElements><ElementName>geometry</ElementName><required>true</required><Mesh z:Ref="i34"/></URDFElement></ChildElements><ElementName>collision</ElementName><required>false</required><Geometry z:Ref="i33"/><Origin z:Ref="i30"/></URDFElement><URDFElement z:Id="i36" i:type="Joint"><Attributes><Attribute z:Id="i37"><AttributeType>name</AttributeType><IsRequired>true</IsRequired><Value i:type="a:string" xmlns:a="http://www.w3.org/2001/XMLSchema"/></Attribute><Attribute z:Id="i38"><AttributeType>type</AttributeType><IsRequired>true</IsRequired><Value i:type="a:string" xmlns:a="http://www.w3.org/2001/XMLSchema"/></Attribute></Attributes><ChildElements><URDFElement z:Id="i39" i:type="Origin"><Attributes><Attribute z:Id="i40"><AttributeType>xyz</AttributeType><IsRequired>true</IsRequired><Value i:type="a:ArrayOfdouble" xmlns:a="http://schemas.microsoft.com/2003/10/Serialization/Arrays"><a:double>0</a:double><a:double>0</a:double><a:double>0</a:double></Value></Attribute><Attribute z:Id="i41"><AttributeType>rpy</AttributeType><IsRequired>true</IsRequired><Value i:type="a:ArrayOfdouble" xmlns:a="http://schemas.microsoft.com/2003/10/Serialization/Arrays"><a:double>0</a:double><a:double>0</a:double><a:double>0</a:double></Value></Attribute></Attributes><ChildElements/><ElementName>origin</ElementName><required>false</required><RPYAttribute z:Ref="i41"/><XYZAttribute z:Ref="i40"/><isCustomized>false</isCustomized></URDFElement><URDFElement z:Id="i42" i:type="ParentLink"><Attributes><Attribute z:Id="i43"><AttributeType>link</AttributeType><IsRequired>true</IsRequired><Value i:type="a:string" xmlns:a="http://www.w3.org/2001/XMLSchema"/></Attribute></Attributes><ChildElements/><ElementName>parent</ElementName><required>true</required><NameAttribute z:Ref="i43"/></URDFElement><URDFElement z:Id="i44" i:type="ChildLink"><Attributes><Attribute z:Id="i45"><AttributeType>link</AttributeType><IsRequired>true</IsRequired><Value i:type="a:string" xmlns:a="http://www.w3.org/2001/XMLSchema"/></Attribute></Attributes><ChildElements/><ElementName>child</ElementName><required>true</required><NameAttribute z:Ref="i45"/></URDFElement><URDFElement z:Id="i46" i:type="Axis"><Attributes><Attribute z:Id="i47"><AttributeType>xyz</AttributeType><IsRequired>true</IsRequired><Value i:type="a:ArrayOfdouble" xmlns:a="http://schemas.microsoft.com/2003/10/Serialization/Arrays"><a:double>0</a:double><a:double>0</a:double><a:double>0</a:double></Value></Attribute></Attributes><ChildElements/><ElementName>axis</ElementName><required>false</required><XYZAttribute z:Ref="i47"/></URDFElement><URDFElement z:Id="i48" i:type="Limit"><Attributes><Attribute z:Id="i49"><AttributeType>lower</AttributeType><IsRequired>false</IsRequired><Value i:nil="true"/></Attribute><Attribute z:Id="i50"><AttributeType>upper</AttributeType><IsRequired>false</IsRequired><Value i:nil="true"/></Attribute><Attribute z:Id="i51"><AttributeType>effort</AttributeType><IsRequired>true</IsRequired><Value i:nil="true"/></Attribute><Attribute z:Id="i52"><AttributeType>velocity</AttributeType><IsRequired>true</IsRequired><Value i:nil="true"/></Attribute></Attributes><ChildElements/><ElementName>limit</ElementName><required>false</required><EffortAttribute z:Ref="i51"/><LowerAttribute z:Ref="i49"/><UpperAttribute z:Ref="i50"/><VelocityAttribute z:Ref="i52"/></URDFElement><URDFElement z:Id="i53" i:type="Calibration"><Attributes><Attribute z:Id="i54"><AttributeType>rising</AttributeType><IsRequired>false</IsRequired><Value i:nil="true"/></Attribute><Attribute z:Id="i55"><AttributeType>falling</AttributeType><IsRequired>false</IsRequired><Value i:nil="true"/></Attribute></Attributes><ChildElements/><ElementName>calibration</ElementName><required>false</required><FallingAttribute z:Ref="i55"/><RisingAttribute z:Ref="i54"/></URDFElement><URDFElement z:Id="i56" i:type="Dynamics"><Attributes><Attribute z:Id="i57"><AttributeType>damping</AttributeType><IsRequired>false</IsRequired><Value i:nil="true"/></Attribute><Attribute z:Id="i58"><AttributeType>friction</AttributeType><IsRequired>false</IsRequired><Value i:nil="true"/></Attribute></Attributes><ChildElements/><ElementName>dynamics</ElementName><required>false</required><DampingAttribute z:Ref="i57"/><FrictionAttribute z:Ref="i58"/></URDFElement><URDFElement z:Id="i59" i:type="SafetyController"><Attributes><Attribute z:Id="i60"><AttributeType>soft_upper_limit</AttributeType><IsRequired>false</IsRequired><Value i:nil="true"/></Attribute><Attribute z:Id="i61"><AttributeType>soft_lower_limit</AttributeType><IsRequired>false</IsRequired><Value i:nil="true"/></Attribute><Attribute z:Id="i62"><AttributeType>k_position</AttributeType><IsRequired>false</IsRequired><Value i:nil="true"/></Attribute><Attribute z:Id="i63"><AttributeType>k_velocity</AttributeType><IsRequired>true</IsRequired><Value i:nil="true"/></Attribute></Attributes><ChildElements/><ElementName>safety_controller</ElementName><required>false</required><KPositionAttribute z:Ref="i62"/><KVelocityAttribute z:Ref="i63"/><SoftLowerAttribute z:Ref="i61"/><SoftUpperAttribute z:Ref="i60"/></URDFElement><URDFElement z:Id="i64" i:type="Mimic"><Attributes><Attribute z:Id="i65"><AttributeType>joint</AttributeType><IsRequired>true</IsRequired><Value i:nil="true"/></Attribute><Attribute z:Id="i66"><AttributeType>multiplier</AttributeType><IsRequired>false</IsRequired><Value i:nil="true"/></Attribute><Attribute z:Id="i67"><AttributeType>offset</AttributeType><IsRequired>false</IsRequired><Value i:nil="true"/></Attribute></Attributes><ChildElements/><ElementName>mimic</ElementName><required>false</required><JointNameAttribute z:Ref="i65"/><MultiplierAttribute z:Ref="i66"/><OffsetAttribute z:Ref="i67"/></URDFElement></ChildElements><ElementName>joint</ElementName><required>false</required><Axis z:Ref="i46"/><AxisName/><Calibration z:Ref="i53"/><Child z:Ref="i44"/><CoordinateSystemName>Base_origin</CoordinateSystemName><Dynamics z:Ref="i56"/><Limit z:Ref="i48"/><Mimic z:Ref="i64"/><NameAttribute z:Ref="i37"/><Origin z:Ref="i39"/><Parent z:Ref="i42"/><Safety z:Ref="i59"/><TypeAttribute z:Ref="i38"/></URDFElement></ChildElements><ElementName>link</ElementName><required>true</required><Children><Link z:Id="i68"><Attributes><Attribute z:Id="i69"><AttributeType>name</AttributeType><IsRequired>true</IsRequired><Value i:type="a:string" xmlns:a="http://www.w3.org/2001/XMLSchema">R_wheel_link</Value></Attribute></Attributes><ChildElements><URDFElement z:Id="i70" i:type="Inertial"><Attributes/><ChildElements><URDFElement z:Id="i71" i:type="Origin"><Attributes><Attribute z:Id="i72"><AttributeType>xyz</AttributeType><IsRequired>true</IsRequired><Value i:type="a:ArrayOfdouble" xmlns:a="http://schemas.microsoft.com/2003/10/Serialization/Arrays"><a:double>5.7991489720886531E-05</a:double><a:double>0.0058199863971848675</a:double><a:double>-0.0008508372650005056</a:double></Value></Attribute><Attribute z:Id="i73"><AttributeType>rpy</AttributeType><IsRequired>true</IsRequired><Value i:type="a:ArrayOfdouble" xmlns:a="http://schemas.microsoft.com/2003/10/Serialization/Arrays"><a:double>0</a:double><a:double>0</a:double><a:double>0</a:double></Value></Attribute></Attributes><ChildElements/><ElementName>origin</ElementName><required>false</required><RPYAttribute z:Ref="i73"/><XYZAttribute z:Ref="i72"/><isCustomized>false</isCustomized></URDFElement><URDFElement z:Id="i74" i:type="Mass"><Attributes><Attribute z:Id="i75"><AttributeType>value</AttributeType><IsRequired>true</IsRequired><Value i:type="a:double" xmlns:a="http://www.w3.org/2001/XMLSchema">0.041955149555898887</Value></Attribute></Attributes><ChildElements/><ElementName>mass</ElementName><required>false</required><ValueAttribute z:Ref="i75"/></URDFElement><URDFElement z:Id="i76" i:type="Inertia"><Attributes><Attribute z:Id="i77"><AttributeType>ixx</AttributeType><IsRequired>true</IsRequired><Value i:type="a:double" xmlns:a="http://www.w3.org/2001/XMLSchema">1.8373507938030858E-05</Value></Attribute><Attribute z:Id="i78"><AttributeType>ixy</AttributeType><IsRequired>true</IsRequired><Value i:type="a:double" xmlns:a="http://www.w3.org/2001/XMLSchema">-1.8161867336429015E-11</Value></Attribute><Attribute z:Id="i79"><AttributeType>ixz</AttributeType><IsRequired>true</IsRequired><Value i:type="a:double" xmlns:a="http://www.w3.org/2001/XMLSchema">-2.1106704777052428E-09</Value></Attribute><Attribute z:Id="i80"><AttributeType>iyy</AttributeType><IsRequired>true</IsRequired><Value i:type="a:double" xmlns:a="http://www.w3.org/2001/XMLSchema">3.0919329148918272E-05</Value></Attribute><Attribute z:Id="i81"><AttributeType>iyz</AttributeType><IsRequired>true</IsRequired><Value i:type="a:double" xmlns:a="http://www.w3.org/2001/XMLSchema">4.300671763998919E-10</Value></Attribute><Attribute z:Id="i82"><AttributeType>izz</AttributeType><IsRequired>true</IsRequired><Value i:type="a:double" xmlns:a="http://www.w3.org/2001/XMLSchema">1.8408240459889539E-05</Value></Attribute></Attributes><ChildElements/><ElementName>inertia</ElementName><required>false</required><IxxAttribute z:Ref="i77"/><IxyAttribute z:Ref="i78"/><IxzAttribute z:Ref="i79"/><IyyAttribute z:Ref="i80"/><IyzAttribute z:Ref="i81"/><IzzAttribute z:Ref="i82"/></URDFElement></ChildElements><ElementName>inertial</ElementName><required>false</required><Inertia z:Ref="i76"/><Mass z:Ref="i74"/><Origin z:Ref="i71"/></URDFElement><URDFElement z:Id="i83" i:type="Visual"><Attributes/><ChildElements><URDFElement z:Id="i84" i:type="Origin"><Attributes><Attribute z:Id="i85"><AttributeType>xyz</AttributeType><IsRequired>true</IsRequired><Value i:type="a:ArrayOfdouble" xmlns:a="http://schemas.microsoft.com/2003/10/Serialization/Arrays"><a:double>0</a:double><a:double>0</a:double><a:double>0</a:double></Value></Attribute><Attribute z:Id="i86"><AttributeType>rpy</AttributeType><IsRequired>true</IsRequired><Value i:type="a:ArrayOfdouble" xmlns:a="http://schemas.microsoft.com/2003/10/Serialization/Arrays"><a:double>0</a:double><a:double>0</a:double><a:double>0</a:double></Value></Attribute></Attributes><ChildElements/><ElementName>origin</ElementName><required>false</required><RPYAttribute z:Ref="i86"/><XYZAttribute z:Ref="i85"/><isCustomized>false</isCustomized></URDFElement><URDFElement z:Id="i87" i:type="Geometry"><Attributes/><ChildElements><URDFElement z:Id="i88" i:type="Mesh"><Attributes><Attribute z:Id="i89"><AttributeType>filename</AttributeType><IsRequired>true</IsRequired><Value i:nil="true"/></Attribute></Attributes><ChildElements/><ElementName>mesh</ElementName><required>false</required><FilenameAttribute z:Ref="i89"/></URDFElement></ChildElements><ElementName>geometry</ElementName><required>true</required><Mesh z:Ref="i88"/></URDFElement><URDFElement z:Id="i90" i:type="Material"><Attributes><Attribute z:Id="i91"><AttributeType>name</AttributeType><IsRequired>true</IsRequired><Value i:type="a:string" xmlns:a="http://www.w3.org/2001/XMLSchema"/></Attribute></Attributes><ChildElements><URDFElement z:Id="i92" i:type="Color"><Attributes><Attribute z:Id="i93"><AttributeType>rgba</AttributeType><IsRequired>true</IsRequired><Value i:type="a:ArrayOfdouble" xmlns:a="http://schemas.microsoft.com/2003/10/Serialization/Arrays"><a:double>0.792156862745098</a:double><a:double>0.81960784313725488</a:double><a:double>0.93333333333333335</a:double><a:double>1</a:double></Value></Attribute></Attributes><ChildElements/><ElementName>color</ElementName><required>false</required><RGBAAttribute z:Ref="i93"/></URDFElement><URDFElement z:Id="i94" i:type="Texture"><Attributes><Attribute z:Id="i95"><AttributeType>filename</AttributeType><IsRequired>true</IsRequired><Value i:nil="true"/></Attribute></Attributes><ChildElements/><ElementName>texture</ElementName><required>false</required><FilenameAttribute z:Ref="i95"/><wFilename/></URDFElement></ChildElements><ElementName>material</ElementName><required>false</required><Color z:Ref="i92"/><NameAttribute z:Ref="i91"/><Texture z:Ref="i94"/></URDFElement></ChildElements><ElementName>visual</ElementName><required>false</required><Geometry z:Ref="i87"/><Material z:Ref="i90"/><Origin z:Ref="i84"/></URDFElement><URDFElement z:Id="i96" i:type="Collision"><Attributes/><ChildElements><URDFElement z:Id="i97" i:type="Origin"><Attributes><Attribute z:Id="i98"><AttributeType>xyz</AttributeType><IsRequired>true</IsRequired><Value i:type="a:ArrayOfdouble" xmlns:a="http://schemas.microsoft.com/2003/10/Serialization/Arrays"><a:double>0</a:double><a:double>0</a:double><a:double>0</a:double></Value></Attribute><Attribute z:Id="i99"><AttributeType>rpy</AttributeType><IsRequired>true</IsRequired><Value i:type="a:ArrayOfdouble" xmlns:a="http://schemas.microsoft.com/2003/10/Serialization/Arrays"><a:double>0</a:double><a:double>0</a:double><a:double>0</a:double></Value></Attribute></Attributes><ChildElements/><ElementName>origin</ElementName><required>false</required><RPYAttribute z:Ref="i99"/><XYZAttribute z:Ref="i98"/><isCustomized>false</isCustomized></URDFElement><URDFElement z:Id="i100" i:type="Geometry"><Attributes/><ChildElements><URDFElement z:Id="i101" i:type="Mesh"><Attributes><Attribute z:Id="i102"><AttributeType>filename</AttributeType><IsRequired>true</IsRequired><Value i:nil="true"/></Attribute></Attributes><ChildElements/><ElementName>mesh</ElementName><required>false</required><FilenameAttribute z:Ref="i102"/></URDFElement></ChildElements><ElementName>geometry</ElementName><required>true</required><Mesh z:Ref="i101"/></URDFElement></ChildElements><ElementName>collision</ElementName><required>false</required><Geometry z:Ref="i100"/><Origin z:Ref="i97"/></URDFElement><URDFElement z:Id="i103" i:type="Joint"><Attributes><Attribute z:Id="i104"><AttributeType>name</AttributeType><IsRequired>true</IsRequired><Value i:type="a:string" xmlns:a="http://www.w3.org/2001/XMLSchema">Rwheel_joint</Value></Attribute><Attribute z:Id="i105"><AttributeType>type</AttributeType><IsRequired>true</IsRequired><Value i:type="a:string" xmlns:a="http://www.w3.org/2001/XMLSchema">continuous</Value></Attribute></Attributes><ChildElements><URDFElement z:Id="i106" i:type="Origin"><Attributes><Attribute z:Id="i107"><AttributeType>xyz</AttributeType><IsRequired>true</IsRequired><Value i:type="a:ArrayOfdouble" xmlns:a="http://schemas.microsoft.com/2003/10/Serialization/Arrays"><a:double>-0.00040439175433133571</a:double><a:double>-0.10525110642810885</a:double><a:double>0.025000000000000112</a:double></Value></Attribute><Attribute z:Id="i108"><AttributeType>rpy</AttributeType><IsRequired>true</IsRequired><Value i:type="a:ArrayOfdouble" xmlns:a="http://schemas.microsoft.com/2003/10/Serialization/Arrays"><a:double>0</a:double><a:double>0</a:double><a:double>0</a:double></Value></Attribute></Attributes><ChildElements/><ElementName>origin</ElementName><required>false</required><RPYAttribute z:Ref="i108"/><XYZAttribute z:Ref="i107"/><isCustomized>false</isCustomized></URDFElement><URDFElement z:Id="i109" i:type="ParentLink"><Attributes><Attribute z:Id="i110"><AttributeType>link</AttributeType><IsRequired>true</IsRequired><Value i:type="a:string" xmlns:a="http://www.w3.org/2001/XMLSchema">base_link</Value></Attribute></Attributes><ChildElements/><ElementName>parent</ElementName><required>true</required><NameAttribute z:Ref="i110"/></URDFElement><URDFElement z:Id="i111" i:type="ChildLink"><Attributes><Attribute z:Id="i112"><AttributeType>link</AttributeType><IsRequired>true</IsRequired><Value i:type="a:string" xmlns:a="http://www.w3.org/2001/XMLSchema">R_wheel_link</Value></Attribute></Attributes><ChildElements/><ElementName>child</ElementName><required>true</required><NameAttribute z:Ref="i112"/></URDFElement><URDFElement z:Id="i113" i:type="Axis"><Attributes><Attribute z:Id="i114"><AttributeType>xyz</AttributeType><IsRequired>true</IsRequired><Value i:type="a:ArrayOfdouble" xmlns:a="http://schemas.microsoft.com/2003/10/Serialization/Arrays"><a:double>0</a:double><a:double>-1</a:double><a:double>0</a:double></Value></Attribute></Attributes><ChildElements/><ElementName>axis</ElementName><required>false</required><XYZAttribute z:Ref="i114"/></URDFElement><URDFElement z:Id="i115" i:type="Limit"><Attributes><Attribute z:Id="i116"><AttributeType>lower</AttributeType><IsRequired>false</IsRequired><Value i:nil="true"/></Attribute><Attribute z:Id="i117"><AttributeType>upper</AttributeType><IsRequired>false</IsRequired><Value i:nil="true"/></Attribute><Attribute z:Id="i118"><AttributeType>effort</AttributeType><IsRequired>true</IsRequired><Value i:nil="true"/></Attribute><Attribute z:Id="i119"><AttributeType>velocity</AttributeType><IsRequired>true</IsRequired><Value i:nil="true"/></Attribute></Attributes><ChildElements/><ElementName>limit</ElementName><required>false</required><EffortAttribute z:Ref="i118"/><LowerAttribute z:Ref="i116"/><UpperAttribute z:Ref="i117"/><VelocityAttribute z:Ref="i119"/></URDFElement><URDFElement z:Id="i120" i:type="Calibration"><Attributes><Attribute z:Id="i121"><AttributeType>rising</AttributeType><IsRequired>false</IsRequired><Value i:nil="true"/></Attribute><Attribute z:Id="i122"><AttributeType>falling</AttributeType><IsRequired>false</IsRequired><Value i:nil="true"/></Attribute></Attributes><ChildElements/><ElementName>calibration</ElementName><required>false</required><FallingAttribute z:Ref="i122"/><RisingAttribute z:Ref="i121"/></URDFElement><URDFElement z:Id="i123" i:type="Dynamics"><Attributes><Attribute z:Id="i124"><AttributeType>damping</AttributeType><IsRequired>false</IsRequired><Value i:nil="true"/></Attribute><Attribute z:Id="i125"><AttributeType>friction</AttributeType><IsRequired>false</IsRequired><Value i:nil="true"/></Attribute></Attributes><ChildElements/><ElementName>dynamics</ElementName><required>false</required><DampingAttribute z:Ref="i124"/><FrictionAttribute z:Ref="i125"/></URDFElement><URDFElement z:Id="i126" i:type="SafetyController"><Attributes><Attribute z:Id="i127"><AttributeType>soft_upper_limit</AttributeType><IsRequired>false</IsRequired><Value i:nil="true"/></Attribute><Attribute z:Id="i128"><AttributeType>soft_lower_limit</AttributeType><IsRequired>false</IsRequired><Value i:nil="true"/></Attribute><Attribute z:Id="i129"><AttributeType>k_position</AttributeType><IsRequired>false</IsRequired><Value i:nil="true"/></Attribute><Attribute z:Id="i130"><AttributeType>k_velocity</AttributeType><IsRequired>true</IsRequired><Value i:nil="true"/></Attribute></Attributes><ChildElements/><ElementName>safety_controller</ElementName><required>false</required><KPositionAttribute z:Ref="i129"/><KVelocityAttribute z:Ref="i130"/><SoftLowerAttribute z:Ref="i128"/><SoftUpperAttribute z:Ref="i127"/></URDFElement><URDFElement z:Id="i131" i:type="Mimic"><Attributes><Attribute z:Id="i132"><AttributeType>joint</AttributeType><IsRequired>true</IsRequired><Value i:nil="true"/></Attribute><Attribute z:Id="i133"><AttributeType>multiplier</AttributeType><IsRequired>false</IsRequired><Value i:nil="true"/></Attribute><Attribute z:Id="i134"><AttributeType>offset</AttributeType><IsRequired>false</IsRequired><Value i:nil="true"/></Attribute></Attributes><ChildElements/><ElementName>mimic</ElementName><required>false</required><JointNameAttribute z:Ref="i132"/><MultiplierAttribute z:Ref="i133"/><OffsetAttribute z:Ref="i134"/></URDFElement></ChildElements><ElementName>joint</ElementName><required>false</required><Axis z:Ref="i113"/><AxisName>Axis_wheel</AxisName><Calibration z:Ref="i120"/><Child z:Ref="i111"/><CoordinateSystemName>R_origin</CoordinateSystemName><Dynamics z:Ref="i123"/><Limit z:Ref="i115"/><Mimic z:Ref="i131"/><NameAttribute z:Ref="i104"/><Origin z:Ref="i106"/><Parent z:Ref="i109"/><Safety z:Ref="i126"/><TypeAttribute z:Ref="i105"/></URDFElement></ChildElements><ElementName>link</ElementName><required>true</required><Children/><Collision z:Ref="i96"/><Inertial z:Ref="i70"/><Joint z:Ref="i103"/><NameAttribute z:Ref="i69"/><Parent z:Ref="i1"/><STLQualityFine>false</STLQualityFine><SWComponentPIDs xmlns:a="http://schemas.microsoft.com/2003/10/Serialization/Arrays"><a:base64Binary>aEIAAAUAAAD//v8nYwBvAHAAcABlAHIAXwB3AGgAZQBlAGwAXwB3AGkAdABoAF8AYQBkAGEAcAB0AGUAcgBfAHAAYQByAHQALQAxAEAAYQBzAHMAZQBtADEABAAAABAAAAABAAAAAQAAAOcBAAA=</a:base64Binary></SWComponentPIDs><SWMainComponentPID i:nil="true"/><Visual z:Ref="i83"/><isFixedFrame>false</isFixedFrame><isIncomplete>false</isIncomplete></Link><Link z:Id="i135"><Attributes><Attribute z:Id="i136"><AttributeType>name</AttributeType><IsRequired>true</IsRequired><Value i:type="a:string" xmlns:a="http://www.w3.org/2001/XMLSchema">L_wheel_link</Value></Attribute></Attributes><ChildElements><URDFElement z:Id="i137" i:type="Inertial"><Attributes/><ChildElements><URDFElement z:Id="i138" i:type="Origin"><Attributes><Attribute z:Id="i139"><AttributeType>xyz</AttributeType><IsRequired>true</IsRequired><Value i:type="a:ArrayOfdouble" xmlns:a="http://schemas.microsoft.com/2003/10/Serialization/Arrays"><a:double>-0.00041032411340115663</a:double><a:double>-0.0058199863971911681</a:double><a:double>0.00074761031728983753</a:double></Value></Attribute><Attribute z:Id="i140"><AttributeType>rpy</AttributeType><IsRequired>true</IsRequired><Value i:type="a:ArrayOfdouble" xmlns:a="http://schemas.microsoft.com/2003/10/Serialization/Arrays"><a:double>0</a:double><a:double>0</a:double><a:double>0</a:double></Value></Attribute></Attributes><ChildElements/><ElementName>origin</ElementName><required>false</required><RPYAttribute z:Ref="i140"/><XYZAttribute z:Ref="i139"/><isCustomized>false</isCustomized></URDFElement><URDFElement z:Id="i141" i:type="Mass"><Attributes><Attribute z:Id="i142"><AttributeType>value</AttributeType><IsRequired>true</IsRequired><Value i:type="a:double" xmlns:a="http://www.w3.org/2001/XMLSchema">0.04195514955587068</Value></Attribute></Attributes><ChildElements/><ElementName>mass</ElementName><required>false</required><ValueAttribute z:Ref="i142"/></URDFElement><URDFElement z:Id="i143" i:type="Inertia"><Attributes><Attribute z:Id="i144"><AttributeType>ixx</AttributeType><IsRequired>true</IsRequired><Value i:type="a:double" xmlns:a="http://www.w3.org/2001/XMLSchema">1.8381704642724268E-05</Value></Attribute><Attribute z:Id="i145"><AttributeType>ixy</AttributeType><IsRequired>true</IsRequired><Value i:type="a:double" xmlns:a="http://www.w3.org/2001/XMLSchema">-2.1679157785039226E-10</Value></Attribute><Attribute z:Id="i146"><AttributeType>ixz</AttributeType><IsRequired>true</IsRequired><Value i:type="a:double" xmlns:a="http://www.w3.org/2001/XMLSchema">-1.4898361886727788E-08</Value></Attribute><Attribute z:Id="i147"><AttributeType>iyy</AttributeType><IsRequired>true</IsRequired><Value i:type="a:double" xmlns:a="http://www.w3.org/2001/XMLSchema">3.0919329148921755E-05</Value></Attribute><Attribute z:Id="i148"><AttributeType>iyz</AttributeType><IsRequired>true</IsRequired><Value i:type="a:double" xmlns:a="http://www.w3.org/2001/XMLSchema">3.7187230586482468E-10</Value></Attribute><Attribute z:Id="i149"><AttributeType>izz</AttributeType><IsRequired>true</IsRequired><Value i:type="a:double" xmlns:a="http://www.w3.org/2001/XMLSchema">1.8400043755197284E-05</Value></Attribute></Attributes><ChildElements/><ElementName>inertia</ElementName><required>false</required><IxxAttribute z:Ref="i144"/><IxyAttribute z:Ref="i145"/><IxzAttribute z:Ref="i146"/><IyyAttribute z:Ref="i147"/><IyzAttribute z:Ref="i148"/><IzzAttribute z:Ref="i149"/></URDFElement></ChildElements><ElementName>inertial</ElementName><required>false</required><Inertia z:Ref="i143"/><Mass z:Ref="i141"/><Origin z:Ref="i138"/></URDFElement><URDFElement z:Id="i150" i:type="Visual"><Attributes/><ChildElements><URDFElement z:Id="i151" i:type="Origin"><Attributes><Attribute z:Id="i152"><AttributeType>xyz</AttributeType><IsRequired>true</IsRequired><Value i:type="a:ArrayOfdouble" xmlns:a="http://schemas.microsoft.com/2003/10/Serialization/Arrays"><a:double>0</a:double><a:double>0</a:double><a:double>0</a:double></Value></Attribute><Attribute z:Id="i153"><AttributeType>rpy</AttributeType><IsRequired>true</IsRequired><Value i:type="a:ArrayOfdouble" xmlns:a="http://schemas.microsoft.com/2003/10/Serialization/Arrays"><a:double>0</a:double><a:double>0</a:double><a:double>0</a:double></Value></Attribute></Attributes><ChildElements/><ElementName>origin</ElementName><required>false</required><RPYAttribute z:Ref="i153"/><XYZAttribute z:Ref="i152"/><isCustomized>false</isCustomized></URDFElement><URDFElement z:Id="i154" i:type="Geometry"><Attributes/><ChildElements><URDFElement z:Id="i155" i:type="Mesh"><Attributes><Attribute z:Id="i156"><AttributeType>filename</AttributeType><IsRequired>true</IsRequired><Value i:nil="true"/></Attribute></Attributes><ChildElements/><ElementName>mesh</ElementName><required>false</required><FilenameAttribute z:Ref="i156"/></URDFElement></ChildElements><ElementName>geometry</ElementName><required>true</required><Mesh z:Ref="i155"/></URDFElement><URDFElement z:Id="i157" i:type="Material"><Attributes><Attribute z:Id="i158"><AttributeType>name</AttributeType><IsRequired>true</IsRequired><Value i:type="a:string" xmlns:a="http://www.w3.org/2001/XMLSchema"/></Attribute></Attributes><ChildElements><URDFElement z:Id="i159" i:type="Color"><Attributes><Attribute z:Id="i160"><AttributeType>rgba</AttributeType><IsRequired>true</IsRequired><Value i:type="a:ArrayOfdouble" xmlns:a="http://schemas.microsoft.com/2003/10/Serialization/Arrays"><a:double>0.792156862745098</a:double><a:double>0.81960784313725488</a:double><a:double>0.93333333333333335</a:double><a:double>1</a:double></Value></Attribute></Attributes><ChildElements/><ElementName>color</ElementName><required>false</required><RGBAAttribute z:Ref="i160"/></URDFElement><URDFElement z:Id="i161" i:type="Texture"><Attributes><Attribute z:Id="i162"><AttributeType>filename</AttributeType><IsRequired>true</IsRequired><Value i:nil="true"/></Attribute></Attributes><ChildElements/><ElementName>texture</ElementName><required>false</required><FilenameAttribute z:Ref="i162"/><wFilename/></URDFElement></ChildElements><ElementName>material</ElementName><required>false</required><Color z:Ref="i159"/><NameAttribute z:Ref="i158"/><Texture z:Ref="i161"/></URDFElement></ChildElements><ElementName>visual</ElementName><required>false</required><Geometry z:Ref="i154"/><Material z:Ref="i157"/><Origin z:Ref="i151"/></URDFElement><URDFElement z:Id="i163" i:type="Collision"><Attributes/><ChildElements><URDFElement z:Id="i164" i:type="Origin"><Attributes><Attribute z:Id="i165"><AttributeType>xyz</AttributeType><IsRequired>true</IsRequired><Value i:type="a:ArrayOfdouble" xmlns:a="http://schemas.microsoft.com/2003/10/Serialization/Arrays"><a:double>0</a:double><a:double>0</a:double><a:double>0</a:double></Value></Attribute><Attribute z:Id="i166"><AttributeType>rpy</AttributeType><IsRequired>true</IsRequired><Value i:type="a:ArrayOfdouble" xmlns:a="http://schemas.microsoft.com/2003/10/Serialization/Arrays"><a:double>0</a:double><a:double>0</a:double><a:double>0</a:double></Value></Attribute></Attributes><ChildElements/><ElementName>origin</ElementName><required>false</required><RPYAttribute z:Ref="i166"/><XYZAttribute z:Ref="i165"/><isCustomized>false</isCustomized></URDFElement><URDFElement z:Id="i167" i:type="Geometry"><Attributes/><ChildElements><URDFElement z:Id="i168" i:type="Mesh"><Attributes><Attribute z:Id="i169"><AttributeType>filename</AttributeType><IsRequired>true</IsRequired><Value i:nil="true"/></Attribute></Attributes><ChildElements/><ElementName>mesh</ElementName><required>false</required><FilenameAttribute z:Ref="i169"/></URDFElement></ChildElements><ElementName>geometry</ElementName><required>true</required><Mesh z:Ref="i168"/></URDFElement></ChildElements><ElementName>collision</ElementName><required>false</required><Geometry z:Ref="i167"/><Origin z:Ref="i164"/></URDFElement><URDFElement z:Id="i170" i:type="Joint"><Attributes><Attribute z:Id="i171"><AttributeType>name</AttributeType><IsRequired>true</IsRequired><Value i:type="a:string" xmlns:a="http://www.w3.org/2001/XMLSchema">Lwheel_joint</Value></Attribute><Attribute z:Id="i172"><AttributeType>type</AttributeType><IsRequired>true</IsRequired><Value i:type="a:string" xmlns:a="http://www.w3.org/2001/XMLSchema">continuous</Value></Attribute></Attributes><ChildElements><URDFElement z:Id="i173" i:type="Origin"><Attributes><Attribute z:Id="i174"><AttributeType>xyz</AttributeType><IsRequired>true</IsRequired><Value i:type="a:ArrayOfdouble" xmlns:a="http://schemas.microsoft.com/2003/10/Serialization/Arrays"><a:double>-0.00040439175433133832</a:double><a:double>0.10525110642810892</a:double><a:double>0.025000000000000827</a:double></Value></Attribute><Attribute z:Id="i175"><AttributeType>rpy</AttributeType><IsRequired>true</IsRequired><Value i:type="a:ArrayOfdouble" xmlns:a="http://schemas.microsoft.com/2003/10/Serialization/Arrays"><a:double>0</a:double><a:double>0</a:double><a:double>0</a:double></Value></Attribute></Attributes><ChildElements/><ElementName>origin</ElementName><required>false</required><RPYAttribute z:Ref="i175"/><XYZAttribute z:Ref="i174"/><isCustomized>false</isCustomized></URDFElement><URDFElement z:Id="i176" i:type="ParentLink"><Attributes><Attribute z:Id="i177"><AttributeType>link</AttributeType><IsRequired>true</IsRequired><Value i:type="a:string" xmlns:a="http://www.w3.org/2001/XMLSchema">base_link</Value></Attribute></Attributes><ChildElements/><ElementName>parent</ElementName><required>true</required><NameAttribute z:Ref="i177"/></URDFElement><URDFElement z:Id="i178" i:type="ChildLink"><Attributes><Attribute z:Id="i179"><AttributeType>link</AttributeType><IsRequired>true</IsRequired><Value i:type="a:string" xmlns:a="http://www.w3.org/2001/XMLSchema">L_wheel_link</Value></Attribute></Attributes><ChildElements/><ElementName>child</ElementName><required>true</required><NameAttribute z:Ref="i179"/></URDFElement><URDFElement z:Id="i180" i:type="Axis"><Attributes><Attribute z:Id="i181"><AttributeType>xyz</AttributeType><IsRequired>true</IsRequired><Value i:type="a:ArrayOfdouble" xmlns:a="http://schemas.microsoft.com/2003/10/Serialization/Arrays"><a:double>0</a:double><a:double>-1</a:double><a:double>0</a:double></Value></Attribute></Attributes><ChildElements/><ElementName>axis</ElementName><required>false</required><XYZAttribute z:Ref="i181"/></URDFElement><URDFElement z:Id="i182" i:type="Limit"><Attributes><Attribute z:Id="i183"><AttributeType>lower</AttributeType><IsRequired>false</IsRequired><Value i:nil="true"/></Attribute><Attribute z:Id="i184"><AttributeType>upper</AttributeType><IsRequired>false</IsRequired><Value i:nil="true"/></Attribute><Attribute z:Id="i185"><AttributeType>effort</AttributeType><IsRequired>true</IsRequired><Value i:nil="true"/></Attribute><Attribute z:Id="i186"><AttributeType>velocity</AttributeType><IsRequired>true</IsRequired><Value i:nil="true"/></Attribute></Attributes><ChildElements/><ElementName>limit</ElementName><required>false</required><EffortAttribute z:Ref="i185"/><LowerAttribute z:Ref="i183"/><UpperAttribute z:Ref="i184"/><VelocityAttribute z:Ref="i186"/></URDFElement><URDFElement z:Id="i187" i:type="Calibration"><Attributes><Attribute z:Id="i188"><AttributeType>rising</AttributeType><IsRequired>false</IsRequired><Value i:nil="true"/></Attribute><Attribute z:Id="i189"><AttributeType>falling</AttributeType><IsRequired>false</IsRequired><Value i:nil="true"/></Attribute></Attributes><ChildElements/><ElementName>calibration</ElementName><required>false</required><FallingAttribute z:Ref="i189"/><RisingAttribute z:Ref="i188"/></URDFElement><URDFElement z:Id="i190" i:type="Dynamics"><Attributes><Attribute z:Id="i191"><AttributeType>damping</AttributeType><IsRequired>false</IsRequired><Value i:nil="true"/></Attribute><Attribute z:Id="i192"><AttributeType>friction</AttributeType><IsRequired>false</IsRequired><Value i:nil="true"/></Attribute></Attributes><ChildElements/><ElementName>dynamics</ElementName><required>false</required><DampingAttribute z:Ref="i191"/><FrictionAttribute z:Ref="i192"/></URDFElement><URDFElement z:Id="i193" i:type="SafetyController"><Attributes><Attribute z:Id="i194"><AttributeType>soft_upper_limit</AttributeType><IsRequired>false</IsRequired><Value i:nil="true"/></Attribute><Attribute z:Id="i195"><AttributeType>soft_lower_limit</AttributeType><IsRequired>false</IsRequired><Value i:nil="true"/></Attribute><Attribute z:Id="i196"><AttributeType>k_position</AttributeType><IsRequired>false</IsRequired><Value i:nil="true"/></Attribute><Attribute z:Id="i197"><AttributeType>k_velocity</AttributeType><IsRequired>true</IsRequired><Value i:nil="true"/></Attribute></Attributes><ChildElements/><ElementName>safety_controller</ElementName><required>false</required><KPositionAttribute z:Ref="i196"/><KVelocityAttribute z:Ref="i197"/><SoftLowerAttribute z:Ref="i195"/><SoftUpperAttribute z:Ref="i194"/></URDFElement><URDFElement z:Id="i198" i:type="Mimic"><Attributes><Attribute z:Id="i199"><AttributeType>joint</AttributeType><IsRequired>true</IsRequired><Value i:nil="true"/></Attribute><Attribute z:Id="i200"><AttributeType>multiplier</AttributeType><IsRequired>false</IsRequired><Value i:nil="true"/></Attribute><Attribute z:Id="i201"><AttributeType>offset</AttributeType><IsRequired>false</IsRequired><Value i:nil="true"/></Attribute></Attributes><ChildElements/><ElementName>mimic</ElementName><required>false</required><JointNameAttribute z:Ref="i199"/><MultiplierAttribute z:Ref="i200"/><OffsetAttribute z:Ref="i201"/></URDFElement></ChildElements><ElementName>joint</ElementName><required>false</required><Axis z:Ref="i180"/><AxisName>Axis_wheel</AxisName><Calibration z:Ref="i187"/><Child z:Ref="i178"/><CoordinateSystemName>L_origin</CoordinateSystemName><Dynamics z:Ref="i190"/><Limit z:Ref="i182"/><Mimic z:Ref="i198"/><NameAttribute z:Ref="i171"/><Origin z:Ref="i173"/><Parent z:Ref="i176"/><Safety z:Ref="i193"/><TypeAttribute z:Ref="i172"/></URDFElement></ChildElements><ElementName>link</ElementName><required>true</required><Children/><Collision z:Ref="i163"/><Inertial z:Ref="i137"/><Joint z:Ref="i170"/><NameAttribute z:Ref="i136"/><Parent z:Ref="i1"/><STLQualityFine>false</STLQualityFine><SWComponentPIDs xmlns:a="http://schemas.microsoft.com/2003/10/Serialization/Arrays"><a:base64Binary>aEIAAAUAAAD//v8nYwBvAHAAcABlAHIAXwB3AGgAZQBlAGwAXwB3AGkAdABoAF8AYQBkAGEAcAB0AGUAcgBfAHAAYQByAHQALQAyAEAAYQBzAHMAZQBtADEABAAAABAAAAABAAAAAQAAAOoBAAA=</a:base64Binary></SWComponentPIDs><SWMainComponentPID i:nil="true"/><Visual z:Ref="i150"/><isFixedFrame>false</isFixedFrame><isIncomplete>false</isIncomplete></Link><Link z:Id="i202"><Attributes><Attribute z:Id="i203"><AttributeType>name</AttributeType><IsRequired>true</IsRequired><Value i:type="a:string" xmlns:a="http://www.w3.org/2001/XMLSchema">Ball_front_link</Value></Attribute></Attributes><ChildElements><URDFElement z:Id="i204" i:type="Inertial"><Attributes/><ChildElements><URDFElement z:Id="i205" i:type="Origin"><Attributes><Attribute z:Id="i206"><AttributeType>xyz</AttributeType><IsRequired>true</IsRequired><Value i:type="a:ArrayOfdouble" xmlns:a="http://schemas.microsoft.com/2003/10/Serialization/Arrays"><a:double>4.3021142204224816E-16</a:double><a:double>-6.3696315145619908E-06</a:double><a:double>0.0054783181552000952</a:double></Value></Attribute><Attribute z:Id="i207"><AttributeType>rpy</AttributeType><IsRequired>true</IsRequired><Value i:type="a:ArrayOfdouble" xmlns:a="http://schemas.microsoft.com/2003/10/Serialization/Arrays"><a:double>0</a:double><a:double>0</a:double><a:double>0</a:double></Value></Attribute></Attributes><ChildElements/><ElementName>origin</ElementName><required>false</required><RPYAttribute z:Ref="i207"/><XYZAttribute z:Ref="i206"/><isCustomized>false</isCustomized></URDFElement><URDFElement z:Id="i208" i:type="Mass"><Attributes><Attribute z:Id="i209"><AttributeType>value</AttributeType><IsRequired>true</IsRequired><Value i:type="a:double" xmlns:a="http://www.w3.org/2001/XMLSchema">0.0051732918664278834</Value></Attribute></Attributes><ChildElements/><ElementName>mass</ElementName><required>false</required><ValueAttribute z:Ref="i209"/></URDFElement><URDFElement z:Id="i210" i:type="Inertia"><Attributes><Attribute z:Id="i211"><AttributeType>ixx</AttributeType><IsRequired>true</IsRequired><Value i:type="a:double" xmlns:a="http://www.w3.org/2001/XMLSchema">4.8243600128638774E-07</Value></Attribute><Attribute z:Id="i212"><AttributeType>ixy</AttributeType><IsRequired>true</IsRequired><Value i:type="a:double" xmlns:a="http://www.w3.org/2001/XMLSchema">6.8036953082322914E-16</Value></Attribute><Attribute z:Id="i213"><AttributeType>ixz</AttributeType><IsRequired>true</IsRequired><Value i:type="a:double" xmlns:a="http://www.w3.org/2001/XMLSchema">7.636107438290798E-23</Value></Attribute><Attribute z:Id="i214"><AttributeType>iyy</AttributeType><IsRequired>true</IsRequired><Value i:type="a:double" xmlns:a="http://www.w3.org/2001/XMLSchema">2.1717606375324091E-07</Value></Attribute><Attribute z:Id="i215"><AttributeType>iyz</AttributeType><IsRequired>true</IsRequired><Value i:type="a:double" xmlns:a="http://www.w3.org/2001/XMLSchema">2.5529250701518955E-10</Value></Attribute><Attribute z:Id="i216"><AttributeType>izz</AttributeType><IsRequired>true</IsRequired><Value i:type="a:double" xmlns:a="http://www.w3.org/2001/XMLSchema">5.286393882496393E-07</Value></Attribute></Attributes><ChildElements/><ElementName>inertia</ElementName><required>false</required><IxxAttribute z:Ref="i211"/><IxyAttribute z:Ref="i212"/><IxzAttribute z:Ref="i213"/><IyyAttribute z:Ref="i214"/><IyzAttribute z:Ref="i215"/><IzzAttribute z:Ref="i216"/></URDFElement></ChildElements><ElementName>inertial</ElementName><required>false</required><Inertia z:Ref="i210"/><Mass z:Ref="i208"/><Origin z:Ref="i205"/></URDFElement><URDFElement z:Id="i217" i:type="Visual"><Attributes/><ChildElements><URDFElement z:Id="i218" i:type="Origin"><Attributes><Attribute z:Id="i219"><AttributeType>xyz</AttributeType><IsRequired>true</IsRequired><Value i:type="a:ArrayOfdouble" xmlns:a="http://schemas.microsoft.com/2003/10/Serialization/Arrays"><a:double>0</a:double><a:double>0</a:double><a:double>0</a:double></Value></Attribute><Attribute z:Id="i220"><AttributeType>rpy</AttributeType><IsRequired>true</IsRequired><Value i:type="a:ArrayOfdouble" xmlns:a="http://schemas.microsoft.com/2003/10/Serialization/Arrays"><a:double>0</a:double><a:double>0</a:double><a:double>0</a:double></Value></Attribute></Attributes><ChildElements/><ElementName>origin</ElementName><required>false</required><RPYAttribute z:Ref="i220"/><XYZAttribute z:Ref="i219"/><isCustomized>false</isCustomized></URDFElement><URDFElement z:Id="i221" i:type="Geometry"><Attributes/><ChildElements><URDFElement z:Id="i222" i:type="Mesh"><Attributes><Attribute z:Id="i223"><AttributeType>filename</AttributeType><IsRequired>true</IsRequired><Value i:nil="true"/></Attribute></Attributes><ChildElements/><ElementName>mesh</ElementName><required>false</required><FilenameAttribute z:Ref="i223"/></URDFElement></ChildElements><ElementName>geometry</ElementName><required>true</required><Mesh z:Ref="i222"/></URDFElement><URDFElement z:Id="i224" i:type="Material"><Attributes><Attribute z:Id="i225"><AttributeType>name</AttributeType><IsRequired>true</IsRequired><Value i:type="a:string" xmlns:a="http://www.w3.org/2001/XMLSchema"/></Attribute></Attributes><ChildElements><URDFElement z:Id="i226" i:type="Color"><Attributes><Attribute z:Id="i227"><AttributeType>rgba</AttributeType><IsRequired>true</IsRequired><Value i:type="a:ArrayOfdouble" xmlns:a="http://schemas.microsoft.com/2003/10/Serialization/Arrays"><a:double>0.792156862745098</a:double><a:double>0.81960784313725488</a:double><a:double>0.93333333333333335</a:double><a:double>1</a:double></Value></Attribute></Attributes><ChildElements/><ElementName>color</ElementName><required>false</required><RGBAAttribute z:Ref="i227"/></URDFElement><URDFElement z:Id="i228" i:type="Texture"><Attributes><Attribute z:Id="i229"><AttributeType>filename</AttributeType><IsRequired>true</IsRequired><Value i:nil="true"/></Attribute></Attributes><ChildElements/><ElementName>texture</ElementName><required>false</required><FilenameAttribute z:Ref="i229"/><wFilename/></URDFElement></ChildElements><ElementName>material</ElementName><required>false</required><Color z:Ref="i226"/><NameAttribute z:Ref="i225"/><Texture z:Ref="i228"/></URDFElement></ChildElements><ElementName>visual</ElementName><required>false</required><Geometry z:Ref="i221"/><Material z:Ref="i224"/><Origin z:Ref="i218"/></URDFElement><URDFElement z:Id="i230" i:type="Collision"><Attributes/><ChildElements><URDFElement z:Id="i231" i:type="Origin"><Attributes><Attribute z:Id="i232"><AttributeType>xyz</AttributeType><IsRequired>true</IsRequired><Value i:type="a:ArrayOfdouble" xmlns:a="http://schemas.microsoft.com/2003/10/Serialization/Arrays"><a:double>0</a:double><a:double>0</a:double><a:double>0</a:double></Value></Attribute><Attribute z:Id="i233"><AttributeType>rpy</AttributeType><IsRequired>true</IsRequired><Value i:type="a:ArrayOfdouble" xmlns:a="http://schemas.microsoft.com/2003/10/Serialization/Arrays"><a:double>0</a:double><a:double>0</a:double><a:double>0</a:double></Value></Attribute></Attributes><ChildElements/><ElementName>origin</ElementName><required>false</required><RPYAttribute z:Ref="i233"/><XYZAttribute z:Ref="i232"/><isCustomized>false</isCustomized></URDFElement><URDFElement z:Id="i234" i:type="Geometry"><Attributes/><ChildElements><URDFElement z:Id="i235" i:type="Mesh"><Attributes><Attribute z:Id="i236"><AttributeType>filename</AttributeType><IsRequired>true</IsRequired><Value i:nil="true"/></Attribute></Attributes><ChildElements/><ElementName>mesh</ElementName><required>false</required><FilenameAttribute z:Ref="i236"/></URDFElement></ChildElements><ElementName>geometry</ElementName><required>true</required><Mesh z:Ref="i235"/></URDFElement></ChildElements><ElementName>collision</ElementName><required>false</required><Geometry z:Ref="i234"/><Origin z:Ref="i231"/></URDFElement><URDFElement z:Id="i237" i:type="Joint"><Attributes><Attribute z:Id="i238"><AttributeType>name</AttributeType><IsRequired>true</IsRequired><Value i:type="a:string" xmlns:a="http://www.w3.org/2001/XMLSchema">Ballfront_joint</Value></Attribute><Attribute z:Id="i239"><AttributeType>type</AttributeType><IsRequired>true</IsRequired><Value i:type="a:string" xmlns:a="http://www.w3.org/2001/XMLSchema">fixed</Value></Attribute></Attributes><ChildElements><URDFElement z:Id="i240" i:type="Origin"><Attributes><Attribute z:Id="i241"><AttributeType>xyz</AttributeType><IsRequired>true</IsRequired><Value i:type="a:ArrayOfdouble" xmlns:a="http://schemas.microsoft.com/2003/10/Serialization/Arrays"><a:double>0.074595608245668021</a:double><a:double>-0.00018349405514948847</a:double><a:double>-0.00090000000000049069</a:double></Value></Attribute><Attribute z:Id="i242"><AttributeType>rpy</AttributeType><IsRequired>true</IsRequired><Value i:type="a:ArrayOfdouble" xmlns:a="http://schemas.microsoft.com/2003/10/Serialization/Arrays"><a:double>0</a:double><a:double>0</a:double><a:double>0</a:double></Value></Attribute></Attributes><ChildElements/><ElementName>origin</ElementName><required>false</required><RPYAttribute z:Ref="i242"/><XYZAttribute z:Ref="i241"/><isCustomized>false</isCustomized></URDFElement><URDFElement z:Id="i243" i:type="ParentLink"><Attributes><Attribute z:Id="i244"><AttributeType>link</AttributeType><IsRequired>true</IsRequired><Value i:type="a:string" xmlns:a="http://www.w3.org/2001/XMLSchema">base_link</Value></Attribute></Attributes><ChildElements/><ElementName>parent</ElementName><required>true</required><NameAttribute z:Ref="i244"/></URDFElement><URDFElement z:Id="i245" i:type="ChildLink"><Attributes><Attribute z:Id="i246"><AttributeType>link</AttributeType><IsRequired>true</IsRequired><Value i:type="a:string" xmlns:a="http://www.w3.org/2001/XMLSchema">Ball_front_link</Value></Attribute></Attributes><ChildElements/><ElementName>child</ElementName><required>true</required><NameAttribute z:Ref="i246"/></URDFElement><URDFElement z:Id="i247" i:type="Axis"><Attributes><Attribute z:Id="i248"><AttributeType>xyz</AttributeType><IsRequired>true</IsRequired><Value i:type="a:ArrayOfdouble" xmlns:a="http://schemas.microsoft.com/2003/10/Serialization/Arrays"><a:double>0</a:double><a:double>0</a:double><a:double>0</a:double></Value></Attribute></Attributes><ChildElements/><ElementName>axis</ElementName><required>false</required><XYZAttribute z:Ref="i248"/></URDFElement><URDFElement z:Id="i249" i:type="Limit"><Attributes><Attribute z:Id="i250"><AttributeType>lower</AttributeType><IsRequired>false</IsRequired><Value i:nil="true"/></Attribute><Attribute z:Id="i251"><AttributeType>upper</AttributeType><IsRequired>false</IsRequired><Value i:nil="true"/></Attribute><Attribute z:Id="i252"><AttributeType>effort</AttributeType><IsRequired>true</IsRequired><Value i:nil="true"/></Attribute><Attribute z:Id="i253"><AttributeType>velocity</AttributeType><IsRequired>true</IsRequired><Value i:nil="true"/></Attribute></Attributes><ChildElements/><ElementName>limit</ElementName><required>false</required><EffortAttribute z:Ref="i252"/><LowerAttribute z:Ref="i250"/><UpperAttribute z:Ref="i251"/><VelocityAttribute z:Ref="i253"/></URDFElement><URDFElement z:Id="i254" i:type="Calibration"><Attributes><Attribute z:Id="i255"><AttributeType>rising</AttributeType><IsRequired>false</IsRequired><Value i:nil="true"/></Attribute><Attribute z:Id="i256"><AttributeType>falling</AttributeType><IsRequired>false</IsRequired><Value i:nil="true"/></Attribute></Attributes><ChildElements/><ElementName>calibration</ElementName><required>false</required><FallingAttribute z:Ref="i256"/><RisingAttribute z:Ref="i255"/></URDFElement><URDFElement z:Id="i257" i:type="Dynamics"><Attributes><Attribute z:Id="i258"><AttributeType>damping</AttributeType><IsRequired>false</IsRequired><Value i:nil="true"/></Attribute><Attribute z:Id="i259"><AttributeType>friction</AttributeType><IsRequired>false</IsRequired><Value i:nil="true"/></Attribute></Attributes><ChildElements/><ElementName>dynamics</ElementName><required>false</required><DampingAttribute z:Ref="i258"/><FrictionAttribute z:Ref="i259"/></URDFElement><URDFElement z:Id="i260" i:type="SafetyController"><Attributes><Attribute z:Id="i261"><AttributeType>soft_upper_limit</AttributeType><IsRequired>false</IsRequired><Value i:nil="true"/></Attribute><Attribute z:Id="i262"><AttributeType>soft_lower_limit</AttributeType><IsRequired>false</IsRequired><Value i:nil="true"/></Attribute><Attribute z:Id="i263"><AttributeType>k_position</AttributeType><IsRequired>false</IsRequired><Value i:nil="true"/></Attribute><Attribute z:Id="i264"><AttributeType>k_velocity</AttributeType><IsRequired>true</IsRequired><Value i:nil="true"/></Attribute></Attributes><ChildElements/><ElementName>safety_controller</ElementName><required>false</required><KPositionAttribute z:Ref="i263"/><KVelocityAttribute z:Ref="i264"/><SoftLowerAttribute z:Ref="i262"/><SoftUpperAttribute z:Ref="i261"/></URDFElement><URDFElement z:Id="i265" i:type="Mimic"><Attributes><Attribute z:Id="i266"><AttributeType>joint</AttributeType><IsRequired>true</IsRequired><Value i:nil="true"/></Attribute><Attribute z:Id="i267"><AttributeType>multiplier</AttributeType><IsRequired>false</IsRequired><Value i:nil="true"/></Attribute><Attribute z:Id="i268"><AttributeType>offset</AttributeType><IsRequired>false</IsRequired><Value i:nil="true"/></Attribute></Attributes><ChildElements/><ElementName>mimic</ElementName><required>false</required><JointNameAttribute z:Ref="i266"/><MultiplierAttribute z:Ref="i267"/><OffsetAttribute z:Ref="i268"/></URDFElement></ChildElements><ElementName>joint</ElementName><required>false</required><Axis z:Ref="i247"/><AxisName>Axis_Ballfront_joint</AxisName><Calibration z:Ref="i254"/><Child z:Ref="i245"/><CoordinateSystemName>Front_origin</CoordinateSystemName><Dynamics z:Ref="i257"/><Limit z:Ref="i249"/><Mimic z:Ref="i265"/><NameAttribute z:Ref="i238"/><Origin z:Ref="i240"/><Parent z:Ref="i243"/><Safety z:Ref="i260"/><TypeAttribute z:Ref="i239"/></URDFElement></ChildElements><ElementName>link</ElementName><required>true</required><Children/><Collision z:Ref="i230"/><Inertial z:Ref="i204"/><Joint z:Ref="i237"/><NameAttribute z:Ref="i203"/><Parent z:Ref="i1"/><STLQualityFine>false</STLQualityFine><SWComponentPIDs xmlns:a="http://schemas.microsoft.com/2003/10/Serialization/Arrays"><a:base64Binary>aEIAAAUAAAD//v8uVwA0ADIAMAAgAFUAbgBpAHYAZQByAHMAYQBsACAAUwB0AGUAZQBsACAAQgBhAGwAbAAgAEMAYQBzAHQAZQByAF8AcABhAHIAdAAtADEAQABhAHMAcwBlAG0AMQAEAAAAEAAAAAEAAAABAAAAxQEAAA==</a:base64Binary><a:base64Binary>aEIAAAUAAAD//v8VVwA0ADIAMABfAHMAcABhAGMAZQByAC0AMQAxAEAAYQBzAHMAZQBtADEABAAAABAAAAABAAAAAQAAAIkBAAA=</a:base64Binary><a:base64Binary>aEIAAAUAAAD//v8VVwA0ADIAMABfAHMAcABhAGMAZQByAC0AMQAyAEAAYQBzAHMAZQBtADEABAAAABAAAAABAAAAAQAAAIwBAAA=</a:base64Binary></SWComponentPIDs><SWMainComponentPID i:nil="true"/><Visual z:Ref="i217"/><isFixedFrame>false</isFixedFrame><isIncomplete>false</isIncomplete></Link><Link z:Id="i269"><Attributes><Attribute z:Id="i270"><AttributeType>name</AttributeType><IsRequired>true</IsRequired><Value i:type="a:string" xmlns:a="http://www.w3.org/2001/XMLSchema">Ball_back_link</Value></Attribute></Attributes><ChildElements><URDFElement z:Id="i271" i:type="Inertial"><Attributes/><ChildElements><URDFElement z:Id="i272" i:type="Origin"><Attributes><Attribute z:Id="i273"><AttributeType>xyz</AttributeType><IsRequired>true</IsRequired><Value i:type="a:ArrayOfdouble" xmlns:a="http://schemas.microsoft.com/2003/10/Serialization/Arrays"><a:double>4.5796699765787707E-16</a:double><a:double>-6.3696315145567867E-06</a:double><a:double>0.0054783181552000987</a:double></Value></Attribute><Attribute z:Id="i274"><AttributeType>rpy</AttributeType><IsRequired>true</IsRequired><Value i:type="a:ArrayOfdouble" xmlns:a="http://schemas.microsoft.com/2003/10/Serialization/Arrays"><a:double>0</a:double><a:double>0</a:double><a:double>0</a:double></Value></Attribute></Attributes><ChildElements/><ElementName>origin</ElementName><required>false</required><RPYAttribute z:Ref="i274"/><XYZAttribute z:Ref="i273"/><isCustomized>false</isCustomized></URDFElement><URDFElement z:Id="i275" i:type="Mass"><Attributes><Attribute z:Id="i276"><AttributeType>value</AttributeType><IsRequired>true</IsRequired><Value i:type="a:double" xmlns:a="http://www.w3.org/2001/XMLSchema">0.0051732918664278817</Value></Attribute></Attributes><ChildElements/><ElementName>mass</ElementName><required>false</required><ValueAttribute z:Ref="i276"/></URDFElement><URDFElement z:Id="i277" i:type="Inertia"><Attributes><Attribute z:Id="i278"><AttributeType>ixx</AttributeType><IsRequired>true</IsRequired><Value i:type="a:double" xmlns:a="http://www.w3.org/2001/XMLSchema">4.8243600128638784E-07</Value></Attribute><Attribute z:Id="i279"><AttributeType>ixy</AttributeType><IsRequired>true</IsRequired><Value i:type="a:double" xmlns:a="http://www.w3.org/2001/XMLSchema">6.8036947831073971E-16</Value></Attribute><Attribute z:Id="i280"><AttributeType>ixz</AttributeType><IsRequired>true</IsRequired><Value i:type="a:double" xmlns:a="http://www.w3.org/2001/XMLSchema">3.2419186658268075E-23</Value></Attribute><Attribute z:Id="i281"><AttributeType>iyy</AttributeType><IsRequired>true</IsRequired><Value i:type="a:double" xmlns:a="http://www.w3.org/2001/XMLSchema">2.17176063753241E-07</Value></Attribute><Attribute z:Id="i282"><AttributeType>iyz</AttributeType><IsRequired>true</IsRequired><Value i:type="a:double" xmlns:a="http://www.w3.org/2001/XMLSchema">2.5529250701531715E-10</Value></Attribute><Attribute z:Id="i283"><AttributeType>izz</AttributeType><IsRequired>true</IsRequired><Value i:type="a:double" xmlns:a="http://www.w3.org/2001/XMLSchema">5.2863938824963941E-07</Value></Attribute></Attributes><ChildElements/><ElementName>inertia</ElementName><required>false</required><IxxAttribute z:Ref="i278"/><IxyAttribute z:Ref="i279"/><IxzAttribute z:Ref="i280"/><IyyAttribute z:Ref="i281"/><IyzAttribute z:Ref="i282"/><IzzAttribute z:Ref="i283"/></URDFElement></ChildElements><ElementName>inertial</ElementName><required>false</required><Inertia z:Ref="i277"/><Mass z:Ref="i275"/><Origin z:Ref="i272"/></URDFElement><URDFElement z:Id="i284" i:type="Visual"><Attributes/><ChildElements><URDFElement z:Id="i285" i:type="Origin"><Attributes><Attribute z:Id="i286"><AttributeType>xyz</AttributeType><IsRequired>true</IsRequired><Value i:type="a:ArrayOfdouble" xmlns:a="http://schemas.microsoft.com/2003/10/Serialization/Arrays"><a:double>0</a:double><a:double>0</a:double><a:double>0</a:double></Value></Attribute><Attribute z:Id="i287"><AttributeType>rpy</AttributeType><IsRequired>true</IsRequired><Value i:type="a:ArrayOfdouble" xmlns:a="http://schemas.microsoft.com/2003/10/Serialization/Arrays"><a:double>0</a:double><a:double>0</a:double><a:double>0</a:double></Value></Attribute></Attributes><ChildElements/><ElementName>origin</ElementName><required>false</required><RPYAttribute z:Ref="i287"/><XYZAttribute z:Ref="i286"/><isCustomized>false</isCustomized></URDFElement><URDFElement z:Id="i288" i:type="Geometry"><Attributes/><ChildElements><URDFElement z:Id="i289" i:type="Mesh"><Attributes><Attribute z:Id="i290"><AttributeType>filename</AttributeType><IsRequired>true</IsRequired><Value i:nil="true"/></Attribute></Attributes><ChildElements/><ElementName>mesh</ElementName><required>false</required><FilenameAttribute z:Ref="i290"/></URDFElement></ChildElements><ElementName>geometry</ElementName><required>true</required><Mesh z:Ref="i289"/></URDFElement><URDFElement z:Id="i291" i:type="Material"><Attributes><Attribute z:Id="i292"><AttributeType>name</AttributeType><IsRequired>true</IsRequired><Value i:type="a:string" xmlns:a="http://www.w3.org/2001/XMLSchema"/></Attribute></Attributes><ChildElements><URDFElement z:Id="i293" i:type="Color"><Attributes><Attribute z:Id="i294"><AttributeType>rgba</AttributeType><IsRequired>true</IsRequired><Value i:type="a:ArrayOfdouble" xmlns:a="http://schemas.microsoft.com/2003/10/Serialization/Arrays"><a:double>0.792156862745098</a:double><a:double>0.81960784313725488</a:double><a:double>0.93333333333333335</a:double><a:double>1</a:double></Value></Attribute></Attributes><ChildElements/><ElementName>color</ElementName><required>false</required><RGBAAttribute z:Ref="i294"/></URDFElement><URDFElement z:Id="i295" i:type="Texture"><Attributes><Attribute z:Id="i296"><AttributeType>filename</AttributeType><IsRequired>true</IsRequired><Value i:nil="true"/></Attribute></Attributes><ChildElements/><ElementName>texture</ElementName><required>false</required><FilenameAttribute z:Ref="i296"/><wFilename/></URDFElement></ChildElements><ElementName>material</ElementName><required>false</required><Color z:Ref="i293"/><NameAttribute z:Ref="i292"/><Texture z:Ref="i295"/></URDFElement></ChildElements><ElementName>visual</ElementName><required>false</required><Geometry z:Ref="i288"/><Material z:Ref="i291"/><Origin z:Ref="i285"/></URDFElement><URDFElement z:Id="i297" i:type="Collision"><Attributes/><ChildElements><URDFElement z:Id="i298" i:type="Origin"><Attributes><Attribute z:Id="i299"><AttributeType>xyz</AttributeType><IsRequired>true</IsRequired><Value i:type="a:ArrayOfdouble" xmlns:a="http://schemas.microsoft.com/2003/10/Serialization/Arrays"><a:double>0</a:double><a:double>0</a:double><a:double>0</a:double></Value></Attribute><Attribute z:Id="i300"><AttributeType>rpy</AttributeType><IsRequired>true</IsRequired><Value i:type="a:ArrayOfdouble" xmlns:a="http://schemas.microsoft.com/2003/10/Serialization/Arrays"><a:double>0</a:double><a:double>0</a:double><a:double>0</a:double></Value></Attribute></Attributes><ChildElements/><ElementName>origin</ElementName><required>false</required><RPYAttribute z:Ref="i300"/><XYZAttribute z:Ref="i299"/><isCustomized>false</isCustomized></URDFElement><URDFElement z:Id="i301" i:type="Geometry"><Attributes/><ChildElements><URDFElement z:Id="i302" i:type="Mesh"><Attributes><Attribute z:Id="i303"><AttributeType>filename</AttributeType><IsRequired>true</IsRequired><Value i:nil="true"/></Attribute></Attributes><ChildElements/><ElementName>mesh</ElementName><required>false</required><FilenameAttribute z:Ref="i303"/></URDFElement></ChildElements><ElementName>geometry</ElementName><required>true</required><Mesh z:Ref="i302"/></URDFElement></ChildElements><ElementName>collision</ElementName><required>false</required><Geometry z:Ref="i301"/><Origin z:Ref="i298"/></URDFElement><URDFElement z:Id="i304" i:type="Joint"><Attributes><Attribute z:Id="i305"><AttributeType>name</AttributeType><IsRequired>true</IsRequired><Value i:type="a:string" xmlns:a="http://www.w3.org/2001/XMLSchema">Ballback_joint</Value></Attribute><Attribute z:Id="i306"><AttributeType>type</AttributeType><IsRequired>true</IsRequired><Value i:type="a:string" xmlns:a="http://www.w3.org/2001/XMLSchema">fixed</Value></Attribute></Attributes><ChildElements><URDFElement z:Id="i307" i:type="Origin"><Attributes><Attribute z:Id="i308"><AttributeType>xyz</AttributeType><IsRequired>true</IsRequired><Value i:type="a:ArrayOfdouble" xmlns:a="http://schemas.microsoft.com/2003/10/Serialization/Arrays"><a:double>-0.07540439175433207</a:double><a:double>-0.00018349405514943296</a:double><a:double>-0.00090000000000049069</a:double></Value></Attribute><Attribute z:Id="i309"><AttributeType>rpy</AttributeType><IsRequired>true</IsRequired><Value i:type="a:ArrayOfdouble" xmlns:a="http://schemas.microsoft.com/2003/10/Serialization/Arrays"><a:double>0</a:double><a:double>0</a:double><a:double>0</a:double></Value></Attribute></Attributes><ChildElements/><ElementName>origin</ElementName><required>false</required><RPYAttribute z:Ref="i309"/><XYZAttribute z:Ref="i308"/><isCustomized>false</isCustomized></URDFElement><URDFElement z:Id="i310" i:type="ParentLink"><Attributes><Attribute z:Id="i311"><AttributeType>link</AttributeType><IsRequired>true</IsRequired><Value i:type="a:string" xmlns:a="http://www.w3.org/2001/XMLSchema">base_link</Value></Attribute></Attributes><ChildElements/><ElementName>parent</ElementName><required>true</required><NameAttribute z:Ref="i311"/></URDFElement><URDFElement z:Id="i312" i:type="ChildLink"><Attributes><Attribute z:Id="i313"><AttributeType>link</AttributeType><IsRequired>true</IsRequired><Value i:type="a:string" xmlns:a="http://www.w3.org/2001/XMLSchema">Ball_back_link</Value></Attribute></Attributes><ChildElements/><ElementName>child</ElementName><required>true</required><NameAttribute z:Ref="i313"/></URDFElement><URDFElement z:Id="i314" i:type="Axis"><Attributes><Attribute z:Id="i315"><AttributeType>xyz</AttributeType><IsRequired>true</IsRequired><Value i:type="a:ArrayOfdouble" xmlns:a="http://schemas.microsoft.com/2003/10/Serialization/Arrays"><a:double>0</a:double><a:double>0</a:double><a:double>0</a:double></Value></Attribute></Attributes><ChildElements/><ElementName>axis</ElementName><required>false</required><XYZAttribute z:Ref="i315"/></URDFElement><URDFElement z:Id="i316" i:type="Limit"><Attributes><Attribute z:Id="i317"><AttributeType>lower</AttributeType><IsRequired>false</IsRequired><Value i:nil="true"/></Attribute><Attribute z:Id="i318"><AttributeType>upper</AttributeType><IsRequired>false</IsRequired><Value i:nil="true"/></Attribute><Attribute z:Id="i319"><AttributeType>effort</AttributeType><IsRequired>true</IsRequired><Value i:nil="true"/></Attribute><Attribute z:Id="i320"><AttributeType>velocity</AttributeType><IsRequired>true</IsRequired><Value i:nil="true"/></Attribute></Attributes><ChildElements/><ElementName>limit</ElementName><required>false</required><EffortAttribute z:Ref="i319"/><LowerAttribute z:Ref="i317"/><UpperAttribute z:Ref="i318"/><VelocityAttribute z:Ref="i320"/></URDFElement><URDFElement z:Id="i321" i:type="Calibration"><Attributes><Attribute z:Id="i322"><AttributeType>rising</AttributeType><IsRequired>false</IsRequired><Value i:nil="true"/></Attribute><Attribute z:Id="i323"><AttributeType>falling</AttributeType><IsRequired>false</IsRequired><Value i:nil="true"/></Attribute></Attributes><ChildElements/><ElementName>calibration</ElementName><required>false</required><FallingAttribute z:Ref="i323"/><RisingAttribute z:Ref="i322"/></URDFElement><URDFElement z:Id="i324" i:type="Dynamics"><Attributes><Attribute z:Id="i325"><AttributeType>damping</AttributeType><IsRequired>false</IsRequired><Value i:nil="true"/></Attribute><Attribute z:Id="i326"><AttributeType>friction</AttributeType><IsRequired>false</IsRequired><Value i:nil="true"/></Attribute></Attributes><ChildElements/><ElementName>dynamics</ElementName><required>false</required><DampingAttribute z:Ref="i325"/><FrictionAttribute z:Ref="i326"/></URDFElement><URDFElement z:Id="i327" i:type="SafetyController"><Attributes><Attribute z:Id="i328"><AttributeType>soft_upper_limit</AttributeType><IsRequired>false</IsRequired><Value i:nil="true"/></Attribute><Attribute z:Id="i329"><AttributeType>soft_lower_limit</AttributeType><IsRequired>false</IsRequired><Value i:nil="true"/></Attribute><Attribute z:Id="i330"><AttributeType>k_position</AttributeType><IsRequired>false</IsRequired><Value i:nil="true"/></Attribute><Attribute z:Id="i331"><AttributeType>k_velocity</AttributeType><IsRequired>true</IsRequired><Value i:nil="true"/></Attribute></Attributes><ChildElements/><ElementName>safety_controller</ElementName><required>false</required><KPositionAttribute z:Ref="i330"/><KVelocityAttribute z:Ref="i331"/><SoftLowerAttribute z:Ref="i329"/><SoftUpperAttribute z:Ref="i328"/></URDFElement><URDFElement z:Id="i332" i:type="Mimic"><Attributes><Attribute z:Id="i333"><AttributeType>joint</AttributeType><IsRequired>true</IsRequired><Value i:nil="true"/></Attribute><Attribute z:Id="i334"><AttributeType>multiplier</AttributeType><IsRequired>false</IsRequired><Value i:nil="true"/></Attribute><Attribute z:Id="i335"><AttributeType>offset</AttributeType><IsRequired>false</IsRequired><Value i:nil="true"/></Attribute></Attributes><ChildElements/><ElementName>mimic</ElementName><required>false</required><JointNameAttribute z:Ref="i333"/><MultiplierAttribute z:Ref="i334"/><OffsetAttribute z:Ref="i335"/></URDFElement></ChildElements><ElementName>joint</ElementName><required>false</required><Axis z:Ref="i314"/><AxisName>Axis_Ballback_joint</AxisName><Calibration z:Ref="i321"/><Child z:Ref="i312"/><CoordinateSystemName>Back_origin</CoordinateSystemName><Dynamics z:Ref="i324"/><Limit z:Ref="i316"/><Mimic z:Ref="i332"/><NameAttribute z:Ref="i305"/><Origin z:Ref="i307"/><Parent z:Ref="i310"/><Safety z:Ref="i327"/><TypeAttribute z:Ref="i306"/></URDFElement></ChildElements><ElementName>link</ElementName><required>true</required><Children/><Collision z:Ref="i297"/><Inertial z:Ref="i271"/><Joint z:Ref="i304"/><NameAttribute z:Ref="i270"/><Parent z:Ref="i1"/><STLQualityFine>false</STLQualityFine><SWComponentPIDs xmlns:a="http://schemas.microsoft.com/2003/10/Serialization/Arrays"><a:base64Binary>aEIAAAUAAAD//v8uVwA0ADIAMAAgAFUAbgBpAHYAZQByAHMAYQBsACAAUwB0AGUAZQBsACAAQgBhAGwAbAAgAEMAYQBzAHQAZQByAF8AcABhAHIAdAAtADIAQABhAHMAcwBlAG0AMQAEAAAAEAAAAAEAAAABAAAA1AEAAA==</a:base64Binary><a:base64Binary>aEIAAAUAAAD//v8VVwA0ADIAMABfAHMAcABhAGMAZQByAC0AMQAzAEAAYQBzAHMAZQBtADEABAAAABAAAAABAAAAAQAAALABAAA=</a:base64Binary><a:base64Binary>aEIAAAUAAAD//v8VVwA0ADIAMABfAHMAcABhAGMAZQByAC0AMQA0AEAAYQBzAHMAZQBtADEABAAAABAAAAABAAAAAQAAALMBAAA=</a:base64Binary></SWComponentPIDs><SWMainComponentPID i:nil="true"/><Visual z:Ref="i284"/><isFixedFrame>false</isFixedFrame><isIncomplete>false</isIncomplete></Link><Link z:Id="i336"><Attributes><Attribute z:Id="i337"><AttributeType>name</AttributeType><IsRequired>true</IsRequired><Value i:type="a:string" xmlns:a="http://www.w3.org/2001/XMLSchema">Lidar_link</Value></Attribute></Attributes><ChildElements><URDFElement z:Id="i338" i:type="Inertial"><Attributes/><ChildElements><URDFElement z:Id="i339" i:type="Origin"><Attributes><Attribute z:Id="i340"><AttributeType>xyz</AttributeType><IsRequired>true</IsRequired><Value i:type="a:ArrayOfdouble" xmlns:a="http://schemas.microsoft.com/2003/10/Serialization/Arrays"><a:double>0.014841507974672083</a:double><a:double>0.00032514886455901025</a:double><a:double>-0.021153620814209073</a:double></Value></Attribute><Attribute z:Id="i341"><AttributeType>rpy</AttributeType><IsRequired>true</IsRequired><Value i:type="a:ArrayOfdouble" xmlns:a="http://schemas.microsoft.com/2003/10/Serialization/Arrays"><a:double>0</a:double><a:double>0</a:double><a:double>0</a:double></Value></Attribute></Attributes><ChildElements/><ElementName>origin</ElementName><required>false</required><RPYAttribute z:Ref="i341"/><XYZAttribute z:Ref="i340"/><isCustomized>false</isCustomized></URDFElement><URDFElement z:Id="i342" i:type="Mass"><Attributes><Attribute z:Id="i343"><AttributeType>value</AttributeType><IsRequired>true</IsRequired><Value i:type="a:double" xmlns:a="http://www.w3.org/2001/XMLSchema">0.031240912686574956</Value></Attribute></Attributes><ChildElements/><ElementName>mass</ElementName><required>false</required><ValueAttribute z:Ref="i343"/></URDFElement><URDFElement z:Id="i344" i:type="Inertia"><Attributes><Attribute z:Id="i345"><AttributeType>ixx</AttributeType><IsRequired>true</IsRequired><Value i:type="a:double" xmlns:a="http://www.w3.org/2001/XMLSchema">8.877712343792878E-06</Value></Attribute><Attribute z:Id="i346"><AttributeType>ixy</AttributeType><IsRequired>true</IsRequired><Value i:type="a:double" xmlns:a="http://www.w3.org/2001/XMLSchema">-1.3131458523807686E-07</Value></Attribute><Attribute z:Id="i347"><AttributeType>ixz</AttributeType><IsRequired>true</IsRequired><Value i:type="a:double" xmlns:a="http://www.w3.org/2001/XMLSchema">1.1330956165065252E-07</Value></Attribute><Attribute z:Id="i348"><AttributeType>iyy</AttributeType><IsRequired>true</IsRequired><Value i:type="a:double" xmlns:a="http://www.w3.org/2001/XMLSchema">1.4493553042305012E-05</Value></Attribute><Attribute z:Id="i349"><AttributeType>iyz</AttributeType><IsRequired>true</IsRequired><Value i:type="a:double" xmlns:a="http://www.w3.org/2001/XMLSchema">3.3673144057706031E-08</Value></Attribute><Attribute z:Id="i350"><AttributeType>izz</AttributeType><IsRequired>true</IsRequired><Value i:type="a:double" xmlns:a="http://www.w3.org/2001/XMLSchema">2.2528909808120533E-05</Value></Attribute></Attributes><ChildElements/><ElementName>inertia</ElementName><required>false</required><IxxAttribute z:Ref="i345"/><IxyAttribute z:Ref="i346"/><IxzAttribute z:Ref="i347"/><IyyAttribute z:Ref="i348"/><IyzAttribute z:Ref="i349"/><IzzAttribute z:Ref="i350"/></URDFElement></ChildElements><ElementName>inertial</ElementName><required>false</required><Inertia z:Ref="i344"/><Mass z:Ref="i342"/><Origin z:Ref="i339"/></URDFElement><URDFElement z:Id="i351" i:type="Visual"><Attributes/><ChildElements><URDFElement z:Id="i352" i:type="Origin"><Attributes><Attribute z:Id="i353"><AttributeType>xyz</AttributeType><IsRequired>true</IsRequired><Value i:type="a:ArrayOfdouble" xmlns:a="http://schemas.microsoft.com/2003/10/Serialization/Arrays"><a:double>0</a:double><a:double>0</a:double><a:double>0</a:double></Value></Attribute><Attribute z:Id="i354"><AttributeType>rpy</AttributeType><IsRequired>true</IsRequired><Value i:type="a:ArrayOfdouble" xmlns:a="http://schemas.microsoft.com/2003/10/Serialization/Arrays"><a:double>0</a:double><a:double>0</a:double><a:double>0</a:double></Value></Attribute></Attributes><ChildElements/><ElementName>origin</ElementName><required>false</required><RPYAttribute z:Ref="i354"/><XYZAttribute z:Ref="i353"/><isCustomized>false</isCustomized></URDFElement><URDFElement z:Id="i355" i:type="Geometry"><Attributes/><ChildElements><URDFElement z:Id="i356" i:type="Mesh"><Attributes><Attribute z:Id="i357"><AttributeType>filename</AttributeType><IsRequired>true</IsRequired><Value i:nil="true"/></Attribute></Attributes><ChildElements/><ElementName>mesh</ElementName><required>false</required><FilenameAttribute z:Ref="i357"/></URDFElement></ChildElements><ElementName>geometry</ElementName><required>true</required><Mesh z:Ref="i356"/></URDFElement><URDFElement z:Id="i358" i:type="Material"><Attributes><Attribute z:Id="i359"><AttributeType>name</AttributeType><IsRequired>true</IsRequired><Value i:type="a:string" xmlns:a="http://www.w3.org/2001/XMLSchema"/></Attribute></Attributes><ChildElements><URDFElement z:Id="i360" i:type="Color"><Attributes><Attribute z:Id="i361"><AttributeType>rgba</AttributeType><IsRequired>true</IsRequired><Value i:type="a:ArrayOfdouble" xmlns:a="http://schemas.microsoft.com/2003/10/Serialization/Arrays"><a:double>0.792156862745098</a:double><a:double>0.81960784313725488</a:double><a:double>0.93333333333333335</a:double><a:double>1</a:double></Value></Attribute></Attributes><ChildElements/><ElementName>color</ElementName><required>false</required><RGBAAttribute z:Ref="i361"/></URDFElement><URDFElement z:Id="i362" i:type="Texture"><Attributes><Attribute z:Id="i363"><AttributeType>filename</AttributeType><IsRequired>true</IsRequired><Value i:nil="true"/></Attribute></Attributes><ChildElements/><ElementName>texture</ElementName><required>false</required><FilenameAttribute z:Ref="i363"/><wFilename/></URDFElement></ChildElements><ElementName>material</ElementName><required>false</required><Color z:Ref="i360"/><NameAttribute z:Ref="i359"/><Texture z:Ref="i362"/></URDFElement></ChildElements><ElementName>visual</ElementName><required>false</required><Geometry z:Ref="i355"/><Material z:Ref="i358"/><Origin z:Ref="i352"/></URDFElement><URDFElement z:Id="i364" i:type="Collision"><Attributes/><ChildElements><URDFElement z:Id="i365" i:type="Origin"><Attributes><Attribute z:Id="i366"><AttributeType>xyz</AttributeType><IsRequired>true</IsRequired><Value i:type="a:ArrayOfdouble" xmlns:a="http://schemas.microsoft.com/2003/10/Serialization/Arrays"><a:double>0</a:double><a:double>0</a:double><a:double>0</a:double></Value></Attribute><Attribute z:Id="i367"><AttributeType>rpy</AttributeType><IsRequired>true</IsRequired><Value i:type="a:ArrayOfdouble" xmlns:a="http://schemas.microsoft.com/2003/10/Serialization/Arrays"><a:double>0</a:double><a:double>0</a:double><a:double>0</a:double></Value></Attribute></Attributes><ChildElements/><ElementName>origin</ElementName><required>false</required><RPYAttribute z:Ref="i367"/><XYZAttribute z:Ref="i366"/><isCustomized>false</isCustomized></URDFElement><URDFElement z:Id="i368" i:type="Geometry"><Attributes/><ChildElements><URDFElement z:Id="i369" i:type="Mesh"><Attributes><Attribute z:Id="i370"><AttributeType>filename</AttributeType><IsRequired>true</IsRequired><Value i:nil="true"/></Attribute></Attributes><ChildElements/><ElementName>mesh</ElementName><required>false</required><FilenameAttribute z:Ref="i370"/></URDFElement></ChildElements><ElementName>geometry</ElementName><required>true</required><Mesh z:Ref="i369"/></URDFElement></ChildElements><ElementName>collision</ElementName><required>false</required><Geometry z:Ref="i368"/><Origin z:Ref="i365"/></URDFElement><URDFElement z:Id="i371" i:type="Joint"><Attributes><Attribute z:Id="i372"><AttributeType>name</AttributeType><IsRequired>true</IsRequired><Value i:type="a:string" xmlns:a="http://www.w3.org/2001/XMLSchema">Lidar_joint</Value></Attribute><Attribute z:Id="i373"><AttributeType>type</AttributeType><IsRequired>true</IsRequired><Value i:type="a:string" xmlns:a="http://www.w3.org/2001/XMLSchema">continuous</Value></Attribute></Attributes><ChildElements><URDFElement z:Id="i374" i:type="Origin"><Attributes><Attribute z:Id="i375"><AttributeType>xyz</AttributeType><IsRequired>true</IsRequired><Value i:type="a:ArrayOfdouble" xmlns:a="http://schemas.microsoft.com/2003/10/Serialization/Arrays"><a:double>-0.0068640499973873781</a:double><a:double>-0.00013029331516768022</a:double><a:double>0.1721</a:double></Value></Attribute><Attribute z:Id="i376"><AttributeType>rpy</AttributeType><IsRequired>true</IsRequired><Value i:type="a:ArrayOfdouble" xmlns:a="http://schemas.microsoft.com/2003/10/Serialization/Arrays"><a:double>0</a:double><a:double>0</a:double><a:double>0</a:double></Value></Attribute></Attributes><ChildElements/><ElementName>origin</ElementName><required>false</required><RPYAttribute z:Ref="i376"/><XYZAttribute z:Ref="i375"/><isCustomized>false</isCustomized></URDFElement><URDFElement z:Id="i377" i:type="ParentLink"><Attributes><Attribute z:Id="i378"><AttributeType>link</AttributeType><IsRequired>true</IsRequired><Value i:type="a:string" xmlns:a="http://www.w3.org/2001/XMLSchema">base_link</Value></Attribute></Attributes><ChildElements/><ElementName>parent</ElementName><required>true</required><NameAttribute z:Ref="i378"/></URDFElement><URDFElement z:Id="i379" i:type="ChildLink"><Attributes><Attribute z:Id="i380"><AttributeType>link</AttributeType><IsRequired>true</IsRequired><Value i:type="a:string" xmlns:a="http://www.w3.org/2001/XMLSchema">Lidar_link</Value></Attribute></Attributes><ChildElements/><ElementName>child</ElementName><required>true</required><NameAttribute z:Ref="i380"/></URDFElement><URDFElement z:Id="i381" i:type="Axis"><Attributes><Attribute z:Id="i382"><AttributeType>xyz</AttributeType><IsRequired>true</IsRequired><Value i:type="a:ArrayOfdouble" xmlns:a="http://schemas.microsoft.com/2003/10/Serialization/Arrays"><a:double>0</a:double><a:double>0</a:double><a:double>1</a:double></Value></Attribute></Attributes><ChildElements/><ElementName>axis</ElementName><required>false</required><XYZAttribute z:Ref="i382"/></URDFElement><URDFElement z:Id="i383" i:type="Limit"><Attributes><Attribute z:Id="i384"><AttributeType>lower</AttributeType><IsRequired>false</IsRequired><Value i:nil="true"/></Attribute><Attribute z:Id="i385"><AttributeType>upper</AttributeType><IsRequired>false</IsRequired><Value i:nil="true"/></Attribute><Attribute z:Id="i386"><AttributeType>effort</AttributeType><IsRequired>true</IsRequired><Value i:nil="true"/></Attribute><Attribute z:Id="i387"><AttributeType>velocity</AttributeType><IsRequired>true</IsRequired><Value i:nil="true"/></Attribute></Attributes><ChildElements/><ElementName>limit</ElementName><required>false</required><EffortAttribute z:Ref="i386"/><LowerAttribute z:Ref="i384"/><UpperAttribute z:Ref="i385"/><VelocityAttribute z:Ref="i387"/></URDFElement><URDFElement z:Id="i388" i:type="Calibration"><Attributes><Attribute z:Id="i389"><AttributeType>rising</AttributeType><IsRequired>false</IsRequired><Value i:nil="true"/></Attribute><Attribute z:Id="i390"><AttributeType>falling</AttributeType><IsRequired>false</IsRequired><Value i:nil="true"/></Attribute></Attributes><ChildElements/><ElementName>calibration</ElementName><required>false</required><FallingAttribute z:Ref="i390"/><RisingAttribute z:Ref="i389"/></URDFElement><URDFElement z:Id="i391" i:type="Dynamics"><Attributes><Attribute z:Id="i392"><AttributeType>damping</AttributeType><IsRequired>false</IsRequired><Value i:nil="true"/></Attribute><Attribute z:Id="i393"><AttributeType>friction</AttributeType><IsRequired>false</IsRequired><Value i:nil="true"/></Attribute></Attributes><ChildElements/><ElementName>dynamics</ElementName><required>false</required><DampingAttribute z:Ref="i392"/><FrictionAttribute z:Ref="i393"/></URDFElement><URDFElement z:Id="i394" i:type="SafetyController"><Attributes><Attribute z:Id="i395"><AttributeType>soft_upper_limit</AttributeType><IsRequired>false</IsRequired><Value i:nil="true"/></Attribute><Attribute z:Id="i396"><AttributeType>soft_lower_limit</AttributeType><IsRequired>false</IsRequired><Value i:nil="true"/></Attribute><Attribute z:Id="i397"><AttributeType>k_position</AttributeType><IsRequired>false</IsRequired><Value i:nil="true"/></Attribute><Attribute z:Id="i398"><AttributeType>k_velocity</AttributeType><IsRequired>true</IsRequired><Value i:nil="true"/></Attribute></Attributes><ChildElements/><ElementName>safety_controller</ElementName><required>false</required><KPositionAttribute z:Ref="i397"/><KVelocityAttribute z:Ref="i398"/><SoftLowerAttribute z:Ref="i396"/><SoftUpperAttribute z:Ref="i395"/></URDFElement><URDFElement z:Id="i399" i:type="Mimic"><Attributes><Attribute z:Id="i400"><AttributeType>joint</AttributeType><IsRequired>true</IsRequired><Value i:nil="true"/></Attribute><Attribute z:Id="i401"><AttributeType>multiplier</AttributeType><IsRequired>false</IsRequired><Value i:nil="true"/></Attribute><Attribute z:Id="i402"><AttributeType>offset</AttributeType><IsRequired>false</IsRequired><Value i:nil="true"/></Attribute></Attributes><ChildElements/><ElementName>mimic</ElementName><required>false</required><JointNameAttribute z:Ref="i400"/><MultiplierAttribute z:Ref="i401"/><OffsetAttribute z:Ref="i402"/></URDFElement></ChildElements><ElementName>joint</ElementName><required>false</required><Axis z:Ref="i381"/><AxisName>lidar_axis</AxisName><Calibration z:Ref="i388"/><Child z:Ref="i379"/><CoordinateSystemName>lidar_origin</CoordinateSystemName><Dynamics z:Ref="i391"/><Limit z:Ref="i383"/><Mimic z:Ref="i399"/><NameAttribute z:Ref="i372"/><Origin z:Ref="i374"/><Parent z:Ref="i377"/><Safety z:Ref="i394"/><TypeAttribute z:Ref="i373"/></URDFElement></ChildElements><ElementName>link</ElementName><required>true</required><Children/><Collision z:Ref="i364"/><Inertial z:Ref="i338"/><Joint z:Ref="i371"/><NameAttribute z:Ref="i337"/><Parent z:Ref="i1"/><STLQualityFine>false</STLQualityFine><SWComponentPIDs xmlns:a="http://schemas.microsoft.com/2003/10/Serialization/Arrays"><a:base64Binary>aEIAAAUAAAD//v8WWAAzAF8ATABpAGQAYQByAF8AcABhAHIAdAAtADEAQABhAHMAcwBlAG0AMQAEAAAAEAAAAAEAAAABAAAAAAIAAA==</a:base64Binary></SWComponentPIDs><SWMainComponentPID i:nil="true"/><Visual z:Ref="i351"/><isFixedFrame>false</isFixedFrame><isIncomplete>false</isIncomplete></Link><Link z:Id="i403"><Attributes><Attribute z:Id="i404"><AttributeType>name</AttributeType><IsRequired>true</IsRequired><Value i:type="a:string" xmlns:a="http://www.w3.org/2001/XMLSchema">imu_link</Value></Attribute></Attributes><ChildElements><URDFElement z:Id="i405" i:type="Inertial"><Attributes/><ChildElements><URDFElement z:Id="i406" i:type="Origin"><Attributes><Attribute z:Id="i407"><AttributeType>xyz</AttributeType><IsRequired>true</IsRequired><Value i:type="a:ArrayOfdouble" xmlns:a="http://schemas.microsoft.com/2003/10/Serialization/Arrays"><a:double>-0.00238812545770593</a:double><a:double>-0.0001572066193561289</a:double><a:double>-0.0022906513677181245</a:double></Value></Attribute><Attribute z:Id="i408"><AttributeType>rpy</AttributeType><IsRequired>true</IsRequired><Value i:type="a:ArrayOfdouble" xmlns:a="http://schemas.microsoft.com/2003/10/Serialization/Arrays"><a:double>0</a:double><a:double>0</a:double><a:double>0</a:double></Value></Attribute></Attributes><ChildElements/><ElementName>origin</ElementName><required>false</required><RPYAttribute z:Ref="i408"/><XYZAttribute z:Ref="i407"/><isCustomized>false</isCustomized></URDFElement><URDFElement z:Id="i409" i:type="Mass"><Attributes><Attribute z:Id="i410"><AttributeType>value</AttributeType><IsRequired>true</IsRequired><Value i:type="a:double" xmlns:a="http://www.w3.org/2001/XMLSchema">0.00067387693895371622</Value></Attribute></Attributes><ChildElements/><ElementName>mass</ElementName><required>false</required><ValueAttribute z:Ref="i410"/></URDFElement><URDFElement z:Id="i411" i:type="Inertia"><Attributes><Attribute z:Id="i412"><AttributeType>ixx</AttributeType><IsRequired>true</IsRequired><Value i:type="a:double" xmlns:a="http://www.w3.org/2001/XMLSchema">2.192972647974985E-08</Value></Attribute><Attribute z:Id="i413"><AttributeType>ixy</AttributeType><IsRequired>true</IsRequired><Value i:type="a:double" xmlns:a="http://www.w3.org/2001/XMLSchema">-2.8297776906548886E-14</Value></Attribute><Attribute z:Id="i414"><AttributeType>ixz</AttributeType><IsRequired>true</IsRequired><Value i:type="a:double" xmlns:a="http://www.w3.org/2001/XMLSchema">-2.6953030967525245E-14</Value></Attribute><Attribute z:Id="i415"><AttributeType>iyy</AttributeType><IsRequired>true</IsRequired><Value i:type="a:double" xmlns:a="http://www.w3.org/2001/XMLSchema">9.3345918426693785E-09</Value></Attribute><Attribute z:Id="i416"><AttributeType>iyz</AttributeType><IsRequired>true</IsRequired><Value i:type="a:double" xmlns:a="http://www.w3.org/2001/XMLSchema">-1.1632652646666621E-14</Value></Attribute><Attribute z:Id="i417"><AttributeType>izz</AttributeType><IsRequired>true</IsRequired><Value i:type="a:double" xmlns:a="http://www.w3.org/2001/XMLSchema">2.9883497839707489E-08</Value></Attribute></Attributes><ChildElements/><ElementName>inertia</ElementName><required>false</required><IxxAttribute z:Ref="i412"/><IxyAttribute z:Ref="i413"/><IxzAttribute z:Ref="i414"/><IyyAttribute z:Ref="i415"/><IyzAttribute z:Ref="i416"/><IzzAttribute z:Ref="i417"/></URDFElement></ChildElements><ElementName>inertial</ElementName><required>false</required><Inertia z:Ref="i411"/><Mass z:Ref="i409"/><Origin z:Ref="i406"/></URDFElement><URDFElement z:Id="i418" i:type="Visual"><Attributes/><ChildElements><URDFElement z:Id="i419" i:type="Origin"><Attributes><Attribute z:Id="i420"><AttributeType>xyz</AttributeType><IsRequired>true</IsRequired><Value i:type="a:ArrayOfdouble" xmlns:a="http://schemas.microsoft.com/2003/10/Serialization/Arrays"><a:double>0</a:double><a:double>0</a:double><a:double>0</a:double></Value></Attribute><Attribute z:Id="i421"><AttributeType>rpy</AttributeType><IsRequired>true</IsRequired><Value i:type="a:ArrayOfdouble" xmlns:a="http://schemas.microsoft.com/2003/10/Serialization/Arrays"><a:double>0</a:double><a:double>0</a:double><a:double>0</a:double></Value></Attribute></Attributes><ChildElements/><ElementName>origin</ElementName><required>false</required><RPYAttribute z:Ref="i421"/><XYZAttribute z:Ref="i420"/><isCustomized>false</isCustomized></URDFElement><URDFElement z:Id="i422" i:type="Geometry"><Attributes/><ChildElements><URDFElement z:Id="i423" i:type="Mesh"><Attributes><Attribute z:Id="i424"><AttributeType>filename</AttributeType><IsRequired>true</IsRequired><Value i:nil="true"/></Attribute></Attributes><ChildElements/><ElementName>mesh</ElementName><required>false</required><FilenameAttribute z:Ref="i424"/></URDFElement></ChildElements><ElementName>geometry</ElementName><required>true</required><Mesh z:Ref="i423"/></URDFElement><URDFElement z:Id="i425" i:type="Material"><Attributes><Attribute z:Id="i426"><AttributeType>name</AttributeType><IsRequired>true</IsRequired><Value i:type="a:string" xmlns:a="http://www.w3.org/2001/XMLSchema"/></Attribute></Attributes><ChildElements><URDFElement z:Id="i427" i:type="Color"><Attributes><Attribute z:Id="i428"><AttributeType>rgba</AttributeType><IsRequired>true</IsRequired><Value i:type="a:ArrayOfdouble" xmlns:a="http://schemas.microsoft.com/2003/10/Serialization/Arrays"><a:double>0.792156862745098</a:double><a:double>0.81960784313725488</a:double><a:double>0.93333333333333335</a:double><a:double>1</a:double></Value></Attribute></Attributes><ChildElements/><ElementName>color</ElementName><required>false</required><RGBAAttribute z:Ref="i428"/></URDFElement><URDFElement z:Id="i429" i:type="Texture"><Attributes><Attribute z:Id="i430"><AttributeType>filename</AttributeType><IsRequired>true</IsRequired><Value i:nil="true"/></Attribute></Attributes><ChildElements/><ElementName>texture</ElementName><required>false</required><FilenameAttribute z:Ref="i430"/><wFilename/></URDFElement></ChildElements><ElementName>material</ElementName><required>false</required><Color z:Ref="i427"/><NameAttribute z:Ref="i426"/><Texture z:Ref="i429"/></URDFElement></ChildElements><ElementName>visual</ElementName><required>false</required><Geometry z:Ref="i422"/><Material z:Ref="i425"/><Origin z:Ref="i419"/></URDFElement><URDFElement z:Id="i431" i:type="Collision"><Attributes/><ChildElements><URDFElement z:Id="i432" i:type="Origin"><Attributes><Attribute z:Id="i433"><AttributeType>xyz</AttributeType><IsRequired>true</IsRequired><Value i:type="a:ArrayOfdouble" xmlns:a="http://schemas.microsoft.com/2003/10/Serialization/Arrays"><a:double>0</a:double><a:double>0</a:double><a:double>0</a:double></Value></Attribute><Attribute z:Id="i434"><AttributeType>rpy</AttributeType><IsRequired>true</IsRequired><Value i:type="a:ArrayOfdouble" xmlns:a="http://schemas.microsoft.com/2003/10/Serialization/Arrays"><a:double>0</a:double><a:double>0</a:double><a:double>0</a:double></Value></Attribute></Attributes><ChildElements/><ElementName>origin</ElementName><required>false</required><RPYAttribute z:Ref="i434"/><XYZAttribute z:Ref="i433"/><isCustomized>false</isCustomized></URDFElement><URDFElement z:Id="i435" i:type="Geometry"><Attributes/><ChildElements><URDFElement z:Id="i436" i:type="Mesh"><Attributes><Attribute z:Id="i437"><AttributeType>filename</AttributeType><IsRequired>true</IsRequired><Value i:nil="true"/></Attribute></Attributes><ChildElements/><ElementName>mesh</ElementName><required>false</required><FilenameAttribute z:Ref="i437"/></URDFElement></ChildElements><ElementName>geometry</ElementName><required>true</required><Mesh z:Ref="i436"/></URDFElement></ChildElements><ElementName>collision</ElementName><required>false</required><Geometry z:Ref="i435"/><Origin z:Ref="i432"/></URDFElement><URDFElement z:Id="i438" i:type="Joint"><Attributes><Attribute z:Id="i439"><AttributeType>name</AttributeType><IsRequired>true</IsRequired><Value i:type="a:string" xmlns:a="http://www.w3.org/2001/XMLSchema">imu_joint</Value></Attribute><Attribute z:Id="i440"><AttributeType>type</AttributeType><IsRequired>true</IsRequired><Value i:type="a:string" xmlns:a="http://www.w3.org/2001/XMLSchema">fixed</Value></Attribute></Attributes><ChildElements><URDFElement z:Id="i441" i:type="Origin"><Attributes><Attribute z:Id="i442"><AttributeType>xyz</AttributeType><IsRequired>true</IsRequired><Value i:type="a:ArrayOfdouble" xmlns:a="http://schemas.microsoft.com/2003/10/Serialization/Arrays"><a:double>-0.00494016789724259</a:double><a:double>-0.036990916273756426</a:double><a:double>0.11451999998799492</a:double></Value></Attribute><Attribute z:Id="i443"><AttributeType>rpy</AttributeType><IsRequired>true</IsRequired><Value i:type="a:ArrayOfdouble" xmlns:a="http://schemas.microsoft.com/2003/10/Serialization/Arrays"><a:double>0</a:double><a:double>0</a:double><a:double>0</a:double></Value></Attribute></Attributes><ChildElements/><ElementName>origin</ElementName><required>false</required><RPYAttribute z:Ref="i443"/><XYZAttribute z:Ref="i442"/><isCustomized>false</isCustomized></URDFElement><URDFElement z:Id="i444" i:type="ParentLink"><Attributes><Attribute z:Id="i445"><AttributeType>link</AttributeType><IsRequired>true</IsRequired><Value i:type="a:string" xmlns:a="http://www.w3.org/2001/XMLSchema">base_link</Value></Attribute></Attributes><ChildElements/><ElementName>parent</ElementName><required>true</required><NameAttribute z:Ref="i445"/></URDFElement><URDFElement z:Id="i446" i:type="ChildLink"><Attributes><Attribute z:Id="i447"><AttributeType>link</AttributeType><IsRequired>true</IsRequired><Value i:type="a:string" xmlns:a="http://www.w3.org/2001/XMLSchema">imu_link</Value></Attribute></Attributes><ChildElements/><ElementName>child</ElementName><required>true</required><NameAttribute z:Ref="i447"/></URDFElement><URDFElement z:Id="i448" i:type="Axis"><Attributes><Attribute z:Id="i449"><AttributeType>xyz</AttributeType><IsRequired>true</IsRequired><Value i:type="a:ArrayOfdouble" xmlns:a="http://schemas.microsoft.com/2003/10/Serialization/Arrays"><a:double>0</a:double><a:double>0</a:double><a:double>0</a:double></Value></Attribute></Attributes><ChildElements/><ElementName>axis</ElementName><required>false</required><XYZAttribute z:Ref="i449"/></URDFElement><URDFElement z:Id="i450" i:type="Limit"><Attributes><Attribute z:Id="i451"><AttributeType>lower</AttributeType><IsRequired>false</IsRequired><Value i:nil="true"/></Attribute><Attribute z:Id="i452"><AttributeType>upper</AttributeType><IsRequired>false</IsRequired><Value i:nil="true"/></Attribute><Attribute z:Id="i453"><AttributeType>effort</AttributeType><IsRequired>true</IsRequired><Value i:nil="true"/></Attribute><Attribute z:Id="i454"><AttributeType>velocity</AttributeType><IsRequired>true</IsRequired><Value i:nil="true"/></Attribute></Attributes><ChildElements/><ElementName>limit</ElementName><required>false</required><EffortAttribute z:Ref="i453"/><LowerAttribute z:Ref="i451"/><UpperAttribute z:Ref="i452"/><VelocityAttribute z:Ref="i454"/></URDFElement><URDFElement z:Id="i455" i:type="Calibration"><Attributes><Attribute z:Id="i456"><AttributeType>rising</AttributeType><IsRequired>false</IsRequired><Value i:nil="true"/></Attribute><Attribute z:Id="i457"><AttributeType>falling</AttributeType><IsRequired>false</IsRequired><Value i:nil="true"/></Attribute></Attributes><ChildElements/><ElementName>calibration</ElementName><required>false</required><FallingAttribute z:Ref="i457"/><RisingAttribute z:Ref="i456"/></URDFElement><URDFElement z:Id="i458" i:type="Dynamics"><Attributes><Attribute z:Id="i459"><AttributeType>damping</AttributeType><IsRequired>false</IsRequired><Value i:nil="true"/></Attribute><Attribute z:Id="i460"><AttributeType>friction</AttributeType><IsRequired>false</IsRequired><Value i:nil="true"/></Attribute></Attributes><ChildElements/><ElementName>dynamics</ElementName><required>false</required><DampingAttribute z:Ref="i459"/><FrictionAttribute z:Ref="i460"/></URDFElement><URDFElement z:Id="i461" i:type="SafetyController"><Attributes><Attribute z:Id="i462"><AttributeType>soft_upper_limit</AttributeType><IsRequired>false</IsRequired><Value i:nil="true"/></Attribute><Attribute z:Id="i463"><AttributeType>soft_lower_limit</AttributeType><IsRequired>false</IsRequired><Value i:nil="true"/></Attribute><Attribute z:Id="i464"><AttributeType>k_position</AttributeType><IsRequired>false</IsRequired><Value i:nil="true"/></Attribute><Attribute z:Id="i465"><AttributeType>k_velocity</AttributeType><IsRequired>true</IsRequired><Value i:nil="true"/></Attribute></Attributes><ChildElements/><ElementName>safety_controller</ElementName><required>false</required><KPositionAttribute z:Ref="i464"/><KVelocityAttribute z:Ref="i465"/><SoftLowerAttribute z:Ref="i463"/><SoftUpperAttribute z:Ref="i462"/></URDFElement><URDFElement z:Id="i466" i:type="Mimic"><Attributes><Attribute z:Id="i467"><AttributeType>joint</AttributeType><IsRequired>true</IsRequired><Value i:nil="true"/></Attribute><Attribute z:Id="i468"><AttributeType>multiplier</AttributeType><IsRequired>false</IsRequired><Value i:nil="true"/></Attribute><Attribute z:Id="i469"><AttributeType>offset</AttributeType><IsRequired>false</IsRequired><Value i:nil="true"/></Attribute></Attributes><ChildElements/><ElementName>mimic</ElementName><required>false</required><JointNameAttribute z:Ref="i467"/><MultiplierAttribute z:Ref="i468"/><OffsetAttribute z:Ref="i469"/></URDFElement></ChildElements><ElementName>joint</ElementName><required>false</required><Axis z:Ref="i448"/><AxisName>Axis_imu_joint</AxisName><Calibration z:Ref="i455"/><Child z:Ref="i446"/><CoordinateSystemName>imu_origin</CoordinateSystemName><Dynamics z:Ref="i458"/><Limit z:Ref="i450"/><Mimic z:Ref="i466"/><NameAttribute z:Ref="i439"/><Origin z:Ref="i441"/><Parent z:Ref="i444"/><Safety z:Ref="i461"/><TypeAttribute z:Ref="i440"/></URDFElement></ChildElements><ElementName>link</ElementName><required>true</required><Children/><Collision z:Ref="i431"/><Inertial z:Ref="i405"/><Joint z:Ref="i438"/><NameAttribute z:Ref="i404"/><Parent z:Ref="i1"/><STLQualityFine>false</STLQualityFine><SWComponentPIDs xmlns:a="http://schemas.microsoft.com/2003/10/Serialization/Arrays"><a:base64Binary>aEIAAAUAAAD//v8VTQBQAFUANgAwADUAMABfAG4AdQBkAGUALQAxAEAAYQBzAHMAZQBtADEABAAAABAAAAABAAAAAQAAAPwBAAA=</a:base64Binary></SWComponentPIDs><SWMainComponentPID i:nil="true"/><Visual z:Ref="i418"/><isFixedFrame>false</isFixedFrame><isIncomplete>false</isIncomplete></Link></Children><Collision z:Ref="i29"/><Inertial z:Ref="i3"/><Joint z:Ref="i36"/><NameAttribute z:Ref="i2"/><Parent i:nil="true"/><STLQualityFine>false</STLQualityFine><SWComponentPIDs xmlns:a="http://schemas.microsoft.com/2003/10/Serialization/Arrays"><a:base64Binary>aEIAAAUAAAD//v8ScgBiAG8AdABfAGIAYQBzAGUALQAxAEAAYQBzAHMAZQBtADEABAAAABAAAAABAAAAAQAAABgAAAA=</a:base64Binary><a:base64Binary>aEIAAAUAAAD//v8sYwB1AG0ATQBvAHQAbwByAC0AMgBAAGEAcwBzAGUAbQAxAC8ASgBHAEEAMgA1AC0AMwA3ADEALQBtAG8AdQBuAHQALQAxAEAAYwB1AG0ATQBvAHQAbwByAAQAAAAQAAAAAQAAAAIAAAAdAAAAHAAAAA==</a:base64Binary><a:base64Binary>aEIAAAUAAAD//v83YwB1AG0ATQBvAHQAbwByAC0AMgBAAGEAcwBzAGUAbQAxAC8ASgBHAEEAMgA1AC0AMwA3ADEAXwAxADIAVgBEAEMAXwAyADUAMABSAFAATQAuAHMAdABwAC0AMQBAAGMAdQBtAE0AbwB0AG8AcgAEAAAAEAAAAAEAAAACAAAAHQAAABkAAAA=</a:base64Binary><a:base64Binary>aEIAAAUAAAD//v8sYwB1AG0ATQBvAHQAbwByAC0AMQBAAGEAcwBzAGUAbQAxAC8ASgBHAEEAMgA1AC0AMwA3ADEALQBtAG8AdQBuAHQALQAxAEAAYwB1AG0ATQBvAHQAbwByAAQAAAAQAAAAAQAAAAIAAAAZAAAAHAAAAA==</a:base64Binary><a:base64Binary>aEIAAAUAAAD//v83YwB1AG0ATQBvAHQAbwByAC0AMQBAAGEAcwBzAGUAbQAxAC8ASgBHAEEAMgA1AC0AMwA3ADEAXwAxADIAVgBEAEMAXwAyADUAMABSAFAATQAuAHMAdABwAC0AMQBAAGMAdQBtAE0AbwB0AG8AcgAEAAAAEAAAAAEAAAACAAAAGQAAABkAAAA=</a:base64Binary><a:base64Binary>aEIAAAUAAAD//v8UcgBiAG8AdABfAGwAYQB5AGUAcgAxAC0AMgBAAGEAcwBzAGUAbQAxAAQAAAAQAAAAAQAAAAEAAABtAAAA</a:base64Binary><a:base64Binary>aEIAAAUAAAD//v8tQQBiAHMAdABhAG4AZABoAGEAbAB0AGUAcgAgAE0AMwAgAEkARwAtAEEARwAgADMAMABtAG0AKwA2AG0AbQAgAHAAYQByAHQALQA3AEAAYQBzAHMAZQBtADEABAAAABAAAAABAAAAAQAAAEEBAAA=</a:base64Binary><a:base64Binary>aEIAAAUAAAD//v8tQQBiAHMAdABhAG4AZABoAGEAbAB0AGUAcgAgAE0AMwAgAEkARwAtAEEARwAgADMAMABtAG0AKwA2AG0AbQAgAHAAYQByAHQALQA4AEAAYQBzAHMAZQBtADEABAAAABAAAAABAAAAAQAAAEQBAAA=</a:base64Binary><a:base64Binary>aEIAAAUAAAD//v8UcgBiAG8AdABfAGwAYQB5AGUAcgAzAC0AMQBAAGEAcwBzAGUAbQAxAAQAAAAQAAAAAQAAAAEAAABxAAAA</a:base64Binary><a:base64Binary>aEIAAAUAAAD//v8tQQBiAHMAdABhAG4AZABoAGEAbAB0AGUAcgAgAE0AMwAgAEkARwAtAEEARwAgADMAMABtAG0AKwA2AG0AbQAgAHAAYQByAHQALQAzAEAAYQBzAHMAZQBtADEABAAAABAAAAABAAAAAQAAADIBAAA=</a:base64Binary><a:base64Binary>aEIAAAUAAAD//v8UcgBiAG8AdABfAGwAYQB5AGUAcgAyAC0AMQBAAGEAcwBzAGUAbQAxAAQAAAAQAAAAAQAAAAEAAACCAAAA</a:base64Binary><a:base64Binary>aEIAAAUAAAD//v8tQQBiAHMAdABhAG4AZABoAGEAbAB0AGUAcgAgAE0AMwAgAEkARwAtAEEARwAgADMAMABtAG0AKwA2AG0AbQAgAHAAYQByAHQALQA0AEAAYQBzAHMAZQBtADEABAAAABAAAAABAAAAAQAAADUBAAA=</a:base64Binary><a:base64Binary>aEIAAAUAAAD//v8tQQBiAHMAdABhAG4AZABoAGEAbAB0AGUAcgAgAE0AMwAgAEkARwAtAEEARwAgADUAMABtAG0AKwA2AG0AbQAgAHAAYQByAHQALQAzAEAAYQBzAHMAZQBtADEABAAAABAAAAABAAAAAQAAACABAAA=</a:base64Binary><a:base64Binary>aEIAAAUAAAD//v8tQQBiAHMAdABhAG4AZABoAGEAbAB0AGUAcgAgAE0AMwAgAEkARwAtAEEARwAgADUAMABtAG0AKwA2AG0AbQAgAHAAYQByAHQALQAyAEAAYQBzAHMAZQBtADEABAAAABAAAAABAAAAAQAAAB0BAAA=</a:base64Binary><a:base64Binary>aEIAAAUAAAD//v8tQQBiAHMAdABhAG4AZABoAGEAbAB0AGUAcgAgAE0AMwAgAEkARwAtAEEARwAgADUAMABtAG0AKwA2AG0AbQAgAHAAYQByAHQALQAxAEAAYQBzAHMAZQBtADEABAAAABAAAAABAAAAAQAAABoBAAA=</a:base64Binary><a:base64Binary>aEIAAAUAAAD//v8tQQBiAHMAdABhAG4AZABoAGEAbAB0AGUAcgAgAE0AMwAgAEkARwAtAEEARwAgADMAMABtAG0AKwA2AG0AbQAgAHAAYQByAHQALQAyAEAAYQBzAHMAZQBtADEABAAAABAAAAABAAAAAQAAAC8BAAA=</a:base64Binary><a:base64Binary>aEIAAAUAAAD//v8tQQBiAHMAdABhAG4AZABoAGEAbAB0AGUAcgAgAE0AMwAgAEkARwAtAEEARwAgADMAMABtAG0AKwA2AG0AbQAgAHAAYQByAHQALQA2AEAAYQBzAHMAZQBtADEABAAAABAAAAABAAAAAQAAAD4BAAA=</a:base64Binary><a:base64Binary>aEIAAAUAAAD//v8tQQBiAHMAdABhAG4AZABoAGEAbAB0AGUAcgAgAE0AMwAgAEkARwAtAEEARwAgADUAMABtAG0AKwA2AG0AbQAgAHAAYQByAHQALQA0AEAAYQBzAHMAZQBtADEABAAAABAAAAABAAAAAQAAACMBAAA=</a:base64Binary><a:base64Binary>aEIAAAUAAAD//v8tQQBiAHMAdABhAG4AZABoAGEAbAB0AGUAcgAgAE0AMwAgAEkARwAtAEEARwAgADMAMABtAG0AKwA2AG0AbQAgAHAAYQByAHQALQAxAEAAYQBzAHMAZQBtADEABAAAABAAAAABAAAAAQAAACkBAAA=</a:base64Binary><a:base64Binary>aEIAAAUAAAD//v8tQQBiAHMAdABhAG4AZABoAGEAbAB0AGUAcgAgAE0AMwAgAEkARwAtAEEARwAgADMAMABtAG0AKwA2AG0AbQAgAHAAYQByAHQALQA1AEAAYQBzAHMAZQBtADEABAAAABAAAAABAAAAAQAAADsBAAA=</a:base64Binary><a:base64Binary>aEIAAAUAAAD//v8UcgBiAG8AdABfAHcAYQBzAGgAZQByAC0ANQBAAGEAcwBzAGUAbQAxAAQAAAAQAAAAAQAAAAEAAADqAAAA</a:base64Binary><a:base64Binary>aEIAAAUAAAD//v8TTAAyADkAOABOAF8AcABhAHIAdAAtADEAQABhAHMAcwBlAG0AMQAEAAAAEAAAAAEAAAABAAAA6QAAAA==</a:base64Binary><a:base64Binary>aEIAAAUAAAD//v8UcgBiAG8AdABfAHcAYQBzAGgAZQByAC0ANgBAAGEAcwBzAGUAbQAxAAQAAAAQAAAAAQAAAAEAAADtAAAA</a:base64Binary><a:base64Binary>aEIAAAUAAAD//v8UcgBiAG8AdABfAHcAYQBzAGgAZQByAC0ANwBAAGEAcwBzAGUAbQAxAAQAAAAQAAAAAQAAAAEAAADwAAAA</a:base64Binary><a:base64Binary>aEIAAAUAAAD//v8VcgBiAG8AdABfAHcAYQBzAGgAZQByAC0AMQA0AEAAYQBzAHMAZQBtADEABAAAABAAAAABAAAAAQAAAFQBAAA=</a:base64Binary><a:base64Binary>aEIAAAUAAAD//v8VcgBiAG8AdABfAHcAYQBzAGgAZQByAC0AMQAxAEAAYQBzAHMAZQBtADEABAAAABAAAAABAAAAAQAAAEsBAAA=</a:base64Binary><a:base64Binary>aEIAAAUAAAD//v8hTABUAEMAIAAzADcAOAAwACAATQB1AGQAdQBsAGUAIAB2ADEAMQAgAHAAYQByAHQALQAxAEAAYQBzAHMAZQBtADEABAAAABAAAAABAAAAAQAAAEoBAAA=</a:base64Binary><a:base64Binary>aEIAAAUAAAD//v8VcgBiAG8AdABfAHcAYQBzAGgAZQByAC0AMQAwAEAAYQBzAHMAZQBtADEABAAAABAAAAABAAAAAQAAAPcAAAA=</a:base64Binary><a:base64Binary>aEIAAAUAAAD//v8VcgBiAG8AdABfAHcAYQBzAGgAZQByAC0AMQAzAEAAYQBzAHMAZQBtADEABAAAABAAAAABAAAAAQAAAFEBAAA=</a:base64Binary><a:base64Binary>aEIAAAUAAAD//v8VcgBiAG8AdABfAHcAYQBzAGgAZQByAC0AMQAyAEAAYQBzAHMAZQBtADEABAAAABAAAAABAAAAAQAAAE4BAAA=</a:base64Binary><a:base64Binary>aEIAAAUAAAD//v8tYQBiAHMAdABhAG4AZABoAGEAbAB0AGUAcgAgAG0AMwAgAGkAZwAtAGEAZwAgADIAMABtAG0AKwA2AG0AbQAgAHAAYQByAHQALQAxAEAAYQBzAHMAZQBtADEABAAAABAAAAABAAAAAQAAAPYBAAA=</a:base64Binary><a:base64Binary>aEIAAAUAAAD//v8tYQBiAHMAdABhAG4AZABoAGEAbAB0AGUAcgAgAG0AMwAgAGkAZwAtAGEAZwAgADIAMABtAG0AKwA2AG0AbQAgAHAAYQByAHQALQAyAEAAYQBzAHMAZQBtADEABAAAABAAAAABAAAAAQAAAPkBAAA=</a:base64Binary></SWComponentPIDs><SWMainComponentPID i:nil="true"/><Visual z:Ref="i16"/><isFixedFrame>false</isFixedFrame><isIncomplete>false</isIncomplete></Link>
2025-04-28 21:29:01,692 INFO  AssemblyExportForm.cs: 253 - Completing URDF export
2025-04-28 21:29:01,696 INFO  ConfigurationSerialization.cs: 276 - URDF Configuration found
<Link z:Id="i1" xmlns="http://schemas.datacontract.org/2004/07/SW2URDF" xmlns:i="http://www.w3.org/2001/XMLSchema-instance" xmlns:z="http://schemas.microsoft.com/2003/10/Serialization/"><Attributes><Attribute z:Id="i2"><AttributeType>name</AttributeType><IsRequired>true</IsRequired><Value i:type="a:string" xmlns:a="http://www.w3.org/2001/XMLSchema">base_link</Value></Attribute></Attributes><ChildElements><URDFElement z:Id="i3" i:type="Inertial"><Attributes/><ChildElements><URDFElement z:Id="i4" i:type="Origin"><Attributes><Attribute z:Id="i5"><AttributeType>xyz</AttributeType><IsRequired>true</IsRequired><Value i:type="a:ArrayOfdouble" xmlns:a="http://schemas.microsoft.com/2003/10/Serialization/Arrays"><a:double>-0.00029960019977723611</a:double><a:double>-0.00076406188227396213</a:double><a:double>0.053754497718263142</a:double></Value></Attribute><Attribute z:Id="i6"><AttributeType>rpy</AttributeType><IsRequired>true</IsRequired><Value i:type="a:ArrayOfdouble" xmlns:a="http://schemas.microsoft.com/2003/10/Serialization/Arrays"><a:double>0</a:double><a:double>0</a:double><a:double>0</a:double></Value></Attribute></Attributes><ChildElements/><ElementName>origin</ElementName><required>false</required><RPYAttribute z:Ref="i6"/><XYZAttribute z:Ref="i5"/><isCustomized>false</isCustomized></URDFElement><URDFElement z:Id="i7" i:type="Mass"><Attributes><Attribute z:Id="i8"><AttributeType>value</AttributeType><IsRequired>true</IsRequired><Value i:type="a:double" xmlns:a="http://www.w3.org/2001/XMLSchema">0.47490204978631079</Value></Attribute></Attributes><ChildElements/><ElementName>mass</ElementName><required>false</required><ValueAttribute z:Ref="i8"/></URDFElement><URDFElement z:Id="i9" i:type="Inertia"><Attributes><Attribute z:Id="i10"><AttributeType>ixx</AttributeType><IsRequired>true</IsRequired><Value i:type="a:double" xmlns:a="http://www.w3.org/2001/XMLSchema">0.00092332986447731728</Value></Attribute><Attribute z:Id="i11"><AttributeType>ixy</AttributeType><IsRequired>true</IsRequired><Value i:type="a:double" xmlns:a="http://www.w3.org/2001/XMLSchema">-4.4322108794820049E-08</Value></Attribute><Attribute z:Id="i12"><AttributeType>ixz</AttributeType><IsRequired>true</IsRequired><Value i:type="a:double" xmlns:a="http://www.w3.org/2001/XMLSchema">-2.4999349307871493E-07</Value></Attribute><Attribute z:Id="i13"><AttributeType>iyy</AttributeType><IsRequired>true</IsRequired><Value i:type="a:double" xmlns:a="http://www.w3.org/2001/XMLSchema">0.0007996491749280325</Value></Attribute><Attribute z:Id="i14"><AttributeType>iyz</AttributeType><IsRequired>true</IsRequired><Value i:type="a:double" xmlns:a="http://www.w3.org/2001/XMLSchema">-3.896532284019179E-09</Value></Attribute><Attribute z:Id="i15"><AttributeType>izz</AttributeType><IsRequired>true</IsRequired><Value i:type="a:double" xmlns:a="http://www.w3.org/2001/XMLSchema">0.0017130145824619599</Value></Attribute></Attributes><ChildElements/><ElementName>inertia</ElementName><required>false</required><IxxAttribute z:Ref="i10"/><IxyAttribute z:Ref="i11"/><IxzAttribute z:Ref="i12"/><IyyAttribute z:Ref="i13"/><IyzAttribute z:Ref="i14"/><IzzAttribute z:Ref="i15"/></URDFElement></ChildElements><ElementName>inertial</ElementName><required>false</required><Inertia z:Ref="i9"/><Mass z:Ref="i7"/><Origin z:Ref="i4"/></URDFElement><URDFElement z:Id="i16" i:type="Visual"><Attributes/><ChildElements><URDFElement z:Id="i17" i:type="Origin"><Attributes><Attribute z:Id="i18"><AttributeType>xyz</AttributeType><IsRequired>true</IsRequired><Value i:type="a:ArrayOfdouble" xmlns:a="http://schemas.microsoft.com/2003/10/Serialization/Arrays"><a:double>0</a:double><a:double>0</a:double><a:double>0</a:double></Value></Attribute><Attribute z:Id="i19"><AttributeType>rpy</AttributeType><IsRequired>true</IsRequired><Value i:type="a:ArrayOfdouble" xmlns:a="http://schemas.microsoft.com/2003/10/Serialization/Arrays"><a:double>0</a:double><a:double>0</a:double><a:double>0</a:double></Value></Attribute></Attributes><ChildElements/><ElementName>origin</ElementName><required>false</required><RPYAttribute z:Ref="i19"/><XYZAttribute z:Ref="i18"/><isCustomized>false</isCustomized></URDFElement><URDFElement z:Id="i20" i:type="Geometry"><Attributes/><ChildElements><URDFElement z:Id="i21" i:type="Mesh"><Attributes><Attribute z:Id="i22"><AttributeType>filename</AttributeType><IsRequired>true</IsRequired><Value i:nil="true"/></Attribute></Attributes><ChildElements/><ElementName>mesh</ElementName><required>false</required><FilenameAttribute z:Ref="i22"/></URDFElement></ChildElements><ElementName>geometry</ElementName><required>true</required><Mesh z:Ref="i21"/></URDFElement><URDFElement z:Id="i23" i:type="Material"><Attributes><Attribute z:Id="i24"><AttributeType>name</AttributeType><IsRequired>true</IsRequired><Value i:type="a:string" xmlns:a="http://www.w3.org/2001/XMLSchema"/></Attribute></Attributes><ChildElements><URDFElement z:Id="i25" i:type="Color"><Attributes><Attribute z:Id="i26"><AttributeType>rgba</AttributeType><IsRequired>true</IsRequired><Value i:type="a:ArrayOfdouble" xmlns:a="http://schemas.microsoft.com/2003/10/Serialization/Arrays"><a:double>0.792156862745098</a:double><a:double>0.81960784313725488</a:double><a:double>0.93333333333333335</a:double><a:double>1</a:double></Value></Attribute></Attributes><ChildElements/><ElementName>color</ElementName><required>false</required><RGBAAttribute z:Ref="i26"/></URDFElement><URDFElement z:Id="i27" i:type="Texture"><Attributes><Attribute z:Id="i28"><AttributeType>filename</AttributeType><IsRequired>true</IsRequired><Value i:nil="true"/></Attribute></Attributes><ChildElements/><ElementName>texture</ElementName><required>false</required><FilenameAttribute z:Ref="i28"/><wFilename/></URDFElement></ChildElements><ElementName>material</ElementName><required>false</required><Color z:Ref="i25"/><NameAttribute z:Ref="i24"/><Texture z:Ref="i27"/></URDFElement></ChildElements><ElementName>visual</ElementName><required>false</required><Geometry z:Ref="i20"/><Material z:Ref="i23"/><Origin z:Ref="i17"/></URDFElement><URDFElement z:Id="i29" i:type="Collision"><Attributes/><ChildElements><URDFElement z:Id="i30" i:type="Origin"><Attributes><Attribute z:Id="i31"><AttributeType>xyz</AttributeType><IsRequired>true</IsRequired><Value i:type="a:ArrayOfdouble" xmlns:a="http://schemas.microsoft.com/2003/10/Serialization/Arrays"><a:double>0</a:double><a:double>0</a:double><a:double>0</a:double></Value></Attribute><Attribute z:Id="i32"><AttributeType>rpy</AttributeType><IsRequired>true</IsRequired><Value i:type="a:ArrayOfdouble" xmlns:a="http://schemas.microsoft.com/2003/10/Serialization/Arrays"><a:double>0</a:double><a:double>0</a:double><a:double>0</a:double></Value></Attribute></Attributes><ChildElements/><ElementName>origin</ElementName><required>false</required><RPYAttribute z:Ref="i32"/><XYZAttribute z:Ref="i31"/><isCustomized>false</isCustomized></URDFElement><URDFElement z:Id="i33" i:type="Geometry"><Attributes/><ChildElements><URDFElement z:Id="i34" i:type="Mesh"><Attributes><Attribute z:Id="i35"><AttributeType>filename</AttributeType><IsRequired>true</IsRequired><Value i:nil="true"/></Attribute></Attributes><ChildElements/><ElementName>mesh</ElementName><required>false</required><FilenameAttribute z:Ref="i35"/></URDFElement></ChildElements><ElementName>geometry</ElementName><required>true</required><Mesh z:Ref="i34"/></URDFElement></ChildElements><ElementName>collision</ElementName><required>false</required><Geometry z:Ref="i33"/><Origin z:Ref="i30"/></URDFElement><URDFElement z:Id="i36" i:type="Joint"><Attributes><Attribute z:Id="i37"><AttributeType>name</AttributeType><IsRequired>true</IsRequired><Value i:type="a:string" xmlns:a="http://www.w3.org/2001/XMLSchema"/></Attribute><Attribute z:Id="i38"><AttributeType>type</AttributeType><IsRequired>true</IsRequired><Value i:type="a:string" xmlns:a="http://www.w3.org/2001/XMLSchema"/></Attribute></Attributes><ChildElements><URDFElement z:Id="i39" i:type="Origin"><Attributes><Attribute z:Id="i40"><AttributeType>xyz</AttributeType><IsRequired>true</IsRequired><Value i:type="a:ArrayOfdouble" xmlns:a="http://schemas.microsoft.com/2003/10/Serialization/Arrays"><a:double>0</a:double><a:double>0</a:double><a:double>0</a:double></Value></Attribute><Attribute z:Id="i41"><AttributeType>rpy</AttributeType><IsRequired>true</IsRequired><Value i:type="a:ArrayOfdouble" xmlns:a="http://schemas.microsoft.com/2003/10/Serialization/Arrays"><a:double>0</a:double><a:double>0</a:double><a:double>0</a:double></Value></Attribute></Attributes><ChildElements/><ElementName>origin</ElementName><required>false</required><RPYAttribute z:Ref="i41"/><XYZAttribute z:Ref="i40"/><isCustomized>false</isCustomized></URDFElement><URDFElement z:Id="i42" i:type="ParentLink"><Attributes><Attribute z:Id="i43"><AttributeType>link</AttributeType><IsRequired>true</IsRequired><Value i:type="a:string" xmlns:a="http://www.w3.org/2001/XMLSchema"/></Attribute></Attributes><ChildElements/><ElementName>parent</ElementName><required>true</required><NameAttribute z:Ref="i43"/></URDFElement><URDFElement z:Id="i44" i:type="ChildLink"><Attributes><Attribute z:Id="i45"><AttributeType>link</AttributeType><IsRequired>true</IsRequired><Value i:type="a:string" xmlns:a="http://www.w3.org/2001/XMLSchema"/></Attribute></Attributes><ChildElements/><ElementName>child</ElementName><required>true</required><NameAttribute z:Ref="i45"/></URDFElement><URDFElement z:Id="i46" i:type="Axis"><Attributes><Attribute z:Id="i47"><AttributeType>xyz</AttributeType><IsRequired>true</IsRequired><Value i:type="a:ArrayOfdouble" xmlns:a="http://schemas.microsoft.com/2003/10/Serialization/Arrays"><a:double>0</a:double><a:double>0</a:double><a:double>0</a:double></Value></Attribute></Attributes><ChildElements/><ElementName>axis</ElementName><required>false</required><XYZAttribute z:Ref="i47"/></URDFElement><URDFElement z:Id="i48" i:type="Limit"><Attributes><Attribute z:Id="i49"><AttributeType>lower</AttributeType><IsRequired>false</IsRequired><Value i:nil="true"/></Attribute><Attribute z:Id="i50"><AttributeType>upper</AttributeType><IsRequired>false</IsRequired><Value i:nil="true"/></Attribute><Attribute z:Id="i51"><AttributeType>effort</AttributeType><IsRequired>true</IsRequired><Value i:nil="true"/></Attribute><Attribute z:Id="i52"><AttributeType>velocity</AttributeType><IsRequired>true</IsRequired><Value i:nil="true"/></Attribute></Attributes><ChildElements/><ElementName>limit</ElementName><required>false</required><EffortAttribute z:Ref="i51"/><LowerAttribute z:Ref="i49"/><UpperAttribute z:Ref="i50"/><VelocityAttribute z:Ref="i52"/></URDFElement><URDFElement z:Id="i53" i:type="Calibration"><Attributes><Attribute z:Id="i54"><AttributeType>rising</AttributeType><IsRequired>false</IsRequired><Value i:nil="true"/></Attribute><Attribute z:Id="i55"><AttributeType>falling</AttributeType><IsRequired>false</IsRequired><Value i:nil="true"/></Attribute></Attributes><ChildElements/><ElementName>calibration</ElementName><required>false</required><FallingAttribute z:Ref="i55"/><RisingAttribute z:Ref="i54"/></URDFElement><URDFElement z:Id="i56" i:type="Dynamics"><Attributes><Attribute z:Id="i57"><AttributeType>damping</AttributeType><IsRequired>false</IsRequired><Value i:nil="true"/></Attribute><Attribute z:Id="i58"><AttributeType>friction</AttributeType><IsRequired>false</IsRequired><Value i:nil="true"/></Attribute></Attributes><ChildElements/><ElementName>dynamics</ElementName><required>false</required><DampingAttribute z:Ref="i57"/><FrictionAttribute z:Ref="i58"/></URDFElement><URDFElement z:Id="i59" i:type="SafetyController"><Attributes><Attribute z:Id="i60"><AttributeType>soft_upper_limit</AttributeType><IsRequired>false</IsRequired><Value i:nil="true"/></Attribute><Attribute z:Id="i61"><AttributeType>soft_lower_limit</AttributeType><IsRequired>false</IsRequired><Value i:nil="true"/></Attribute><Attribute z:Id="i62"><AttributeType>k_position</AttributeType><IsRequired>false</IsRequired><Value i:nil="true"/></Attribute><Attribute z:Id="i63"><AttributeType>k_velocity</AttributeType><IsRequired>true</IsRequired><Value i:nil="true"/></Attribute></Attributes><ChildElements/><ElementName>safety_controller</ElementName><required>false</required><KPositionAttribute z:Ref="i62"/><KVelocityAttribute z:Ref="i63"/><SoftLowerAttribute z:Ref="i61"/><SoftUpperAttribute z:Ref="i60"/></URDFElement><URDFElement z:Id="i64" i:type="Mimic"><Attributes><Attribute z:Id="i65"><AttributeType>joint</AttributeType><IsRequired>true</IsRequired><Value i:nil="true"/></Attribute><Attribute z:Id="i66"><AttributeType>multiplier</AttributeType><IsRequired>false</IsRequired><Value i:nil="true"/></Attribute><Attribute z:Id="i67"><AttributeType>offset</AttributeType><IsRequired>false</IsRequired><Value i:nil="true"/></Attribute></Attributes><ChildElements/><ElementName>mimic</ElementName><required>false</required><JointNameAttribute z:Ref="i65"/><MultiplierAttribute z:Ref="i66"/><OffsetAttribute z:Ref="i67"/></URDFElement></ChildElements><ElementName>joint</ElementName><required>false</required><Axis z:Ref="i46"/><AxisName/><Calibration z:Ref="i53"/><Child z:Ref="i44"/><CoordinateSystemName>Base_origin</CoordinateSystemName><Dynamics z:Ref="i56"/><Limit z:Ref="i48"/><Mimic z:Ref="i64"/><NameAttribute z:Ref="i37"/><Origin z:Ref="i39"/><Parent z:Ref="i42"/><Safety z:Ref="i59"/><TypeAttribute z:Ref="i38"/></URDFElement></ChildElements><ElementName>link</ElementName><required>true</required><Children><Link z:Id="i68"><Attributes><Attribute z:Id="i69"><AttributeType>name</AttributeType><IsRequired>true</IsRequired><Value i:type="a:string" xmlns:a="http://www.w3.org/2001/XMLSchema">R_wheel_link</Value></Attribute></Attributes><ChildElements><URDFElement z:Id="i70" i:type="Inertial"><Attributes/><ChildElements><URDFElement z:Id="i71" i:type="Origin"><Attributes><Attribute z:Id="i72"><AttributeType>xyz</AttributeType><IsRequired>true</IsRequired><Value i:type="a:ArrayOfdouble" xmlns:a="http://schemas.microsoft.com/2003/10/Serialization/Arrays"><a:double>0.00042320497311601653</a:double><a:double>0.0058199863971625243</a:double><a:double>-0.00074039490488701548</a:double></Value></Attribute><Attribute z:Id="i73"><AttributeType>rpy</AttributeType><IsRequired>true</IsRequired><Value i:type="a:ArrayOfdouble" xmlns:a="http://schemas.microsoft.com/2003/10/Serialization/Arrays"><a:double>0</a:double><a:double>0</a:double><a:double>0</a:double></Value></Attribute></Attributes><ChildElements/><ElementName>origin</ElementName><required>false</required><RPYAttribute z:Ref="i73"/><XYZAttribute z:Ref="i72"/><isCustomized>false</isCustomized></URDFElement><URDFElement z:Id="i74" i:type="Mass"><Attributes><Attribute z:Id="i75"><AttributeType>value</AttributeType><IsRequired>true</IsRequired><Value i:type="a:double" xmlns:a="http://www.w3.org/2001/XMLSchema">0.041955149555962724</Value></Attribute></Attributes><ChildElements/><ElementName>mass</ElementName><required>false</required><ValueAttribute z:Ref="i75"/></URDFElement><URDFElement z:Id="i76" i:type="Inertia"><Attributes><Attribute z:Id="i77"><AttributeType>ixx</AttributeType><IsRequired>true</IsRequired><Value i:type="a:double" xmlns:a="http://www.w3.org/2001/XMLSchema">1.838176885230077E-05</Value></Attribute><Attribute z:Id="i78"><AttributeType>ixy</AttributeType><IsRequired>true</IsRequired><Value i:type="a:double" xmlns:a="http://www.w3.org/2001/XMLSchema">-2.0387995336831777E-10</Value></Attribute><Attribute z:Id="i79"><AttributeType>ixz</AttributeType><IsRequired>true</IsRequired><Value i:type="a:double" xmlns:a="http://www.w3.org/2001/XMLSchema">-1.4937690943833876E-08</Value></Attribute><Attribute z:Id="i80"><AttributeType>iyy</AttributeType><IsRequired>true</IsRequired><Value i:type="a:double" xmlns:a="http://www.w3.org/2001/XMLSchema">3.0919329148925339E-05</Value></Attribute><Attribute z:Id="i81"><AttributeType>iyz</AttributeType><IsRequired>true</IsRequired><Value i:type="a:double" xmlns:a="http://www.w3.org/2001/XMLSchema">3.791049766652798E-10</Value></Attribute><Attribute z:Id="i82"><AttributeType>izz</AttributeType><IsRequired>true</IsRequired><Value i:type="a:double" xmlns:a="http://www.w3.org/2001/XMLSchema">1.8399979545645766E-05</Value></Attribute></Attributes><ChildElements/><ElementName>inertia</ElementName><required>false</required><IxxAttribute z:Ref="i77"/><IxyAttribute z:Ref="i78"/><IxzAttribute z:Ref="i79"/><IyyAttribute z:Ref="i80"/><IyzAttribute z:Ref="i81"/><IzzAttribute z:Ref="i82"/></URDFElement></ChildElements><ElementName>inertial</ElementName><required>false</required><Inertia z:Ref="i76"/><Mass z:Ref="i74"/><Origin z:Ref="i71"/></URDFElement><URDFElement z:Id="i83" i:type="Visual"><Attributes/><ChildElements><URDFElement z:Id="i84" i:type="Origin"><Attributes><Attribute z:Id="i85"><AttributeType>xyz</AttributeType><IsRequired>true</IsRequired><Value i:type="a:ArrayOfdouble" xmlns:a="http://schemas.microsoft.com/2003/10/Serialization/Arrays"><a:double>0</a:double><a:double>0</a:double><a:double>0</a:double></Value></Attribute><Attribute z:Id="i86"><AttributeType>rpy</AttributeType><IsRequired>true</IsRequired><Value i:type="a:ArrayOfdouble" xmlns:a="http://schemas.microsoft.com/2003/10/Serialization/Arrays"><a:double>0</a:double><a:double>0</a:double><a:double>0</a:double></Value></Attribute></Attributes><ChildElements/><ElementName>origin</ElementName><required>false</required><RPYAttribute z:Ref="i86"/><XYZAttribute z:Ref="i85"/><isCustomized>false</isCustomized></URDFElement><URDFElement z:Id="i87" i:type="Geometry"><Attributes/><ChildElements><URDFElement z:Id="i88" i:type="Mesh"><Attributes><Attribute z:Id="i89"><AttributeType>filename</AttributeType><IsRequired>true</IsRequired><Value i:nil="true"/></Attribute></Attributes><ChildElements/><ElementName>mesh</ElementName><required>false</required><FilenameAttribute z:Ref="i89"/></URDFElement></ChildElements><ElementName>geometry</ElementName><required>true</required><Mesh z:Ref="i88"/></URDFElement><URDFElement z:Id="i90" i:type="Material"><Attributes><Attribute z:Id="i91"><AttributeType>name</AttributeType><IsRequired>true</IsRequired><Value i:type="a:string" xmlns:a="http://www.w3.org/2001/XMLSchema"/></Attribute></Attributes><ChildElements><URDFElement z:Id="i92" i:type="Color"><Attributes><Attribute z:Id="i93"><AttributeType>rgba</AttributeType><IsRequired>true</IsRequired><Value i:type="a:ArrayOfdouble" xmlns:a="http://schemas.microsoft.com/2003/10/Serialization/Arrays"><a:double>0.792156862745098</a:double><a:double>0.81960784313725488</a:double><a:double>0.93333333333333335</a:double><a:double>1</a:double></Value></Attribute></Attributes><ChildElements/><ElementName>color</ElementName><required>false</required><RGBAAttribute z:Ref="i93"/></URDFElement><URDFElement z:Id="i94" i:type="Texture"><Attributes><Attribute z:Id="i95"><AttributeType>filename</AttributeType><IsRequired>true</IsRequired><Value i:nil="true"/></Attribute></Attributes><ChildElements/><ElementName>texture</ElementName><required>false</required><FilenameAttribute z:Ref="i95"/><wFilename/></URDFElement></ChildElements><ElementName>material</ElementName><required>false</required><Color z:Ref="i92"/><NameAttribute z:Ref="i91"/><Texture z:Ref="i94"/></URDFElement></ChildElements><ElementName>visual</ElementName><required>false</required><Geometry z:Ref="i87"/><Material z:Ref="i90"/><Origin z:Ref="i84"/></URDFElement><URDFElement z:Id="i96" i:type="Collision"><Attributes/><ChildElements><URDFElement z:Id="i97" i:type="Origin"><Attributes><Attribute z:Id="i98"><AttributeType>xyz</AttributeType><IsRequired>true</IsRequired><Value i:type="a:ArrayOfdouble" xmlns:a="http://schemas.microsoft.com/2003/10/Serialization/Arrays"><a:double>0</a:double><a:double>0</a:double><a:double>0</a:double></Value></Attribute><Attribute z:Id="i99"><AttributeType>rpy</AttributeType><IsRequired>true</IsRequired><Value i:type="a:ArrayOfdouble" xmlns:a="http://schemas.microsoft.com/2003/10/Serialization/Arrays"><a:double>0</a:double><a:double>0</a:double><a:double>0</a:double></Value></Attribute></Attributes><ChildElements/><ElementName>origin</ElementName><required>false</required><RPYAttribute z:Ref="i99"/><XYZAttribute z:Ref="i98"/><isCustomized>false</isCustomized></URDFElement><URDFElement z:Id="i100" i:type="Geometry"><Attributes/><ChildElements><URDFElement z:Id="i101" i:type="Mesh"><Attributes><Attribute z:Id="i102"><AttributeType>filename</AttributeType><IsRequired>true</IsRequired><Value i:nil="true"/></Attribute></Attributes><ChildElements/><ElementName>mesh</ElementName><required>false</required><FilenameAttribute z:Ref="i102"/></URDFElement></ChildElements><ElementName>geometry</ElementName><required>true</required><Mesh z:Ref="i101"/></URDFElement></ChildElements><ElementName>collision</ElementName><required>false</required><Geometry z:Ref="i100"/><Origin z:Ref="i97"/></URDFElement><URDFElement z:Id="i103" i:type="Joint"><Attributes><Attribute z:Id="i104"><AttributeType>name</AttributeType><IsRequired>true</IsRequired><Value i:type="a:string" xmlns:a="http://www.w3.org/2001/XMLSchema">Rwheel_joint</Value></Attribute><Attribute z:Id="i105"><AttributeType>type</AttributeType><IsRequired>true</IsRequired><Value i:type="a:string" xmlns:a="http://www.w3.org/2001/XMLSchema">continuous</Value></Attribute></Attributes><ChildElements><URDFElement z:Id="i106" i:type="Origin"><Attributes><Attribute z:Id="i107"><AttributeType>xyz</AttributeType><IsRequired>true</IsRequired><Value i:type="a:ArrayOfdouble" xmlns:a="http://schemas.microsoft.com/2003/10/Serialization/Arrays"><a:double>-0.00040439175433133571</a:double><a:double>-0.10525110642810885</a:double><a:double>0.025000000000000112</a:double></Value></Attribute><Attribute z:Id="i108"><AttributeType>rpy</AttributeType><IsRequired>true</IsRequired><Value i:type="a:ArrayOfdouble" xmlns:a="http://schemas.microsoft.com/2003/10/Serialization/Arrays"><a:double>0</a:double><a:double>0</a:double><a:double>0</a:double></Value></Attribute></Attributes><ChildElements/><ElementName>origin</ElementName><required>false</required><RPYAttribute z:Ref="i108"/><XYZAttribute z:Ref="i107"/><isCustomized>false</isCustomized></URDFElement><URDFElement z:Id="i109" i:type="ParentLink"><Attributes><Attribute z:Id="i110"><AttributeType>link</AttributeType><IsRequired>true</IsRequired><Value i:type="a:string" xmlns:a="http://www.w3.org/2001/XMLSchema">base_link</Value></Attribute></Attributes><ChildElements/><ElementName>parent</ElementName><required>true</required><NameAttribute z:Ref="i110"/></URDFElement><URDFElement z:Id="i111" i:type="ChildLink"><Attributes><Attribute z:Id="i112"><AttributeType>link</AttributeType><IsRequired>true</IsRequired><Value i:type="a:string" xmlns:a="http://www.w3.org/2001/XMLSchema">R_wheel_link</Value></Attribute></Attributes><ChildElements/><ElementName>child</ElementName><required>true</required><NameAttribute z:Ref="i112"/></URDFElement><URDFElement z:Id="i113" i:type="Axis"><Attributes><Attribute z:Id="i114"><AttributeType>xyz</AttributeType><IsRequired>true</IsRequired><Value i:type="a:ArrayOfdouble" xmlns:a="http://schemas.microsoft.com/2003/10/Serialization/Arrays"><a:double>0</a:double><a:double>-1</a:double><a:double>0</a:double></Value></Attribute></Attributes><ChildElements/><ElementName>axis</ElementName><required>false</required><XYZAttribute z:Ref="i114"/></URDFElement><URDFElement z:Id="i115" i:type="Limit"><Attributes><Attribute z:Id="i116"><AttributeType>lower</AttributeType><IsRequired>false</IsRequired><Value i:nil="true"/></Attribute><Attribute z:Id="i117"><AttributeType>upper</AttributeType><IsRequired>false</IsRequired><Value i:nil="true"/></Attribute><Attribute z:Id="i118"><AttributeType>effort</AttributeType><IsRequired>true</IsRequired><Value i:nil="true"/></Attribute><Attribute z:Id="i119"><AttributeType>velocity</AttributeType><IsRequired>true</IsRequired><Value i:nil="true"/></Attribute></Attributes><ChildElements/><ElementName>limit</ElementName><required>false</required><EffortAttribute z:Ref="i118"/><LowerAttribute z:Ref="i116"/><UpperAttribute z:Ref="i117"/><VelocityAttribute z:Ref="i119"/></URDFElement><URDFElement z:Id="i120" i:type="Calibration"><Attributes><Attribute z:Id="i121"><AttributeType>rising</AttributeType><IsRequired>false</IsRequired><Value i:nil="true"/></Attribute><Attribute z:Id="i122"><AttributeType>falling</AttributeType><IsRequired>false</IsRequired><Value i:nil="true"/></Attribute></Attributes><ChildElements/><ElementName>calibration</ElementName><required>false</required><FallingAttribute z:Ref="i122"/><RisingAttribute z:Ref="i121"/></URDFElement><URDFElement z:Id="i123" i:type="Dynamics"><Attributes><Attribute z:Id="i124"><AttributeType>damping</AttributeType><IsRequired>false</IsRequired><Value i:nil="true"/></Attribute><Attribute z:Id="i125"><AttributeType>friction</AttributeType><IsRequired>false</IsRequired><Value i:nil="true"/></Attribute></Attributes><ChildElements/><ElementName>dynamics</ElementName><required>false</required><DampingAttribute z:Ref="i124"/><FrictionAttribute z:Ref="i125"/></URDFElement><URDFElement z:Id="i126" i:type="SafetyController"><Attributes><Attribute z:Id="i127"><AttributeType>soft_upper_limit</AttributeType><IsRequired>false</IsRequired><Value i:nil="true"/></Attribute><Attribute z:Id="i128"><AttributeType>soft_lower_limit</AttributeType><IsRequired>false</IsRequired><Value i:nil="true"/></Attribute><Attribute z:Id="i129"><AttributeType>k_position</AttributeType><IsRequired>false</IsRequired><Value i:nil="true"/></Attribute><Attribute z:Id="i130"><AttributeType>k_velocity</AttributeType><IsRequired>true</IsRequired><Value i:nil="true"/></Attribute></Attributes><ChildElements/><ElementName>safety_controller</ElementName><required>false</required><KPositionAttribute z:Ref="i129"/><KVelocityAttribute z:Ref="i130"/><SoftLowerAttribute z:Ref="i128"/><SoftUpperAttribute z:Ref="i127"/></URDFElement><URDFElement z:Id="i131" i:type="Mimic"><Attributes><Attribute z:Id="i132"><AttributeType>joint</AttributeType><IsRequired>true</IsRequired><Value i:nil="true"/></Attribute><Attribute z:Id="i133"><AttributeType>multiplier</AttributeType><IsRequired>false</IsRequired><Value i:nil="true"/></Attribute><Attribute z:Id="i134"><AttributeType>offset</AttributeType><IsRequired>false</IsRequired><Value i:nil="true"/></Attribute></Attributes><ChildElements/><ElementName>mimic</ElementName><required>false</required><JointNameAttribute z:Ref="i132"/><MultiplierAttribute z:Ref="i133"/><OffsetAttribute z:Ref="i134"/></URDFElement></ChildElements><ElementName>joint</ElementName><required>false</required><Axis z:Ref="i113"/><AxisName>Axis_wheel</AxisName><Calibration z:Ref="i120"/><Child z:Ref="i111"/><CoordinateSystemName>R_origin</CoordinateSystemName><Dynamics z:Ref="i123"/><Limit z:Ref="i115"/><Mimic z:Ref="i131"/><NameAttribute z:Ref="i104"/><Origin z:Ref="i106"/><Parent z:Ref="i109"/><Safety z:Ref="i126"/><TypeAttribute z:Ref="i105"/></URDFElement></ChildElements><ElementName>link</ElementName><required>true</required><Children/><Collision z:Ref="i96"/><Inertial z:Ref="i70"/><Joint z:Ref="i103"/><NameAttribute z:Ref="i69"/><Parent z:Ref="i1"/><STLQualityFine>false</STLQualityFine><SWComponentPIDs xmlns:a="http://schemas.microsoft.com/2003/10/Serialization/Arrays"><a:base64Binary>aEIAAAUAAAD//v8nYwBvAHAAcABlAHIAXwB3AGgAZQBlAGwAXwB3AGkAdABoAF8AYQBkAGEAcAB0AGUAcgBfAHAAYQByAHQALQAxAEAAYQBzAHMAZQBtADEABAAAABAAAAABAAAAAQAAAOcBAAA=</a:base64Binary></SWComponentPIDs><SWMainComponentPID i:nil="true"/><Visual z:Ref="i83"/><isFixedFrame>false</isFixedFrame><isIncomplete>false</isIncomplete></Link><Link z:Id="i135"><Attributes><Attribute z:Id="i136"><AttributeType>name</AttributeType><IsRequired>true</IsRequired><Value i:type="a:string" xmlns:a="http://www.w3.org/2001/XMLSchema">L_wheel_link</Value></Attribute></Attributes><ChildElements><URDFElement z:Id="i137" i:type="Inertial"><Attributes/><ChildElements><URDFElement z:Id="i138" i:type="Origin"><Attributes><Attribute z:Id="i139"><AttributeType>xyz</AttributeType><IsRequired>true</IsRequired><Value i:type="a:ArrayOfdouble" xmlns:a="http://schemas.microsoft.com/2003/10/Serialization/Arrays"><a:double>-0.00041032411340115316</a:double><a:double>-0.0058199863971911681</a:double><a:double>0.00074761031728983666</a:double></Value></Attribute><Attribute z:Id="i140"><AttributeType>rpy</AttributeType><IsRequired>true</IsRequired><Value i:type="a:ArrayOfdouble" xmlns:a="http://schemas.microsoft.com/2003/10/Serialization/Arrays"><a:double>0</a:double><a:double>0</a:double><a:double>0</a:double></Value></Attribute></Attributes><ChildElements/><ElementName>origin</ElementName><required>false</required><RPYAttribute z:Ref="i140"/><XYZAttribute z:Ref="i139"/><isCustomized>false</isCustomized></URDFElement><URDFElement z:Id="i141" i:type="Mass"><Attributes><Attribute z:Id="i142"><AttributeType>value</AttributeType><IsRequired>true</IsRequired><Value i:type="a:double" xmlns:a="http://www.w3.org/2001/XMLSchema">0.041955149555870645</Value></Attribute></Attributes><ChildElements/><ElementName>mass</ElementName><required>false</required><ValueAttribute z:Ref="i142"/></URDFElement><URDFElement z:Id="i143" i:type="Inertia"><Attributes><Attribute z:Id="i144"><AttributeType>ixx</AttributeType><IsRequired>true</IsRequired><Value i:type="a:double" xmlns:a="http://www.w3.org/2001/XMLSchema">1.8381704642724272E-05</Value></Attribute><Attribute z:Id="i145"><AttributeType>ixy</AttributeType><IsRequired>true</IsRequired><Value i:type="a:double" xmlns:a="http://www.w3.org/2001/XMLSchema">-2.1679157785027393E-10</Value></Attribute><Attribute z:Id="i146"><AttributeType>ixz</AttributeType><IsRequired>true</IsRequired><Value i:type="a:double" xmlns:a="http://www.w3.org/2001/XMLSchema">-1.4898361886727756E-08</Value></Attribute><Attribute z:Id="i147"><AttributeType>iyy</AttributeType><IsRequired>true</IsRequired><Value i:type="a:double" xmlns:a="http://www.w3.org/2001/XMLSchema">3.0919329148921755E-05</Value></Attribute><Attribute z:Id="i148"><AttributeType>iyz</AttributeType><IsRequired>true</IsRequired><Value i:type="a:double" xmlns:a="http://www.w3.org/2001/XMLSchema">3.718723058646639E-10</Value></Attribute><Attribute z:Id="i149"><AttributeType>izz</AttributeType><IsRequired>true</IsRequired><Value i:type="a:double" xmlns:a="http://www.w3.org/2001/XMLSchema">1.840004375519728E-05</Value></Attribute></Attributes><ChildElements/><ElementName>inertia</ElementName><required>false</required><IxxAttribute z:Ref="i144"/><IxyAttribute z:Ref="i145"/><IxzAttribute z:Ref="i146"/><IyyAttribute z:Ref="i147"/><IyzAttribute z:Ref="i148"/><IzzAttribute z:Ref="i149"/></URDFElement></ChildElements><ElementName>inertial</ElementName><required>false</required><Inertia z:Ref="i143"/><Mass z:Ref="i141"/><Origin z:Ref="i138"/></URDFElement><URDFElement z:Id="i150" i:type="Visual"><Attributes/><ChildElements><URDFElement z:Id="i151" i:type="Origin"><Attributes><Attribute z:Id="i152"><AttributeType>xyz</AttributeType><IsRequired>true</IsRequired><Value i:type="a:ArrayOfdouble" xmlns:a="http://schemas.microsoft.com/2003/10/Serialization/Arrays"><a:double>0</a:double><a:double>0</a:double><a:double>0</a:double></Value></Attribute><Attribute z:Id="i153"><AttributeType>rpy</AttributeType><IsRequired>true</IsRequired><Value i:type="a:ArrayOfdouble" xmlns:a="http://schemas.microsoft.com/2003/10/Serialization/Arrays"><a:double>0</a:double><a:double>0</a:double><a:double>0</a:double></Value></Attribute></Attributes><ChildElements/><ElementName>origin</ElementName><required>false</required><RPYAttribute z:Ref="i153"/><XYZAttribute z:Ref="i152"/><isCustomized>false</isCustomized></URDFElement><URDFElement z:Id="i154" i:type="Geometry"><Attributes/><ChildElements><URDFElement z:Id="i155" i:type="Mesh"><Attributes><Attribute z:Id="i156"><AttributeType>filename</AttributeType><IsRequired>true</IsRequired><Value i:nil="true"/></Attribute></Attributes><ChildElements/><ElementName>mesh</ElementName><required>false</required><FilenameAttribute z:Ref="i156"/></URDFElement></ChildElements><ElementName>geometry</ElementName><required>true</required><Mesh z:Ref="i155"/></URDFElement><URDFElement z:Id="i157" i:type="Material"><Attributes><Attribute z:Id="i158"><AttributeType>name</AttributeType><IsRequired>true</IsRequired><Value i:type="a:string" xmlns:a="http://www.w3.org/2001/XMLSchema"/></Attribute></Attributes><ChildElements><URDFElement z:Id="i159" i:type="Color"><Attributes><Attribute z:Id="i160"><AttributeType>rgba</AttributeType><IsRequired>true</IsRequired><Value i:type="a:ArrayOfdouble" xmlns:a="http://schemas.microsoft.com/2003/10/Serialization/Arrays"><a:double>0.792156862745098</a:double><a:double>0.81960784313725488</a:double><a:double>0.93333333333333335</a:double><a:double>1</a:double></Value></Attribute></Attributes><ChildElements/><ElementName>color</ElementName><required>false</required><RGBAAttribute z:Ref="i160"/></URDFElement><URDFElement z:Id="i161" i:type="Texture"><Attributes><Attribute z:Id="i162"><AttributeType>filename</AttributeType><IsRequired>true</IsRequired><Value i:nil="true"/></Attribute></Attributes><ChildElements/><ElementName>texture</ElementName><required>false</required><FilenameAttribute z:Ref="i162"/><wFilename/></URDFElement></ChildElements><ElementName>material</ElementName><required>false</required><Color z:Ref="i159"/><NameAttribute z:Ref="i158"/><Texture z:Ref="i161"/></URDFElement></ChildElements><ElementName>visual</ElementName><required>false</required><Geometry z:Ref="i154"/><Material z:Ref="i157"/><Origin z:Ref="i151"/></URDFElement><URDFElement z:Id="i163" i:type="Collision"><Attributes/><ChildElements><URDFElement z:Id="i164" i:type="Origin"><Attributes><Attribute z:Id="i165"><AttributeType>xyz</AttributeType><IsRequired>true</IsRequired><Value i:type="a:ArrayOfdouble" xmlns:a="http://schemas.microsoft.com/2003/10/Serialization/Arrays"><a:double>0</a:double><a:double>0</a:double><a:double>0</a:double></Value></Attribute><Attribute z:Id="i166"><AttributeType>rpy</AttributeType><IsRequired>true</IsRequired><Value i:type="a:ArrayOfdouble" xmlns:a="http://schemas.microsoft.com/2003/10/Serialization/Arrays"><a:double>0</a:double><a:double>0</a:double><a:double>0</a:double></Value></Attribute></Attributes><ChildElements/><ElementName>origin</ElementName><required>false</required><RPYAttribute z:Ref="i166"/><XYZAttribute z:Ref="i165"/><isCustomized>false</isCustomized></URDFElement><URDFElement z:Id="i167" i:type="Geometry"><Attributes/><ChildElements><URDFElement z:Id="i168" i:type="Mesh"><Attributes><Attribute z:Id="i169"><AttributeType>filename</AttributeType><IsRequired>true</IsRequired><Value i:nil="true"/></Attribute></Attributes><ChildElements/><ElementName>mesh</ElementName><required>false</required><FilenameAttribute z:Ref="i169"/></URDFElement></ChildElements><ElementName>geometry</ElementName><required>true</required><Mesh z:Ref="i168"/></URDFElement></ChildElements><ElementName>collision</ElementName><required>false</required><Geometry z:Ref="i167"/><Origin z:Ref="i164"/></URDFElement><URDFElement z:Id="i170" i:type="Joint"><Attributes><Attribute z:Id="i171"><AttributeType>name</AttributeType><IsRequired>true</IsRequired><Value i:type="a:string" xmlns:a="http://www.w3.org/2001/XMLSchema">Lwheel_joint</Value></Attribute><Attribute z:Id="i172"><AttributeType>type</AttributeType><IsRequired>true</IsRequired><Value i:type="a:string" xmlns:a="http://www.w3.org/2001/XMLSchema">continuous</Value></Attribute></Attributes><ChildElements><URDFElement z:Id="i173" i:type="Origin"><Attributes><Attribute z:Id="i174"><AttributeType>xyz</AttributeType><IsRequired>true</IsRequired><Value i:type="a:ArrayOfdouble" xmlns:a="http://schemas.microsoft.com/2003/10/Serialization/Arrays"><a:double>-0.00040439175433133832</a:double><a:double>0.10525110642810892</a:double><a:double>0.025000000000000827</a:double></Value></Attribute><Attribute z:Id="i175"><AttributeType>rpy</AttributeType><IsRequired>true</IsRequired><Value i:type="a:ArrayOfdouble" xmlns:a="http://schemas.microsoft.com/2003/10/Serialization/Arrays"><a:double>0</a:double><a:double>0</a:double><a:double>0</a:double></Value></Attribute></Attributes><ChildElements/><ElementName>origin</ElementName><required>false</required><RPYAttribute z:Ref="i175"/><XYZAttribute z:Ref="i174"/><isCustomized>false</isCustomized></URDFElement><URDFElement z:Id="i176" i:type="ParentLink"><Attributes><Attribute z:Id="i177"><AttributeType>link</AttributeType><IsRequired>true</IsRequired><Value i:type="a:string" xmlns:a="http://www.w3.org/2001/XMLSchema">base_link</Value></Attribute></Attributes><ChildElements/><ElementName>parent</ElementName><required>true</required><NameAttribute z:Ref="i177"/></URDFElement><URDFElement z:Id="i178" i:type="ChildLink"><Attributes><Attribute z:Id="i179"><AttributeType>link</AttributeType><IsRequired>true</IsRequired><Value i:type="a:string" xmlns:a="http://www.w3.org/2001/XMLSchema">L_wheel_link</Value></Attribute></Attributes><ChildElements/><ElementName>child</ElementName><required>true</required><NameAttribute z:Ref="i179"/></URDFElement><URDFElement z:Id="i180" i:type="Axis"><Attributes><Attribute z:Id="i181"><AttributeType>xyz</AttributeType><IsRequired>true</IsRequired><Value i:type="a:ArrayOfdouble" xmlns:a="http://schemas.microsoft.com/2003/10/Serialization/Arrays"><a:double>0</a:double><a:double>-1</a:double><a:double>0</a:double></Value></Attribute></Attributes><ChildElements/><ElementName>axis</ElementName><required>false</required><XYZAttribute z:Ref="i181"/></URDFElement><URDFElement z:Id="i182" i:type="Limit"><Attributes><Attribute z:Id="i183"><AttributeType>lower</AttributeType><IsRequired>false</IsRequired><Value i:nil="true"/></Attribute><Attribute z:Id="i184"><AttributeType>upper</AttributeType><IsRequired>false</IsRequired><Value i:nil="true"/></Attribute><Attribute z:Id="i185"><AttributeType>effort</AttributeType><IsRequired>true</IsRequired><Value i:nil="true"/></Attribute><Attribute z:Id="i186"><AttributeType>velocity</AttributeType><IsRequired>true</IsRequired><Value i:nil="true"/></Attribute></Attributes><ChildElements/><ElementName>limit</ElementName><required>false</required><EffortAttribute z:Ref="i185"/><LowerAttribute z:Ref="i183"/><UpperAttribute z:Ref="i184"/><VelocityAttribute z:Ref="i186"/></URDFElement><URDFElement z:Id="i187" i:type="Calibration"><Attributes><Attribute z:Id="i188"><AttributeType>rising</AttributeType><IsRequired>false</IsRequired><Value i:nil="true"/></Attribute><Attribute z:Id="i189"><AttributeType>falling</AttributeType><IsRequired>false</IsRequired><Value i:nil="true"/></Attribute></Attributes><ChildElements/><ElementName>calibration</ElementName><required>false</required><FallingAttribute z:Ref="i189"/><RisingAttribute z:Ref="i188"/></URDFElement><URDFElement z:Id="i190" i:type="Dynamics"><Attributes><Attribute z:Id="i191"><AttributeType>damping</AttributeType><IsRequired>false</IsRequired><Value i:nil="true"/></Attribute><Attribute z:Id="i192"><AttributeType>friction</AttributeType><IsRequired>false</IsRequired><Value i:nil="true"/></Attribute></Attributes><ChildElements/><ElementName>dynamics</ElementName><required>false</required><DampingAttribute z:Ref="i191"/><FrictionAttribute z:Ref="i192"/></URDFElement><URDFElement z:Id="i193" i:type="SafetyController"><Attributes><Attribute z:Id="i194"><AttributeType>soft_upper_limit</AttributeType><IsRequired>false</IsRequired><Value i:nil="true"/></Attribute><Attribute z:Id="i195"><AttributeType>soft_lower_limit</AttributeType><IsRequired>false</IsRequired><Value i:nil="true"/></Attribute><Attribute z:Id="i196"><AttributeType>k_position</AttributeType><IsRequired>false</IsRequired><Value i:nil="true"/></Attribute><Attribute z:Id="i197"><AttributeType>k_velocity</AttributeType><IsRequired>true</IsRequired><Value i:nil="true"/></Attribute></Attributes><ChildElements/><ElementName>safety_controller</ElementName><required>false</required><KPositionAttribute z:Ref="i196"/><KVelocityAttribute z:Ref="i197"/><SoftLowerAttribute z:Ref="i195"/><SoftUpperAttribute z:Ref="i194"/></URDFElement><URDFElement z:Id="i198" i:type="Mimic"><Attributes><Attribute z:Id="i199"><AttributeType>joint</AttributeType><IsRequired>true</IsRequired><Value i:nil="true"/></Attribute><Attribute z:Id="i200"><AttributeType>multiplier</AttributeType><IsRequired>false</IsRequired><Value i:nil="true"/></Attribute><Attribute z:Id="i201"><AttributeType>offset</AttributeType><IsRequired>false</IsRequired><Value i:nil="true"/></Attribute></Attributes><ChildElements/><ElementName>mimic</ElementName><required>false</required><JointNameAttribute z:Ref="i199"/><MultiplierAttribute z:Ref="i200"/><OffsetAttribute z:Ref="i201"/></URDFElement></ChildElements><ElementName>joint</ElementName><required>false</required><Axis z:Ref="i180"/><AxisName>Axis_wheel</AxisName><Calibration z:Ref="i187"/><Child z:Ref="i178"/><CoordinateSystemName>L_origin</CoordinateSystemName><Dynamics z:Ref="i190"/><Limit z:Ref="i182"/><Mimic z:Ref="i198"/><NameAttribute z:Ref="i171"/><Origin z:Ref="i173"/><Parent z:Ref="i176"/><Safety z:Ref="i193"/><TypeAttribute z:Ref="i172"/></URDFElement></ChildElements><ElementName>link</ElementName><required>true</required><Children/><Collision z:Ref="i163"/><Inertial z:Ref="i137"/><Joint z:Ref="i170"/><NameAttribute z:Ref="i136"/><Parent z:Ref="i1"/><STLQualityFine>false</STLQualityFine><SWComponentPIDs xmlns:a="http://schemas.microsoft.com/2003/10/Serialization/Arrays"><a:base64Binary>aEIAAAUAAAD//v8nYwBvAHAAcABlAHIAXwB3AGgAZQBlAGwAXwB3AGkAdABoAF8AYQBkAGEAcAB0AGUAcgBfAHAAYQByAHQALQAyAEAAYQBzAHMAZQBtADEABAAAABAAAAABAAAAAQAAAOoBAAA=</a:base64Binary></SWComponentPIDs><SWMainComponentPID i:nil="true"/><Visual z:Ref="i150"/><isFixedFrame>false</isFixedFrame><isIncomplete>false</isIncomplete></Link><Link z:Id="i202"><Attributes><Attribute z:Id="i203"><AttributeType>name</AttributeType><IsRequired>true</IsRequired><Value i:type="a:string" xmlns:a="http://www.w3.org/2001/XMLSchema">Ball_front_link</Value></Attribute></Attributes><ChildElements><URDFElement z:Id="i204" i:type="Inertial"><Attributes/><ChildElements><URDFElement z:Id="i205" i:type="Origin"><Attributes><Attribute z:Id="i206"><AttributeType>xyz</AttributeType><IsRequired>true</IsRequired><Value i:type="a:ArrayOfdouble" xmlns:a="http://schemas.microsoft.com/2003/10/Serialization/Arrays"><a:double>4.5796699765787707E-16</a:double><a:double>-3.5302680351321364E-06</a:double><a:double>0.005450976118974684</a:double></Value></Attribute><Attribute z:Id="i207"><AttributeType>rpy</AttributeType><IsRequired>true</IsRequired><Value i:type="a:ArrayOfdouble" xmlns:a="http://schemas.microsoft.com/2003/10/Serialization/Arrays"><a:double>0</a:double><a:double>0</a:double><a:double>0</a:double></Value></Attribute></Attributes><ChildElements/><ElementName>origin</ElementName><required>false</required><RPYAttribute z:Ref="i207"/><XYZAttribute z:Ref="i206"/><isCustomized>false</isCustomized></URDFElement><URDFElement z:Id="i208" i:type="Mass"><Attributes><Attribute z:Id="i209"><AttributeType>value</AttributeType><IsRequired>true</IsRequired><Value i:type="a:double" xmlns:a="http://www.w3.org/2001/XMLSchema">0.0052518316827676291</Value></Attribute></Attributes><ChildElements/><ElementName>mass</ElementName><required>false</required><ValueAttribute z:Ref="i209"/></URDFElement><URDFElement z:Id="i210" i:type="Inertia"><Attributes><Attribute z:Id="i211"><AttributeType>ixx</AttributeType><IsRequired>true</IsRequired><Value i:type="a:double" xmlns:a="http://www.w3.org/2001/XMLSchema">4.8373354450216724E-07</Value></Attribute><Attribute z:Id="i212"><AttributeType>ixy</AttributeType><IsRequired>true</IsRequired><Value i:type="a:double" xmlns:a="http://www.w3.org/2001/XMLSchema">6.8036953480929764E-16</Value></Attribute><Attribute z:Id="i213"><AttributeType>ixz</AttributeType><IsRequired>true</IsRequired><Value i:type="a:double" xmlns:a="http://www.w3.org/2001/XMLSchema">6.47002468094357E-23</Value></Attribute><Attribute z:Id="i214"><AttributeType>iyy</AttributeType><IsRequired>true</IsRequired><Value i:type="a:double" xmlns:a="http://www.w3.org/2001/XMLSchema">2.1847360696902041E-07</Value></Attribute><Attribute z:Id="i215"><AttributeType>iyz</AttributeType><IsRequired>true</IsRequired><Value i:type="a:double" xmlns:a="http://www.w3.org/2001/XMLSchema">2.5529250701522026E-10</Value></Attribute><Attribute z:Id="i216"><AttributeType>izz</AttributeType><IsRequired>true</IsRequired><Value i:type="a:double" xmlns:a="http://www.w3.org/2001/XMLSchema">5.2914989705584752E-07</Value></Attribute></Attributes><ChildElements/><ElementName>inertia</ElementName><required>false</required><IxxAttribute z:Ref="i211"/><IxyAttribute z:Ref="i212"/><IxzAttribute z:Ref="i213"/><IyyAttribute z:Ref="i214"/><IyzAttribute z:Ref="i215"/><IzzAttribute z:Ref="i216"/></URDFElement></ChildElements><ElementName>inertial</ElementName><required>false</required><Inertia z:Ref="i210"/><Mass z:Ref="i208"/><Origin z:Ref="i205"/></URDFElement><URDFElement z:Id="i217" i:type="Visual"><Attributes/><ChildElements><URDFElement z:Id="i218" i:type="Origin"><Attributes><Attribute z:Id="i219"><AttributeType>xyz</AttributeType><IsRequired>true</IsRequired><Value i:type="a:ArrayOfdouble" xmlns:a="http://schemas.microsoft.com/2003/10/Serialization/Arrays"><a:double>0</a:double><a:double>0</a:double><a:double>0</a:double></Value></Attribute><Attribute z:Id="i220"><AttributeType>rpy</AttributeType><IsRequired>true</IsRequired><Value i:type="a:ArrayOfdouble" xmlns:a="http://schemas.microsoft.com/2003/10/Serialization/Arrays"><a:double>0</a:double><a:double>0</a:double><a:double>0</a:double></Value></Attribute></Attributes><ChildElements/><ElementName>origin</ElementName><required>false</required><RPYAttribute z:Ref="i220"/><XYZAttribute z:Ref="i219"/><isCustomized>false</isCustomized></URDFElement><URDFElement z:Id="i221" i:type="Geometry"><Attributes/><ChildElements><URDFElement z:Id="i222" i:type="Mesh"><Attributes><Attribute z:Id="i223"><AttributeType>filename</AttributeType><IsRequired>true</IsRequired><Value i:nil="true"/></Attribute></Attributes><ChildElements/><ElementName>mesh</ElementName><required>false</required><FilenameAttribute z:Ref="i223"/></URDFElement></ChildElements><ElementName>geometry</ElementName><required>true</required><Mesh z:Ref="i222"/></URDFElement><URDFElement z:Id="i224" i:type="Material"><Attributes><Attribute z:Id="i225"><AttributeType>name</AttributeType><IsRequired>true</IsRequired><Value i:type="a:string" xmlns:a="http://www.w3.org/2001/XMLSchema"/></Attribute></Attributes><ChildElements><URDFElement z:Id="i226" i:type="Color"><Attributes><Attribute z:Id="i227"><AttributeType>rgba</AttributeType><IsRequired>true</IsRequired><Value i:type="a:ArrayOfdouble" xmlns:a="http://schemas.microsoft.com/2003/10/Serialization/Arrays"><a:double>0.792156862745098</a:double><a:double>0.81960784313725488</a:double><a:double>0.93333333333333335</a:double><a:double>1</a:double></Value></Attribute></Attributes><ChildElements/><ElementName>color</ElementName><required>false</required><RGBAAttribute z:Ref="i227"/></URDFElement><URDFElement z:Id="i228" i:type="Texture"><Attributes><Attribute z:Id="i229"><AttributeType>filename</AttributeType><IsRequired>true</IsRequired><Value i:nil="true"/></Attribute></Attributes><ChildElements/><ElementName>texture</ElementName><required>false</required><FilenameAttribute z:Ref="i229"/><wFilename/></URDFElement></ChildElements><ElementName>material</ElementName><required>false</required><Color z:Ref="i226"/><NameAttribute z:Ref="i225"/><Texture z:Ref="i228"/></URDFElement></ChildElements><ElementName>visual</ElementName><required>false</required><Geometry z:Ref="i221"/><Material z:Ref="i224"/><Origin z:Ref="i218"/></URDFElement><URDFElement z:Id="i230" i:type="Collision"><Attributes/><ChildElements><URDFElement z:Id="i231" i:type="Origin"><Attributes><Attribute z:Id="i232"><AttributeType>xyz</AttributeType><IsRequired>true</IsRequired><Value i:type="a:ArrayOfdouble" xmlns:a="http://schemas.microsoft.com/2003/10/Serialization/Arrays"><a:double>0</a:double><a:double>0</a:double><a:double>0</a:double></Value></Attribute><Attribute z:Id="i233"><AttributeType>rpy</AttributeType><IsRequired>true</IsRequired><Value i:type="a:ArrayOfdouble" xmlns:a="http://schemas.microsoft.com/2003/10/Serialization/Arrays"><a:double>0</a:double><a:double>0</a:double><a:double>0</a:double></Value></Attribute></Attributes><ChildElements/><ElementName>origin</ElementName><required>false</required><RPYAttribute z:Ref="i233"/><XYZAttribute z:Ref="i232"/><isCustomized>false</isCustomized></URDFElement><URDFElement z:Id="i234" i:type="Geometry"><Attributes/><ChildElements><URDFElement z:Id="i235" i:type="Mesh"><Attributes><Attribute z:Id="i236"><AttributeType>filename</AttributeType><IsRequired>true</IsRequired><Value i:nil="true"/></Attribute></Attributes><ChildElements/><ElementName>mesh</ElementName><required>false</required><FilenameAttribute z:Ref="i236"/></URDFElement></ChildElements><ElementName>geometry</ElementName><required>true</required><Mesh z:Ref="i235"/></URDFElement></ChildElements><ElementName>collision</ElementName><required>false</required><Geometry z:Ref="i234"/><Origin z:Ref="i231"/></URDFElement><URDFElement z:Id="i237" i:type="Joint"><Attributes><Attribute z:Id="i238"><AttributeType>name</AttributeType><IsRequired>true</IsRequired><Value i:type="a:string" xmlns:a="http://www.w3.org/2001/XMLSchema">Ballfront_joint</Value></Attribute><Attribute z:Id="i239"><AttributeType>type</AttributeType><IsRequired>true</IsRequired><Value i:type="a:string" xmlns:a="http://www.w3.org/2001/XMLSchema">fixed</Value></Attribute></Attributes><ChildElements><URDFElement z:Id="i240" i:type="Origin"><Attributes><Attribute z:Id="i241"><AttributeType>xyz</AttributeType><IsRequired>true</IsRequired><Value i:type="a:ArrayOfdouble" xmlns:a="http://schemas.microsoft.com/2003/10/Serialization/Arrays"><a:double>0.074595608245668021</a:double><a:double>-0.00018349405514948847</a:double><a:double>0.0015999999999995185</a:double></Value></Attribute><Attribute z:Id="i242"><AttributeType>rpy</AttributeType><IsRequired>true</IsRequired><Value i:type="a:ArrayOfdouble" xmlns:a="http://schemas.microsoft.com/2003/10/Serialization/Arrays"><a:double>0</a:double><a:double>0</a:double><a:double>0</a:double></Value></Attribute></Attributes><ChildElements/><ElementName>origin</ElementName><required>false</required><RPYAttribute z:Ref="i242"/><XYZAttribute z:Ref="i241"/><isCustomized>false</isCustomized></URDFElement><URDFElement z:Id="i243" i:type="ParentLink"><Attributes><Attribute z:Id="i244"><AttributeType>link</AttributeType><IsRequired>true</IsRequired><Value i:type="a:string" xmlns:a="http://www.w3.org/2001/XMLSchema">base_link</Value></Attribute></Attributes><ChildElements/><ElementName>parent</ElementName><required>true</required><NameAttribute z:Ref="i244"/></URDFElement><URDFElement z:Id="i245" i:type="ChildLink"><Attributes><Attribute z:Id="i246"><AttributeType>link</AttributeType><IsRequired>true</IsRequired><Value i:type="a:string" xmlns:a="http://www.w3.org/2001/XMLSchema">Ball_front_link</Value></Attribute></Attributes><ChildElements/><ElementName>child</ElementName><required>true</required><NameAttribute z:Ref="i246"/></URDFElement><URDFElement z:Id="i247" i:type="Axis"><Attributes><Attribute z:Id="i248"><AttributeType>xyz</AttributeType><IsRequired>true</IsRequired><Value i:type="a:ArrayOfdouble" xmlns:a="http://schemas.microsoft.com/2003/10/Serialization/Arrays"><a:double>0</a:double><a:double>0</a:double><a:double>0</a:double></Value></Attribute></Attributes><ChildElements/><ElementName>axis</ElementName><required>false</required><XYZAttribute z:Ref="i248"/></URDFElement><URDFElement z:Id="i249" i:type="Limit"><Attributes><Attribute z:Id="i250"><AttributeType>lower</AttributeType><IsRequired>false</IsRequired><Value i:nil="true"/></Attribute><Attribute z:Id="i251"><AttributeType>upper</AttributeType><IsRequired>false</IsRequired><Value i:nil="true"/></Attribute><Attribute z:Id="i252"><AttributeType>effort</AttributeType><IsRequired>true</IsRequired><Value i:nil="true"/></Attribute><Attribute z:Id="i253"><AttributeType>velocity</AttributeType><IsRequired>true</IsRequired><Value i:nil="true"/></Attribute></Attributes><ChildElements/><ElementName>limit</ElementName><required>false</required><EffortAttribute z:Ref="i252"/><LowerAttribute z:Ref="i250"/><UpperAttribute z:Ref="i251"/><VelocityAttribute z:Ref="i253"/></URDFElement><URDFElement z:Id="i254" i:type="Calibration"><Attributes><Attribute z:Id="i255"><AttributeType>rising</AttributeType><IsRequired>false</IsRequired><Value i:nil="true"/></Attribute><Attribute z:Id="i256"><AttributeType>falling</AttributeType><IsRequired>false</IsRequired><Value i:nil="true"/></Attribute></Attributes><ChildElements/><ElementName>calibration</ElementName><required>false</required><FallingAttribute z:Ref="i256"/><RisingAttribute z:Ref="i255"/></URDFElement><URDFElement z:Id="i257" i:type="Dynamics"><Attributes><Attribute z:Id="i258"><AttributeType>damping</AttributeType><IsRequired>false</IsRequired><Value i:nil="true"/></Attribute><Attribute z:Id="i259"><AttributeType>friction</AttributeType><IsRequired>false</IsRequired><Value i:nil="true"/></Attribute></Attributes><ChildElements/><ElementName>dynamics</ElementName><required>false</required><DampingAttribute z:Ref="i258"/><FrictionAttribute z:Ref="i259"/></URDFElement><URDFElement z:Id="i260" i:type="SafetyController"><Attributes><Attribute z:Id="i261"><AttributeType>soft_upper_limit</AttributeType><IsRequired>false</IsRequired><Value i:nil="true"/></Attribute><Attribute z:Id="i262"><AttributeType>soft_lower_limit</AttributeType><IsRequired>false</IsRequired><Value i:nil="true"/></Attribute><Attribute z:Id="i263"><AttributeType>k_position</AttributeType><IsRequired>false</IsRequired><Value i:nil="true"/></Attribute><Attribute z:Id="i264"><AttributeType>k_velocity</AttributeType><IsRequired>true</IsRequired><Value i:nil="true"/></Attribute></Attributes><ChildElements/><ElementName>safety_controller</ElementName><required>false</required><KPositionAttribute z:Ref="i263"/><KVelocityAttribute z:Ref="i264"/><SoftLowerAttribute z:Ref="i262"/><SoftUpperAttribute z:Ref="i261"/></URDFElement><URDFElement z:Id="i265" i:type="Mimic"><Attributes><Attribute z:Id="i266"><AttributeType>joint</AttributeType><IsRequired>true</IsRequired><Value i:nil="true"/></Attribute><Attribute z:Id="i267"><AttributeType>multiplier</AttributeType><IsRequired>false</IsRequired><Value i:nil="true"/></Attribute><Attribute z:Id="i268"><AttributeType>offset</AttributeType><IsRequired>false</IsRequired><Value i:nil="true"/></Attribute></Attributes><ChildElements/><ElementName>mimic</ElementName><required>false</required><JointNameAttribute z:Ref="i266"/><MultiplierAttribute z:Ref="i267"/><OffsetAttribute z:Ref="i268"/></URDFElement></ChildElements><ElementName>joint</ElementName><required>false</required><Axis z:Ref="i247"/><AxisName>Axis_Ballfront_joint</AxisName><Calibration z:Ref="i254"/><Child z:Ref="i245"/><CoordinateSystemName>Front_origin</CoordinateSystemName><Dynamics z:Ref="i257"/><Limit z:Ref="i249"/><Mimic z:Ref="i265"/><NameAttribute z:Ref="i238"/><Origin z:Ref="i240"/><Parent z:Ref="i243"/><Safety z:Ref="i260"/><TypeAttribute z:Ref="i239"/></URDFElement></ChildElements><ElementName>link</ElementName><required>true</required><Children/><Collision z:Ref="i230"/><Inertial z:Ref="i204"/><Joint z:Ref="i237"/><NameAttribute z:Ref="i203"/><Parent z:Ref="i1"/><STLQualityFine>false</STLQualityFine><SWComponentPIDs xmlns:a="http://schemas.microsoft.com/2003/10/Serialization/Arrays"><a:base64Binary>aEIAAAUAAAD//v8uVwA0ADIAMAAgAFUAbgBpAHYAZQByAHMAYQBsACAAUwB0AGUAZQBsACAAQgBhAGwAbAAgAEMAYQBzAHQAZQByAF8AcABhAHIAdAAtADEAQABhAHMAcwBlAG0AMQAEAAAAEAAAAAEAAAABAAAAxQEAAA==</a:base64Binary><a:base64Binary>aEIAAAUAAAD//v8VVwA0ADIAMABfAHMAcABhAGMAZQByAC0AMQAxAEAAYQBzAHMAZQBtADEABAAAABAAAAABAAAAAQAAAIkBAAA=</a:base64Binary><a:base64Binary>aEIAAAUAAAD//v8VVwA0ADIAMABfAHMAcABhAGMAZQByAC0AMQAyAEAAYQBzAHMAZQBtADEABAAAABAAAAABAAAAAQAAAIwBAAA=</a:base64Binary></SWComponentPIDs><SWMainComponentPID i:nil="true"/><Visual z:Ref="i217"/><isFixedFrame>false</isFixedFrame><isIncomplete>false</isIncomplete></Link><Link z:Id="i269"><Attributes><Attribute z:Id="i270"><AttributeType>name</AttributeType><IsRequired>true</IsRequired><Value i:type="a:string" xmlns:a="http://www.w3.org/2001/XMLSchema">Ball_back_link</Value></Attribute></Attributes><ChildElements><URDFElement z:Id="i271" i:type="Inertial"><Attributes/><ChildElements><URDFElement z:Id="i272" i:type="Origin"><Attributes><Attribute z:Id="i273"><AttributeType>xyz</AttributeType><IsRequired>true</IsRequired><Value i:type="a:ArrayOfdouble" xmlns:a="http://schemas.microsoft.com/2003/10/Serialization/Arrays"><a:double>4.4408920985006262E-16</a:double><a:double>-3.5302680351269322E-06</a:double><a:double>0.0054509761189746805</a:double></Value></Attribute><Attribute z:Id="i274"><AttributeType>rpy</AttributeType><IsRequired>true</IsRequired><Value i:type="a:ArrayOfdouble" xmlns:a="http://schemas.microsoft.com/2003/10/Serialization/Arrays"><a:double>0</a:double><a:double>0</a:double><a:double>0</a:double></Value></Attribute></Attributes><ChildElements/><ElementName>origin</ElementName><required>false</required><RPYAttribute z:Ref="i274"/><XYZAttribute z:Ref="i273"/><isCustomized>false</isCustomized></URDFElement><URDFElement z:Id="i275" i:type="Mass"><Attributes><Attribute z:Id="i276"><AttributeType>value</AttributeType><IsRequired>true</IsRequired><Value i:type="a:double" xmlns:a="http://www.w3.org/2001/XMLSchema">0.0052518316827676248</Value></Attribute></Attributes><ChildElements/><ElementName>mass</ElementName><required>false</required><ValueAttribute z:Ref="i276"/></URDFElement><URDFElement z:Id="i277" i:type="Inertia"><Attributes><Attribute z:Id="i278"><AttributeType>ixx</AttributeType><IsRequired>true</IsRequired><Value i:type="a:double" xmlns:a="http://www.w3.org/2001/XMLSchema">4.8373354450216724E-07</Value></Attribute><Attribute z:Id="i279"><AttributeType>ixy</AttributeType><IsRequired>true</IsRequired><Value i:type="a:double" xmlns:a="http://www.w3.org/2001/XMLSchema">6.8036946226140433E-16</Value></Attribute><Attribute z:Id="i280"><AttributeType>ixz</AttributeType><IsRequired>true</IsRequired><Value i:type="a:double" xmlns:a="http://www.w3.org/2001/XMLSchema">3.8774964805090169E-23</Value></Attribute><Attribute z:Id="i281"><AttributeType>iyy</AttributeType><IsRequired>true</IsRequired><Value i:type="a:double" xmlns:a="http://www.w3.org/2001/XMLSchema">2.1847360696902052E-07</Value></Attribute><Attribute z:Id="i282"><AttributeType>iyz</AttributeType><IsRequired>true</IsRequired><Value i:type="a:double" xmlns:a="http://www.w3.org/2001/XMLSchema">2.5529250701532661E-10</Value></Attribute><Attribute z:Id="i283"><AttributeType>izz</AttributeType><IsRequired>true</IsRequired><Value i:type="a:double" xmlns:a="http://www.w3.org/2001/XMLSchema">5.2914989705584742E-07</Value></Attribute></Attributes><ChildElements/><ElementName>inertia</ElementName><required>false</required><IxxAttribute z:Ref="i278"/><IxyAttribute z:Ref="i279"/><IxzAttribute z:Ref="i280"/><IyyAttribute z:Ref="i281"/><IyzAttribute z:Ref="i282"/><IzzAttribute z:Ref="i283"/></URDFElement></ChildElements><ElementName>inertial</ElementName><required>false</required><Inertia z:Ref="i277"/><Mass z:Ref="i275"/><Origin z:Ref="i272"/></URDFElement><URDFElement z:Id="i284" i:type="Visual"><Attributes/><ChildElements><URDFElement z:Id="i285" i:type="Origin"><Attributes><Attribute z:Id="i286"><AttributeType>xyz</AttributeType><IsRequired>true</IsRequired><Value i:type="a:ArrayOfdouble" xmlns:a="http://schemas.microsoft.com/2003/10/Serialization/Arrays"><a:double>0</a:double><a:double>0</a:double><a:double>0</a:double></Value></Attribute><Attribute z:Id="i287"><AttributeType>rpy</AttributeType><IsRequired>true</IsRequired><Value i:type="a:ArrayOfdouble" xmlns:a="http://schemas.microsoft.com/2003/10/Serialization/Arrays"><a:double>0</a:double><a:double>0</a:double><a:double>0</a:double></Value></Attribute></Attributes><ChildElements/><ElementName>origin</ElementName><required>false</required><RPYAttribute z:Ref="i287"/><XYZAttribute z:Ref="i286"/><isCustomized>false</isCustomized></URDFElement><URDFElement z:Id="i288" i:type="Geometry"><Attributes/><ChildElements><URDFElement z:Id="i289" i:type="Mesh"><Attributes><Attribute z:Id="i290"><AttributeType>filename</AttributeType><IsRequired>true</IsRequired><Value i:nil="true"/></Attribute></Attributes><ChildElements/><ElementName>mesh</ElementName><required>false</required><FilenameAttribute z:Ref="i290"/></URDFElement></ChildElements><ElementName>geometry</ElementName><required>true</required><Mesh z:Ref="i289"/></URDFElement><URDFElement z:Id="i291" i:type="Material"><Attributes><Attribute z:Id="i292"><AttributeType>name</AttributeType><IsRequired>true</IsRequired><Value i:type="a:string" xmlns:a="http://www.w3.org/2001/XMLSchema"/></Attribute></Attributes><ChildElements><URDFElement z:Id="i293" i:type="Color"><Attributes><Attribute z:Id="i294"><AttributeType>rgba</AttributeType><IsRequired>true</IsRequired><Value i:type="a:ArrayOfdouble" xmlns:a="http://schemas.microsoft.com/2003/10/Serialization/Arrays"><a:double>0.792156862745098</a:double><a:double>0.81960784313725488</a:double><a:double>0.93333333333333335</a:double><a:double>1</a:double></Value></Attribute></Attributes><ChildElements/><ElementName>color</ElementName><required>false</required><RGBAAttribute z:Ref="i294"/></URDFElement><URDFElement z:Id="i295" i:type="Texture"><Attributes><Attribute z:Id="i296"><AttributeType>filename</AttributeType><IsRequired>true</IsRequired><Value i:nil="true"/></Attribute></Attributes><ChildElements/><ElementName>texture</ElementName><required>false</required><FilenameAttribute z:Ref="i296"/><wFilename/></URDFElement></ChildElements><ElementName>material</ElementName><required>false</required><Color z:Ref="i293"/><NameAttribute z:Ref="i292"/><Texture z:Ref="i295"/></URDFElement></ChildElements><ElementName>visual</ElementName><required>false</required><Geometry z:Ref="i288"/><Material z:Ref="i291"/><Origin z:Ref="i285"/></URDFElement><URDFElement z:Id="i297" i:type="Collision"><Attributes/><ChildElements><URDFElement z:Id="i298" i:type="Origin"><Attributes><Attribute z:Id="i299"><AttributeType>xyz</AttributeType><IsRequired>true</IsRequired><Value i:type="a:ArrayOfdouble" xmlns:a="http://schemas.microsoft.com/2003/10/Serialization/Arrays"><a:double>0</a:double><a:double>0</a:double><a:double>0</a:double></Value></Attribute><Attribute z:Id="i300"><AttributeType>rpy</AttributeType><IsRequired>true</IsRequired><Value i:type="a:ArrayOfdouble" xmlns:a="http://schemas.microsoft.com/2003/10/Serialization/Arrays"><a:double>0</a:double><a:double>0</a:double><a:double>0</a:double></Value></Attribute></Attributes><ChildElements/><ElementName>origin</ElementName><required>false</required><RPYAttribute z:Ref="i300"/><XYZAttribute z:Ref="i299"/><isCustomized>false</isCustomized></URDFElement><URDFElement z:Id="i301" i:type="Geometry"><Attributes/><ChildElements><URDFElement z:Id="i302" i:type="Mesh"><Attributes><Attribute z:Id="i303"><AttributeType>filename</AttributeType><IsRequired>true</IsRequired><Value i:nil="true"/></Attribute></Attributes><ChildElements/><ElementName>mesh</ElementName><required>false</required><FilenameAttribute z:Ref="i303"/></URDFElement></ChildElements><ElementName>geometry</ElementName><required>true</required><Mesh z:Ref="i302"/></URDFElement></ChildElements><ElementName>collision</ElementName><required>false</required><Geometry z:Ref="i301"/><Origin z:Ref="i298"/></URDFElement><URDFElement z:Id="i304" i:type="Joint"><Attributes><Attribute z:Id="i305"><AttributeType>name</AttributeType><IsRequired>true</IsRequired><Value i:type="a:string" xmlns:a="http://www.w3.org/2001/XMLSchema">Ballback_joint</Value></Attribute><Attribute z:Id="i306"><AttributeType>type</AttributeType><IsRequired>true</IsRequired><Value i:type="a:string" xmlns:a="http://www.w3.org/2001/XMLSchema">fixed</Value></Attribute></Attributes><ChildElements><URDFElement z:Id="i307" i:type="Origin"><Attributes><Attribute z:Id="i308"><AttributeType>xyz</AttributeType><IsRequired>true</IsRequired><Value i:type="a:ArrayOfdouble" xmlns:a="http://schemas.microsoft.com/2003/10/Serialization/Arrays"><a:double>-0.07540439175433207</a:double><a:double>-0.00018349405514943296</a:double><a:double>0.0015999999999995185</a:double></Value></Attribute><Attribute z:Id="i309"><AttributeType>rpy</AttributeType><IsRequired>true</IsRequired><Value i:type="a:ArrayOfdouble" xmlns:a="http://schemas.microsoft.com/2003/10/Serialization/Arrays"><a:double>0</a:double><a:double>0</a:double><a:double>0</a:double></Value></Attribute></Attributes><ChildElements/><ElementName>origin</ElementName><required>false</required><RPYAttribute z:Ref="i309"/><XYZAttribute z:Ref="i308"/><isCustomized>false</isCustomized></URDFElement><URDFElement z:Id="i310" i:type="ParentLink"><Attributes><Attribute z:Id="i311"><AttributeType>link</AttributeType><IsRequired>true</IsRequired><Value i:type="a:string" xmlns:a="http://www.w3.org/2001/XMLSchema">base_link</Value></Attribute></Attributes><ChildElements/><ElementName>parent</ElementName><required>true</required><NameAttribute z:Ref="i311"/></URDFElement><URDFElement z:Id="i312" i:type="ChildLink"><Attributes><Attribute z:Id="i313"><AttributeType>link</AttributeType><IsRequired>true</IsRequired><Value i:type="a:string" xmlns:a="http://www.w3.org/2001/XMLSchema">Ball_back_link</Value></Attribute></Attributes><ChildElements/><ElementName>child</ElementName><required>true</required><NameAttribute z:Ref="i313"/></URDFElement><URDFElement z:Id="i314" i:type="Axis"><Attributes><Attribute z:Id="i315"><AttributeType>xyz</AttributeType><IsRequired>true</IsRequired><Value i:type="a:ArrayOfdouble" xmlns:a="http://schemas.microsoft.com/2003/10/Serialization/Arrays"><a:double>0</a:double><a:double>0</a:double><a:double>0</a:double></Value></Attribute></Attributes><ChildElements/><ElementName>axis</ElementName><required>false</required><XYZAttribute z:Ref="i315"/></URDFElement><URDFElement z:Id="i316" i:type="Limit"><Attributes><Attribute z:Id="i317"><AttributeType>lower</AttributeType><IsRequired>false</IsRequired><Value i:nil="true"/></Attribute><Attribute z:Id="i318"><AttributeType>upper</AttributeType><IsRequired>false</IsRequired><Value i:nil="true"/></Attribute><Attribute z:Id="i319"><AttributeType>effort</AttributeType><IsRequired>true</IsRequired><Value i:nil="true"/></Attribute><Attribute z:Id="i320"><AttributeType>velocity</AttributeType><IsRequired>true</IsRequired><Value i:nil="true"/></Attribute></Attributes><ChildElements/><ElementName>limit</ElementName><required>false</required><EffortAttribute z:Ref="i319"/><LowerAttribute z:Ref="i317"/><UpperAttribute z:Ref="i318"/><VelocityAttribute z:Ref="i320"/></URDFElement><URDFElement z:Id="i321" i:type="Calibration"><Attributes><Attribute z:Id="i322"><AttributeType>rising</AttributeType><IsRequired>false</IsRequired><Value i:nil="true"/></Attribute><Attribute z:Id="i323"><AttributeType>falling</AttributeType><IsRequired>false</IsRequired><Value i:nil="true"/></Attribute></Attributes><ChildElements/><ElementName>calibration</ElementName><required>false</required><FallingAttribute z:Ref="i323"/><RisingAttribute z:Ref="i322"/></URDFElement><URDFElement z:Id="i324" i:type="Dynamics"><Attributes><Attribute z:Id="i325"><AttributeType>damping</AttributeType><IsRequired>false</IsRequired><Value i:nil="true"/></Attribute><Attribute z:Id="i326"><AttributeType>friction</AttributeType><IsRequired>false</IsRequired><Value i:nil="true"/></Attribute></Attributes><ChildElements/><ElementName>dynamics</ElementName><required>false</required><DampingAttribute z:Ref="i325"/><FrictionAttribute z:Ref="i326"/></URDFElement><URDFElement z:Id="i327" i:type="SafetyController"><Attributes><Attribute z:Id="i328"><AttributeType>soft_upper_limit</AttributeType><IsRequired>false</IsRequired><Value i:nil="true"/></Attribute><Attribute z:Id="i329"><AttributeType>soft_lower_limit</AttributeType><IsRequired>false</IsRequired><Value i:nil="true"/></Attribute><Attribute z:Id="i330"><AttributeType>k_position</AttributeType><IsRequired>false</IsRequired><Value i:nil="true"/></Attribute><Attribute z:Id="i331"><AttributeType>k_velocity</AttributeType><IsRequired>true</IsRequired><Value i:nil="true"/></Attribute></Attributes><ChildElements/><ElementName>safety_controller</ElementName><required>false</required><KPositionAttribute z:Ref="i330"/><KVelocityAttribute z:Ref="i331"/><SoftLowerAttribute z:Ref="i329"/><SoftUpperAttribute z:Ref="i328"/></URDFElement><URDFElement z:Id="i332" i:type="Mimic"><Attributes><Attribute z:Id="i333"><AttributeType>joint</AttributeType><IsRequired>true</IsRequired><Value i:nil="true"/></Attribute><Attribute z:Id="i334"><AttributeType>multiplier</AttributeType><IsRequired>false</IsRequired><Value i:nil="true"/></Attribute><Attribute z:Id="i335"><AttributeType>offset</AttributeType><IsRequired>false</IsRequired><Value i:nil="true"/></Attribute></Attributes><ChildElements/><ElementName>mimic</ElementName><required>false</required><JointNameAttribute z:Ref="i333"/><MultiplierAttribute z:Ref="i334"/><OffsetAttribute z:Ref="i335"/></URDFElement></ChildElements><ElementName>joint</ElementName><required>false</required><Axis z:Ref="i314"/><AxisName>Axis_Ballback_joint</AxisName><Calibration z:Ref="i321"/><Child z:Ref="i312"/><CoordinateSystemName>Back_origin</CoordinateSystemName><Dynamics z:Ref="i324"/><Limit z:Ref="i316"/><Mimic z:Ref="i332"/><NameAttribute z:Ref="i305"/><Origin z:Ref="i307"/><Parent z:Ref="i310"/><Safety z:Ref="i327"/><TypeAttribute z:Ref="i306"/></URDFElement></ChildElements><ElementName>link</ElementName><required>true</required><Children/><Collision z:Ref="i297"/><Inertial z:Ref="i271"/><Joint z:Ref="i304"/><NameAttribute z:Ref="i270"/><Parent z:Ref="i1"/><STLQualityFine>false</STLQualityFine><SWComponentPIDs xmlns:a="http://schemas.microsoft.com/2003/10/Serialization/Arrays"><a:base64Binary>aEIAAAUAAAD//v8uVwA0ADIAMAAgAFUAbgBpAHYAZQByAHMAYQBsACAAUwB0AGUAZQBsACAAQgBhAGwAbAAgAEMAYQBzAHQAZQByAF8AcABhAHIAdAAtADIAQABhAHMAcwBlAG0AMQAEAAAAEAAAAAEAAAABAAAA1AEAAA==</a:base64Binary><a:base64Binary>aEIAAAUAAAD//v8VVwA0ADIAMABfAHMAcABhAGMAZQByAC0AMQAzAEAAYQBzAHMAZQBtADEABAAAABAAAAABAAAAAQAAALABAAA=</a:base64Binary><a:base64Binary>aEIAAAUAAAD//v8VVwA0ADIAMABfAHMAcABhAGMAZQByAC0AMQA0AEAAYQBzAHMAZQBtADEABAAAABAAAAABAAAAAQAAALMBAAA=</a:base64Binary></SWComponentPIDs><SWMainComponentPID i:nil="true"/><Visual z:Ref="i284"/><isFixedFrame>false</isFixedFrame><isIncomplete>false</isIncomplete></Link><Link z:Id="i336"><Attributes><Attribute z:Id="i337"><AttributeType>name</AttributeType><IsRequired>true</IsRequired><Value i:type="a:string" xmlns:a="http://www.w3.org/2001/XMLSchema">Lidar_link</Value></Attribute></Attributes><ChildElements><URDFElement z:Id="i338" i:type="Inertial"><Attributes/><ChildElements><URDFElement z:Id="i339" i:type="Origin"><Attributes><Attribute z:Id="i340"><AttributeType>xyz</AttributeType><IsRequired>true</IsRequired><Value i:type="a:ArrayOfdouble" xmlns:a="http://schemas.microsoft.com/2003/10/Serialization/Arrays"><a:double>0.014841507975136876</a:double><a:double>0.00032514886472107679</a:double><a:double>-0.021153620814164192</a:double></Value></Attribute><Attribute z:Id="i341"><AttributeType>rpy</AttributeType><IsRequired>true</IsRequired><Value i:type="a:ArrayOfdouble" xmlns:a="http://schemas.microsoft.com/2003/10/Serialization/Arrays"><a:double>0</a:double><a:double>0</a:double><a:double>0</a:double></Value></Attribute></Attributes><ChildElements/><ElementName>origin</ElementName><required>false</required><RPYAttribute z:Ref="i341"/><XYZAttribute z:Ref="i340"/><isCustomized>false</isCustomized></URDFElement><URDFElement z:Id="i342" i:type="Mass"><Attributes><Attribute z:Id="i343"><AttributeType>value</AttributeType><IsRequired>true</IsRequired><Value i:type="a:double" xmlns:a="http://www.w3.org/2001/XMLSchema">0.03124091268613258</Value></Attribute></Attributes><ChildElements/><ElementName>mass</ElementName><required>false</required><ValueAttribute z:Ref="i343"/></URDFElement><URDFElement z:Id="i344" i:type="Inertia"><Attributes><Attribute z:Id="i345"><AttributeType>ixx</AttributeType><IsRequired>true</IsRequired><Value i:type="a:double" xmlns:a="http://www.w3.org/2001/XMLSchema">8.8777123437312513E-06</Value></Attribute><Attribute z:Id="i346"><AttributeType>ixy</AttributeType><IsRequired>true</IsRequired><Value i:type="a:double" xmlns:a="http://www.w3.org/2001/XMLSchema">-1.3131458506388215E-07</Value></Attribute><Attribute z:Id="i347"><AttributeType>ixz</AttributeType><IsRequired>true</IsRequired><Value i:type="a:double" xmlns:a="http://www.w3.org/2001/XMLSchema">1.1330956162686677E-07</Value></Attribute><Attribute z:Id="i348"><AttributeType>iyy</AttributeType><IsRequired>true</IsRequired><Value i:type="a:double" xmlns:a="http://www.w3.org/2001/XMLSchema">1.4493553041837986E-05</Value></Attribute><Attribute z:Id="i349"><AttributeType>iyz</AttributeType><IsRequired>true</IsRequired><Value i:type="a:double" xmlns:a="http://www.w3.org/2001/XMLSchema">3.3673144047220988E-08</Value></Attribute><Attribute z:Id="i350"><AttributeType>izz</AttributeType><IsRequired>true</IsRequired><Value i:type="a:double" xmlns:a="http://www.w3.org/2001/XMLSchema">2.2528909807592923E-05</Value></Attribute></Attributes><ChildElements/><ElementName>inertia</ElementName><required>false</required><IxxAttribute z:Ref="i345"/><IxyAttribute z:Ref="i346"/><IxzAttribute z:Ref="i347"/><IyyAttribute z:Ref="i348"/><IyzAttribute z:Ref="i349"/><IzzAttribute z:Ref="i350"/></URDFElement></ChildElements><ElementName>inertial</ElementName><required>false</required><Inertia z:Ref="i344"/><Mass z:Ref="i342"/><Origin z:Ref="i339"/></URDFElement><URDFElement z:Id="i351" i:type="Visual"><Attributes/><ChildElements><URDFElement z:Id="i352" i:type="Origin"><Attributes><Attribute z:Id="i353"><AttributeType>xyz</AttributeType><IsRequired>true</IsRequired><Value i:type="a:ArrayOfdouble" xmlns:a="http://schemas.microsoft.com/2003/10/Serialization/Arrays"><a:double>0</a:double><a:double>0</a:double><a:double>0</a:double></Value></Attribute><Attribute z:Id="i354"><AttributeType>rpy</AttributeType><IsRequired>true</IsRequired><Value i:type="a:ArrayOfdouble" xmlns:a="http://schemas.microsoft.com/2003/10/Serialization/Arrays"><a:double>0</a:double><a:double>0</a:double><a:double>0</a:double></Value></Attribute></Attributes><ChildElements/><ElementName>origin</ElementName><required>false</required><RPYAttribute z:Ref="i354"/><XYZAttribute z:Ref="i353"/><isCustomized>false</isCustomized></URDFElement><URDFElement z:Id="i355" i:type="Geometry"><Attributes/><ChildElements><URDFElement z:Id="i356" i:type="Mesh"><Attributes><Attribute z:Id="i357"><AttributeType>filename</AttributeType><IsRequired>true</IsRequired><Value i:nil="true"/></Attribute></Attributes><ChildElements/><ElementName>mesh</ElementName><required>false</required><FilenameAttribute z:Ref="i357"/></URDFElement></ChildElements><ElementName>geometry</ElementName><required>true</required><Mesh z:Ref="i356"/></URDFElement><URDFElement z:Id="i358" i:type="Material"><Attributes><Attribute z:Id="i359"><AttributeType>name</AttributeType><IsRequired>true</IsRequired><Value i:type="a:string" xmlns:a="http://www.w3.org/2001/XMLSchema"/></Attribute></Attributes><ChildElements><URDFElement z:Id="i360" i:type="Color"><Attributes><Attribute z:Id="i361"><AttributeType>rgba</AttributeType><IsRequired>true</IsRequired><Value i:type="a:ArrayOfdouble" xmlns:a="http://schemas.microsoft.com/2003/10/Serialization/Arrays"><a:double>0.792156862745098</a:double><a:double>0.81960784313725488</a:double><a:double>0.93333333333333335</a:double><a:double>1</a:double></Value></Attribute></Attributes><ChildElements/><ElementName>color</ElementName><required>false</required><RGBAAttribute z:Ref="i361"/></URDFElement><URDFElement z:Id="i362" i:type="Texture"><Attributes><Attribute z:Id="i363"><AttributeType>filename</AttributeType><IsRequired>true</IsRequired><Value i:nil="true"/></Attribute></Attributes><ChildElements/><ElementName>texture</ElementName><required>false</required><FilenameAttribute z:Ref="i363"/><wFilename/></URDFElement></ChildElements><ElementName>material</ElementName><required>false</required><Color z:Ref="i360"/><NameAttribute z:Ref="i359"/><Texture z:Ref="i362"/></URDFElement></ChildElements><ElementName>visual</ElementName><required>false</required><Geometry z:Ref="i355"/><Material z:Ref="i358"/><Origin z:Ref="i352"/></URDFElement><URDFElement z:Id="i364" i:type="Collision"><Attributes/><ChildElements><URDFElement z:Id="i365" i:type="Origin"><Attributes><Attribute z:Id="i366"><AttributeType>xyz</AttributeType><IsRequired>true</IsRequired><Value i:type="a:ArrayOfdouble" xmlns:a="http://schemas.microsoft.com/2003/10/Serialization/Arrays"><a:double>0</a:double><a:double>0</a:double><a:double>0</a:double></Value></Attribute><Attribute z:Id="i367"><AttributeType>rpy</AttributeType><IsRequired>true</IsRequired><Value i:type="a:ArrayOfdouble" xmlns:a="http://schemas.microsoft.com/2003/10/Serialization/Arrays"><a:double>0</a:double><a:double>0</a:double><a:double>0</a:double></Value></Attribute></Attributes><ChildElements/><ElementName>origin</ElementName><required>false</required><RPYAttribute z:Ref="i367"/><XYZAttribute z:Ref="i366"/><isCustomized>false</isCustomized></URDFElement><URDFElement z:Id="i368" i:type="Geometry"><Attributes/><ChildElements><URDFElement z:Id="i369" i:type="Mesh"><Attributes><Attribute z:Id="i370"><AttributeType>filename</AttributeType><IsRequired>true</IsRequired><Value i:nil="true"/></Attribute></Attributes><ChildElements/><ElementName>mesh</ElementName><required>false</required><FilenameAttribute z:Ref="i370"/></URDFElement></ChildElements><ElementName>geometry</ElementName><required>true</required><Mesh z:Ref="i369"/></URDFElement></ChildElements><ElementName>collision</ElementName><required>false</required><Geometry z:Ref="i368"/><Origin z:Ref="i365"/></URDFElement><URDFElement z:Id="i371" i:type="Joint"><Attributes><Attribute z:Id="i372"><AttributeType>name</AttributeType><IsRequired>true</IsRequired><Value i:type="a:string" xmlns:a="http://www.w3.org/2001/XMLSchema">Lidar_joint</Value></Attribute><Attribute z:Id="i373"><AttributeType>type</AttributeType><IsRequired>true</IsRequired><Value i:type="a:string" xmlns:a="http://www.w3.org/2001/XMLSchema">continuous</Value></Attribute></Attributes><ChildElements><URDFElement z:Id="i374" i:type="Origin"><Attributes><Attribute z:Id="i375"><AttributeType>xyz</AttributeType><IsRequired>true</IsRequired><Value i:type="a:ArrayOfdouble" xmlns:a="http://schemas.microsoft.com/2003/10/Serialization/Arrays"><a:double>-0.0068640499973873781</a:double><a:double>-0.00013029331516768022</a:double><a:double>0.1721</a:double></Value></Attribute><Attribute z:Id="i376"><AttributeType>rpy</AttributeType><IsRequired>true</IsRequired><Value i:type="a:ArrayOfdouble" xmlns:a="http://schemas.microsoft.com/2003/10/Serialization/Arrays"><a:double>0</a:double><a:double>0</a:double><a:double>0</a:double></Value></Attribute></Attributes><ChildElements/><ElementName>origin</ElementName><required>false</required><RPYAttribute z:Ref="i376"/><XYZAttribute z:Ref="i375"/><isCustomized>false</isCustomized></URDFElement><URDFElement z:Id="i377" i:type="ParentLink"><Attributes><Attribute z:Id="i378"><AttributeType>link</AttributeType><IsRequired>true</IsRequired><Value i:type="a:string" xmlns:a="http://www.w3.org/2001/XMLSchema">base_link</Value></Attribute></Attributes><ChildElements/><ElementName>parent</ElementName><required>true</required><NameAttribute z:Ref="i378"/></URDFElement><URDFElement z:Id="i379" i:type="ChildLink"><Attributes><Attribute z:Id="i380"><AttributeType>link</AttributeType><IsRequired>true</IsRequired><Value i:type="a:string" xmlns:a="http://www.w3.org/2001/XMLSchema">Lidar_link</Value></Attribute></Attributes><ChildElements/><ElementName>child</ElementName><required>true</required><NameAttribute z:Ref="i380"/></URDFElement><URDFElement z:Id="i381" i:type="Axis"><Attributes><Attribute z:Id="i382"><AttributeType>xyz</AttributeType><IsRequired>true</IsRequired><Value i:type="a:ArrayOfdouble" xmlns:a="http://schemas.microsoft.com/2003/10/Serialization/Arrays"><a:double>0</a:double><a:double>0</a:double><a:double>1</a:double></Value></Attribute></Attributes><ChildElements/><ElementName>axis</ElementName><required>false</required><XYZAttribute z:Ref="i382"/></URDFElement><URDFElement z:Id="i383" i:type="Limit"><Attributes><Attribute z:Id="i384"><AttributeType>lower</AttributeType><IsRequired>false</IsRequired><Value i:nil="true"/></Attribute><Attribute z:Id="i385"><AttributeType>upper</AttributeType><IsRequired>false</IsRequired><Value i:nil="true"/></Attribute><Attribute z:Id="i386"><AttributeType>effort</AttributeType><IsRequired>true</IsRequired><Value i:nil="true"/></Attribute><Attribute z:Id="i387"><AttributeType>velocity</AttributeType><IsRequired>true</IsRequired><Value i:nil="true"/></Attribute></Attributes><ChildElements/><ElementName>limit</ElementName><required>false</required><EffortAttribute z:Ref="i386"/><LowerAttribute z:Ref="i384"/><UpperAttribute z:Ref="i385"/><VelocityAttribute z:Ref="i387"/></URDFElement><URDFElement z:Id="i388" i:type="Calibration"><Attributes><Attribute z:Id="i389"><AttributeType>rising</AttributeType><IsRequired>false</IsRequired><Value i:nil="true"/></Attribute><Attribute z:Id="i390"><AttributeType>falling</AttributeType><IsRequired>false</IsRequired><Value i:nil="true"/></Attribute></Attributes><ChildElements/><ElementName>calibration</ElementName><required>false</required><FallingAttribute z:Ref="i390"/><RisingAttribute z:Ref="i389"/></URDFElement><URDFElement z:Id="i391" i:type="Dynamics"><Attributes><Attribute z:Id="i392"><AttributeType>damping</AttributeType><IsRequired>false</IsRequired><Value i:nil="true"/></Attribute><Attribute z:Id="i393"><AttributeType>friction</AttributeType><IsRequired>false</IsRequired><Value i:nil="true"/></Attribute></Attributes><ChildElements/><ElementName>dynamics</ElementName><required>false</required><DampingAttribute z:Ref="i392"/><FrictionAttribute z:Ref="i393"/></URDFElement><URDFElement z:Id="i394" i:type="SafetyController"><Attributes><Attribute z:Id="i395"><AttributeType>soft_upper_limit</AttributeType><IsRequired>false</IsRequired><Value i:nil="true"/></Attribute><Attribute z:Id="i396"><AttributeType>soft_lower_limit</AttributeType><IsRequired>false</IsRequired><Value i:nil="true"/></Attribute><Attribute z:Id="i397"><AttributeType>k_position</AttributeType><IsRequired>false</IsRequired><Value i:nil="true"/></Attribute><Attribute z:Id="i398"><AttributeType>k_velocity</AttributeType><IsRequired>true</IsRequired><Value i:nil="true"/></Attribute></Attributes><ChildElements/><ElementName>safety_controller</ElementName><required>false</required><KPositionAttribute z:Ref="i397"/><KVelocityAttribute z:Ref="i398"/><SoftLowerAttribute z:Ref="i396"/><SoftUpperAttribute z:Ref="i395"/></URDFElement><URDFElement z:Id="i399" i:type="Mimic"><Attributes><Attribute z:Id="i400"><AttributeType>joint</AttributeType><IsRequired>true</IsRequired><Value i:nil="true"/></Attribute><Attribute z:Id="i401"><AttributeType>multiplier</AttributeType><IsRequired>false</IsRequired><Value i:nil="true"/></Attribute><Attribute z:Id="i402"><AttributeType>offset</AttributeType><IsRequired>false</IsRequired><Value i:nil="true"/></Attribute></Attributes><ChildElements/><ElementName>mimic</ElementName><required>false</required><JointNameAttribute z:Ref="i400"/><MultiplierAttribute z:Ref="i401"/><OffsetAttribute z:Ref="i402"/></URDFElement></ChildElements><ElementName>joint</ElementName><required>false</required><Axis z:Ref="i381"/><AxisName>lidar_axis</AxisName><Calibration z:Ref="i388"/><Child z:Ref="i379"/><CoordinateSystemName>lidar_origin</CoordinateSystemName><Dynamics z:Ref="i391"/><Limit z:Ref="i383"/><Mimic z:Ref="i399"/><NameAttribute z:Ref="i372"/><Origin z:Ref="i374"/><Parent z:Ref="i377"/><Safety z:Ref="i394"/><TypeAttribute z:Ref="i373"/></URDFElement></ChildElements><ElementName>link</ElementName><required>true</required><Children/><Collision z:Ref="i364"/><Inertial z:Ref="i338"/><Joint z:Ref="i371"/><NameAttribute z:Ref="i337"/><Parent z:Ref="i1"/><STLQualityFine>false</STLQualityFine><SWComponentPIDs xmlns:a="http://schemas.microsoft.com/2003/10/Serialization/Arrays"><a:base64Binary>aEIAAAUAAAD//v8WWAAzAF8ATABpAGQAYQByAF8AcABhAHIAdAAtADEAQABhAHMAcwBlAG0AMQAEAAAAEAAAAAEAAAABAAAAAAIAAA==</a:base64Binary></SWComponentPIDs><SWMainComponentPID i:nil="true"/><Visual z:Ref="i351"/><isFixedFrame>false</isFixedFrame><isIncomplete>false</isIncomplete></Link><Link z:Id="i403"><Attributes><Attribute z:Id="i404"><AttributeType>name</AttributeType><IsRequired>true</IsRequired><Value i:type="a:string" xmlns:a="http://www.w3.org/2001/XMLSchema">imu_link</Value></Attribute></Attributes><ChildElements><URDFElement z:Id="i405" i:type="Inertial"><Attributes/><ChildElements><URDFElement z:Id="i406" i:type="Origin"><Attributes><Attribute z:Id="i407"><AttributeType>xyz</AttributeType><IsRequired>true</IsRequired><Value i:type="a:ArrayOfdouble" xmlns:a="http://schemas.microsoft.com/2003/10/Serialization/Arrays"><a:double>-0.00238812545770593</a:double><a:double>-0.00015720661935611849</a:double><a:double>-0.0022906513677181106</a:double></Value></Attribute><Attribute z:Id="i408"><AttributeType>rpy</AttributeType><IsRequired>true</IsRequired><Value i:type="a:ArrayOfdouble" xmlns:a="http://schemas.microsoft.com/2003/10/Serialization/Arrays"><a:double>0</a:double><a:double>0</a:double><a:double>0</a:double></Value></Attribute></Attributes><ChildElements/><ElementName>origin</ElementName><required>false</required><RPYAttribute z:Ref="i408"/><XYZAttribute z:Ref="i407"/><isCustomized>false</isCustomized></URDFElement><URDFElement z:Id="i409" i:type="Mass"><Attributes><Attribute z:Id="i410"><AttributeType>value</AttributeType><IsRequired>true</IsRequired><Value i:type="a:double" xmlns:a="http://www.w3.org/2001/XMLSchema">0.00067387693895371622</Value></Attribute></Attributes><ChildElements/><ElementName>mass</ElementName><required>false</required><ValueAttribute z:Ref="i410"/></URDFElement><URDFElement z:Id="i411" i:type="Inertia"><Attributes><Attribute z:Id="i412"><AttributeType>ixx</AttributeType><IsRequired>true</IsRequired><Value i:type="a:double" xmlns:a="http://www.w3.org/2001/XMLSchema">2.192972647974984E-08</Value></Attribute><Attribute z:Id="i413"><AttributeType>ixy</AttributeType><IsRequired>true</IsRequired><Value i:type="a:double" xmlns:a="http://www.w3.org/2001/XMLSchema">-2.8297776906532714E-14</Value></Attribute><Attribute z:Id="i414"><AttributeType>ixz</AttributeType><IsRequired>true</IsRequired><Value i:type="a:double" xmlns:a="http://www.w3.org/2001/XMLSchema">-2.695303096751399E-14</Value></Attribute><Attribute z:Id="i415"><AttributeType>iyy</AttributeType><IsRequired>true</IsRequired><Value i:type="a:double" xmlns:a="http://www.w3.org/2001/XMLSchema">9.3345918426693768E-09</Value></Attribute><Attribute z:Id="i416"><AttributeType>iyz</AttributeType><IsRequired>true</IsRequired><Value i:type="a:double" xmlns:a="http://www.w3.org/2001/XMLSchema">-1.1632652646643364E-14</Value></Attribute><Attribute z:Id="i417"><AttributeType>izz</AttributeType><IsRequired>true</IsRequired><Value i:type="a:double" xmlns:a="http://www.w3.org/2001/XMLSchema">2.9883497839707475E-08</Value></Attribute></Attributes><ChildElements/><ElementName>inertia</ElementName><required>false</required><IxxAttribute z:Ref="i412"/><IxyAttribute z:Ref="i413"/><IxzAttribute z:Ref="i414"/><IyyAttribute z:Ref="i415"/><IyzAttribute z:Ref="i416"/><IzzAttribute z:Ref="i417"/></URDFElement></ChildElements><ElementName>inertial</ElementName><required>false</required><Inertia z:Ref="i411"/><Mass z:Ref="i409"/><Origin z:Ref="i406"/></URDFElement><URDFElement z:Id="i418" i:type="Visual"><Attributes/><ChildElements><URDFElement z:Id="i419" i:type="Origin"><Attributes><Attribute z:Id="i420"><AttributeType>xyz</AttributeType><IsRequired>true</IsRequired><Value i:type="a:ArrayOfdouble" xmlns:a="http://schemas.microsoft.com/2003/10/Serialization/Arrays"><a:double>0</a:double><a:double>0</a:double><a:double>0</a:double></Value></Attribute><Attribute z:Id="i421"><AttributeType>rpy</AttributeType><IsRequired>true</IsRequired><Value i:type="a:ArrayOfdouble" xmlns:a="http://schemas.microsoft.com/2003/10/Serialization/Arrays"><a:double>0</a:double><a:double>0</a:double><a:double>0</a:double></Value></Attribute></Attributes><ChildElements/><ElementName>origin</ElementName><required>false</required><RPYAttribute z:Ref="i421"/><XYZAttribute z:Ref="i420"/><isCustomized>false</isCustomized></URDFElement><URDFElement z:Id="i422" i:type="Geometry"><Attributes/><ChildElements><URDFElement z:Id="i423" i:type="Mesh"><Attributes><Attribute z:Id="i424"><AttributeType>filename</AttributeType><IsRequired>true</IsRequired><Value i:nil="true"/></Attribute></Attributes><ChildElements/><ElementName>mesh</ElementName><required>false</required><FilenameAttribute z:Ref="i424"/></URDFElement></ChildElements><ElementName>geometry</ElementName><required>true</required><Mesh z:Ref="i423"/></URDFElement><URDFElement z:Id="i425" i:type="Material"><Attributes><Attribute z:Id="i426"><AttributeType>name</AttributeType><IsRequired>true</IsRequired><Value i:type="a:string" xmlns:a="http://www.w3.org/2001/XMLSchema"/></Attribute></Attributes><ChildElements><URDFElement z:Id="i427" i:type="Color"><Attributes><Attribute z:Id="i428"><AttributeType>rgba</AttributeType><IsRequired>true</IsRequired><Value i:type="a:ArrayOfdouble" xmlns:a="http://schemas.microsoft.com/2003/10/Serialization/Arrays"><a:double>0.792156862745098</a:double><a:double>0.81960784313725488</a:double><a:double>0.93333333333333335</a:double><a:double>1</a:double></Value></Attribute></Attributes><ChildElements/><ElementName>color</ElementName><required>false</required><RGBAAttribute z:Ref="i428"/></URDFElement><URDFElement z:Id="i429" i:type="Texture"><Attributes><Attribute z:Id="i430"><AttributeType>filename</AttributeType><IsRequired>true</IsRequired><Value i:nil="true"/></Attribute></Attributes><ChildElements/><ElementName>texture</ElementName><required>false</required><FilenameAttribute z:Ref="i430"/><wFilename/></URDFElement></ChildElements><ElementName>material</ElementName><required>false</required><Color z:Ref="i427"/><NameAttribute z:Ref="i426"/><Texture z:Ref="i429"/></URDFElement></ChildElements><ElementName>visual</ElementName><required>false</required><Geometry z:Ref="i422"/><Material z:Ref="i425"/><Origin z:Ref="i419"/></URDFElement><URDFElement z:Id="i431" i:type="Collision"><Attributes/><ChildElements><URDFElement z:Id="i432" i:type="Origin"><Attributes><Attribute z:Id="i433"><AttributeType>xyz</AttributeType><IsRequired>true</IsRequired><Value i:type="a:ArrayOfdouble" xmlns:a="http://schemas.microsoft.com/2003/10/Serialization/Arrays"><a:double>0</a:double><a:double>0</a:double><a:double>0</a:double></Value></Attribute><Attribute z:Id="i434"><AttributeType>rpy</AttributeType><IsRequired>true</IsRequired><Value i:type="a:ArrayOfdouble" xmlns:a="http://schemas.microsoft.com/2003/10/Serialization/Arrays"><a:double>0</a:double><a:double>0</a:double><a:double>0</a:double></Value></Attribute></Attributes><ChildElements/><ElementName>origin</ElementName><required>false</required><RPYAttribute z:Ref="i434"/><XYZAttribute z:Ref="i433"/><isCustomized>false</isCustomized></URDFElement><URDFElement z:Id="i435" i:type="Geometry"><Attributes/><ChildElements><URDFElement z:Id="i436" i:type="Mesh"><Attributes><Attribute z:Id="i437"><AttributeType>filename</AttributeType><IsRequired>true</IsRequired><Value i:nil="true"/></Attribute></Attributes><ChildElements/><ElementName>mesh</ElementName><required>false</required><FilenameAttribute z:Ref="i437"/></URDFElement></ChildElements><ElementName>geometry</ElementName><required>true</required><Mesh z:Ref="i436"/></URDFElement></ChildElements><ElementName>collision</ElementName><required>false</required><Geometry z:Ref="i435"/><Origin z:Ref="i432"/></URDFElement><URDFElement z:Id="i438" i:type="Joint"><Attributes><Attribute z:Id="i439"><AttributeType>name</AttributeType><IsRequired>true</IsRequired><Value i:type="a:string" xmlns:a="http://www.w3.org/2001/XMLSchema">imu_joint</Value></Attribute><Attribute z:Id="i440"><AttributeType>type</AttributeType><IsRequired>true</IsRequired><Value i:type="a:string" xmlns:a="http://www.w3.org/2001/XMLSchema">fixed</Value></Attribute></Attributes><ChildElements><URDFElement z:Id="i441" i:type="Origin"><Attributes><Attribute z:Id="i442"><AttributeType>xyz</AttributeType><IsRequired>true</IsRequired><Value i:type="a:ArrayOfdouble" xmlns:a="http://schemas.microsoft.com/2003/10/Serialization/Arrays"><a:double>-0.00494016789724259</a:double><a:double>-0.036990916273756426</a:double><a:double>0.11451999998799492</a:double></Value></Attribute><Attribute z:Id="i443"><AttributeType>rpy</AttributeType><IsRequired>true</IsRequired><Value i:type="a:ArrayOfdouble" xmlns:a="http://schemas.microsoft.com/2003/10/Serialization/Arrays"><a:double>0</a:double><a:double>0</a:double><a:double>0</a:double></Value></Attribute></Attributes><ChildElements/><ElementName>origin</ElementName><required>false</required><RPYAttribute z:Ref="i443"/><XYZAttribute z:Ref="i442"/><isCustomized>false</isCustomized></URDFElement><URDFElement z:Id="i444" i:type="ParentLink"><Attributes><Attribute z:Id="i445"><AttributeType>link</AttributeType><IsRequired>true</IsRequired><Value i:type="a:string" xmlns:a="http://www.w3.org/2001/XMLSchema">base_link</Value></Attribute></Attributes><ChildElements/><ElementName>parent</ElementName><required>true</required><NameAttribute z:Ref="i445"/></URDFElement><URDFElement z:Id="i446" i:type="ChildLink"><Attributes><Attribute z:Id="i447"><AttributeType>link</AttributeType><IsRequired>true</IsRequired><Value i:type="a:string" xmlns:a="http://www.w3.org/2001/XMLSchema">imu_link</Value></Attribute></Attributes><ChildElements/><ElementName>child</ElementName><required>true</required><NameAttribute z:Ref="i447"/></URDFElement><URDFElement z:Id="i448" i:type="Axis"><Attributes><Attribute z:Id="i449"><AttributeType>xyz</AttributeType><IsRequired>true</IsRequired><Value i:type="a:ArrayOfdouble" xmlns:a="http://schemas.microsoft.com/2003/10/Serialization/Arrays"><a:double>0</a:double><a:double>0</a:double><a:double>0</a:double></Value></Attribute></Attributes><ChildElements/><ElementName>axis</ElementName><required>false</required><XYZAttribute z:Ref="i449"/></URDFElement><URDFElement z:Id="i450" i:type="Limit"><Attributes><Attribute z:Id="i451"><AttributeType>lower</AttributeType><IsRequired>false</IsRequired><Value i:nil="true"/></Attribute><Attribute z:Id="i452"><AttributeType>upper</AttributeType><IsRequired>false</IsRequired><Value i:nil="true"/></Attribute><Attribute z:Id="i453"><AttributeType>effort</AttributeType><IsRequired>true</IsRequired><Value i:nil="true"/></Attribute><Attribute z:Id="i454"><AttributeType>velocity</AttributeType><IsRequired>true</IsRequired><Value i:nil="true"/></Attribute></Attributes><ChildElements/><ElementName>limit</ElementName><required>false</required><EffortAttribute z:Ref="i453"/><LowerAttribute z:Ref="i451"/><UpperAttribute z:Ref="i452"/><VelocityAttribute z:Ref="i454"/></URDFElement><URDFElement z:Id="i455" i:type="Calibration"><Attributes><Attribute z:Id="i456"><AttributeType>rising</AttributeType><IsRequired>false</IsRequired><Value i:nil="true"/></Attribute><Attribute z:Id="i457"><AttributeType>falling</AttributeType><IsRequired>false</IsRequired><Value i:nil="true"/></Attribute></Attributes><ChildElements/><ElementName>calibration</ElementName><required>false</required><FallingAttribute z:Ref="i457"/><RisingAttribute z:Ref="i456"/></URDFElement><URDFElement z:Id="i458" i:type="Dynamics"><Attributes><Attribute z:Id="i459"><AttributeType>damping</AttributeType><IsRequired>false</IsRequired><Value i:nil="true"/></Attribute><Attribute z:Id="i460"><AttributeType>friction</AttributeType><IsRequired>false</IsRequired><Value i:nil="true"/></Attribute></Attributes><ChildElements/><ElementName>dynamics</ElementName><required>false</required><DampingAttribute z:Ref="i459"/><FrictionAttribute z:Ref="i460"/></URDFElement><URDFElement z:Id="i461" i:type="SafetyController"><Attributes><Attribute z:Id="i462"><AttributeType>soft_upper_limit</AttributeType><IsRequired>false</IsRequired><Value i:nil="true"/></Attribute><Attribute z:Id="i463"><AttributeType>soft_lower_limit</AttributeType><IsRequired>false</IsRequired><Value i:nil="true"/></Attribute><Attribute z:Id="i464"><AttributeType>k_position</AttributeType><IsRequired>false</IsRequired><Value i:nil="true"/></Attribute><Attribute z:Id="i465"><AttributeType>k_velocity</AttributeType><IsRequired>true</IsRequired><Value i:nil="true"/></Attribute></Attributes><ChildElements/><ElementName>safety_controller</ElementName><required>false</required><KPositionAttribute z:Ref="i464"/><KVelocityAttribute z:Ref="i465"/><SoftLowerAttribute z:Ref="i463"/><SoftUpperAttribute z:Ref="i462"/></URDFElement><URDFElement z:Id="i466" i:type="Mimic"><Attributes><Attribute z:Id="i467"><AttributeType>joint</AttributeType><IsRequired>true</IsRequired><Value i:nil="true"/></Attribute><Attribute z:Id="i468"><AttributeType>multiplier</AttributeType><IsRequired>false</IsRequired><Value i:nil="true"/></Attribute><Attribute z:Id="i469"><AttributeType>offset</AttributeType><IsRequired>false</IsRequired><Value i:nil="true"/></Attribute></Attributes><ChildElements/><ElementName>mimic</ElementName><required>false</required><JointNameAttribute z:Ref="i467"/><MultiplierAttribute z:Ref="i468"/><OffsetAttribute z:Ref="i469"/></URDFElement></ChildElements><ElementName>joint</ElementName><required>false</required><Axis z:Ref="i448"/><AxisName>Axis_imu_joint</AxisName><Calibration z:Ref="i455"/><Child z:Ref="i446"/><CoordinateSystemName>imu_origin</CoordinateSystemName><Dynamics z:Ref="i458"/><Limit z:Ref="i450"/><Mimic z:Ref="i466"/><NameAttribute z:Ref="i439"/><Origin z:Ref="i441"/><Parent z:Ref="i444"/><Safety z:Ref="i461"/><TypeAttribute z:Ref="i440"/></URDFElement></ChildElements><ElementName>link</ElementName><required>true</required><Children/><Collision z:Ref="i431"/><Inertial z:Ref="i405"/><Joint z:Ref="i438"/><NameAttribute z:Ref="i404"/><Parent z:Ref="i1"/><STLQualityFine>false</STLQualityFine><SWComponentPIDs xmlns:a="http://schemas.microsoft.com/2003/10/Serialization/Arrays"><a:base64Binary>aEIAAAUAAAD//v8VTQBQAFUANgAwADUAMABfAG4AdQBkAGUALQAxAEAAYQBzAHMAZQBtADEABAAAABAAAAABAAAAAQAAAPwBAAA=</a:base64Binary></SWComponentPIDs><SWMainComponentPID i:nil="true"/><Visual z:Ref="i418"/><isFixedFrame>false</isFixedFrame><isIncomplete>false</isIncomplete></Link></Children><Collision z:Ref="i29"/><Inertial z:Ref="i3"/><Joint z:Ref="i36"/><NameAttribute z:Ref="i2"/><Parent i:nil="true"/><STLQualityFine>false</STLQualityFine><SWComponentPIDs xmlns:a="http://schemas.microsoft.com/2003/10/Serialization/Arrays"><a:base64Binary>aEIAAAUAAAD//v8ScgBiAG8AdABfAGIAYQBzAGUALQAxAEAAYQBzAHMAZQBtADEABAAAABAAAAABAAAAAQAAABgAAAA=</a:base64Binary><a:base64Binary>aEIAAAUAAAD//v8sYwB1AG0ATQBvAHQAbwByAC0AMgBAAGEAcwBzAGUAbQAxAC8ASgBHAEEAMgA1AC0AMwA3ADEALQBtAG8AdQBuAHQALQAxAEAAYwB1AG0ATQBvAHQAbwByAAQAAAAQAAAAAQAAAAIAAAAdAAAAHAAAAA==</a:base64Binary><a:base64Binary>aEIAAAUAAAD//v83YwB1AG0ATQBvAHQAbwByAC0AMgBAAGEAcwBzAGUAbQAxAC8ASgBHAEEAMgA1AC0AMwA3ADEAXwAxADIAVgBEAEMAXwAyADUAMABSAFAATQAuAHMAdABwAC0AMQBAAGMAdQBtAE0AbwB0AG8AcgAEAAAAEAAAAAEAAAACAAAAHQAAABkAAAA=</a:base64Binary><a:base64Binary>aEIAAAUAAAD//v8sYwB1AG0ATQBvAHQAbwByAC0AMQBAAGEAcwBzAGUAbQAxAC8ASgBHAEEAMgA1AC0AMwA3ADEALQBtAG8AdQBuAHQALQAxAEAAYwB1AG0ATQBvAHQAbwByAAQAAAAQAAAAAQAAAAIAAAAZAAAAHAAAAA==</a:base64Binary><a:base64Binary>aEIAAAUAAAD//v83YwB1AG0ATQBvAHQAbwByAC0AMQBAAGEAcwBzAGUAbQAxAC8ASgBHAEEAMgA1AC0AMwA3ADEAXwAxADIAVgBEAEMAXwAyADUAMABSAFAATQAuAHMAdABwAC0AMQBAAGMAdQBtAE0AbwB0AG8AcgAEAAAAEAAAAAEAAAACAAAAGQAAABkAAAA=</a:base64Binary><a:base64Binary>aEIAAAUAAAD//v8UcgBiAG8AdABfAGwAYQB5AGUAcgAxAC0AMgBAAGEAcwBzAGUAbQAxAAQAAAAQAAAAAQAAAAEAAABtAAAA</a:base64Binary><a:base64Binary>aEIAAAUAAAD//v8tQQBiAHMAdABhAG4AZABoAGEAbAB0AGUAcgAgAE0AMwAgAEkARwAtAEEARwAgADMAMABtAG0AKwA2AG0AbQAgAHAAYQByAHQALQA3AEAAYQBzAHMAZQBtADEABAAAABAAAAABAAAAAQAAAEEBAAA=</a:base64Binary><a:base64Binary>aEIAAAUAAAD//v8tQQBiAHMAdABhAG4AZABoAGEAbAB0AGUAcgAgAE0AMwAgAEkARwAtAEEARwAgADMAMABtAG0AKwA2AG0AbQAgAHAAYQByAHQALQA4AEAAYQBzAHMAZQBtADEABAAAABAAAAABAAAAAQAAAEQBAAA=</a:base64Binary><a:base64Binary>aEIAAAUAAAD//v8UcgBiAG8AdABfAGwAYQB5AGUAcgAzAC0AMQBAAGEAcwBzAGUAbQAxAAQAAAAQAAAAAQAAAAEAAABxAAAA</a:base64Binary><a:base64Binary>aEIAAAUAAAD//v8tQQBiAHMAdABhAG4AZABoAGEAbAB0AGUAcgAgAE0AMwAgAEkARwAtAEEARwAgADMAMABtAG0AKwA2AG0AbQAgAHAAYQByAHQALQAzAEAAYQBzAHMAZQBtADEABAAAABAAAAABAAAAAQAAADIBAAA=</a:base64Binary><a:base64Binary>aEIAAAUAAAD//v8UcgBiAG8AdABfAGwAYQB5AGUAcgAyAC0AMQBAAGEAcwBzAGUAbQAxAAQAAAAQAAAAAQAAAAEAAACCAAAA</a:base64Binary><a:base64Binary>aEIAAAUAAAD//v8tQQBiAHMAdABhAG4AZABoAGEAbAB0AGUAcgAgAE0AMwAgAEkARwAtAEEARwAgADMAMABtAG0AKwA2AG0AbQAgAHAAYQByAHQALQA0AEAAYQBzAHMAZQBtADEABAAAABAAAAABAAAAAQAAADUBAAA=</a:base64Binary><a:base64Binary>aEIAAAUAAAD//v8tQQBiAHMAdABhAG4AZABoAGEAbAB0AGUAcgAgAE0AMwAgAEkARwAtAEEARwAgADUAMABtAG0AKwA2AG0AbQAgAHAAYQByAHQALQAzAEAAYQBzAHMAZQBtADEABAAAABAAAAABAAAAAQAAACABAAA=</a:base64Binary><a:base64Binary>aEIAAAUAAAD//v8tQQBiAHMAdABhAG4AZABoAGEAbAB0AGUAcgAgAE0AMwAgAEkARwAtAEEARwAgADUAMABtAG0AKwA2AG0AbQAgAHAAYQByAHQALQAyAEAAYQBzAHMAZQBtADEABAAAABAAAAABAAAAAQAAAB0BAAA=</a:base64Binary><a:base64Binary>aEIAAAUAAAD//v8tQQBiAHMAdABhAG4AZABoAGEAbAB0AGUAcgAgAE0AMwAgAEkARwAtAEEARwAgADUAMABtAG0AKwA2AG0AbQAgAHAAYQByAHQALQAxAEAAYQBzAHMAZQBtADEABAAAABAAAAABAAAAAQAAABoBAAA=</a:base64Binary><a:base64Binary>aEIAAAUAAAD//v8tQQBiAHMAdABhAG4AZABoAGEAbAB0AGUAcgAgAE0AMwAgAEkARwAtAEEARwAgADMAMABtAG0AKwA2AG0AbQAgAHAAYQByAHQALQAyAEAAYQBzAHMAZQBtADEABAAAABAAAAABAAAAAQAAAC8BAAA=</a:base64Binary><a:base64Binary>aEIAAAUAAAD//v8tQQBiAHMAdABhAG4AZABoAGEAbAB0AGUAcgAgAE0AMwAgAEkARwAtAEEARwAgADMAMABtAG0AKwA2AG0AbQAgAHAAYQByAHQALQA2AEAAYQBzAHMAZQBtADEABAAAABAAAAABAAAAAQAAAD4BAAA=</a:base64Binary><a:base64Binary>aEIAAAUAAAD//v8tQQBiAHMAdABhAG4AZABoAGEAbAB0AGUAcgAgAE0AMwAgAEkARwAtAEEARwAgADUAMABtAG0AKwA2AG0AbQAgAHAAYQByAHQALQA0AEAAYQBzAHMAZQBtADEABAAAABAAAAABAAAAAQAAACMBAAA=</a:base64Binary><a:base64Binary>aEIAAAUAAAD//v8tQQBiAHMAdABhAG4AZABoAGEAbAB0AGUAcgAgAE0AMwAgAEkARwAtAEEARwAgADMAMABtAG0AKwA2AG0AbQAgAHAAYQByAHQALQAxAEAAYQBzAHMAZQBtADEABAAAABAAAAABAAAAAQAAACkBAAA=</a:base64Binary><a:base64Binary>aEIAAAUAAAD//v8tQQBiAHMAdABhAG4AZABoAGEAbAB0AGUAcgAgAE0AMwAgAEkARwAtAEEARwAgADMAMABtAG0AKwA2AG0AbQAgAHAAYQByAHQALQA1AEAAYQBzAHMAZQBtADEABAAAABAAAAABAAAAAQAAADsBAAA=</a:base64Binary><a:base64Binary>aEIAAAUAAAD//v8UcgBiAG8AdABfAHcAYQBzAGgAZQByAC0ANQBAAGEAcwBzAGUAbQAxAAQAAAAQAAAAAQAAAAEAAADqAAAA</a:base64Binary><a:base64Binary>aEIAAAUAAAD//v8TTAAyADkAOABOAF8AcABhAHIAdAAtADEAQABhAHMAcwBlAG0AMQAEAAAAEAAAAAEAAAABAAAA6QAAAA==</a:base64Binary><a:base64Binary>aEIAAAUAAAD//v8UcgBiAG8AdABfAHcAYQBzAGgAZQByAC0ANgBAAGEAcwBzAGUAbQAxAAQAAAAQAAAAAQAAAAEAAADtAAAA</a:base64Binary><a:base64Binary>aEIAAAUAAAD//v8UcgBiAG8AdABfAHcAYQBzAGgAZQByAC0ANwBAAGEAcwBzAGUAbQAxAAQAAAAQAAAAAQAAAAEAAADwAAAA</a:base64Binary><a:base64Binary>aEIAAAUAAAD//v8VcgBiAG8AdABfAHcAYQBzAGgAZQByAC0AMQA0AEAAYQBzAHMAZQBtADEABAAAABAAAAABAAAAAQAAAFQBAAA=</a:base64Binary><a:base64Binary>aEIAAAUAAAD//v8VcgBiAG8AdABfAHcAYQBzAGgAZQByAC0AMQAxAEAAYQBzAHMAZQBtADEABAAAABAAAAABAAAAAQAAAEsBAAA=</a:base64Binary><a:base64Binary>aEIAAAUAAAD//v8hTABUAEMAIAAzADcAOAAwACAATQB1AGQAdQBsAGUAIAB2ADEAMQAgAHAAYQByAHQALQAxAEAAYQBzAHMAZQBtADEABAAAABAAAAABAAAAAQAAAEoBAAA=</a:base64Binary><a:base64Binary>aEIAAAUAAAD//v8VcgBiAG8AdABfAHcAYQBzAGgAZQByAC0AMQAwAEAAYQBzAHMAZQBtADEABAAAABAAAAABAAAAAQAAAPcAAAA=</a:base64Binary><a:base64Binary>aEIAAAUAAAD//v8VcgBiAG8AdABfAHcAYQBzAGgAZQByAC0AMQAzAEAAYQBzAHMAZQBtADEABAAAABAAAAABAAAAAQAAAFEBAAA=</a:base64Binary><a:base64Binary>aEIAAAUAAAD//v8VcgBiAG8AdABfAHcAYQBzAGgAZQByAC0AMQAyAEAAYQBzAHMAZQBtADEABAAAABAAAAABAAAAAQAAAE4BAAA=</a:base64Binary><a:base64Binary>aEIAAAUAAAD//v8tYQBiAHMAdABhAG4AZABoAGEAbAB0AGUAcgAgAG0AMwAgAGkAZwAtAGEAZwAgADIAMABtAG0AKwA2AG0AbQAgAHAAYQByAHQALQAxAEAAYQBzAHMAZQBtADEABAAAABAAAAABAAAAAQAAAPYBAAA=</a:base64Binary><a:base64Binary>aEIAAAUAAAD//v8tYQBiAHMAdABhAG4AZABoAGEAbAB0AGUAcgAgAG0AMwAgAGkAZwAtAGEAZwAgADIAMABtAG0AKwA2AG0AbQAgAHAAYQByAHQALQAyAEAAYQBzAHMAZQBtADEABAAAABAAAAABAAAAAQAAAPkBAAA=</a:base64Binary></SWComponentPIDs><SWMainComponentPID i:nil="true"/><Visual z:Ref="i16"/><isFixedFrame>false</isFixedFrame><isIncomplete>false</isIncomplete></Link>
2025-04-28 21:29:09,040 INFO  AssemblyExportForm.cs: 253 - Completing URDF export
2025-04-28 21:29:09,043 INFO  ConfigurationSerialization.cs: 276 - URDF Configuration found
<Link z:Id="i1" xmlns="http://schemas.datacontract.org/2004/07/SW2URDF" xmlns:i="http://www.w3.org/2001/XMLSchema-instance" xmlns:z="http://schemas.microsoft.com/2003/10/Serialization/"><Attributes><Attribute z:Id="i2"><AttributeType>name</AttributeType><IsRequired>true</IsRequired><Value i:type="a:string" xmlns:a="http://www.w3.org/2001/XMLSchema">base_link</Value></Attribute></Attributes><ChildElements><URDFElement z:Id="i3" i:type="Inertial"><Attributes/><ChildElements><URDFElement z:Id="i4" i:type="Origin"><Attributes><Attribute z:Id="i5"><AttributeType>xyz</AttributeType><IsRequired>true</IsRequired><Value i:type="a:ArrayOfdouble" xmlns:a="http://schemas.microsoft.com/2003/10/Serialization/Arrays"><a:double>-0.00029960019977723611</a:double><a:double>-0.00076406188227396213</a:double><a:double>0.053754497718263142</a:double></Value></Attribute><Attribute z:Id="i6"><AttributeType>rpy</AttributeType><IsRequired>true</IsRequired><Value i:type="a:ArrayOfdouble" xmlns:a="http://schemas.microsoft.com/2003/10/Serialization/Arrays"><a:double>0</a:double><a:double>0</a:double><a:double>0</a:double></Value></Attribute></Attributes><ChildElements/><ElementName>origin</ElementName><required>false</required><RPYAttribute z:Ref="i6"/><XYZAttribute z:Ref="i5"/><isCustomized>false</isCustomized></URDFElement><URDFElement z:Id="i7" i:type="Mass"><Attributes><Attribute z:Id="i8"><AttributeType>value</AttributeType><IsRequired>true</IsRequired><Value i:type="a:double" xmlns:a="http://www.w3.org/2001/XMLSchema">0.47490204978631079</Value></Attribute></Attributes><ChildElements/><ElementName>mass</ElementName><required>false</required><ValueAttribute z:Ref="i8"/></URDFElement><URDFElement z:Id="i9" i:type="Inertia"><Attributes><Attribute z:Id="i10"><AttributeType>ixx</AttributeType><IsRequired>true</IsRequired><Value i:type="a:double" xmlns:a="http://www.w3.org/2001/XMLSchema">0.00092332986447731728</Value></Attribute><Attribute z:Id="i11"><AttributeType>ixy</AttributeType><IsRequired>true</IsRequired><Value i:type="a:double" xmlns:a="http://www.w3.org/2001/XMLSchema">-4.4322108794820049E-08</Value></Attribute><Attribute z:Id="i12"><AttributeType>ixz</AttributeType><IsRequired>true</IsRequired><Value i:type="a:double" xmlns:a="http://www.w3.org/2001/XMLSchema">-2.4999349307871493E-07</Value></Attribute><Attribute z:Id="i13"><AttributeType>iyy</AttributeType><IsRequired>true</IsRequired><Value i:type="a:double" xmlns:a="http://www.w3.org/2001/XMLSchema">0.0007996491749280325</Value></Attribute><Attribute z:Id="i14"><AttributeType>iyz</AttributeType><IsRequired>true</IsRequired><Value i:type="a:double" xmlns:a="http://www.w3.org/2001/XMLSchema">-3.896532284019179E-09</Value></Attribute><Attribute z:Id="i15"><AttributeType>izz</AttributeType><IsRequired>true</IsRequired><Value i:type="a:double" xmlns:a="http://www.w3.org/2001/XMLSchema">0.0017130145824619599</Value></Attribute></Attributes><ChildElements/><ElementName>inertia</ElementName><required>false</required><IxxAttribute z:Ref="i10"/><IxyAttribute z:Ref="i11"/><IxzAttribute z:Ref="i12"/><IyyAttribute z:Ref="i13"/><IyzAttribute z:Ref="i14"/><IzzAttribute z:Ref="i15"/></URDFElement></ChildElements><ElementName>inertial</ElementName><required>false</required><Inertia z:Ref="i9"/><Mass z:Ref="i7"/><Origin z:Ref="i4"/></URDFElement><URDFElement z:Id="i16" i:type="Visual"><Attributes/><ChildElements><URDFElement z:Id="i17" i:type="Origin"><Attributes><Attribute z:Id="i18"><AttributeType>xyz</AttributeType><IsRequired>true</IsRequired><Value i:type="a:ArrayOfdouble" xmlns:a="http://schemas.microsoft.com/2003/10/Serialization/Arrays"><a:double>0</a:double><a:double>0</a:double><a:double>0</a:double></Value></Attribute><Attribute z:Id="i19"><AttributeType>rpy</AttributeType><IsRequired>true</IsRequired><Value i:type="a:ArrayOfdouble" xmlns:a="http://schemas.microsoft.com/2003/10/Serialization/Arrays"><a:double>0</a:double><a:double>0</a:double><a:double>0</a:double></Value></Attribute></Attributes><ChildElements/><ElementName>origin</ElementName><required>false</required><RPYAttribute z:Ref="i19"/><XYZAttribute z:Ref="i18"/><isCustomized>false</isCustomized></URDFElement><URDFElement z:Id="i20" i:type="Geometry"><Attributes/><ChildElements><URDFElement z:Id="i21" i:type="Mesh"><Attributes><Attribute z:Id="i22"><AttributeType>filename</AttributeType><IsRequired>true</IsRequired><Value i:nil="true"/></Attribute></Attributes><ChildElements/><ElementName>mesh</ElementName><required>false</required><FilenameAttribute z:Ref="i22"/></URDFElement></ChildElements><ElementName>geometry</ElementName><required>true</required><Mesh z:Ref="i21"/></URDFElement><URDFElement z:Id="i23" i:type="Material"><Attributes><Attribute z:Id="i24"><AttributeType>name</AttributeType><IsRequired>true</IsRequired><Value i:type="a:string" xmlns:a="http://www.w3.org/2001/XMLSchema"/></Attribute></Attributes><ChildElements><URDFElement z:Id="i25" i:type="Color"><Attributes><Attribute z:Id="i26"><AttributeType>rgba</AttributeType><IsRequired>true</IsRequired><Value i:type="a:ArrayOfdouble" xmlns:a="http://schemas.microsoft.com/2003/10/Serialization/Arrays"><a:double>0.792156862745098</a:double><a:double>0.81960784313725488</a:double><a:double>0.93333333333333335</a:double><a:double>1</a:double></Value></Attribute></Attributes><ChildElements/><ElementName>color</ElementName><required>false</required><RGBAAttribute z:Ref="i26"/></URDFElement><URDFElement z:Id="i27" i:type="Texture"><Attributes><Attribute z:Id="i28"><AttributeType>filename</AttributeType><IsRequired>true</IsRequired><Value i:nil="true"/></Attribute></Attributes><ChildElements/><ElementName>texture</ElementName><required>false</required><FilenameAttribute z:Ref="i28"/><wFilename/></URDFElement></ChildElements><ElementName>material</ElementName><required>false</required><Color z:Ref="i25"/><NameAttribute z:Ref="i24"/><Texture z:Ref="i27"/></URDFElement></ChildElements><ElementName>visual</ElementName><required>false</required><Geometry z:Ref="i20"/><Material z:Ref="i23"/><Origin z:Ref="i17"/></URDFElement><URDFElement z:Id="i29" i:type="Collision"><Attributes/><ChildElements><URDFElement z:Id="i30" i:type="Origin"><Attributes><Attribute z:Id="i31"><AttributeType>xyz</AttributeType><IsRequired>true</IsRequired><Value i:type="a:ArrayOfdouble" xmlns:a="http://schemas.microsoft.com/2003/10/Serialization/Arrays"><a:double>0</a:double><a:double>0</a:double><a:double>0</a:double></Value></Attribute><Attribute z:Id="i32"><AttributeType>rpy</AttributeType><IsRequired>true</IsRequired><Value i:type="a:ArrayOfdouble" xmlns:a="http://schemas.microsoft.com/2003/10/Serialization/Arrays"><a:double>0</a:double><a:double>0</a:double><a:double>0</a:double></Value></Attribute></Attributes><ChildElements/><ElementName>origin</ElementName><required>false</required><RPYAttribute z:Ref="i32"/><XYZAttribute z:Ref="i31"/><isCustomized>false</isCustomized></URDFElement><URDFElement z:Id="i33" i:type="Geometry"><Attributes/><ChildElements><URDFElement z:Id="i34" i:type="Mesh"><Attributes><Attribute z:Id="i35"><AttributeType>filename</AttributeType><IsRequired>true</IsRequired><Value i:nil="true"/></Attribute></Attributes><ChildElements/><ElementName>mesh</ElementName><required>false</required><FilenameAttribute z:Ref="i35"/></URDFElement></ChildElements><ElementName>geometry</ElementName><required>true</required><Mesh z:Ref="i34"/></URDFElement></ChildElements><ElementName>collision</ElementName><required>false</required><Geometry z:Ref="i33"/><Origin z:Ref="i30"/></URDFElement><URDFElement z:Id="i36" i:type="Joint"><Attributes><Attribute z:Id="i37"><AttributeType>name</AttributeType><IsRequired>true</IsRequired><Value i:type="a:string" xmlns:a="http://www.w3.org/2001/XMLSchema"/></Attribute><Attribute z:Id="i38"><AttributeType>type</AttributeType><IsRequired>true</IsRequired><Value i:type="a:string" xmlns:a="http://www.w3.org/2001/XMLSchema"/></Attribute></Attributes><ChildElements><URDFElement z:Id="i39" i:type="Origin"><Attributes><Attribute z:Id="i40"><AttributeType>xyz</AttributeType><IsRequired>true</IsRequired><Value i:type="a:ArrayOfdouble" xmlns:a="http://schemas.microsoft.com/2003/10/Serialization/Arrays"><a:double>0</a:double><a:double>0</a:double><a:double>0</a:double></Value></Attribute><Attribute z:Id="i41"><AttributeType>rpy</AttributeType><IsRequired>true</IsRequired><Value i:type="a:ArrayOfdouble" xmlns:a="http://schemas.microsoft.com/2003/10/Serialization/Arrays"><a:double>0</a:double><a:double>0</a:double><a:double>0</a:double></Value></Attribute></Attributes><ChildElements/><ElementName>origin</ElementName><required>false</required><RPYAttribute z:Ref="i41"/><XYZAttribute z:Ref="i40"/><isCustomized>false</isCustomized></URDFElement><URDFElement z:Id="i42" i:type="ParentLink"><Attributes><Attribute z:Id="i43"><AttributeType>link</AttributeType><IsRequired>true</IsRequired><Value i:type="a:string" xmlns:a="http://www.w3.org/2001/XMLSchema"/></Attribute></Attributes><ChildElements/><ElementName>parent</ElementName><required>true</required><NameAttribute z:Ref="i43"/></URDFElement><URDFElement z:Id="i44" i:type="ChildLink"><Attributes><Attribute z:Id="i45"><AttributeType>link</AttributeType><IsRequired>true</IsRequired><Value i:type="a:string" xmlns:a="http://www.w3.org/2001/XMLSchema"/></Attribute></Attributes><ChildElements/><ElementName>child</ElementName><required>true</required><NameAttribute z:Ref="i45"/></URDFElement><URDFElement z:Id="i46" i:type="Axis"><Attributes><Attribute z:Id="i47"><AttributeType>xyz</AttributeType><IsRequired>true</IsRequired><Value i:type="a:ArrayOfdouble" xmlns:a="http://schemas.microsoft.com/2003/10/Serialization/Arrays"><a:double>0</a:double><a:double>0</a:double><a:double>0</a:double></Value></Attribute></Attributes><ChildElements/><ElementName>axis</ElementName><required>false</required><XYZAttribute z:Ref="i47"/></URDFElement><URDFElement z:Id="i48" i:type="Limit"><Attributes><Attribute z:Id="i49"><AttributeType>lower</AttributeType><IsRequired>false</IsRequired><Value i:nil="true"/></Attribute><Attribute z:Id="i50"><AttributeType>upper</AttributeType><IsRequired>false</IsRequired><Value i:nil="true"/></Attribute><Attribute z:Id="i51"><AttributeType>effort</AttributeType><IsRequired>true</IsRequired><Value i:nil="true"/></Attribute><Attribute z:Id="i52"><AttributeType>velocity</AttributeType><IsRequired>true</IsRequired><Value i:nil="true"/></Attribute></Attributes><ChildElements/><ElementName>limit</ElementName><required>false</required><EffortAttribute z:Ref="i51"/><LowerAttribute z:Ref="i49"/><UpperAttribute z:Ref="i50"/><VelocityAttribute z:Ref="i52"/></URDFElement><URDFElement z:Id="i53" i:type="Calibration"><Attributes><Attribute z:Id="i54"><AttributeType>rising</AttributeType><IsRequired>false</IsRequired><Value i:nil="true"/></Attribute><Attribute z:Id="i55"><AttributeType>falling</AttributeType><IsRequired>false</IsRequired><Value i:nil="true"/></Attribute></Attributes><ChildElements/><ElementName>calibration</ElementName><required>false</required><FallingAttribute z:Ref="i55"/><RisingAttribute z:Ref="i54"/></URDFElement><URDFElement z:Id="i56" i:type="Dynamics"><Attributes><Attribute z:Id="i57"><AttributeType>damping</AttributeType><IsRequired>false</IsRequired><Value i:nil="true"/></Attribute><Attribute z:Id="i58"><AttributeType>friction</AttributeType><IsRequired>false</IsRequired><Value i:nil="true"/></Attribute></Attributes><ChildElements/><ElementName>dynamics</ElementName><required>false</required><DampingAttribute z:Ref="i57"/><FrictionAttribute z:Ref="i58"/></URDFElement><URDFElement z:Id="i59" i:type="SafetyController"><Attributes><Attribute z:Id="i60"><AttributeType>soft_upper_limit</AttributeType><IsRequired>false</IsRequired><Value i:nil="true"/></Attribute><Attribute z:Id="i61"><AttributeType>soft_lower_limit</AttributeType><IsRequired>false</IsRequired><Value i:nil="true"/></Attribute><Attribute z:Id="i62"><AttributeType>k_position</AttributeType><IsRequired>false</IsRequired><Value i:nil="true"/></Attribute><Attribute z:Id="i63"><AttributeType>k_velocity</AttributeType><IsRequired>true</IsRequired><Value i:nil="true"/></Attribute></Attributes><ChildElements/><ElementName>safety_controller</ElementName><required>false</required><KPositionAttribute z:Ref="i62"/><KVelocityAttribute z:Ref="i63"/><SoftLowerAttribute z:Ref="i61"/><SoftUpperAttribute z:Ref="i60"/></URDFElement><URDFElement z:Id="i64" i:type="Mimic"><Attributes><Attribute z:Id="i65"><AttributeType>joint</AttributeType><IsRequired>true</IsRequired><Value i:nil="true"/></Attribute><Attribute z:Id="i66"><AttributeType>multiplier</AttributeType><IsRequired>false</IsRequired><Value i:nil="true"/></Attribute><Attribute z:Id="i67"><AttributeType>offset</AttributeType><IsRequired>false</IsRequired><Value i:nil="true"/></Attribute></Attributes><ChildElements/><ElementName>mimic</ElementName><required>false</required><JointNameAttribute z:Ref="i65"/><MultiplierAttribute z:Ref="i66"/><OffsetAttribute z:Ref="i67"/></URDFElement></ChildElements><ElementName>joint</ElementName><required>false</required><Axis z:Ref="i46"/><AxisName/><Calibration z:Ref="i53"/><Child z:Ref="i44"/><CoordinateSystemName>Base_origin</CoordinateSystemName><Dynamics z:Ref="i56"/><Limit z:Ref="i48"/><Mimic z:Ref="i64"/><NameAttribute z:Ref="i37"/><Origin z:Ref="i39"/><Parent z:Ref="i42"/><Safety z:Ref="i59"/><TypeAttribute z:Ref="i38"/></URDFElement></ChildElements><ElementName>link</ElementName><required>true</required><Children><Link z:Id="i68"><Attributes><Attribute z:Id="i69"><AttributeType>name</AttributeType><IsRequired>true</IsRequired><Value i:type="a:string" xmlns:a="http://www.w3.org/2001/XMLSchema">R_wheel_link</Value></Attribute></Attributes><ChildElements><URDFElement z:Id="i70" i:type="Inertial"><Attributes/><ChildElements><URDFElement z:Id="i71" i:type="Origin"><Attributes><Attribute z:Id="i72"><AttributeType>xyz</AttributeType><IsRequired>true</IsRequired><Value i:type="a:ArrayOfdouble" xmlns:a="http://schemas.microsoft.com/2003/10/Serialization/Arrays"><a:double>0.00042320497311601653</a:double><a:double>0.0058199863971625243</a:double><a:double>-0.00074039490488701548</a:double></Value></Attribute><Attribute z:Id="i73"><AttributeType>rpy</AttributeType><IsRequired>true</IsRequired><Value i:type="a:ArrayOfdouble" xmlns:a="http://schemas.microsoft.com/2003/10/Serialization/Arrays"><a:double>0</a:double><a:double>0</a:double><a:double>0</a:double></Value></Attribute></Attributes><ChildElements/><ElementName>origin</ElementName><required>false</required><RPYAttribute z:Ref="i73"/><XYZAttribute z:Ref="i72"/><isCustomized>false</isCustomized></URDFElement><URDFElement z:Id="i74" i:type="Mass"><Attributes><Attribute z:Id="i75"><AttributeType>value</AttributeType><IsRequired>true</IsRequired><Value i:type="a:double" xmlns:a="http://www.w3.org/2001/XMLSchema">0.041955149555962724</Value></Attribute></Attributes><ChildElements/><ElementName>mass</ElementName><required>false</required><ValueAttribute z:Ref="i75"/></URDFElement><URDFElement z:Id="i76" i:type="Inertia"><Attributes><Attribute z:Id="i77"><AttributeType>ixx</AttributeType><IsRequired>true</IsRequired><Value i:type="a:double" xmlns:a="http://www.w3.org/2001/XMLSchema">1.838176885230077E-05</Value></Attribute><Attribute z:Id="i78"><AttributeType>ixy</AttributeType><IsRequired>true</IsRequired><Value i:type="a:double" xmlns:a="http://www.w3.org/2001/XMLSchema">-2.0387995336831777E-10</Value></Attribute><Attribute z:Id="i79"><AttributeType>ixz</AttributeType><IsRequired>true</IsRequired><Value i:type="a:double" xmlns:a="http://www.w3.org/2001/XMLSchema">-1.4937690943833876E-08</Value></Attribute><Attribute z:Id="i80"><AttributeType>iyy</AttributeType><IsRequired>true</IsRequired><Value i:type="a:double" xmlns:a="http://www.w3.org/2001/XMLSchema">3.0919329148925339E-05</Value></Attribute><Attribute z:Id="i81"><AttributeType>iyz</AttributeType><IsRequired>true</IsRequired><Value i:type="a:double" xmlns:a="http://www.w3.org/2001/XMLSchema">3.791049766652798E-10</Value></Attribute><Attribute z:Id="i82"><AttributeType>izz</AttributeType><IsRequired>true</IsRequired><Value i:type="a:double" xmlns:a="http://www.w3.org/2001/XMLSchema">1.8399979545645766E-05</Value></Attribute></Attributes><ChildElements/><ElementName>inertia</ElementName><required>false</required><IxxAttribute z:Ref="i77"/><IxyAttribute z:Ref="i78"/><IxzAttribute z:Ref="i79"/><IyyAttribute z:Ref="i80"/><IyzAttribute z:Ref="i81"/><IzzAttribute z:Ref="i82"/></URDFElement></ChildElements><ElementName>inertial</ElementName><required>false</required><Inertia z:Ref="i76"/><Mass z:Ref="i74"/><Origin z:Ref="i71"/></URDFElement><URDFElement z:Id="i83" i:type="Visual"><Attributes/><ChildElements><URDFElement z:Id="i84" i:type="Origin"><Attributes><Attribute z:Id="i85"><AttributeType>xyz</AttributeType><IsRequired>true</IsRequired><Value i:type="a:ArrayOfdouble" xmlns:a="http://schemas.microsoft.com/2003/10/Serialization/Arrays"><a:double>0</a:double><a:double>0</a:double><a:double>0</a:double></Value></Attribute><Attribute z:Id="i86"><AttributeType>rpy</AttributeType><IsRequired>true</IsRequired><Value i:type="a:ArrayOfdouble" xmlns:a="http://schemas.microsoft.com/2003/10/Serialization/Arrays"><a:double>0</a:double><a:double>0</a:double><a:double>0</a:double></Value></Attribute></Attributes><ChildElements/><ElementName>origin</ElementName><required>false</required><RPYAttribute z:Ref="i86"/><XYZAttribute z:Ref="i85"/><isCustomized>false</isCustomized></URDFElement><URDFElement z:Id="i87" i:type="Geometry"><Attributes/><ChildElements><URDFElement z:Id="i88" i:type="Mesh"><Attributes><Attribute z:Id="i89"><AttributeType>filename</AttributeType><IsRequired>true</IsRequired><Value i:nil="true"/></Attribute></Attributes><ChildElements/><ElementName>mesh</ElementName><required>false</required><FilenameAttribute z:Ref="i89"/></URDFElement></ChildElements><ElementName>geometry</ElementName><required>true</required><Mesh z:Ref="i88"/></URDFElement><URDFElement z:Id="i90" i:type="Material"><Attributes><Attribute z:Id="i91"><AttributeType>name</AttributeType><IsRequired>true</IsRequired><Value i:type="a:string" xmlns:a="http://www.w3.org/2001/XMLSchema"/></Attribute></Attributes><ChildElements><URDFElement z:Id="i92" i:type="Color"><Attributes><Attribute z:Id="i93"><AttributeType>rgba</AttributeType><IsRequired>true</IsRequired><Value i:type="a:ArrayOfdouble" xmlns:a="http://schemas.microsoft.com/2003/10/Serialization/Arrays"><a:double>0.792156862745098</a:double><a:double>0.81960784313725488</a:double><a:double>0.93333333333333335</a:double><a:double>1</a:double></Value></Attribute></Attributes><ChildElements/><ElementName>color</ElementName><required>false</required><RGBAAttribute z:Ref="i93"/></URDFElement><URDFElement z:Id="i94" i:type="Texture"><Attributes><Attribute z:Id="i95"><AttributeType>filename</AttributeType><IsRequired>true</IsRequired><Value i:nil="true"/></Attribute></Attributes><ChildElements/><ElementName>texture</ElementName><required>false</required><FilenameAttribute z:Ref="i95"/><wFilename/></URDFElement></ChildElements><ElementName>material</ElementName><required>false</required><Color z:Ref="i92"/><NameAttribute z:Ref="i91"/><Texture z:Ref="i94"/></URDFElement></ChildElements><ElementName>visual</ElementName><required>false</required><Geometry z:Ref="i87"/><Material z:Ref="i90"/><Origin z:Ref="i84"/></URDFElement><URDFElement z:Id="i96" i:type="Collision"><Attributes/><ChildElements><URDFElement z:Id="i97" i:type="Origin"><Attributes><Attribute z:Id="i98"><AttributeType>xyz</AttributeType><IsRequired>true</IsRequired><Value i:type="a:ArrayOfdouble" xmlns:a="http://schemas.microsoft.com/2003/10/Serialization/Arrays"><a:double>0</a:double><a:double>0</a:double><a:double>0</a:double></Value></Attribute><Attribute z:Id="i99"><AttributeType>rpy</AttributeType><IsRequired>true</IsRequired><Value i:type="a:ArrayOfdouble" xmlns:a="http://schemas.microsoft.com/2003/10/Serialization/Arrays"><a:double>0</a:double><a:double>0</a:double><a:double>0</a:double></Value></Attribute></Attributes><ChildElements/><ElementName>origin</ElementName><required>false</required><RPYAttribute z:Ref="i99"/><XYZAttribute z:Ref="i98"/><isCustomized>false</isCustomized></URDFElement><URDFElement z:Id="i100" i:type="Geometry"><Attributes/><ChildElements><URDFElement z:Id="i101" i:type="Mesh"><Attributes><Attribute z:Id="i102"><AttributeType>filename</AttributeType><IsRequired>true</IsRequired><Value i:nil="true"/></Attribute></Attributes><ChildElements/><ElementName>mesh</ElementName><required>false</required><FilenameAttribute z:Ref="i102"/></URDFElement></ChildElements><ElementName>geometry</ElementName><required>true</required><Mesh z:Ref="i101"/></URDFElement></ChildElements><ElementName>collision</ElementName><required>false</required><Geometry z:Ref="i100"/><Origin z:Ref="i97"/></URDFElement><URDFElement z:Id="i103" i:type="Joint"><Attributes><Attribute z:Id="i104"><AttributeType>name</AttributeType><IsRequired>true</IsRequired><Value i:type="a:string" xmlns:a="http://www.w3.org/2001/XMLSchema">Rwheel_joint</Value></Attribute><Attribute z:Id="i105"><AttributeType>type</AttributeType><IsRequired>true</IsRequired><Value i:type="a:string" xmlns:a="http://www.w3.org/2001/XMLSchema">continuous</Value></Attribute></Attributes><ChildElements><URDFElement z:Id="i106" i:type="Origin"><Attributes><Attribute z:Id="i107"><AttributeType>xyz</AttributeType><IsRequired>true</IsRequired><Value i:type="a:ArrayOfdouble" xmlns:a="http://schemas.microsoft.com/2003/10/Serialization/Arrays"><a:double>-0.00040439175433133571</a:double><a:double>-0.10525110642810885</a:double><a:double>0.025000000000000112</a:double></Value></Attribute><Attribute z:Id="i108"><AttributeType>rpy</AttributeType><IsRequired>true</IsRequired><Value i:type="a:ArrayOfdouble" xmlns:a="http://schemas.microsoft.com/2003/10/Serialization/Arrays"><a:double>0</a:double><a:double>0</a:double><a:double>0</a:double></Value></Attribute></Attributes><ChildElements/><ElementName>origin</ElementName><required>false</required><RPYAttribute z:Ref="i108"/><XYZAttribute z:Ref="i107"/><isCustomized>false</isCustomized></URDFElement><URDFElement z:Id="i109" i:type="ParentLink"><Attributes><Attribute z:Id="i110"><AttributeType>link</AttributeType><IsRequired>true</IsRequired><Value i:type="a:string" xmlns:a="http://www.w3.org/2001/XMLSchema">base_link</Value></Attribute></Attributes><ChildElements/><ElementName>parent</ElementName><required>true</required><NameAttribute z:Ref="i110"/></URDFElement><URDFElement z:Id="i111" i:type="ChildLink"><Attributes><Attribute z:Id="i112"><AttributeType>link</AttributeType><IsRequired>true</IsRequired><Value i:type="a:string" xmlns:a="http://www.w3.org/2001/XMLSchema">R_wheel_link</Value></Attribute></Attributes><ChildElements/><ElementName>child</ElementName><required>true</required><NameAttribute z:Ref="i112"/></URDFElement><URDFElement z:Id="i113" i:type="Axis"><Attributes><Attribute z:Id="i114"><AttributeType>xyz</AttributeType><IsRequired>true</IsRequired><Value i:type="a:ArrayOfdouble" xmlns:a="http://schemas.microsoft.com/2003/10/Serialization/Arrays"><a:double>0</a:double><a:double>-1</a:double><a:double>0</a:double></Value></Attribute></Attributes><ChildElements/><ElementName>axis</ElementName><required>false</required><XYZAttribute z:Ref="i114"/></URDFElement><URDFElement z:Id="i115" i:type="Limit"><Attributes><Attribute z:Id="i116"><AttributeType>lower</AttributeType><IsRequired>false</IsRequired><Value i:nil="true"/></Attribute><Attribute z:Id="i117"><AttributeType>upper</AttributeType><IsRequired>false</IsRequired><Value i:nil="true"/></Attribute><Attribute z:Id="i118"><AttributeType>effort</AttributeType><IsRequired>true</IsRequired><Value i:nil="true"/></Attribute><Attribute z:Id="i119"><AttributeType>velocity</AttributeType><IsRequired>true</IsRequired><Value i:nil="true"/></Attribute></Attributes><ChildElements/><ElementName>limit</ElementName><required>false</required><EffortAttribute z:Ref="i118"/><LowerAttribute z:Ref="i116"/><UpperAttribute z:Ref="i117"/><VelocityAttribute z:Ref="i119"/></URDFElement><URDFElement z:Id="i120" i:type="Calibration"><Attributes><Attribute z:Id="i121"><AttributeType>rising</AttributeType><IsRequired>false</IsRequired><Value i:nil="true"/></Attribute><Attribute z:Id="i122"><AttributeType>falling</AttributeType><IsRequired>false</IsRequired><Value i:nil="true"/></Attribute></Attributes><ChildElements/><ElementName>calibration</ElementName><required>false</required><FallingAttribute z:Ref="i122"/><RisingAttribute z:Ref="i121"/></URDFElement><URDFElement z:Id="i123" i:type="Dynamics"><Attributes><Attribute z:Id="i124"><AttributeType>damping</AttributeType><IsRequired>false</IsRequired><Value i:nil="true"/></Attribute><Attribute z:Id="i125"><AttributeType>friction</AttributeType><IsRequired>false</IsRequired><Value i:nil="true"/></Attribute></Attributes><ChildElements/><ElementName>dynamics</ElementName><required>false</required><DampingAttribute z:Ref="i124"/><FrictionAttribute z:Ref="i125"/></URDFElement><URDFElement z:Id="i126" i:type="SafetyController"><Attributes><Attribute z:Id="i127"><AttributeType>soft_upper_limit</AttributeType><IsRequired>false</IsRequired><Value i:nil="true"/></Attribute><Attribute z:Id="i128"><AttributeType>soft_lower_limit</AttributeType><IsRequired>false</IsRequired><Value i:nil="true"/></Attribute><Attribute z:Id="i129"><AttributeType>k_position</AttributeType><IsRequired>false</IsRequired><Value i:nil="true"/></Attribute><Attribute z:Id="i130"><AttributeType>k_velocity</AttributeType><IsRequired>true</IsRequired><Value i:nil="true"/></Attribute></Attributes><ChildElements/><ElementName>safety_controller</ElementName><required>false</required><KPositionAttribute z:Ref="i129"/><KVelocityAttribute z:Ref="i130"/><SoftLowerAttribute z:Ref="i128"/><SoftUpperAttribute z:Ref="i127"/></URDFElement><URDFElement z:Id="i131" i:type="Mimic"><Attributes><Attribute z:Id="i132"><AttributeType>joint</AttributeType><IsRequired>true</IsRequired><Value i:nil="true"/></Attribute><Attribute z:Id="i133"><AttributeType>multiplier</AttributeType><IsRequired>false</IsRequired><Value i:nil="true"/></Attribute><Attribute z:Id="i134"><AttributeType>offset</AttributeType><IsRequired>false</IsRequired><Value i:nil="true"/></Attribute></Attributes><ChildElements/><ElementName>mimic</ElementName><required>false</required><JointNameAttribute z:Ref="i132"/><MultiplierAttribute z:Ref="i133"/><OffsetAttribute z:Ref="i134"/></URDFElement></ChildElements><ElementName>joint</ElementName><required>false</required><Axis z:Ref="i113"/><AxisName>Axis_wheel</AxisName><Calibration z:Ref="i120"/><Child z:Ref="i111"/><CoordinateSystemName>R_origin</CoordinateSystemName><Dynamics z:Ref="i123"/><Limit z:Ref="i115"/><Mimic z:Ref="i131"/><NameAttribute z:Ref="i104"/><Origin z:Ref="i106"/><Parent z:Ref="i109"/><Safety z:Ref="i126"/><TypeAttribute z:Ref="i105"/></URDFElement></ChildElements><ElementName>link</ElementName><required>true</required><Children/><Collision z:Ref="i96"/><Inertial z:Ref="i70"/><Joint z:Ref="i103"/><NameAttribute z:Ref="i69"/><Parent z:Ref="i1"/><STLQualityFine>false</STLQualityFine><SWComponentPIDs xmlns:a="http://schemas.microsoft.com/2003/10/Serialization/Arrays"><a:base64Binary>aEIAAAUAAAD//v8nYwBvAHAAcABlAHIAXwB3AGgAZQBlAGwAXwB3AGkAdABoAF8AYQBkAGEAcAB0AGUAcgBfAHAAYQByAHQALQAxAEAAYQBzAHMAZQBtADEABAAAABAAAAABAAAAAQAAAOcBAAA=</a:base64Binary></SWComponentPIDs><SWMainComponentPID i:nil="true"/><Visual z:Ref="i83"/><isFixedFrame>false</isFixedFrame><isIncomplete>false</isIncomplete></Link><Link z:Id="i135"><Attributes><Attribute z:Id="i136"><AttributeType>name</AttributeType><IsRequired>true</IsRequired><Value i:type="a:string" xmlns:a="http://www.w3.org/2001/XMLSchema">L_wheel_link</Value></Attribute></Attributes><ChildElements><URDFElement z:Id="i137" i:type="Inertial"><Attributes/><ChildElements><URDFElement z:Id="i138" i:type="Origin"><Attributes><Attribute z:Id="i139"><AttributeType>xyz</AttributeType><IsRequired>true</IsRequired><Value i:type="a:ArrayOfdouble" xmlns:a="http://schemas.microsoft.com/2003/10/Serialization/Arrays"><a:double>-0.00041032411340115316</a:double><a:double>-0.0058199863971911681</a:double><a:double>0.00074761031728983666</a:double></Value></Attribute><Attribute z:Id="i140"><AttributeType>rpy</AttributeType><IsRequired>true</IsRequired><Value i:type="a:ArrayOfdouble" xmlns:a="http://schemas.microsoft.com/2003/10/Serialization/Arrays"><a:double>0</a:double><a:double>0</a:double><a:double>0</a:double></Value></Attribute></Attributes><ChildElements/><ElementName>origin</ElementName><required>false</required><RPYAttribute z:Ref="i140"/><XYZAttribute z:Ref="i139"/><isCustomized>false</isCustomized></URDFElement><URDFElement z:Id="i141" i:type="Mass"><Attributes><Attribute z:Id="i142"><AttributeType>value</AttributeType><IsRequired>true</IsRequired><Value i:type="a:double" xmlns:a="http://www.w3.org/2001/XMLSchema">0.041955149555870645</Value></Attribute></Attributes><ChildElements/><ElementName>mass</ElementName><required>false</required><ValueAttribute z:Ref="i142"/></URDFElement><URDFElement z:Id="i143" i:type="Inertia"><Attributes><Attribute z:Id="i144"><AttributeType>ixx</AttributeType><IsRequired>true</IsRequired><Value i:type="a:double" xmlns:a="http://www.w3.org/2001/XMLSchema">1.8381704642724272E-05</Value></Attribute><Attribute z:Id="i145"><AttributeType>ixy</AttributeType><IsRequired>true</IsRequired><Value i:type="a:double" xmlns:a="http://www.w3.org/2001/XMLSchema">-2.1679157785027393E-10</Value></Attribute><Attribute z:Id="i146"><AttributeType>ixz</AttributeType><IsRequired>true</IsRequired><Value i:type="a:double" xmlns:a="http://www.w3.org/2001/XMLSchema">-1.4898361886727756E-08</Value></Attribute><Attribute z:Id="i147"><AttributeType>iyy</AttributeType><IsRequired>true</IsRequired><Value i:type="a:double" xmlns:a="http://www.w3.org/2001/XMLSchema">3.0919329148921755E-05</Value></Attribute><Attribute z:Id="i148"><AttributeType>iyz</AttributeType><IsRequired>true</IsRequired><Value i:type="a:double" xmlns:a="http://www.w3.org/2001/XMLSchema">3.718723058646639E-10</Value></Attribute><Attribute z:Id="i149"><AttributeType>izz</AttributeType><IsRequired>true</IsRequired><Value i:type="a:double" xmlns:a="http://www.w3.org/2001/XMLSchema">1.840004375519728E-05</Value></Attribute></Attributes><ChildElements/><ElementName>inertia</ElementName><required>false</required><IxxAttribute z:Ref="i144"/><IxyAttribute z:Ref="i145"/><IxzAttribute z:Ref="i146"/><IyyAttribute z:Ref="i147"/><IyzAttribute z:Ref="i148"/><IzzAttribute z:Ref="i149"/></URDFElement></ChildElements><ElementName>inertial</ElementName><required>false</required><Inertia z:Ref="i143"/><Mass z:Ref="i141"/><Origin z:Ref="i138"/></URDFElement><URDFElement z:Id="i150" i:type="Visual"><Attributes/><ChildElements><URDFElement z:Id="i151" i:type="Origin"><Attributes><Attribute z:Id="i152"><AttributeType>xyz</AttributeType><IsRequired>true</IsRequired><Value i:type="a:ArrayOfdouble" xmlns:a="http://schemas.microsoft.com/2003/10/Serialization/Arrays"><a:double>0</a:double><a:double>0</a:double><a:double>0</a:double></Value></Attribute><Attribute z:Id="i153"><AttributeType>rpy</AttributeType><IsRequired>true</IsRequired><Value i:type="a:ArrayOfdouble" xmlns:a="http://schemas.microsoft.com/2003/10/Serialization/Arrays"><a:double>0</a:double><a:double>0</a:double><a:double>0</a:double></Value></Attribute></Attributes><ChildElements/><ElementName>origin</ElementName><required>false</required><RPYAttribute z:Ref="i153"/><XYZAttribute z:Ref="i152"/><isCustomized>false</isCustomized></URDFElement><URDFElement z:Id="i154" i:type="Geometry"><Attributes/><ChildElements><URDFElement z:Id="i155" i:type="Mesh"><Attributes><Attribute z:Id="i156"><AttributeType>filename</AttributeType><IsRequired>true</IsRequired><Value i:nil="true"/></Attribute></Attributes><ChildElements/><ElementName>mesh</ElementName><required>false</required><FilenameAttribute z:Ref="i156"/></URDFElement></ChildElements><ElementName>geometry</ElementName><required>true</required><Mesh z:Ref="i155"/></URDFElement><URDFElement z:Id="i157" i:type="Material"><Attributes><Attribute z:Id="i158"><AttributeType>name</AttributeType><IsRequired>true</IsRequired><Value i:type="a:string" xmlns:a="http://www.w3.org/2001/XMLSchema"/></Attribute></Attributes><ChildElements><URDFElement z:Id="i159" i:type="Color"><Attributes><Attribute z:Id="i160"><AttributeType>rgba</AttributeType><IsRequired>true</IsRequired><Value i:type="a:ArrayOfdouble" xmlns:a="http://schemas.microsoft.com/2003/10/Serialization/Arrays"><a:double>0.792156862745098</a:double><a:double>0.81960784313725488</a:double><a:double>0.93333333333333335</a:double><a:double>1</a:double></Value></Attribute></Attributes><ChildElements/><ElementName>color</ElementName><required>false</required><RGBAAttribute z:Ref="i160"/></URDFElement><URDFElement z:Id="i161" i:type="Texture"><Attributes><Attribute z:Id="i162"><AttributeType>filename</AttributeType><IsRequired>true</IsRequired><Value i:nil="true"/></Attribute></Attributes><ChildElements/><ElementName>texture</ElementName><required>false</required><FilenameAttribute z:Ref="i162"/><wFilename/></URDFElement></ChildElements><ElementName>material</ElementName><required>false</required><Color z:Ref="i159"/><NameAttribute z:Ref="i158"/><Texture z:Ref="i161"/></URDFElement></ChildElements><ElementName>visual</ElementName><required>false</required><Geometry z:Ref="i154"/><Material z:Ref="i157"/><Origin z:Ref="i151"/></URDFElement><URDFElement z:Id="i163" i:type="Collision"><Attributes/><ChildElements><URDFElement z:Id="i164" i:type="Origin"><Attributes><Attribute z:Id="i165"><AttributeType>xyz</AttributeType><IsRequired>true</IsRequired><Value i:type="a:ArrayOfdouble" xmlns:a="http://schemas.microsoft.com/2003/10/Serialization/Arrays"><a:double>0</a:double><a:double>0</a:double><a:double>0</a:double></Value></Attribute><Attribute z:Id="i166"><AttributeType>rpy</AttributeType><IsRequired>true</IsRequired><Value i:type="a:ArrayOfdouble" xmlns:a="http://schemas.microsoft.com/2003/10/Serialization/Arrays"><a:double>0</a:double><a:double>0</a:double><a:double>0</a:double></Value></Attribute></Attributes><ChildElements/><ElementName>origin</ElementName><required>false</required><RPYAttribute z:Ref="i166"/><XYZAttribute z:Ref="i165"/><isCustomized>false</isCustomized></URDFElement><URDFElement z:Id="i167" i:type="Geometry"><Attributes/><ChildElements><URDFElement z:Id="i168" i:type="Mesh"><Attributes><Attribute z:Id="i169"><AttributeType>filename</AttributeType><IsRequired>true</IsRequired><Value i:nil="true"/></Attribute></Attributes><ChildElements/><ElementName>mesh</ElementName><required>false</required><FilenameAttribute z:Ref="i169"/></URDFElement></ChildElements><ElementName>geometry</ElementName><required>true</required><Mesh z:Ref="i168"/></URDFElement></ChildElements><ElementName>collision</ElementName><required>false</required><Geometry z:Ref="i167"/><Origin z:Ref="i164"/></URDFElement><URDFElement z:Id="i170" i:type="Joint"><Attributes><Attribute z:Id="i171"><AttributeType>name</AttributeType><IsRequired>true</IsRequired><Value i:type="a:string" xmlns:a="http://www.w3.org/2001/XMLSchema">Lwheel_joint</Value></Attribute><Attribute z:Id="i172"><AttributeType>type</AttributeType><IsRequired>true</IsRequired><Value i:type="a:string" xmlns:a="http://www.w3.org/2001/XMLSchema">continuous</Value></Attribute></Attributes><ChildElements><URDFElement z:Id="i173" i:type="Origin"><Attributes><Attribute z:Id="i174"><AttributeType>xyz</AttributeType><IsRequired>true</IsRequired><Value i:type="a:ArrayOfdouble" xmlns:a="http://schemas.microsoft.com/2003/10/Serialization/Arrays"><a:double>-0.00040439175433133832</a:double><a:double>0.10525110642810892</a:double><a:double>0.025000000000000827</a:double></Value></Attribute><Attribute z:Id="i175"><AttributeType>rpy</AttributeType><IsRequired>true</IsRequired><Value i:type="a:ArrayOfdouble" xmlns:a="http://schemas.microsoft.com/2003/10/Serialization/Arrays"><a:double>0</a:double><a:double>0</a:double><a:double>0</a:double></Value></Attribute></Attributes><ChildElements/><ElementName>origin</ElementName><required>false</required><RPYAttribute z:Ref="i175"/><XYZAttribute z:Ref="i174"/><isCustomized>false</isCustomized></URDFElement><URDFElement z:Id="i176" i:type="ParentLink"><Attributes><Attribute z:Id="i177"><AttributeType>link</AttributeType><IsRequired>true</IsRequired><Value i:type="a:string" xmlns:a="http://www.w3.org/2001/XMLSchema">base_link</Value></Attribute></Attributes><ChildElements/><ElementName>parent</ElementName><required>true</required><NameAttribute z:Ref="i177"/></URDFElement><URDFElement z:Id="i178" i:type="ChildLink"><Attributes><Attribute z:Id="i179"><AttributeType>link</AttributeType><IsRequired>true</IsRequired><Value i:type="a:string" xmlns:a="http://www.w3.org/2001/XMLSchema">L_wheel_link</Value></Attribute></Attributes><ChildElements/><ElementName>child</ElementName><required>true</required><NameAttribute z:Ref="i179"/></URDFElement><URDFElement z:Id="i180" i:type="Axis"><Attributes><Attribute z:Id="i181"><AttributeType>xyz</AttributeType><IsRequired>true</IsRequired><Value i:type="a:ArrayOfdouble" xmlns:a="http://schemas.microsoft.com/2003/10/Serialization/Arrays"><a:double>0</a:double><a:double>-1</a:double><a:double>0</a:double></Value></Attribute></Attributes><ChildElements/><ElementName>axis</ElementName><required>false</required><XYZAttribute z:Ref="i181"/></URDFElement><URDFElement z:Id="i182" i:type="Limit"><Attributes><Attribute z:Id="i183"><AttributeType>lower</AttributeType><IsRequired>false</IsRequired><Value i:nil="true"/></Attribute><Attribute z:Id="i184"><AttributeType>upper</AttributeType><IsRequired>false</IsRequired><Value i:nil="true"/></Attribute><Attribute z:Id="i185"><AttributeType>effort</AttributeType><IsRequired>true</IsRequired><Value i:nil="true"/></Attribute><Attribute z:Id="i186"><AttributeType>velocity</AttributeType><IsRequired>true</IsRequired><Value i:nil="true"/></Attribute></Attributes><ChildElements/><ElementName>limit</ElementName><required>false</required><EffortAttribute z:Ref="i185"/><LowerAttribute z:Ref="i183"/><UpperAttribute z:Ref="i184"/><VelocityAttribute z:Ref="i186"/></URDFElement><URDFElement z:Id="i187" i:type="Calibration"><Attributes><Attribute z:Id="i188"><AttributeType>rising</AttributeType><IsRequired>false</IsRequired><Value i:nil="true"/></Attribute><Attribute z:Id="i189"><AttributeType>falling</AttributeType><IsRequired>false</IsRequired><Value i:nil="true"/></Attribute></Attributes><ChildElements/><ElementName>calibration</ElementName><required>false</required><FallingAttribute z:Ref="i189"/><RisingAttribute z:Ref="i188"/></URDFElement><URDFElement z:Id="i190" i:type="Dynamics"><Attributes><Attribute z:Id="i191"><AttributeType>damping</AttributeType><IsRequired>false</IsRequired><Value i:nil="true"/></Attribute><Attribute z:Id="i192"><AttributeType>friction</AttributeType><IsRequired>false</IsRequired><Value i:nil="true"/></Attribute></Attributes><ChildElements/><ElementName>dynamics</ElementName><required>false</required><DampingAttribute z:Ref="i191"/><FrictionAttribute z:Ref="i192"/></URDFElement><URDFElement z:Id="i193" i:type="SafetyController"><Attributes><Attribute z:Id="i194"><AttributeType>soft_upper_limit</AttributeType><IsRequired>false</IsRequired><Value i:nil="true"/></Attribute><Attribute z:Id="i195"><AttributeType>soft_lower_limit</AttributeType><IsRequired>false</IsRequired><Value i:nil="true"/></Attribute><Attribute z:Id="i196"><AttributeType>k_position</AttributeType><IsRequired>false</IsRequired><Value i:nil="true"/></Attribute><Attribute z:Id="i197"><AttributeType>k_velocity</AttributeType><IsRequired>true</IsRequired><Value i:nil="true"/></Attribute></Attributes><ChildElements/><ElementName>safety_controller</ElementName><required>false</required><KPositionAttribute z:Ref="i196"/><KVelocityAttribute z:Ref="i197"/><SoftLowerAttribute z:Ref="i195"/><SoftUpperAttribute z:Ref="i194"/></URDFElement><URDFElement z:Id="i198" i:type="Mimic"><Attributes><Attribute z:Id="i199"><AttributeType>joint</AttributeType><IsRequired>true</IsRequired><Value i:nil="true"/></Attribute><Attribute z:Id="i200"><AttributeType>multiplier</AttributeType><IsRequired>false</IsRequired><Value i:nil="true"/></Attribute><Attribute z:Id="i201"><AttributeType>offset</AttributeType><IsRequired>false</IsRequired><Value i:nil="true"/></Attribute></Attributes><ChildElements/><ElementName>mimic</ElementName><required>false</required><JointNameAttribute z:Ref="i199"/><MultiplierAttribute z:Ref="i200"/><OffsetAttribute z:Ref="i201"/></URDFElement></ChildElements><ElementName>joint</ElementName><required>false</required><Axis z:Ref="i180"/><AxisName>Axis_wheel</AxisName><Calibration z:Ref="i187"/><Child z:Ref="i178"/><CoordinateSystemName>L_origin</CoordinateSystemName><Dynamics z:Ref="i190"/><Limit z:Ref="i182"/><Mimic z:Ref="i198"/><NameAttribute z:Ref="i171"/><Origin z:Ref="i173"/><Parent z:Ref="i176"/><Safety z:Ref="i193"/><TypeAttribute z:Ref="i172"/></URDFElement></ChildElements><ElementName>link</ElementName><required>true</required><Children/><Collision z:Ref="i163"/><Inertial z:Ref="i137"/><Joint z:Ref="i170"/><NameAttribute z:Ref="i136"/><Parent z:Ref="i1"/><STLQualityFine>false</STLQualityFine><SWComponentPIDs xmlns:a="http://schemas.microsoft.com/2003/10/Serialization/Arrays"><a:base64Binary>aEIAAAUAAAD//v8nYwBvAHAAcABlAHIAXwB3AGgAZQBlAGwAXwB3AGkAdABoAF8AYQBkAGEAcAB0AGUAcgBfAHAAYQByAHQALQAyAEAAYQBzAHMAZQBtADEABAAAABAAAAABAAAAAQAAAOoBAAA=</a:base64Binary></SWComponentPIDs><SWMainComponentPID i:nil="true"/><Visual z:Ref="i150"/><isFixedFrame>false</isFixedFrame><isIncomplete>false</isIncomplete></Link><Link z:Id="i202"><Attributes><Attribute z:Id="i203"><AttributeType>name</AttributeType><IsRequired>true</IsRequired><Value i:type="a:string" xmlns:a="http://www.w3.org/2001/XMLSchema">Ball_front_link</Value></Attribute></Attributes><ChildElements><URDFElement z:Id="i204" i:type="Inertial"><Attributes/><ChildElements><URDFElement z:Id="i205" i:type="Origin"><Attributes><Attribute z:Id="i206"><AttributeType>xyz</AttributeType><IsRequired>true</IsRequired><Value i:type="a:ArrayOfdouble" xmlns:a="http://schemas.microsoft.com/2003/10/Serialization/Arrays"><a:double>4.5796699765787707E-16</a:double><a:double>-3.5302680351321364E-06</a:double><a:double>0.005450976118974684</a:double></Value></Attribute><Attribute z:Id="i207"><AttributeType>rpy</AttributeType><IsRequired>true</IsRequired><Value i:type="a:ArrayOfdouble" xmlns:a="http://schemas.microsoft.com/2003/10/Serialization/Arrays"><a:double>0</a:double><a:double>0</a:double><a:double>0</a:double></Value></Attribute></Attributes><ChildElements/><ElementName>origin</ElementName><required>false</required><RPYAttribute z:Ref="i207"/><XYZAttribute z:Ref="i206"/><isCustomized>false</isCustomized></URDFElement><URDFElement z:Id="i208" i:type="Mass"><Attributes><Attribute z:Id="i209"><AttributeType>value</AttributeType><IsRequired>true</IsRequired><Value i:type="a:double" xmlns:a="http://www.w3.org/2001/XMLSchema">0.0052518316827676291</Value></Attribute></Attributes><ChildElements/><ElementName>mass</ElementName><required>false</required><ValueAttribute z:Ref="i209"/></URDFElement><URDFElement z:Id="i210" i:type="Inertia"><Attributes><Attribute z:Id="i211"><AttributeType>ixx</AttributeType><IsRequired>true</IsRequired><Value i:type="a:double" xmlns:a="http://www.w3.org/2001/XMLSchema">4.8373354450216724E-07</Value></Attribute><Attribute z:Id="i212"><AttributeType>ixy</AttributeType><IsRequired>true</IsRequired><Value i:type="a:double" xmlns:a="http://www.w3.org/2001/XMLSchema">6.8036953480929764E-16</Value></Attribute><Attribute z:Id="i213"><AttributeType>ixz</AttributeType><IsRequired>true</IsRequired><Value i:type="a:double" xmlns:a="http://www.w3.org/2001/XMLSchema">6.47002468094357E-23</Value></Attribute><Attribute z:Id="i214"><AttributeType>iyy</AttributeType><IsRequired>true</IsRequired><Value i:type="a:double" xmlns:a="http://www.w3.org/2001/XMLSchema">2.1847360696902041E-07</Value></Attribute><Attribute z:Id="i215"><AttributeType>iyz</AttributeType><IsRequired>true</IsRequired><Value i:type="a:double" xmlns:a="http://www.w3.org/2001/XMLSchema">2.5529250701522026E-10</Value></Attribute><Attribute z:Id="i216"><AttributeType>izz</AttributeType><IsRequired>true</IsRequired><Value i:type="a:double" xmlns:a="http://www.w3.org/2001/XMLSchema">5.2914989705584752E-07</Value></Attribute></Attributes><ChildElements/><ElementName>inertia</ElementName><required>false</required><IxxAttribute z:Ref="i211"/><IxyAttribute z:Ref="i212"/><IxzAttribute z:Ref="i213"/><IyyAttribute z:Ref="i214"/><IyzAttribute z:Ref="i215"/><IzzAttribute z:Ref="i216"/></URDFElement></ChildElements><ElementName>inertial</ElementName><required>false</required><Inertia z:Ref="i210"/><Mass z:Ref="i208"/><Origin z:Ref="i205"/></URDFElement><URDFElement z:Id="i217" i:type="Visual"><Attributes/><ChildElements><URDFElement z:Id="i218" i:type="Origin"><Attributes><Attribute z:Id="i219"><AttributeType>xyz</AttributeType><IsRequired>true</IsRequired><Value i:type="a:ArrayOfdouble" xmlns:a="http://schemas.microsoft.com/2003/10/Serialization/Arrays"><a:double>0</a:double><a:double>0</a:double><a:double>0</a:double></Value></Attribute><Attribute z:Id="i220"><AttributeType>rpy</AttributeType><IsRequired>true</IsRequired><Value i:type="a:ArrayOfdouble" xmlns:a="http://schemas.microsoft.com/2003/10/Serialization/Arrays"><a:double>0</a:double><a:double>0</a:double><a:double>0</a:double></Value></Attribute></Attributes><ChildElements/><ElementName>origin</ElementName><required>false</required><RPYAttribute z:Ref="i220"/><XYZAttribute z:Ref="i219"/><isCustomized>false</isCustomized></URDFElement><URDFElement z:Id="i221" i:type="Geometry"><Attributes/><ChildElements><URDFElement z:Id="i222" i:type="Mesh"><Attributes><Attribute z:Id="i223"><AttributeType>filename</AttributeType><IsRequired>true</IsRequired><Value i:nil="true"/></Attribute></Attributes><ChildElements/><ElementName>mesh</ElementName><required>false</required><FilenameAttribute z:Ref="i223"/></URDFElement></ChildElements><ElementName>geometry</ElementName><required>true</required><Mesh z:Ref="i222"/></URDFElement><URDFElement z:Id="i224" i:type="Material"><Attributes><Attribute z:Id="i225"><AttributeType>name</AttributeType><IsRequired>true</IsRequired><Value i:type="a:string" xmlns:a="http://www.w3.org/2001/XMLSchema"/></Attribute></Attributes><ChildElements><URDFElement z:Id="i226" i:type="Color"><Attributes><Attribute z:Id="i227"><AttributeType>rgba</AttributeType><IsRequired>true</IsRequired><Value i:type="a:ArrayOfdouble" xmlns:a="http://schemas.microsoft.com/2003/10/Serialization/Arrays"><a:double>0.792156862745098</a:double><a:double>0.81960784313725488</a:double><a:double>0.93333333333333335</a:double><a:double>1</a:double></Value></Attribute></Attributes><ChildElements/><ElementName>color</ElementName><required>false</required><RGBAAttribute z:Ref="i227"/></URDFElement><URDFElement z:Id="i228" i:type="Texture"><Attributes><Attribute z:Id="i229"><AttributeType>filename</AttributeType><IsRequired>true</IsRequired><Value i:nil="true"/></Attribute></Attributes><ChildElements/><ElementName>texture</ElementName><required>false</required><FilenameAttribute z:Ref="i229"/><wFilename/></URDFElement></ChildElements><ElementName>material</ElementName><required>false</required><Color z:Ref="i226"/><NameAttribute z:Ref="i225"/><Texture z:Ref="i228"/></URDFElement></ChildElements><ElementName>visual</ElementName><required>false</required><Geometry z:Ref="i221"/><Material z:Ref="i224"/><Origin z:Ref="i218"/></URDFElement><URDFElement z:Id="i230" i:type="Collision"><Attributes/><ChildElements><URDFElement z:Id="i231" i:type="Origin"><Attributes><Attribute z:Id="i232"><AttributeType>xyz</AttributeType><IsRequired>true</IsRequired><Value i:type="a:ArrayOfdouble" xmlns:a="http://schemas.microsoft.com/2003/10/Serialization/Arrays"><a:double>0</a:double><a:double>0</a:double><a:double>0</a:double></Value></Attribute><Attribute z:Id="i233"><AttributeType>rpy</AttributeType><IsRequired>true</IsRequired><Value i:type="a:ArrayOfdouble" xmlns:a="http://schemas.microsoft.com/2003/10/Serialization/Arrays"><a:double>0</a:double><a:double>0</a:double><a:double>0</a:double></Value></Attribute></Attributes><ChildElements/><ElementName>origin</ElementName><required>false</required><RPYAttribute z:Ref="i233"/><XYZAttribute z:Ref="i232"/><isCustomized>false</isCustomized></URDFElement><URDFElement z:Id="i234" i:type="Geometry"><Attributes/><ChildElements><URDFElement z:Id="i235" i:type="Mesh"><Attributes><Attribute z:Id="i236"><AttributeType>filename</AttributeType><IsRequired>true</IsRequired><Value i:nil="true"/></Attribute></Attributes><ChildElements/><ElementName>mesh</ElementName><required>false</required><FilenameAttribute z:Ref="i236"/></URDFElement></ChildElements><ElementName>geometry</ElementName><required>true</required><Mesh z:Ref="i235"/></URDFElement></ChildElements><ElementName>collision</ElementName><required>false</required><Geometry z:Ref="i234"/><Origin z:Ref="i231"/></URDFElement><URDFElement z:Id="i237" i:type="Joint"><Attributes><Attribute z:Id="i238"><AttributeType>name</AttributeType><IsRequired>true</IsRequired><Value i:type="a:string" xmlns:a="http://www.w3.org/2001/XMLSchema">Ballfront_joint</Value></Attribute><Attribute z:Id="i239"><AttributeType>type</AttributeType><IsRequired>true</IsRequired><Value i:type="a:string" xmlns:a="http://www.w3.org/2001/XMLSchema">fixed</Value></Attribute></Attributes><ChildElements><URDFElement z:Id="i240" i:type="Origin"><Attributes><Attribute z:Id="i241"><AttributeType>xyz</AttributeType><IsRequired>true</IsRequired><Value i:type="a:ArrayOfdouble" xmlns:a="http://schemas.microsoft.com/2003/10/Serialization/Arrays"><a:double>0.074595608245668021</a:double><a:double>-0.00018349405514948847</a:double><a:double>0.0015999999999995185</a:double></Value></Attribute><Attribute z:Id="i242"><AttributeType>rpy</AttributeType><IsRequired>true</IsRequired><Value i:type="a:ArrayOfdouble" xmlns:a="http://schemas.microsoft.com/2003/10/Serialization/Arrays"><a:double>0</a:double><a:double>0</a:double><a:double>0</a:double></Value></Attribute></Attributes><ChildElements/><ElementName>origin</ElementName><required>false</required><RPYAttribute z:Ref="i242"/><XYZAttribute z:Ref="i241"/><isCustomized>false</isCustomized></URDFElement><URDFElement z:Id="i243" i:type="ParentLink"><Attributes><Attribute z:Id="i244"><AttributeType>link</AttributeType><IsRequired>true</IsRequired><Value i:type="a:string" xmlns:a="http://www.w3.org/2001/XMLSchema">base_link</Value></Attribute></Attributes><ChildElements/><ElementName>parent</ElementName><required>true</required><NameAttribute z:Ref="i244"/></URDFElement><URDFElement z:Id="i245" i:type="ChildLink"><Attributes><Attribute z:Id="i246"><AttributeType>link</AttributeType><IsRequired>true</IsRequired><Value i:type="a:string" xmlns:a="http://www.w3.org/2001/XMLSchema">Ball_front_link</Value></Attribute></Attributes><ChildElements/><ElementName>child</ElementName><required>true</required><NameAttribute z:Ref="i246"/></URDFElement><URDFElement z:Id="i247" i:type="Axis"><Attributes><Attribute z:Id="i248"><AttributeType>xyz</AttributeType><IsRequired>true</IsRequired><Value i:type="a:ArrayOfdouble" xmlns:a="http://schemas.microsoft.com/2003/10/Serialization/Arrays"><a:double>0</a:double><a:double>0</a:double><a:double>0</a:double></Value></Attribute></Attributes><ChildElements/><ElementName>axis</ElementName><required>false</required><XYZAttribute z:Ref="i248"/></URDFElement><URDFElement z:Id="i249" i:type="Limit"><Attributes><Attribute z:Id="i250"><AttributeType>lower</AttributeType><IsRequired>false</IsRequired><Value i:nil="true"/></Attribute><Attribute z:Id="i251"><AttributeType>upper</AttributeType><IsRequired>false</IsRequired><Value i:nil="true"/></Attribute><Attribute z:Id="i252"><AttributeType>effort</AttributeType><IsRequired>true</IsRequired><Value i:nil="true"/></Attribute><Attribute z:Id="i253"><AttributeType>velocity</AttributeType><IsRequired>true</IsRequired><Value i:nil="true"/></Attribute></Attributes><ChildElements/><ElementName>limit</ElementName><required>false</required><EffortAttribute z:Ref="i252"/><LowerAttribute z:Ref="i250"/><UpperAttribute z:Ref="i251"/><VelocityAttribute z:Ref="i253"/></URDFElement><URDFElement z:Id="i254" i:type="Calibration"><Attributes><Attribute z:Id="i255"><AttributeType>rising</AttributeType><IsRequired>false</IsRequired><Value i:nil="true"/></Attribute><Attribute z:Id="i256"><AttributeType>falling</AttributeType><IsRequired>false</IsRequired><Value i:nil="true"/></Attribute></Attributes><ChildElements/><ElementName>calibration</ElementName><required>false</required><FallingAttribute z:Ref="i256"/><RisingAttribute z:Ref="i255"/></URDFElement><URDFElement z:Id="i257" i:type="Dynamics"><Attributes><Attribute z:Id="i258"><AttributeType>damping</AttributeType><IsRequired>false</IsRequired><Value i:nil="true"/></Attribute><Attribute z:Id="i259"><AttributeType>friction</AttributeType><IsRequired>false</IsRequired><Value i:nil="true"/></Attribute></Attributes><ChildElements/><ElementName>dynamics</ElementName><required>false</required><DampingAttribute z:Ref="i258"/><FrictionAttribute z:Ref="i259"/></URDFElement><URDFElement z:Id="i260" i:type="SafetyController"><Attributes><Attribute z:Id="i261"><AttributeType>soft_upper_limit</AttributeType><IsRequired>false</IsRequired><Value i:nil="true"/></Attribute><Attribute z:Id="i262"><AttributeType>soft_lower_limit</AttributeType><IsRequired>false</IsRequired><Value i:nil="true"/></Attribute><Attribute z:Id="i263"><AttributeType>k_position</AttributeType><IsRequired>false</IsRequired><Value i:nil="true"/></Attribute><Attribute z:Id="i264"><AttributeType>k_velocity</AttributeType><IsRequired>true</IsRequired><Value i:nil="true"/></Attribute></Attributes><ChildElements/><ElementName>safety_controller</ElementName><required>false</required><KPositionAttribute z:Ref="i263"/><KVelocityAttribute z:Ref="i264"/><SoftLowerAttribute z:Ref="i262"/><SoftUpperAttribute z:Ref="i261"/></URDFElement><URDFElement z:Id="i265" i:type="Mimic"><Attributes><Attribute z:Id="i266"><AttributeType>joint</AttributeType><IsRequired>true</IsRequired><Value i:nil="true"/></Attribute><Attribute z:Id="i267"><AttributeType>multiplier</AttributeType><IsRequired>false</IsRequired><Value i:nil="true"/></Attribute><Attribute z:Id="i268"><AttributeType>offset</AttributeType><IsRequired>false</IsRequired><Value i:nil="true"/></Attribute></Attributes><ChildElements/><ElementName>mimic</ElementName><required>false</required><JointNameAttribute z:Ref="i266"/><MultiplierAttribute z:Ref="i267"/><OffsetAttribute z:Ref="i268"/></URDFElement></ChildElements><ElementName>joint</ElementName><required>false</required><Axis z:Ref="i247"/><AxisName>Axis_Ballfront_joint</AxisName><Calibration z:Ref="i254"/><Child z:Ref="i245"/><CoordinateSystemName>Front_origin</CoordinateSystemName><Dynamics z:Ref="i257"/><Limit z:Ref="i249"/><Mimic z:Ref="i265"/><NameAttribute z:Ref="i238"/><Origin z:Ref="i240"/><Parent z:Ref="i243"/><Safety z:Ref="i260"/><TypeAttribute z:Ref="i239"/></URDFElement></ChildElements><ElementName>link</ElementName><required>true</required><Children/><Collision z:Ref="i230"/><Inertial z:Ref="i204"/><Joint z:Ref="i237"/><NameAttribute z:Ref="i203"/><Parent z:Ref="i1"/><STLQualityFine>false</STLQualityFine><SWComponentPIDs xmlns:a="http://schemas.microsoft.com/2003/10/Serialization/Arrays"><a:base64Binary>aEIAAAUAAAD//v8uVwA0ADIAMAAgAFUAbgBpAHYAZQByAHMAYQBsACAAUwB0AGUAZQBsACAAQgBhAGwAbAAgAEMAYQBzAHQAZQByAF8AcABhAHIAdAAtADEAQABhAHMAcwBlAG0AMQAEAAAAEAAAAAEAAAABAAAAxQEAAA==</a:base64Binary><a:base64Binary>aEIAAAUAAAD//v8VVwA0ADIAMABfAHMAcABhAGMAZQByAC0AMQAxAEAAYQBzAHMAZQBtADEABAAAABAAAAABAAAAAQAAAIkBAAA=</a:base64Binary><a:base64Binary>aEIAAAUAAAD//v8VVwA0ADIAMABfAHMAcABhAGMAZQByAC0AMQAyAEAAYQBzAHMAZQBtADEABAAAABAAAAABAAAAAQAAAIwBAAA=</a:base64Binary></SWComponentPIDs><SWMainComponentPID i:nil="true"/><Visual z:Ref="i217"/><isFixedFrame>false</isFixedFrame><isIncomplete>false</isIncomplete></Link><Link z:Id="i269"><Attributes><Attribute z:Id="i270"><AttributeType>name</AttributeType><IsRequired>true</IsRequired><Value i:type="a:string" xmlns:a="http://www.w3.org/2001/XMLSchema">Ball_back_link</Value></Attribute></Attributes><ChildElements><URDFElement z:Id="i271" i:type="Inertial"><Attributes/><ChildElements><URDFElement z:Id="i272" i:type="Origin"><Attributes><Attribute z:Id="i273"><AttributeType>xyz</AttributeType><IsRequired>true</IsRequired><Value i:type="a:ArrayOfdouble" xmlns:a="http://schemas.microsoft.com/2003/10/Serialization/Arrays"><a:double>4.4408920985006262E-16</a:double><a:double>-3.5302680351269322E-06</a:double><a:double>0.0054509761189746805</a:double></Value></Attribute><Attribute z:Id="i274"><AttributeType>rpy</AttributeType><IsRequired>true</IsRequired><Value i:type="a:ArrayOfdouble" xmlns:a="http://schemas.microsoft.com/2003/10/Serialization/Arrays"><a:double>0</a:double><a:double>0</a:double><a:double>0</a:double></Value></Attribute></Attributes><ChildElements/><ElementName>origin</ElementName><required>false</required><RPYAttribute z:Ref="i274"/><XYZAttribute z:Ref="i273"/><isCustomized>false</isCustomized></URDFElement><URDFElement z:Id="i275" i:type="Mass"><Attributes><Attribute z:Id="i276"><AttributeType>value</AttributeType><IsRequired>true</IsRequired><Value i:type="a:double" xmlns:a="http://www.w3.org/2001/XMLSchema">0.0052518316827676248</Value></Attribute></Attributes><ChildElements/><ElementName>mass</ElementName><required>false</required><ValueAttribute z:Ref="i276"/></URDFElement><URDFElement z:Id="i277" i:type="Inertia"><Attributes><Attribute z:Id="i278"><AttributeType>ixx</AttributeType><IsRequired>true</IsRequired><Value i:type="a:double" xmlns:a="http://www.w3.org/2001/XMLSchema">4.8373354450216724E-07</Value></Attribute><Attribute z:Id="i279"><AttributeType>ixy</AttributeType><IsRequired>true</IsRequired><Value i:type="a:double" xmlns:a="http://www.w3.org/2001/XMLSchema">6.8036946226140433E-16</Value></Attribute><Attribute z:Id="i280"><AttributeType>ixz</AttributeType><IsRequired>true</IsRequired><Value i:type="a:double" xmlns:a="http://www.w3.org/2001/XMLSchema">3.8774964805090169E-23</Value></Attribute><Attribute z:Id="i281"><AttributeType>iyy</AttributeType><IsRequired>true</IsRequired><Value i:type="a:double" xmlns:a="http://www.w3.org/2001/XMLSchema">2.1847360696902052E-07</Value></Attribute><Attribute z:Id="i282"><AttributeType>iyz</AttributeType><IsRequired>true</IsRequired><Value i:type="a:double" xmlns:a="http://www.w3.org/2001/XMLSchema">2.5529250701532661E-10</Value></Attribute><Attribute z:Id="i283"><AttributeType>izz</AttributeType><IsRequired>true</IsRequired><Value i:type="a:double" xmlns:a="http://www.w3.org/2001/XMLSchema">5.2914989705584742E-07</Value></Attribute></Attributes><ChildElements/><ElementName>inertia</ElementName><required>false</required><IxxAttribute z:Ref="i278"/><IxyAttribute z:Ref="i279"/><IxzAttribute z:Ref="i280"/><IyyAttribute z:Ref="i281"/><IyzAttribute z:Ref="i282"/><IzzAttribute z:Ref="i283"/></URDFElement></ChildElements><ElementName>inertial</ElementName><required>false</required><Inertia z:Ref="i277"/><Mass z:Ref="i275"/><Origin z:Ref="i272"/></URDFElement><URDFElement z:Id="i284" i:type="Visual"><Attributes/><ChildElements><URDFElement z:Id="i285" i:type="Origin"><Attributes><Attribute z:Id="i286"><AttributeType>xyz</AttributeType><IsRequired>true</IsRequired><Value i:type="a:ArrayOfdouble" xmlns:a="http://schemas.microsoft.com/2003/10/Serialization/Arrays"><a:double>0</a:double><a:double>0</a:double><a:double>0</a:double></Value></Attribute><Attribute z:Id="i287"><AttributeType>rpy</AttributeType><IsRequired>true</IsRequired><Value i:type="a:ArrayOfdouble" xmlns:a="http://schemas.microsoft.com/2003/10/Serialization/Arrays"><a:double>0</a:double><a:double>0</a:double><a:double>0</a:double></Value></Attribute></Attributes><ChildElements/><ElementName>origin</ElementName><required>false</required><RPYAttribute z:Ref="i287"/><XYZAttribute z:Ref="i286"/><isCustomized>false</isCustomized></URDFElement><URDFElement z:Id="i288" i:type="Geometry"><Attributes/><ChildElements><URDFElement z:Id="i289" i:type="Mesh"><Attributes><Attribute z:Id="i290"><AttributeType>filename</AttributeType><IsRequired>true</IsRequired><Value i:nil="true"/></Attribute></Attributes><ChildElements/><ElementName>mesh</ElementName><required>false</required><FilenameAttribute z:Ref="i290"/></URDFElement></ChildElements><ElementName>geometry</ElementName><required>true</required><Mesh z:Ref="i289"/></URDFElement><URDFElement z:Id="i291" i:type="Material"><Attributes><Attribute z:Id="i292"><AttributeType>name</AttributeType><IsRequired>true</IsRequired><Value i:type="a:string" xmlns:a="http://www.w3.org/2001/XMLSchema"/></Attribute></Attributes><ChildElements><URDFElement z:Id="i293" i:type="Color"><Attributes><Attribute z:Id="i294"><AttributeType>rgba</AttributeType><IsRequired>true</IsRequired><Value i:type="a:ArrayOfdouble" xmlns:a="http://schemas.microsoft.com/2003/10/Serialization/Arrays"><a:double>0.792156862745098</a:double><a:double>0.81960784313725488</a:double><a:double>0.93333333333333335</a:double><a:double>1</a:double></Value></Attribute></Attributes><ChildElements/><ElementName>color</ElementName><required>false</required><RGBAAttribute z:Ref="i294"/></URDFElement><URDFElement z:Id="i295" i:type="Texture"><Attributes><Attribute z:Id="i296"><AttributeType>filename</AttributeType><IsRequired>true</IsRequired><Value i:nil="true"/></Attribute></Attributes><ChildElements/><ElementName>texture</ElementName><required>false</required><FilenameAttribute z:Ref="i296"/><wFilename/></URDFElement></ChildElements><ElementName>material</ElementName><required>false</required><Color z:Ref="i293"/><NameAttribute z:Ref="i292"/><Texture z:Ref="i295"/></URDFElement></ChildElements><ElementName>visual</ElementName><required>false</required><Geometry z:Ref="i288"/><Material z:Ref="i291"/><Origin z:Ref="i285"/></URDFElement><URDFElement z:Id="i297" i:type="Collision"><Attributes/><ChildElements><URDFElement z:Id="i298" i:type="Origin"><Attributes><Attribute z:Id="i299"><AttributeType>xyz</AttributeType><IsRequired>true</IsRequired><Value i:type="a:ArrayOfdouble" xmlns:a="http://schemas.microsoft.com/2003/10/Serialization/Arrays"><a:double>0</a:double><a:double>0</a:double><a:double>0</a:double></Value></Attribute><Attribute z:Id="i300"><AttributeType>rpy</AttributeType><IsRequired>true</IsRequired><Value i:type="a:ArrayOfdouble" xmlns:a="http://schemas.microsoft.com/2003/10/Serialization/Arrays"><a:double>0</a:double><a:double>0</a:double><a:double>0</a:double></Value></Attribute></Attributes><ChildElements/><ElementName>origin</ElementName><required>false</required><RPYAttribute z:Ref="i300"/><XYZAttribute z:Ref="i299"/><isCustomized>false</isCustomized></URDFElement><URDFElement z:Id="i301" i:type="Geometry"><Attributes/><ChildElements><URDFElement z:Id="i302" i:type="Mesh"><Attributes><Attribute z:Id="i303"><AttributeType>filename</AttributeType><IsRequired>true</IsRequired><Value i:nil="true"/></Attribute></Attributes><ChildElements/><ElementName>mesh</ElementName><required>false</required><FilenameAttribute z:Ref="i303"/></URDFElement></ChildElements><ElementName>geometry</ElementName><required>true</required><Mesh z:Ref="i302"/></URDFElement></ChildElements><ElementName>collision</ElementName><required>false</required><Geometry z:Ref="i301"/><Origin z:Ref="i298"/></URDFElement><URDFElement z:Id="i304" i:type="Joint"><Attributes><Attribute z:Id="i305"><AttributeType>name</AttributeType><IsRequired>true</IsRequired><Value i:type="a:string" xmlns:a="http://www.w3.org/2001/XMLSchema">Ballback_joint</Value></Attribute><Attribute z:Id="i306"><AttributeType>type</AttributeType><IsRequired>true</IsRequired><Value i:type="a:string" xmlns:a="http://www.w3.org/2001/XMLSchema">fixed</Value></Attribute></Attributes><ChildElements><URDFElement z:Id="i307" i:type="Origin"><Attributes><Attribute z:Id="i308"><AttributeType>xyz</AttributeType><IsRequired>true</IsRequired><Value i:type="a:ArrayOfdouble" xmlns:a="http://schemas.microsoft.com/2003/10/Serialization/Arrays"><a:double>-0.07540439175433207</a:double><a:double>-0.00018349405514943296</a:double><a:double>0.0015999999999995185</a:double></Value></Attribute><Attribute z:Id="i309"><AttributeType>rpy</AttributeType><IsRequired>true</IsRequired><Value i:type="a:ArrayOfdouble" xmlns:a="http://schemas.microsoft.com/2003/10/Serialization/Arrays"><a:double>0</a:double><a:double>0</a:double><a:double>0</a:double></Value></Attribute></Attributes><ChildElements/><ElementName>origin</ElementName><required>false</required><RPYAttribute z:Ref="i309"/><XYZAttribute z:Ref="i308"/><isCustomized>false</isCustomized></URDFElement><URDFElement z:Id="i310" i:type="ParentLink"><Attributes><Attribute z:Id="i311"><AttributeType>link</AttributeType><IsRequired>true</IsRequired><Value i:type="a:string" xmlns:a="http://www.w3.org/2001/XMLSchema">base_link</Value></Attribute></Attributes><ChildElements/><ElementName>parent</ElementName><required>true</required><NameAttribute z:Ref="i311"/></URDFElement><URDFElement z:Id="i312" i:type="ChildLink"><Attributes><Attribute z:Id="i313"><AttributeType>link</AttributeType><IsRequired>true</IsRequired><Value i:type="a:string" xmlns:a="http://www.w3.org/2001/XMLSchema">Ball_back_link</Value></Attribute></Attributes><ChildElements/><ElementName>child</ElementName><required>true</required><NameAttribute z:Ref="i313"/></URDFElement><URDFElement z:Id="i314" i:type="Axis"><Attributes><Attribute z:Id="i315"><AttributeType>xyz</AttributeType><IsRequired>true</IsRequired><Value i:type="a:ArrayOfdouble" xmlns:a="http://schemas.microsoft.com/2003/10/Serialization/Arrays"><a:double>0</a:double><a:double>0</a:double><a:double>0</a:double></Value></Attribute></Attributes><ChildElements/><ElementName>axis</ElementName><required>false</required><XYZAttribute z:Ref="i315"/></URDFElement><URDFElement z:Id="i316" i:type="Limit"><Attributes><Attribute z:Id="i317"><AttributeType>lower</AttributeType><IsRequired>false</IsRequired><Value i:nil="true"/></Attribute><Attribute z:Id="i318"><AttributeType>upper</AttributeType><IsRequired>false</IsRequired><Value i:nil="true"/></Attribute><Attribute z:Id="i319"><AttributeType>effort</AttributeType><IsRequired>true</IsRequired><Value i:nil="true"/></Attribute><Attribute z:Id="i320"><AttributeType>velocity</AttributeType><IsRequired>true</IsRequired><Value i:nil="true"/></Attribute></Attributes><ChildElements/><ElementName>limit</ElementName><required>false</required><EffortAttribute z:Ref="i319"/><LowerAttribute z:Ref="i317"/><UpperAttribute z:Ref="i318"/><VelocityAttribute z:Ref="i320"/></URDFElement><URDFElement z:Id="i321" i:type="Calibration"><Attributes><Attribute z:Id="i322"><AttributeType>rising</AttributeType><IsRequired>false</IsRequired><Value i:nil="true"/></Attribute><Attribute z:Id="i323"><AttributeType>falling</AttributeType><IsRequired>false</IsRequired><Value i:nil="true"/></Attribute></Attributes><ChildElements/><ElementName>calibration</ElementName><required>false</required><FallingAttribute z:Ref="i323"/><RisingAttribute z:Ref="i322"/></URDFElement><URDFElement z:Id="i324" i:type="Dynamics"><Attributes><Attribute z:Id="i325"><AttributeType>damping</AttributeType><IsRequired>false</IsRequired><Value i:nil="true"/></Attribute><Attribute z:Id="i326"><AttributeType>friction</AttributeType><IsRequired>false</IsRequired><Value i:nil="true"/></Attribute></Attributes><ChildElements/><ElementName>dynamics</ElementName><required>false</required><DampingAttribute z:Ref="i325"/><FrictionAttribute z:Ref="i326"/></URDFElement><URDFElement z:Id="i327" i:type="SafetyController"><Attributes><Attribute z:Id="i328"><AttributeType>soft_upper_limit</AttributeType><IsRequired>false</IsRequired><Value i:nil="true"/></Attribute><Attribute z:Id="i329"><AttributeType>soft_lower_limit</AttributeType><IsRequired>false</IsRequired><Value i:nil="true"/></Attribute><Attribute z:Id="i330"><AttributeType>k_position</AttributeType><IsRequired>false</IsRequired><Value i:nil="true"/></Attribute><Attribute z:Id="i331"><AttributeType>k_velocity</AttributeType><IsRequired>true</IsRequired><Value i:nil="true"/></Attribute></Attributes><ChildElements/><ElementName>safety_controller</ElementName><required>false</required><KPositionAttribute z:Ref="i330"/><KVelocityAttribute z:Ref="i331"/><SoftLowerAttribute z:Ref="i329"/><SoftUpperAttribute z:Ref="i328"/></URDFElement><URDFElement z:Id="i332" i:type="Mimic"><Attributes><Attribute z:Id="i333"><AttributeType>joint</AttributeType><IsRequired>true</IsRequired><Value i:nil="true"/></Attribute><Attribute z:Id="i334"><AttributeType>multiplier</AttributeType><IsRequired>false</IsRequired><Value i:nil="true"/></Attribute><Attribute z:Id="i335"><AttributeType>offset</AttributeType><IsRequired>false</IsRequired><Value i:nil="true"/></Attribute></Attributes><ChildElements/><ElementName>mimic</ElementName><required>false</required><JointNameAttribute z:Ref="i333"/><MultiplierAttribute z:Ref="i334"/><OffsetAttribute z:Ref="i335"/></URDFElement></ChildElements><ElementName>joint</ElementName><required>false</required><Axis z:Ref="i314"/><AxisName>Axis_Ballback_joint</AxisName><Calibration z:Ref="i321"/><Child z:Ref="i312"/><CoordinateSystemName>Back_origin</CoordinateSystemName><Dynamics z:Ref="i324"/><Limit z:Ref="i316"/><Mimic z:Ref="i332"/><NameAttribute z:Ref="i305"/><Origin z:Ref="i307"/><Parent z:Ref="i310"/><Safety z:Ref="i327"/><TypeAttribute z:Ref="i306"/></URDFElement></ChildElements><ElementName>link</ElementName><required>true</required><Children/><Collision z:Ref="i297"/><Inertial z:Ref="i271"/><Joint z:Ref="i304"/><NameAttribute z:Ref="i270"/><Parent z:Ref="i1"/><STLQualityFine>false</STLQualityFine><SWComponentPIDs xmlns:a="http://schemas.microsoft.com/2003/10/Serialization/Arrays"><a:base64Binary>aEIAAAUAAAD//v8uVwA0ADIAMAAgAFUAbgBpAHYAZQByAHMAYQBsACAAUwB0AGUAZQBsACAAQgBhAGwAbAAgAEMAYQBzAHQAZQByAF8AcABhAHIAdAAtADIAQABhAHMAcwBlAG0AMQAEAAAAEAAAAAEAAAABAAAA1AEAAA==</a:base64Binary><a:base64Binary>aEIAAAUAAAD//v8VVwA0ADIAMABfAHMAcABhAGMAZQByAC0AMQAzAEAAYQBzAHMAZQBtADEABAAAABAAAAABAAAAAQAAALABAAA=</a:base64Binary><a:base64Binary>aEIAAAUAAAD//v8VVwA0ADIAMABfAHMAcABhAGMAZQByAC0AMQA0AEAAYQBzAHMAZQBtADEABAAAABAAAAABAAAAAQAAALMBAAA=</a:base64Binary></SWComponentPIDs><SWMainComponentPID i:nil="true"/><Visual z:Ref="i284"/><isFixedFrame>false</isFixedFrame><isIncomplete>false</isIncomplete></Link><Link z:Id="i336"><Attributes><Attribute z:Id="i337"><AttributeType>name</AttributeType><IsRequired>true</IsRequired><Value i:type="a:string" xmlns:a="http://www.w3.org/2001/XMLSchema">Lidar_link</Value></Attribute></Attributes><ChildElements><URDFElement z:Id="i338" i:type="Inertial"><Attributes/><ChildElements><URDFElement z:Id="i339" i:type="Origin"><Attributes><Attribute z:Id="i340"><AttributeType>xyz</AttributeType><IsRequired>true</IsRequired><Value i:type="a:ArrayOfdouble" xmlns:a="http://schemas.microsoft.com/2003/10/Serialization/Arrays"><a:double>0.014841507975136876</a:double><a:double>0.00032514886472107679</a:double><a:double>-0.021153620814164192</a:double></Value></Attribute><Attribute z:Id="i341"><AttributeType>rpy</AttributeType><IsRequired>true</IsRequired><Value i:type="a:ArrayOfdouble" xmlns:a="http://schemas.microsoft.com/2003/10/Serialization/Arrays"><a:double>0</a:double><a:double>0</a:double><a:double>0</a:double></Value></Attribute></Attributes><ChildElements/><ElementName>origin</ElementName><required>false</required><RPYAttribute z:Ref="i341"/><XYZAttribute z:Ref="i340"/><isCustomized>false</isCustomized></URDFElement><URDFElement z:Id="i342" i:type="Mass"><Attributes><Attribute z:Id="i343"><AttributeType>value</AttributeType><IsRequired>true</IsRequired><Value i:type="a:double" xmlns:a="http://www.w3.org/2001/XMLSchema">0.03124091268613258</Value></Attribute></Attributes><ChildElements/><ElementName>mass</ElementName><required>false</required><ValueAttribute z:Ref="i343"/></URDFElement><URDFElement z:Id="i344" i:type="Inertia"><Attributes><Attribute z:Id="i345"><AttributeType>ixx</AttributeType><IsRequired>true</IsRequired><Value i:type="a:double" xmlns:a="http://www.w3.org/2001/XMLSchema">8.8777123437312513E-06</Value></Attribute><Attribute z:Id="i346"><AttributeType>ixy</AttributeType><IsRequired>true</IsRequired><Value i:type="a:double" xmlns:a="http://www.w3.org/2001/XMLSchema">-1.3131458506388215E-07</Value></Attribute><Attribute z:Id="i347"><AttributeType>ixz</AttributeType><IsRequired>true</IsRequired><Value i:type="a:double" xmlns:a="http://www.w3.org/2001/XMLSchema">1.1330956162686677E-07</Value></Attribute><Attribute z:Id="i348"><AttributeType>iyy</AttributeType><IsRequired>true</IsRequired><Value i:type="a:double" xmlns:a="http://www.w3.org/2001/XMLSchema">1.4493553041837986E-05</Value></Attribute><Attribute z:Id="i349"><AttributeType>iyz</AttributeType><IsRequired>true</IsRequired><Value i:type="a:double" xmlns:a="http://www.w3.org/2001/XMLSchema">3.3673144047220988E-08</Value></Attribute><Attribute z:Id="i350"><AttributeType>izz</AttributeType><IsRequired>true</IsRequired><Value i:type="a:double" xmlns:a="http://www.w3.org/2001/XMLSchema">2.2528909807592923E-05</Value></Attribute></Attributes><ChildElements/><ElementName>inertia</ElementName><required>false</required><IxxAttribute z:Ref="i345"/><IxyAttribute z:Ref="i346"/><IxzAttribute z:Ref="i347"/><IyyAttribute z:Ref="i348"/><IyzAttribute z:Ref="i349"/><IzzAttribute z:Ref="i350"/></URDFElement></ChildElements><ElementName>inertial</ElementName><required>false</required><Inertia z:Ref="i344"/><Mass z:Ref="i342"/><Origin z:Ref="i339"/></URDFElement><URDFElement z:Id="i351" i:type="Visual"><Attributes/><ChildElements><URDFElement z:Id="i352" i:type="Origin"><Attributes><Attribute z:Id="i353"><AttributeType>xyz</AttributeType><IsRequired>true</IsRequired><Value i:type="a:ArrayOfdouble" xmlns:a="http://schemas.microsoft.com/2003/10/Serialization/Arrays"><a:double>0</a:double><a:double>0</a:double><a:double>0</a:double></Value></Attribute><Attribute z:Id="i354"><AttributeType>rpy</AttributeType><IsRequired>true</IsRequired><Value i:type="a:ArrayOfdouble" xmlns:a="http://schemas.microsoft.com/2003/10/Serialization/Arrays"><a:double>0</a:double><a:double>0</a:double><a:double>0</a:double></Value></Attribute></Attributes><ChildElements/><ElementName>origin</ElementName><required>false</required><RPYAttribute z:Ref="i354"/><XYZAttribute z:Ref="i353"/><isCustomized>false</isCustomized></URDFElement><URDFElement z:Id="i355" i:type="Geometry"><Attributes/><ChildElements><URDFElement z:Id="i356" i:type="Mesh"><Attributes><Attribute z:Id="i357"><AttributeType>filename</AttributeType><IsRequired>true</IsRequired><Value i:nil="true"/></Attribute></Attributes><ChildElements/><ElementName>mesh</ElementName><required>false</required><FilenameAttribute z:Ref="i357"/></URDFElement></ChildElements><ElementName>geometry</ElementName><required>true</required><Mesh z:Ref="i356"/></URDFElement><URDFElement z:Id="i358" i:type="Material"><Attributes><Attribute z:Id="i359"><AttributeType>name</AttributeType><IsRequired>true</IsRequired><Value i:type="a:string" xmlns:a="http://www.w3.org/2001/XMLSchema"/></Attribute></Attributes><ChildElements><URDFElement z:Id="i360" i:type="Color"><Attributes><Attribute z:Id="i361"><AttributeType>rgba</AttributeType><IsRequired>true</IsRequired><Value i:type="a:ArrayOfdouble" xmlns:a="http://schemas.microsoft.com/2003/10/Serialization/Arrays"><a:double>0.792156862745098</a:double><a:double>0.81960784313725488</a:double><a:double>0.93333333333333335</a:double><a:double>1</a:double></Value></Attribute></Attributes><ChildElements/><ElementName>color</ElementName><required>false</required><RGBAAttribute z:Ref="i361"/></URDFElement><URDFElement z:Id="i362" i:type="Texture"><Attributes><Attribute z:Id="i363"><AttributeType>filename</AttributeType><IsRequired>true</IsRequired><Value i:nil="true"/></Attribute></Attributes><ChildElements/><ElementName>texture</ElementName><required>false</required><FilenameAttribute z:Ref="i363"/><wFilename/></URDFElement></ChildElements><ElementName>material</ElementName><required>false</required><Color z:Ref="i360"/><NameAttribute z:Ref="i359"/><Texture z:Ref="i362"/></URDFElement></ChildElements><ElementName>visual</ElementName><required>false</required><Geometry z:Ref="i355"/><Material z:Ref="i358"/><Origin z:Ref="i352"/></URDFElement><URDFElement z:Id="i364" i:type="Collision"><Attributes/><ChildElements><URDFElement z:Id="i365" i:type="Origin"><Attributes><Attribute z:Id="i366"><AttributeType>xyz</AttributeType><IsRequired>true</IsRequired><Value i:type="a:ArrayOfdouble" xmlns:a="http://schemas.microsoft.com/2003/10/Serialization/Arrays"><a:double>0</a:double><a:double>0</a:double><a:double>0</a:double></Value></Attribute><Attribute z:Id="i367"><AttributeType>rpy</AttributeType><IsRequired>true</IsRequired><Value i:type="a:ArrayOfdouble" xmlns:a="http://schemas.microsoft.com/2003/10/Serialization/Arrays"><a:double>0</a:double><a:double>0</a:double><a:double>0</a:double></Value></Attribute></Attributes><ChildElements/><ElementName>origin</ElementName><required>false</required><RPYAttribute z:Ref="i367"/><XYZAttribute z:Ref="i366"/><isCustomized>false</isCustomized></URDFElement><URDFElement z:Id="i368" i:type="Geometry"><Attributes/><ChildElements><URDFElement z:Id="i369" i:type="Mesh"><Attributes><Attribute z:Id="i370"><AttributeType>filename</AttributeType><IsRequired>true</IsRequired><Value i:nil="true"/></Attribute></Attributes><ChildElements/><ElementName>mesh</ElementName><required>false</required><FilenameAttribute z:Ref="i370"/></URDFElement></ChildElements><ElementName>geometry</ElementName><required>true</required><Mesh z:Ref="i369"/></URDFElement></ChildElements><ElementName>collision</ElementName><required>false</required><Geometry z:Ref="i368"/><Origin z:Ref="i365"/></URDFElement><URDFElement z:Id="i371" i:type="Joint"><Attributes><Attribute z:Id="i372"><AttributeType>name</AttributeType><IsRequired>true</IsRequired><Value i:type="a:string" xmlns:a="http://www.w3.org/2001/XMLSchema">Lidar_joint</Value></Attribute><Attribute z:Id="i373"><AttributeType>type</AttributeType><IsRequired>true</IsRequired><Value i:type="a:string" xmlns:a="http://www.w3.org/2001/XMLSchema">continuous</Value></Attribute></Attributes><ChildElements><URDFElement z:Id="i374" i:type="Origin"><Attributes><Attribute z:Id="i375"><AttributeType>xyz</AttributeType><IsRequired>true</IsRequired><Value i:type="a:ArrayOfdouble" xmlns:a="http://schemas.microsoft.com/2003/10/Serialization/Arrays"><a:double>-0.0068640499973873781</a:double><a:double>-0.00013029331516768022</a:double><a:double>0.1721</a:double></Value></Attribute><Attribute z:Id="i376"><AttributeType>rpy</AttributeType><IsRequired>true</IsRequired><Value i:type="a:ArrayOfdouble" xmlns:a="http://schemas.microsoft.com/2003/10/Serialization/Arrays"><a:double>0</a:double><a:double>0</a:double><a:double>0</a:double></Value></Attribute></Attributes><ChildElements/><ElementName>origin</ElementName><required>false</required><RPYAttribute z:Ref="i376"/><XYZAttribute z:Ref="i375"/><isCustomized>false</isCustomized></URDFElement><URDFElement z:Id="i377" i:type="ParentLink"><Attributes><Attribute z:Id="i378"><AttributeType>link</AttributeType><IsRequired>true</IsRequired><Value i:type="a:string" xmlns:a="http://www.w3.org/2001/XMLSchema">base_link</Value></Attribute></Attributes><ChildElements/><ElementName>parent</ElementName><required>true</required><NameAttribute z:Ref="i378"/></URDFElement><URDFElement z:Id="i379" i:type="ChildLink"><Attributes><Attribute z:Id="i380"><AttributeType>link</AttributeType><IsRequired>true</IsRequired><Value i:type="a:string" xmlns:a="http://www.w3.org/2001/XMLSchema">Lidar_link</Value></Attribute></Attributes><ChildElements/><ElementName>child</ElementName><required>true</required><NameAttribute z:Ref="i380"/></URDFElement><URDFElement z:Id="i381" i:type="Axis"><Attributes><Attribute z:Id="i382"><AttributeType>xyz</AttributeType><IsRequired>true</IsRequired><Value i:type="a:ArrayOfdouble" xmlns:a="http://schemas.microsoft.com/2003/10/Serialization/Arrays"><a:double>0</a:double><a:double>0</a:double><a:double>1</a:double></Value></Attribute></Attributes><ChildElements/><ElementName>axis</ElementName><required>false</required><XYZAttribute z:Ref="i382"/></URDFElement><URDFElement z:Id="i383" i:type="Limit"><Attributes><Attribute z:Id="i384"><AttributeType>lower</AttributeType><IsRequired>false</IsRequired><Value i:nil="true"/></Attribute><Attribute z:Id="i385"><AttributeType>upper</AttributeType><IsRequired>false</IsRequired><Value i:nil="true"/></Attribute><Attribute z:Id="i386"><AttributeType>effort</AttributeType><IsRequired>true</IsRequired><Value i:nil="true"/></Attribute><Attribute z:Id="i387"><AttributeType>velocity</AttributeType><IsRequired>true</IsRequired><Value i:nil="true"/></Attribute></Attributes><ChildElements/><ElementName>limit</ElementName><required>false</required><EffortAttribute z:Ref="i386"/><LowerAttribute z:Ref="i384"/><UpperAttribute z:Ref="i385"/><VelocityAttribute z:Ref="i387"/></URDFElement><URDFElement z:Id="i388" i:type="Calibration"><Attributes><Attribute z:Id="i389"><AttributeType>rising</AttributeType><IsRequired>false</IsRequired><Value i:nil="true"/></Attribute><Attribute z:Id="i390"><AttributeType>falling</AttributeType><IsRequired>false</IsRequired><Value i:nil="true"/></Attribute></Attributes><ChildElements/><ElementName>calibration</ElementName><required>false</required><FallingAttribute z:Ref="i390"/><RisingAttribute z:Ref="i389"/></URDFElement><URDFElement z:Id="i391" i:type="Dynamics"><Attributes><Attribute z:Id="i392"><AttributeType>damping</AttributeType><IsRequired>false</IsRequired><Value i:nil="true"/></Attribute><Attribute z:Id="i393"><AttributeType>friction</AttributeType><IsRequired>false</IsRequired><Value i:nil="true"/></Attribute></Attributes><ChildElements/><ElementName>dynamics</ElementName><required>false</required><DampingAttribute z:Ref="i392"/><FrictionAttribute z:Ref="i393"/></URDFElement><URDFElement z:Id="i394" i:type="SafetyController"><Attributes><Attribute z:Id="i395"><AttributeType>soft_upper_limit</AttributeType><IsRequired>false</IsRequired><Value i:nil="true"/></Attribute><Attribute z:Id="i396"><AttributeType>soft_lower_limit</AttributeType><IsRequired>false</IsRequired><Value i:nil="true"/></Attribute><Attribute z:Id="i397"><AttributeType>k_position</AttributeType><IsRequired>false</IsRequired><Value i:nil="true"/></Attribute><Attribute z:Id="i398"><AttributeType>k_velocity</AttributeType><IsRequired>true</IsRequired><Value i:nil="true"/></Attribute></Attributes><ChildElements/><ElementName>safety_controller</ElementName><required>false</required><KPositionAttribute z:Ref="i397"/><KVelocityAttribute z:Ref="i398"/><SoftLowerAttribute z:Ref="i396"/><SoftUpperAttribute z:Ref="i395"/></URDFElement><URDFElement z:Id="i399" i:type="Mimic"><Attributes><Attribute z:Id="i400"><AttributeType>joint</AttributeType><IsRequired>true</IsRequired><Value i:nil="true"/></Attribute><Attribute z:Id="i401"><AttributeType>multiplier</AttributeType><IsRequired>false</IsRequired><Value i:nil="true"/></Attribute><Attribute z:Id="i402"><AttributeType>offset</AttributeType><IsRequired>false</IsRequired><Value i:nil="true"/></Attribute></Attributes><ChildElements/><ElementName>mimic</ElementName><required>false</required><JointNameAttribute z:Ref="i400"/><MultiplierAttribute z:Ref="i401"/><OffsetAttribute z:Ref="i402"/></URDFElement></ChildElements><ElementName>joint</ElementName><required>false</required><Axis z:Ref="i381"/><AxisName>lidar_axis</AxisName><Calibration z:Ref="i388"/><Child z:Ref="i379"/><CoordinateSystemName>lidar_origin</CoordinateSystemName><Dynamics z:Ref="i391"/><Limit z:Ref="i383"/><Mimic z:Ref="i399"/><NameAttribute z:Ref="i372"/><Origin z:Ref="i374"/><Parent z:Ref="i377"/><Safety z:Ref="i394"/><TypeAttribute z:Ref="i373"/></URDFElement></ChildElements><ElementName>link</ElementName><required>true</required><Children/><Collision z:Ref="i364"/><Inertial z:Ref="i338"/><Joint z:Ref="i371"/><NameAttribute z:Ref="i337"/><Parent z:Ref="i1"/><STLQualityFine>false</STLQualityFine><SWComponentPIDs xmlns:a="http://schemas.microsoft.com/2003/10/Serialization/Arrays"><a:base64Binary>aEIAAAUAAAD//v8WWAAzAF8ATABpAGQAYQByAF8AcABhAHIAdAAtADEAQABhAHMAcwBlAG0AMQAEAAAAEAAAAAEAAAABAAAAAAIAAA==</a:base64Binary></SWComponentPIDs><SWMainComponentPID i:nil="true"/><Visual z:Ref="i351"/><isFixedFrame>false</isFixedFrame><isIncomplete>false</isIncomplete></Link><Link z:Id="i403"><Attributes><Attribute z:Id="i404"><AttributeType>name</AttributeType><IsRequired>true</IsRequired><Value i:type="a:string" xmlns:a="http://www.w3.org/2001/XMLSchema">imu_link</Value></Attribute></Attributes><ChildElements><URDFElement z:Id="i405" i:type="Inertial"><Attributes/><ChildElements><URDFElement z:Id="i406" i:type="Origin"><Attributes><Attribute z:Id="i407"><AttributeType>xyz</AttributeType><IsRequired>true</IsRequired><Value i:type="a:ArrayOfdouble" xmlns:a="http://schemas.microsoft.com/2003/10/Serialization/Arrays"><a:double>-0.00238812545770593</a:double><a:double>-0.00015720661935611849</a:double><a:double>-0.0022906513677181106</a:double></Value></Attribute><Attribute z:Id="i408"><AttributeType>rpy</AttributeType><IsRequired>true</IsRequired><Value i:type="a:ArrayOfdouble" xmlns:a="http://schemas.microsoft.com/2003/10/Serialization/Arrays"><a:double>0</a:double><a:double>0</a:double><a:double>0</a:double></Value></Attribute></Attributes><ChildElements/><ElementName>origin</ElementName><required>false</required><RPYAttribute z:Ref="i408"/><XYZAttribute z:Ref="i407"/><isCustomized>false</isCustomized></URDFElement><URDFElement z:Id="i409" i:type="Mass"><Attributes><Attribute z:Id="i410"><AttributeType>value</AttributeType><IsRequired>true</IsRequired><Value i:type="a:double" xmlns:a="http://www.w3.org/2001/XMLSchema">0.00067387693895371622</Value></Attribute></Attributes><ChildElements/><ElementName>mass</ElementName><required>false</required><ValueAttribute z:Ref="i410"/></URDFElement><URDFElement z:Id="i411" i:type="Inertia"><Attributes><Attribute z:Id="i412"><AttributeType>ixx</AttributeType><IsRequired>true</IsRequired><Value i:type="a:double" xmlns:a="http://www.w3.org/2001/XMLSchema">2.192972647974984E-08</Value></Attribute><Attribute z:Id="i413"><AttributeType>ixy</AttributeType><IsRequired>true</IsRequired><Value i:type="a:double" xmlns:a="http://www.w3.org/2001/XMLSchema">-2.8297776906532714E-14</Value></Attribute><Attribute z:Id="i414"><AttributeType>ixz</AttributeType><IsRequired>true</IsRequired><Value i:type="a:double" xmlns:a="http://www.w3.org/2001/XMLSchema">-2.695303096751399E-14</Value></Attribute><Attribute z:Id="i415"><AttributeType>iyy</AttributeType><IsRequired>true</IsRequired><Value i:type="a:double" xmlns:a="http://www.w3.org/2001/XMLSchema">9.3345918426693768E-09</Value></Attribute><Attribute z:Id="i416"><AttributeType>iyz</AttributeType><IsRequired>true</IsRequired><Value i:type="a:double" xmlns:a="http://www.w3.org/2001/XMLSchema">-1.1632652646643364E-14</Value></Attribute><Attribute z:Id="i417"><AttributeType>izz</AttributeType><IsRequired>true</IsRequired><Value i:type="a:double" xmlns:a="http://www.w3.org/2001/XMLSchema">2.9883497839707475E-08</Value></Attribute></Attributes><ChildElements/><ElementName>inertia</ElementName><required>false</required><IxxAttribute z:Ref="i412"/><IxyAttribute z:Ref="i413"/><IxzAttribute z:Ref="i414"/><IyyAttribute z:Ref="i415"/><IyzAttribute z:Ref="i416"/><IzzAttribute z:Ref="i417"/></URDFElement></ChildElements><ElementName>inertial</ElementName><required>false</required><Inertia z:Ref="i411"/><Mass z:Ref="i409"/><Origin z:Ref="i406"/></URDFElement><URDFElement z:Id="i418" i:type="Visual"><Attributes/><ChildElements><URDFElement z:Id="i419" i:type="Origin"><Attributes><Attribute z:Id="i420"><AttributeType>xyz</AttributeType><IsRequired>true</IsRequired><Value i:type="a:ArrayOfdouble" xmlns:a="http://schemas.microsoft.com/2003/10/Serialization/Arrays"><a:double>0</a:double><a:double>0</a:double><a:double>0</a:double></Value></Attribute><Attribute z:Id="i421"><AttributeType>rpy</AttributeType><IsRequired>true</IsRequired><Value i:type="a:ArrayOfdouble" xmlns:a="http://schemas.microsoft.com/2003/10/Serialization/Arrays"><a:double>0</a:double><a:double>0</a:double><a:double>0</a:double></Value></Attribute></Attributes><ChildElements/><ElementName>origin</ElementName><required>false</required><RPYAttribute z:Ref="i421"/><XYZAttribute z:Ref="i420"/><isCustomized>false</isCustomized></URDFElement><URDFElement z:Id="i422" i:type="Geometry"><Attributes/><ChildElements><URDFElement z:Id="i423" i:type="Mesh"><Attributes><Attribute z:Id="i424"><AttributeType>filename</AttributeType><IsRequired>true</IsRequired><Value i:nil="true"/></Attribute></Attributes><ChildElements/><ElementName>mesh</ElementName><required>false</required><FilenameAttribute z:Ref="i424"/></URDFElement></ChildElements><ElementName>geometry</ElementName><required>true</required><Mesh z:Ref="i423"/></URDFElement><URDFElement z:Id="i425" i:type="Material"><Attributes><Attribute z:Id="i426"><AttributeType>name</AttributeType><IsRequired>true</IsRequired><Value i:type="a:string" xmlns:a="http://www.w3.org/2001/XMLSchema"/></Attribute></Attributes><ChildElements><URDFElement z:Id="i427" i:type="Color"><Attributes><Attribute z:Id="i428"><AttributeType>rgba</AttributeType><IsRequired>true</IsRequired><Value i:type="a:ArrayOfdouble" xmlns:a="http://schemas.microsoft.com/2003/10/Serialization/Arrays"><a:double>0.792156862745098</a:double><a:double>0.81960784313725488</a:double><a:double>0.93333333333333335</a:double><a:double>1</a:double></Value></Attribute></Attributes><ChildElements/><ElementName>color</ElementName><required>false</required><RGBAAttribute z:Ref="i428"/></URDFElement><URDFElement z:Id="i429" i:type="Texture"><Attributes><Attribute z:Id="i430"><AttributeType>filename</AttributeType><IsRequired>true</IsRequired><Value i:nil="true"/></Attribute></Attributes><ChildElements/><ElementName>texture</ElementName><required>false</required><FilenameAttribute z:Ref="i430"/><wFilename/></URDFElement></ChildElements><ElementName>material</ElementName><required>false</required><Color z:Ref="i427"/><NameAttribute z:Ref="i426"/><Texture z:Ref="i429"/></URDFElement></ChildElements><ElementName>visual</ElementName><required>false</required><Geometry z:Ref="i422"/><Material z:Ref="i425"/><Origin z:Ref="i419"/></URDFElement><URDFElement z:Id="i431" i:type="Collision"><Attributes/><ChildElements><URDFElement z:Id="i432" i:type="Origin"><Attributes><Attribute z:Id="i433"><AttributeType>xyz</AttributeType><IsRequired>true</IsRequired><Value i:type="a:ArrayOfdouble" xmlns:a="http://schemas.microsoft.com/2003/10/Serialization/Arrays"><a:double>0</a:double><a:double>0</a:double><a:double>0</a:double></Value></Attribute><Attribute z:Id="i434"><AttributeType>rpy</AttributeType><IsRequired>true</IsRequired><Value i:type="a:ArrayOfdouble" xmlns:a="http://schemas.microsoft.com/2003/10/Serialization/Arrays"><a:double>0</a:double><a:double>0</a:double><a:double>0</a:double></Value></Attribute></Attributes><ChildElements/><ElementName>origin</ElementName><required>false</required><RPYAttribute z:Ref="i434"/><XYZAttribute z:Ref="i433"/><isCustomized>false</isCustomized></URDFElement><URDFElement z:Id="i435" i:type="Geometry"><Attributes/><ChildElements><URDFElement z:Id="i436" i:type="Mesh"><Attributes><Attribute z:Id="i437"><AttributeType>filename</AttributeType><IsRequired>true</IsRequired><Value i:nil="true"/></Attribute></Attributes><ChildElements/><ElementName>mesh</ElementName><required>false</required><FilenameAttribute z:Ref="i437"/></URDFElement></ChildElements><ElementName>geometry</ElementName><required>true</required><Mesh z:Ref="i436"/></URDFElement></ChildElements><ElementName>collision</ElementName><required>false</required><Geometry z:Ref="i435"/><Origin z:Ref="i432"/></URDFElement><URDFElement z:Id="i438" i:type="Joint"><Attributes><Attribute z:Id="i439"><AttributeType>name</AttributeType><IsRequired>true</IsRequired><Value i:type="a:string" xmlns:a="http://www.w3.org/2001/XMLSchema">imu_joint</Value></Attribute><Attribute z:Id="i440"><AttributeType>type</AttributeType><IsRequired>true</IsRequired><Value i:type="a:string" xmlns:a="http://www.w3.org/2001/XMLSchema">fixed</Value></Attribute></Attributes><ChildElements><URDFElement z:Id="i441" i:type="Origin"><Attributes><Attribute z:Id="i442"><AttributeType>xyz</AttributeType><IsRequired>true</IsRequired><Value i:type="a:ArrayOfdouble" xmlns:a="http://schemas.microsoft.com/2003/10/Serialization/Arrays"><a:double>-0.00494016789724259</a:double><a:double>-0.036990916273756426</a:double><a:double>0.11451999998799492</a:double></Value></Attribute><Attribute z:Id="i443"><AttributeType>rpy</AttributeType><IsRequired>true</IsRequired><Value i:type="a:ArrayOfdouble" xmlns:a="http://schemas.microsoft.com/2003/10/Serialization/Arrays"><a:double>0</a:double><a:double>0</a:double><a:double>0</a:double></Value></Attribute></Attributes><ChildElements/><ElementName>origin</ElementName><required>false</required><RPYAttribute z:Ref="i443"/><XYZAttribute z:Ref="i442"/><isCustomized>false</isCustomized></URDFElement><URDFElement z:Id="i444" i:type="ParentLink"><Attributes><Attribute z:Id="i445"><AttributeType>link</AttributeType><IsRequired>true</IsRequired><Value i:type="a:string" xmlns:a="http://www.w3.org/2001/XMLSchema">base_link</Value></Attribute></Attributes><ChildElements/><ElementName>parent</ElementName><required>true</required><NameAttribute z:Ref="i445"/></URDFElement><URDFElement z:Id="i446" i:type="ChildLink"><Attributes><Attribute z:Id="i447"><AttributeType>link</AttributeType><IsRequired>true</IsRequired><Value i:type="a:string" xmlns:a="http://www.w3.org/2001/XMLSchema">imu_link</Value></Attribute></Attributes><ChildElements/><ElementName>child</ElementName><required>true</required><NameAttribute z:Ref="i447"/></URDFElement><URDFElement z:Id="i448" i:type="Axis"><Attributes><Attribute z:Id="i449"><AttributeType>xyz</AttributeType><IsRequired>true</IsRequired><Value i:type="a:ArrayOfdouble" xmlns:a="http://schemas.microsoft.com/2003/10/Serialization/Arrays"><a:double>0</a:double><a:double>0</a:double><a:double>0</a:double></Value></Attribute></Attributes><ChildElements/><ElementName>axis</ElementName><required>false</required><XYZAttribute z:Ref="i449"/></URDFElement><URDFElement z:Id="i450" i:type="Limit"><Attributes><Attribute z:Id="i451"><AttributeType>lower</AttributeType><IsRequired>false</IsRequired><Value i:nil="true"/></Attribute><Attribute z:Id="i452"><AttributeType>upper</AttributeType><IsRequired>false</IsRequired><Value i:nil="true"/></Attribute><Attribute z:Id="i453"><AttributeType>effort</AttributeType><IsRequired>true</IsRequired><Value i:nil="true"/></Attribute><Attribute z:Id="i454"><AttributeType>velocity</AttributeType><IsRequired>true</IsRequired><Value i:nil="true"/></Attribute></Attributes><ChildElements/><ElementName>limit</ElementName><required>false</required><EffortAttribute z:Ref="i453"/><LowerAttribute z:Ref="i451"/><UpperAttribute z:Ref="i452"/><VelocityAttribute z:Ref="i454"/></URDFElement><URDFElement z:Id="i455" i:type="Calibration"><Attributes><Attribute z:Id="i456"><AttributeType>rising</AttributeType><IsRequired>false</IsRequired><Value i:nil="true"/></Attribute><Attribute z:Id="i457"><AttributeType>falling</AttributeType><IsRequired>false</IsRequired><Value i:nil="true"/></Attribute></Attributes><ChildElements/><ElementName>calibration</ElementName><required>false</required><FallingAttribute z:Ref="i457"/><RisingAttribute z:Ref="i456"/></URDFElement><URDFElement z:Id="i458" i:type="Dynamics"><Attributes><Attribute z:Id="i459"><AttributeType>damping</AttributeType><IsRequired>false</IsRequired><Value i:nil="true"/></Attribute><Attribute z:Id="i460"><AttributeType>friction</AttributeType><IsRequired>false</IsRequired><Value i:nil="true"/></Attribute></Attributes><ChildElements/><ElementName>dynamics</ElementName><required>false</required><DampingAttribute z:Ref="i459"/><FrictionAttribute z:Ref="i460"/></URDFElement><URDFElement z:Id="i461" i:type="SafetyController"><Attributes><Attribute z:Id="i462"><AttributeType>soft_upper_limit</AttributeType><IsRequired>false</IsRequired><Value i:nil="true"/></Attribute><Attribute z:Id="i463"><AttributeType>soft_lower_limit</AttributeType><IsRequired>false</IsRequired><Value i:nil="true"/></Attribute><Attribute z:Id="i464"><AttributeType>k_position</AttributeType><IsRequired>false</IsRequired><Value i:nil="true"/></Attribute><Attribute z:Id="i465"><AttributeType>k_velocity</AttributeType><IsRequired>true</IsRequired><Value i:nil="true"/></Attribute></Attributes><ChildElements/><ElementName>safety_controller</ElementName><required>false</required><KPositionAttribute z:Ref="i464"/><KVelocityAttribute z:Ref="i465"/><SoftLowerAttribute z:Ref="i463"/><SoftUpperAttribute z:Ref="i462"/></URDFElement><URDFElement z:Id="i466" i:type="Mimic"><Attributes><Attribute z:Id="i467"><AttributeType>joint</AttributeType><IsRequired>true</IsRequired><Value i:nil="true"/></Attribute><Attribute z:Id="i468"><AttributeType>multiplier</AttributeType><IsRequired>false</IsRequired><Value i:nil="true"/></Attribute><Attribute z:Id="i469"><AttributeType>offset</AttributeType><IsRequired>false</IsRequired><Value i:nil="true"/></Attribute></Attributes><ChildElements/><ElementName>mimic</ElementName><required>false</required><JointNameAttribute z:Ref="i467"/><MultiplierAttribute z:Ref="i468"/><OffsetAttribute z:Ref="i469"/></URDFElement></ChildElements><ElementName>joint</ElementName><required>false</required><Axis z:Ref="i448"/><AxisName>Axis_imu_joint</AxisName><Calibration z:Ref="i455"/><Child z:Ref="i446"/><CoordinateSystemName>imu_origin</CoordinateSystemName><Dynamics z:Ref="i458"/><Limit z:Ref="i450"/><Mimic z:Ref="i466"/><NameAttribute z:Ref="i439"/><Origin z:Ref="i441"/><Parent z:Ref="i444"/><Safety z:Ref="i461"/><TypeAttribute z:Ref="i440"/></URDFElement></ChildElements><ElementName>link</ElementName><required>true</required><Children/><Collision z:Ref="i431"/><Inertial z:Ref="i405"/><Joint z:Ref="i438"/><NameAttribute z:Ref="i404"/><Parent z:Ref="i1"/><STLQualityFine>false</STLQualityFine><SWComponentPIDs xmlns:a="http://schemas.microsoft.com/2003/10/Serialization/Arrays"><a:base64Binary>aEIAAAUAAAD//v8VTQBQAFUANgAwADUAMABfAG4AdQBkAGUALQAxAEAAYQBzAHMAZQBtADEABAAAABAAAAABAAAAAQAAAPwBAAA=</a:base64Binary></SWComponentPIDs><SWMainComponentPID i:nil="true"/><Visual z:Ref="i418"/><isFixedFrame>false</isFixedFrame><isIncomplete>false</isIncomplete></Link></Children><Collision z:Ref="i29"/><Inertial z:Ref="i3"/><Joint z:Ref="i36"/><NameAttribute z:Ref="i2"/><Parent i:nil="true"/><STLQualityFine>false</STLQualityFine><SWComponentPIDs xmlns:a="http://schemas.microsoft.com/2003/10/Serialization/Arrays"><a:base64Binary>aEIAAAUAAAD//v8ScgBiAG8AdABfAGIAYQBzAGUALQAxAEAAYQBzAHMAZQBtADEABAAAABAAAAABAAAAAQAAABgAAAA=</a:base64Binary><a:base64Binary>aEIAAAUAAAD//v8sYwB1AG0ATQBvAHQAbwByAC0AMgBAAGEAcwBzAGUAbQAxAC8ASgBHAEEAMgA1AC0AMwA3ADEALQBtAG8AdQBuAHQALQAxAEAAYwB1AG0ATQBvAHQAbwByAAQAAAAQAAAAAQAAAAIAAAAdAAAAHAAAAA==</a:base64Binary><a:base64Binary>aEIAAAUAAAD//v83YwB1AG0ATQBvAHQAbwByAC0AMgBAAGEAcwBzAGUAbQAxAC8ASgBHAEEAMgA1AC0AMwA3ADEAXwAxADIAVgBEAEMAXwAyADUAMABSAFAATQAuAHMAdABwAC0AMQBAAGMAdQBtAE0AbwB0AG8AcgAEAAAAEAAAAAEAAAACAAAAHQAAABkAAAA=</a:base64Binary><a:base64Binary>aEIAAAUAAAD//v8sYwB1AG0ATQBvAHQAbwByAC0AMQBAAGEAcwBzAGUAbQAxAC8ASgBHAEEAMgA1AC0AMwA3ADEALQBtAG8AdQBuAHQALQAxAEAAYwB1AG0ATQBvAHQAbwByAAQAAAAQAAAAAQAAAAIAAAAZAAAAHAAAAA==</a:base64Binary><a:base64Binary>aEIAAAUAAAD//v83YwB1AG0ATQBvAHQAbwByAC0AMQBAAGEAcwBzAGUAbQAxAC8ASgBHAEEAMgA1AC0AMwA3ADEAXwAxADIAVgBEAEMAXwAyADUAMABSAFAATQAuAHMAdABwAC0AMQBAAGMAdQBtAE0AbwB0AG8AcgAEAAAAEAAAAAEAAAACAAAAGQAAABkAAAA=</a:base64Binary><a:base64Binary>aEIAAAUAAAD//v8UcgBiAG8AdABfAGwAYQB5AGUAcgAxAC0AMgBAAGEAcwBzAGUAbQAxAAQAAAAQAAAAAQAAAAEAAABtAAAA</a:base64Binary><a:base64Binary>aEIAAAUAAAD//v8tQQBiAHMAdABhAG4AZABoAGEAbAB0AGUAcgAgAE0AMwAgAEkARwAtAEEARwAgADMAMABtAG0AKwA2AG0AbQAgAHAAYQByAHQALQA3AEAAYQBzAHMAZQBtADEABAAAABAAAAABAAAAAQAAAEEBAAA=</a:base64Binary><a:base64Binary>aEIAAAUAAAD//v8tQQBiAHMAdABhAG4AZABoAGEAbAB0AGUAcgAgAE0AMwAgAEkARwAtAEEARwAgADMAMABtAG0AKwA2AG0AbQAgAHAAYQByAHQALQA4AEAAYQBzAHMAZQBtADEABAAAABAAAAABAAAAAQAAAEQBAAA=</a:base64Binary><a:base64Binary>aEIAAAUAAAD//v8UcgBiAG8AdABfAGwAYQB5AGUAcgAzAC0AMQBAAGEAcwBzAGUAbQAxAAQAAAAQAAAAAQAAAAEAAABxAAAA</a:base64Binary><a:base64Binary>aEIAAAUAAAD//v8tQQBiAHMAdABhAG4AZABoAGEAbAB0AGUAcgAgAE0AMwAgAEkARwAtAEEARwAgADMAMABtAG0AKwA2AG0AbQAgAHAAYQByAHQALQAzAEAAYQBzAHMAZQBtADEABAAAABAAAAABAAAAAQAAADIBAAA=</a:base64Binary><a:base64Binary>aEIAAAUAAAD//v8UcgBiAG8AdABfAGwAYQB5AGUAcgAyAC0AMQBAAGEAcwBzAGUAbQAxAAQAAAAQAAAAAQAAAAEAAACCAAAA</a:base64Binary><a:base64Binary>aEIAAAUAAAD//v8tQQBiAHMAdABhAG4AZABoAGEAbAB0AGUAcgAgAE0AMwAgAEkARwAtAEEARwAgADMAMABtAG0AKwA2AG0AbQAgAHAAYQByAHQALQA0AEAAYQBzAHMAZQBtADEABAAAABAAAAABAAAAAQAAADUBAAA=</a:base64Binary><a:base64Binary>aEIAAAUAAAD//v8tQQBiAHMAdABhAG4AZABoAGEAbAB0AGUAcgAgAE0AMwAgAEkARwAtAEEARwAgADUAMABtAG0AKwA2AG0AbQAgAHAAYQByAHQALQAzAEAAYQBzAHMAZQBtADEABAAAABAAAAABAAAAAQAAACABAAA=</a:base64Binary><a:base64Binary>aEIAAAUAAAD//v8tQQBiAHMAdABhAG4AZABoAGEAbAB0AGUAcgAgAE0AMwAgAEkARwAtAEEARwAgADUAMABtAG0AKwA2AG0AbQAgAHAAYQByAHQALQAyAEAAYQBzAHMAZQBtADEABAAAABAAAAABAAAAAQAAAB0BAAA=</a:base64Binary><a:base64Binary>aEIAAAUAAAD//v8tQQBiAHMAdABhAG4AZABoAGEAbAB0AGUAcgAgAE0AMwAgAEkARwAtAEEARwAgADUAMABtAG0AKwA2AG0AbQAgAHAAYQByAHQALQAxAEAAYQBzAHMAZQBtADEABAAAABAAAAABAAAAAQAAABoBAAA=</a:base64Binary><a:base64Binary>aEIAAAUAAAD//v8tQQBiAHMAdABhAG4AZABoAGEAbAB0AGUAcgAgAE0AMwAgAEkARwAtAEEARwAgADMAMABtAG0AKwA2AG0AbQAgAHAAYQByAHQALQAyAEAAYQBzAHMAZQBtADEABAAAABAAAAABAAAAAQAAAC8BAAA=</a:base64Binary><a:base64Binary>aEIAAAUAAAD//v8tQQBiAHMAdABhAG4AZABoAGEAbAB0AGUAcgAgAE0AMwAgAEkARwAtAEEARwAgADMAMABtAG0AKwA2AG0AbQAgAHAAYQByAHQALQA2AEAAYQBzAHMAZQBtADEABAAAABAAAAABAAAAAQAAAD4BAAA=</a:base64Binary><a:base64Binary>aEIAAAUAAAD//v8tQQBiAHMAdABhAG4AZABoAGEAbAB0AGUAcgAgAE0AMwAgAEkARwAtAEEARwAgADUAMABtAG0AKwA2AG0AbQAgAHAAYQByAHQALQA0AEAAYQBzAHMAZQBtADEABAAAABAAAAABAAAAAQAAACMBAAA=</a:base64Binary><a:base64Binary>aEIAAAUAAAD//v8tQQBiAHMAdABhAG4AZABoAGEAbAB0AGUAcgAgAE0AMwAgAEkARwAtAEEARwAgADMAMABtAG0AKwA2AG0AbQAgAHAAYQByAHQALQAxAEAAYQBzAHMAZQBtADEABAAAABAAAAABAAAAAQAAACkBAAA=</a:base64Binary><a:base64Binary>aEIAAAUAAAD//v8tQQBiAHMAdABhAG4AZABoAGEAbAB0AGUAcgAgAE0AMwAgAEkARwAtAEEARwAgADMAMABtAG0AKwA2AG0AbQAgAHAAYQByAHQALQA1AEAAYQBzAHMAZQBtADEABAAAABAAAAABAAAAAQAAADsBAAA=</a:base64Binary><a:base64Binary>aEIAAAUAAAD//v8UcgBiAG8AdABfAHcAYQBzAGgAZQByAC0ANQBAAGEAcwBzAGUAbQAxAAQAAAAQAAAAAQAAAAEAAADqAAAA</a:base64Binary><a:base64Binary>aEIAAAUAAAD//v8TTAAyADkAOABOAF8AcABhAHIAdAAtADEAQABhAHMAcwBlAG0AMQAEAAAAEAAAAAEAAAABAAAA6QAAAA==</a:base64Binary><a:base64Binary>aEIAAAUAAAD//v8UcgBiAG8AdABfAHcAYQBzAGgAZQByAC0ANgBAAGEAcwBzAGUAbQAxAAQAAAAQAAAAAQAAAAEAAADtAAAA</a:base64Binary><a:base64Binary>aEIAAAUAAAD//v8UcgBiAG8AdABfAHcAYQBzAGgAZQByAC0ANwBAAGEAcwBzAGUAbQAxAAQAAAAQAAAAAQAAAAEAAADwAAAA</a:base64Binary><a:base64Binary>aEIAAAUAAAD//v8VcgBiAG8AdABfAHcAYQBzAGgAZQByAC0AMQA0AEAAYQBzAHMAZQBtADEABAAAABAAAAABAAAAAQAAAFQBAAA=</a:base64Binary><a:base64Binary>aEIAAAUAAAD//v8VcgBiAG8AdABfAHcAYQBzAGgAZQByAC0AMQAxAEAAYQBzAHMAZQBtADEABAAAABAAAAABAAAAAQAAAEsBAAA=</a:base64Binary><a:base64Binary>aEIAAAUAAAD//v8hTABUAEMAIAAzADcAOAAwACAATQB1AGQAdQBsAGUAIAB2ADEAMQAgAHAAYQByAHQALQAxAEAAYQBzAHMAZQBtADEABAAAABAAAAABAAAAAQAAAEoBAAA=</a:base64Binary><a:base64Binary>aEIAAAUAAAD//v8VcgBiAG8AdABfAHcAYQBzAGgAZQByAC0AMQAwAEAAYQBzAHMAZQBtADEABAAAABAAAAABAAAAAQAAAPcAAAA=</a:base64Binary><a:base64Binary>aEIAAAUAAAD//v8VcgBiAG8AdABfAHcAYQBzAGgAZQByAC0AMQAzAEAAYQBzAHMAZQBtADEABAAAABAAAAABAAAAAQAAAFEBAAA=</a:base64Binary><a:base64Binary>aEIAAAUAAAD//v8VcgBiAG8AdABfAHcAYQBzAGgAZQByAC0AMQAyAEAAYQBzAHMAZQBtADEABAAAABAAAAABAAAAAQAAAE4BAAA=</a:base64Binary><a:base64Binary>aEIAAAUAAAD//v8tYQBiAHMAdABhAG4AZABoAGEAbAB0AGUAcgAgAG0AMwAgAGkAZwAtAGEAZwAgADIAMABtAG0AKwA2AG0AbQAgAHAAYQByAHQALQAxAEAAYQBzAHMAZQBtADEABAAAABAAAAABAAAAAQAAAPYBAAA=</a:base64Binary><a:base64Binary>aEIAAAUAAAD//v8tYQBiAHMAdABhAG4AZABoAGEAbAB0AGUAcgAgAG0AMwAgAGkAZwAtAGEAZwAgADIAMABtAG0AKwA2AG0AbQAgAHAAYQByAHQALQAyAEAAYQBzAHMAZQBtADEABAAAABAAAAABAAAAAQAAAPkBAAA=</a:base64Binary></SWComponentPIDs><SWMainComponentPID i:nil="true"/><Visual z:Ref="i16"/><isFixedFrame>false</isFixedFrame><isIncomplete>false</isIncomplete></Link>
2025-04-28 21:29:25,271 INFO  AssemblyExportForm.cs: 309 - Saving URDF package to C:\Users\thien\OneDrive\3. STUDY\UNIVERSITY\4th YEAR - sem 1\PROJ ON ROBOOTIC\model3D\OldModel\URDF\assem1_v4
2025-04-28 21:29:25,274 INFO  ExportHelper.cs: 147 - Beginning the export process
2025-04-28 21:29:25,277 INFO  ExportHelper.cs: 153 - Creating package directories with name assem1_v4 and save path C:\Users\thien\OneDrive\3. STUDY\UNIVERSITY\4th YEAR - sem 1\PROJ ON ROBOOTIC\model3D\OldModel\URDF
2025-04-28 21:29:26,372 INFO  ExportHelper.cs: 162 - Creating CMakeLists.txt at C:\Users\thien\OneDrive\3. STUDY\UNIVERSITY\4th YEAR - sem 1\PROJ ON ROBOOTIC\model3D\OldModel\URDF\assem1_v4\CMakeLists.txt
2025-04-28 21:29:26,374 INFO  ExportHelper.cs: 166 - Creating joint names config at C:\Users\thien\OneDrive\3. STUDY\UNIVERSITY\4th YEAR - sem 1\PROJ ON ROBOOTIC\model3D\OldModel\URDF\assem1_v4\config\joint_names_assem1_v4.yaml
2025-04-28 21:29:26,376 INFO  ExportHelper.cs: 170 - Creating package.xml at C:\Users\thien\OneDrive\3. STUDY\UNIVERSITY\4th YEAR - sem 1\PROJ ON ROBOOTIC\model3D\OldModel\URDF\assem1_v4\package.xml
2025-04-28 21:29:26,378 INFO  PackageXMLWriter.cs: 21 - Creating package.xml at C:\Users\thien\OneDrive\3. STUDY\UNIVERSITY\4th YEAR - sem 1\PROJ ON ROBOOTIC\model3D\OldModel\URDF\assem1_v4\package.xml
2025-04-28 21:29:26,383 INFO  ExportHelper.cs: 177 - Creating RVIZ launch file in C:\Users\thien\OneDrive\3. STUDY\UNIVERSITY\4th YEAR - sem 1\PROJ ON ROBOOTIC\model3D\OldModel\URDF\assem1_v4\launch\
2025-04-28 21:29:26,386 INFO  ExportHelper.cs: 182 - Creating Gazebo launch file in C:\Users\thien\OneDrive\3. STUDY\UNIVERSITY\4th YEAR - sem 1\PROJ ON ROBOOTIC\model3D\OldModel\URDF\assem1_v4\launch\
2025-04-28 21:29:26,388 INFO  ExportHelper.cs: 187 - Saving existing STL preferences
2025-04-28 21:29:26,389 INFO  ExportHelper.cs: 450 - Saving users preferences
2025-04-28 21:29:26,390 INFO  ExportHelper.cs: 190 - Modifying STL preferences
2025-04-28 21:29:26,391 INFO  ExportHelper.cs: 464 - Setting STL preferences
2025-04-28 21:29:26,400 INFO  ExportHelper.cs: 196 - Found 0 hidden components 
2025-04-28 21:29:26,400 INFO  ExportHelper.cs: 197 - Hiding all components
2025-04-28 21:29:27,025 INFO  ExportHelper.cs: 204 - Beginning individual files export
2025-04-28 21:29:27,029 INFO  ExportHelper.cs: 270 - Exporting link: base_link
2025-04-28 21:29:27,030 INFO  ExportHelper.cs: 272 - Link base_link has 6 children
2025-04-28 21:29:27,031 INFO  ExportHelper.cs: 270 - Exporting link: R_wheel_link
2025-04-28 21:29:27,031 INFO  ExportHelper.cs: 272 - Link R_wheel_link has 0 children
2025-04-28 21:29:27,033 INFO  ExportHelper.cs: 317 - R_wheel_link: Exporting STL with coordinate frame R_origin
2025-04-28 21:29:27,033 INFO  ExportHelper.cs: 322 - R_wheel_link: Reference geometry name 
2025-04-28 21:29:27,971 INFO  ExportHelper.cs: 330 - Saving STL to C:\Users\thien\OneDrive\3. STUDY\UNIVERSITY\4th YEAR - sem 1\PROJ ON ROBOOTIC\model3D\OldModel\URDF\assem1_v4\meshes\R_wheel_link.STL
2025-04-28 21:29:29,406 INFO  ExportHelper.cs: 405 - Removing SW header in STL file
2025-04-28 21:29:29,408 INFO  ExportHelper.cs: 270 - Exporting link: L_wheel_link
2025-04-28 21:29:29,409 INFO  ExportHelper.cs: 272 - Link L_wheel_link has 0 children
2025-04-28 21:29:29,410 INFO  ExportHelper.cs: 317 - L_wheel_link: Exporting STL with coordinate frame L_origin
2025-04-28 21:29:29,410 INFO  ExportHelper.cs: 322 - L_wheel_link: Reference geometry name 
2025-04-28 21:29:29,689 INFO  ExportHelper.cs: 330 - Saving STL to C:\Users\thien\OneDrive\3. STUDY\UNIVERSITY\4th YEAR - sem 1\PROJ ON ROBOOTIC\model3D\OldModel\URDF\assem1_v4\meshes\L_wheel_link.STL
2025-04-28 21:29:30,880 INFO  ExportHelper.cs: 405 - Removing SW header in STL file
2025-04-28 21:29:30,882 INFO  ExportHelper.cs: 270 - Exporting link: Ball_front_link
2025-04-28 21:29:30,883 INFO  ExportHelper.cs: 272 - Link Ball_front_link has 0 children
2025-04-28 21:29:30,883 INFO  ExportHelper.cs: 317 - Ball_front_link: Exporting STL with coordinate frame Front_origin
2025-04-28 21:29:30,884 INFO  ExportHelper.cs: 322 - Ball_front_link: Reference geometry name 
2025-04-28 21:29:31,177 INFO  ExportHelper.cs: 330 - Saving STL to C:\Users\thien\OneDrive\3. STUDY\UNIVERSITY\4th YEAR - sem 1\PROJ ON ROBOOTIC\model3D\OldModel\URDF\assem1_v4\meshes\Ball_front_link.STL
2025-04-28 21:29:31,664 INFO  ExportHelper.cs: 405 - Removing SW header in STL file
2025-04-28 21:29:31,666 INFO  ExportHelper.cs: 270 - Exporting link: Ball_back_link
2025-04-28 21:29:31,666 INFO  ExportHelper.cs: 272 - Link Ball_back_link has 0 children
2025-04-28 21:29:31,667 INFO  ExportHelper.cs: 317 - Ball_back_link: Exporting STL with coordinate frame Back_origin
2025-04-28 21:29:31,667 INFO  ExportHelper.cs: 322 - Ball_back_link: Reference geometry name 
2025-04-28 21:29:32,104 INFO  ExportHelper.cs: 330 - Saving STL to C:\Users\thien\OneDrive\3. STUDY\UNIVERSITY\4th YEAR - sem 1\PROJ ON ROBOOTIC\model3D\OldModel\URDF\assem1_v4\meshes\Ball_back_link.STL
2025-04-28 21:29:32,631 INFO  ExportHelper.cs: 405 - Removing SW header in STL file
2025-04-28 21:29:32,634 INFO  ExportHelper.cs: 270 - Exporting link: Lidar_link
2025-04-28 21:29:32,638 INFO  ExportHelper.cs: 272 - Link Lidar_link has 0 children
2025-04-28 21:29:32,639 INFO  ExportHelper.cs: 317 - Lidar_link: Exporting STL with coordinate frame lidar_origin
2025-04-28 21:29:32,639 INFO  ExportHelper.cs: 322 - Lidar_link: Reference geometry name 
2025-04-28 21:29:33,121 INFO  ExportHelper.cs: 330 - Saving STL to C:\Users\thien\OneDrive\3. STUDY\UNIVERSITY\4th YEAR - sem 1\PROJ ON ROBOOTIC\model3D\OldModel\URDF\assem1_v4\meshes\Lidar_link.STL
2025-04-28 21:29:33,708 INFO  ExportHelper.cs: 405 - Removing SW header in STL file
2025-04-28 21:29:33,710 INFO  ExportHelper.cs: 270 - Exporting link: imu_link
2025-04-28 21:29:33,710 INFO  ExportHelper.cs: 272 - Link imu_link has 0 children
2025-04-28 21:29:33,711 INFO  ExportHelper.cs: 317 - imu_link: Exporting STL with coordinate frame imu_origin
2025-04-28 21:29:33,711 INFO  ExportHelper.cs: 322 - imu_link: Reference geometry name 
2025-04-28 21:29:33,990 INFO  ExportHelper.cs: 330 - Saving STL to C:\Users\thien\OneDrive\3. STUDY\UNIVERSITY\4th YEAR - sem 1\PROJ ON ROBOOTIC\model3D\OldModel\URDF\assem1_v4\meshes\imu_link.STL
2025-04-28 21:29:34,404 INFO  ExportHelper.cs: 405 - Removing SW header in STL file
2025-04-28 21:29:34,405 INFO  ExportHelper.cs: 317 - base_link: Exporting STL with coordinate frame Base_origin
2025-04-28 21:29:34,405 INFO  ExportHelper.cs: 322 - base_link: Reference geometry name 
2025-04-28 21:29:35,225 INFO  ExportHelper.cs: 330 - Saving STL to C:\Users\thien\OneDrive\3. STUDY\UNIVERSITY\4th YEAR - sem 1\PROJ ON ROBOOTIC\model3D\OldModel\URDF\assem1_v4\meshes\base_link.STL
2025-04-28 21:29:37,255 INFO  ExportHelper.cs: 405 - Removing SW header in STL file
2025-04-28 21:29:37,256 INFO  ExportHelper.cs: 145 - Showing all components except previously hidden components
2025-04-28 21:29:38,711 INFO  ExportHelper.cs: 145 - Resetting STL preferences
2025-04-28 21:29:38,712 INFO  ExportHelper.cs: 478 - Returning STL preferences to user preferences
2025-04-28 21:29:38,713 INFO  ExportHelper.cs: 228 - Writing URDF file to C:\Users\thien\OneDrive\3. STUDY\UNIVERSITY\4th YEAR - sem 1\PROJ ON ROBOOTIC\model3D\OldModel\URDF\assem1_v4\urdf\assem1_v4.urdf
2025-04-28 21:29:38,821 INFO  CSVImportExport.cs: 32 - Writing CSV file C:\Users\thien\OneDrive\3. STUDY\UNIVERSITY\4th YEAR - sem 1\PROJ ON ROBOOTIC\model3D\OldModel\URDF\assem1_v4\urdf\assem1_v4.csv
2025-04-28 21:29:38,848 ERROR CSVImportExport.cs: 130 - The following columns were not written to the CSV: Link.Joint.ChildLink.link,
2025-04-28 21:29:38,849 ERROR CSVImportExport.cs: 130 - The following columns were not written to the CSV: Link.Joint.ChildLink.link,
2025-04-28 21:29:38,850 ERROR CSVImportExport.cs: 130 - The following columns were not written to the CSV: Link.Joint.ChildLink.link,
2025-04-28 21:29:38,850 ERROR CSVImportExport.cs: 130 - The following columns were not written to the CSV: Link.Joint.ChildLink.link,
2025-04-28 21:29:38,851 ERROR CSVImportExport.cs: 130 - The following columns were not written to the CSV: Link.Joint.ChildLink.link,
2025-04-28 21:29:38,851 ERROR CSVImportExport.cs: 130 - The following columns were not written to the CSV: Link.Joint.ChildLink.link,
2025-04-28 21:29:38,851 ERROR CSVImportExport.cs: 130 - The following columns were not written to the CSV: Link.Joint.ChildLink.link,
2025-04-28 21:29:38,852 INFO  ExportHelper.cs: 234 - Copying log file
2025-04-28 21:29:38,856 INFO  ExportHelper.cs: 439 - Copying C:\Users\thien\sw2urdf_logs\sw2urdf.log to C:\Users\thien\OneDrive\3. STUDY\UNIVERSITY\4th YEAR - sem 1\PROJ ON ROBOOTIC\model3D\OldModel\URDF\assem1_v4\export.log
