2025-04-28 06:53:35,229 INFO  Logger.cs: 70 - 
--------------------------------------------------------------------------------
2025-04-28 06:53:35,280 INFO  Logger.cs: 71 - Logging commencing for SW2URDF exporter
2025-04-28 06:53:35,281 INFO  Logger.cs: 73 - Commit version 1.6.0-4-g7f85cfe
2025-04-28 06:53:35,282 INFO  Logger.cs: 74 - Build version 1.6.7995.38578
2025-04-28 06:53:35,284 INFO  SwAddin.cs: 192 - Attempting to connect to SW
2025-04-28 06:53:35,285 INFO  SwAddin.cs: 197 - Setting up callbacks
2025-04-28 06:53:35,285 INFO  SwAddin.cs: 201 - Setting up command manager
2025-04-28 06:53:35,286 INFO  SwAddin.cs: 204 - Adding command manager
2025-04-28 06:53:35,288 INFO  SwAddin.cs: 263 - Adding Assembly export to file menu
2025-04-28 06:53:35,289 INFO  SwAddin.cs: 272 - Adding Part export to file menu
2025-04-28 06:53:35,290 INFO  SwAddin.cs: 210 - Adding event handlers
2025-04-28 06:53:35,294 INFO  SwAddin.cs: 217 - Connecting plugin to SolidWorks
2025-04-28 06:54:17,502 INFO  SwAddin.cs: 294 - Assembly export called for file assem1
2025-04-28 06:54:18,663 INFO  SwAddin.cs: 313 - Saving assembly
2025-04-28 06:54:20,979 INFO  SwAddin.cs: 316 - Opening property manager
2025-04-28 06:54:20,997 INFO  ExportHelperExtension.cs: 1125 - Retrieving features of type [CoordSys] from assem1
2025-04-28 06:54:21,011 INFO  ExportHelperExtension.cs: 1136 - Found 202 in assem1
2025-04-28 06:54:21,016 INFO  ExportHelperExtension.cs: 1145 - Found 7 features of type [CoordSys] in assem1
2025-04-28 06:54:21,017 INFO  ExportHelperExtension.cs: 1148 - Proceeding through assembly components
2025-04-28 06:54:21,020 INFO  ExportHelperExtension.cs: 1160 - 49 components to check
2025-04-28 06:54:21,023 INFO  ExportHelperExtension.cs: 1125 - Retrieving features of type [CoordSys] from abstandhalter m2,5 ig-ag 20mm+6mm part-3
2025-04-28 06:54:21,024 INFO  ExportHelperExtension.cs: 1136 - Found 36 in abstandhalter m2,5 ig-ag 20mm+6mm part-3
2025-04-28 06:54:21,026 INFO  ExportHelperExtension.cs: 1145 - Found 0 features of type [CoordSys] in abstandhalter m2,5 ig-ag 20mm+6mm part-3
2025-04-28 06:54:21,027 INFO  ExportHelperExtension.cs: 1125 - Retrieving features of type [CoordSys] from abstandhalter m3 ig-ag 20mm+6mm part-2
2025-04-28 06:54:21,028 INFO  ExportHelperExtension.cs: 1136 - Found 36 in abstandhalter m3 ig-ag 20mm+6mm part-2
2025-04-28 06:54:21,030 INFO  ExportHelperExtension.cs: 1145 - Found 0 features of type [CoordSys] in abstandhalter m3 ig-ag 20mm+6mm part-2
2025-04-28 06:54:21,031 INFO  ExportHelperExtension.cs: 1125 - Retrieving features of type [CoordSys] from abstandhalter m3 ig-ag 20mm+6mm part-1
2025-04-28 06:54:21,032 INFO  ExportHelperExtension.cs: 1136 - Found 36 in abstandhalter m3 ig-ag 20mm+6mm part-1
2025-04-28 06:54:21,033 INFO  ExportHelperExtension.cs: 1145 - Found 0 features of type [CoordSys] in abstandhalter m3 ig-ag 20mm+6mm part-1
2025-04-28 06:54:21,034 INFO  ExportHelperExtension.cs: 1125 - Retrieving features of type [CoordSys] from Abstandhalter M3 IG-AG 30mm+6mm part-7
2025-04-28 06:54:21,035 INFO  ExportHelperExtension.cs: 1136 - Found 36 in Abstandhalter M3 IG-AG 30mm+6mm part-7
2025-04-28 06:54:21,036 INFO  ExportHelperExtension.cs: 1145 - Found 0 features of type [CoordSys] in Abstandhalter M3 IG-AG 30mm+6mm part-7
2025-04-28 06:54:21,037 INFO  ExportHelperExtension.cs: 1125 - Retrieving features of type [CoordSys] from Abstandhalter M3 IG-AG 30mm+6mm part-5
2025-04-28 06:54:21,038 INFO  ExportHelperExtension.cs: 1136 - Found 36 in Abstandhalter M3 IG-AG 30mm+6mm part-5
2025-04-28 06:54:21,038 INFO  ExportHelperExtension.cs: 1145 - Found 0 features of type [CoordSys] in Abstandhalter M3 IG-AG 30mm+6mm part-5
2025-04-28 06:54:21,038 INFO  ExportHelperExtension.cs: 1125 - Retrieving features of type [CoordSys] from abstandhalter m2,5 ig-ag 20mm+6mm part-1
2025-04-28 06:54:21,040 INFO  ExportHelperExtension.cs: 1136 - Found 36 in abstandhalter m2,5 ig-ag 20mm+6mm part-1
2025-04-28 06:54:21,041 INFO  ExportHelperExtension.cs: 1145 - Found 0 features of type [CoordSys] in abstandhalter m2,5 ig-ag 20mm+6mm part-1
2025-04-28 06:54:21,042 INFO  ExportHelperExtension.cs: 1125 - Retrieving features of type [CoordSys] from Abstandhalter M3 IG-AG 30mm+6mm part-6
2025-04-28 06:54:21,043 INFO  ExportHelperExtension.cs: 1136 - Found 36 in Abstandhalter M3 IG-AG 30mm+6mm part-6
2025-04-28 06:54:21,044 INFO  ExportHelperExtension.cs: 1145 - Found 0 features of type [CoordSys] in Abstandhalter M3 IG-AG 30mm+6mm part-6
2025-04-28 06:54:21,045 INFO  ExportHelperExtension.cs: 1125 - Retrieving features of type [CoordSys] from abstandhalter m2,5 ig-ag 20mm+6mm part-2
2025-04-28 06:54:21,046 INFO  ExportHelperExtension.cs: 1136 - Found 36 in abstandhalter m2,5 ig-ag 20mm+6mm part-2
2025-04-28 06:54:21,046 INFO  ExportHelperExtension.cs: 1145 - Found 0 features of type [CoordSys] in abstandhalter m2,5 ig-ag 20mm+6mm part-2
2025-04-28 06:54:21,046 INFO  ExportHelperExtension.cs: 1125 - Retrieving features of type [CoordSys] from Abstandhalter M3 IG-AG 30mm+6mm part-8
2025-04-28 06:54:21,048 INFO  ExportHelperExtension.cs: 1136 - Found 36 in Abstandhalter M3 IG-AG 30mm+6mm part-8
2025-04-28 06:54:21,048 INFO  ExportHelperExtension.cs: 1145 - Found 0 features of type [CoordSys] in Abstandhalter M3 IG-AG 30mm+6mm part-8
2025-04-28 06:54:21,048 INFO  ExportHelperExtension.cs: 1125 - Retrieving features of type [CoordSys] from abstandhalter m2,5 ig-ag 20mm+6mm part-4
2025-04-28 06:54:21,051 INFO  ExportHelperExtension.cs: 1136 - Found 36 in abstandhalter m2,5 ig-ag 20mm+6mm part-4
2025-04-28 06:54:21,051 INFO  ExportHelperExtension.cs: 1145 - Found 0 features of type [CoordSys] in abstandhalter m2,5 ig-ag 20mm+6mm part-4
2025-04-28 06:54:21,051 INFO  ExportHelperExtension.cs: 1125 - Retrieving features of type [CoordSys] from Abstandhalter M3 IG-AG 50mm+6mm part-2
2025-04-28 06:54:21,051 INFO  ExportHelperExtension.cs: 1136 - Found 36 in Abstandhalter M3 IG-AG 50mm+6mm part-2
2025-04-28 06:54:21,053 INFO  ExportHelperExtension.cs: 1145 - Found 0 features of type [CoordSys] in Abstandhalter M3 IG-AG 50mm+6mm part-2
2025-04-28 06:54:21,053 INFO  ExportHelperExtension.cs: 1125 - Retrieving features of type [CoordSys] from Abstandhalter M3 IG-AG 30mm+6mm part-1
2025-04-28 06:54:21,053 INFO  ExportHelperExtension.cs: 1136 - Found 36 in Abstandhalter M3 IG-AG 30mm+6mm part-1
2025-04-28 06:54:21,056 INFO  ExportHelperExtension.cs: 1145 - Found 0 features of type [CoordSys] in Abstandhalter M3 IG-AG 30mm+6mm part-1
2025-04-28 06:54:21,056 INFO  ExportHelperExtension.cs: 1125 - Retrieving features of type [CoordSys] from Abstandhalter M3 IG-AG 30mm+6mm part-3
2025-04-28 06:54:21,056 INFO  ExportHelperExtension.cs: 1136 - Found 36 in Abstandhalter M3 IG-AG 30mm+6mm part-3
2025-04-28 06:54:21,056 INFO  ExportHelperExtension.cs: 1145 - Found 0 features of type [CoordSys] in Abstandhalter M3 IG-AG 30mm+6mm part-3
2025-04-28 06:54:21,058 INFO  ExportHelperExtension.cs: 1125 - Retrieving features of type [CoordSys] from Abstandhalter M3 IG-AG 30mm+6mm part-4
2025-04-28 06:54:21,058 INFO  ExportHelperExtension.cs: 1136 - Found 36 in Abstandhalter M3 IG-AG 30mm+6mm part-4
2025-04-28 06:54:21,058 INFO  ExportHelperExtension.cs: 1145 - Found 0 features of type [CoordSys] in Abstandhalter M3 IG-AG 30mm+6mm part-4
2025-04-28 06:54:21,061 INFO  ExportHelperExtension.cs: 1125 - Retrieving features of type [CoordSys] from Abstandhalter M3 IG-AG 50mm+6mm part-3
2025-04-28 06:54:21,061 INFO  ExportHelperExtension.cs: 1136 - Found 36 in Abstandhalter M3 IG-AG 50mm+6mm part-3
2025-04-28 06:54:21,061 INFO  ExportHelperExtension.cs: 1145 - Found 0 features of type [CoordSys] in Abstandhalter M3 IG-AG 50mm+6mm part-3
2025-04-28 06:54:21,061 INFO  ExportHelperExtension.cs: 1125 - Retrieving features of type [CoordSys] from Abstandhalter M3 IG-AG 50mm+6mm part-4
2025-04-28 06:54:21,063 INFO  ExportHelperExtension.cs: 1136 - Found 36 in Abstandhalter M3 IG-AG 50mm+6mm part-4
2025-04-28 06:54:21,063 INFO  ExportHelperExtension.cs: 1145 - Found 0 features of type [CoordSys] in Abstandhalter M3 IG-AG 50mm+6mm part-4
2025-04-28 06:54:21,063 INFO  ExportHelperExtension.cs: 1125 - Retrieving features of type [CoordSys] from Abstandhalter M3 IG-AG 30mm+6mm part-2
2025-04-28 06:54:21,063 INFO  ExportHelperExtension.cs: 1136 - Found 36 in Abstandhalter M3 IG-AG 30mm+6mm part-2
2025-04-28 06:54:21,066 INFO  ExportHelperExtension.cs: 1145 - Found 0 features of type [CoordSys] in Abstandhalter M3 IG-AG 30mm+6mm part-2
2025-04-28 06:54:21,068 INFO  ExportHelperExtension.cs: 1125 - Retrieving features of type [CoordSys] from rbot_layer2-1
2025-04-28 06:54:21,071 INFO  ExportHelperExtension.cs: 1136 - Found 28 in rbot_layer2-1
2025-04-28 06:54:21,071 INFO  ExportHelperExtension.cs: 1145 - Found 0 features of type [CoordSys] in rbot_layer2-1
2025-04-28 06:54:21,071 INFO  ExportHelperExtension.cs: 1125 - Retrieving features of type [CoordSys] from Raspberry Pi 4 Model B.STEP-1
2025-04-28 06:54:21,071 INFO  ExportHelperExtension.cs: 1136 - Found 41 in Raspberry Pi 4 Model B.STEP-1
2025-04-28 06:54:21,073 INFO  ExportHelperExtension.cs: 1145 - Found 0 features of type [CoordSys] in Raspberry Pi 4 Model B.STEP-1
2025-04-28 06:54:21,073 INFO  ExportHelperExtension.cs: 1125 - Retrieving features of type [CoordSys] from Abstandhalter M3 IG-AG 50mm+6mm part-1
2025-04-28 06:54:21,075 INFO  ExportHelperExtension.cs: 1136 - Found 36 in Abstandhalter M3 IG-AG 50mm+6mm part-1
2025-04-28 06:54:21,075 INFO  ExportHelperExtension.cs: 1145 - Found 0 features of type [CoordSys] in Abstandhalter M3 IG-AG 50mm+6mm part-1
2025-04-28 06:54:21,075 INFO  ExportHelperExtension.cs: 1125 - Retrieving features of type [RefAxis] from assem1
2025-04-28 06:54:21,077 INFO  ExportHelperExtension.cs: 1136 - Found 202 in assem1
2025-04-28 06:54:21,077 INFO  ExportHelperExtension.cs: 1145 - Found 2 features of type [RefAxis] in assem1
2025-04-28 06:54:21,077 INFO  ExportHelperExtension.cs: 1148 - Proceeding through assembly components
2025-04-28 06:54:21,077 INFO  ExportHelperExtension.cs: 1160 - 49 components to check
2025-04-28 06:54:21,080 INFO  ExportHelperExtension.cs: 1125 - Retrieving features of type [RefAxis] from abstandhalter m2,5 ig-ag 20mm+6mm part-3
2025-04-28 06:54:21,081 INFO  ExportHelperExtension.cs: 1136 - Found 36 in abstandhalter m2,5 ig-ag 20mm+6mm part-3
2025-04-28 06:54:21,081 INFO  ExportHelperExtension.cs: 1145 - Found 0 features of type [RefAxis] in abstandhalter m2,5 ig-ag 20mm+6mm part-3
2025-04-28 06:54:21,081 INFO  ExportHelperExtension.cs: 1125 - Retrieving features of type [RefAxis] from abstandhalter m3 ig-ag 20mm+6mm part-2
2025-04-28 06:54:21,081 INFO  ExportHelperExtension.cs: 1136 - Found 36 in abstandhalter m3 ig-ag 20mm+6mm part-2
2025-04-28 06:54:21,081 INFO  ExportHelperExtension.cs: 1145 - Found 0 features of type [RefAxis] in abstandhalter m3 ig-ag 20mm+6mm part-2
2025-04-28 06:54:21,083 INFO  ExportHelperExtension.cs: 1125 - Retrieving features of type [RefAxis] from abstandhalter m3 ig-ag 20mm+6mm part-1
2025-04-28 06:54:21,083 INFO  ExportHelperExtension.cs: 1136 - Found 36 in abstandhalter m3 ig-ag 20mm+6mm part-1
2025-04-28 06:54:21,083 INFO  ExportHelperExtension.cs: 1145 - Found 0 features of type [RefAxis] in abstandhalter m3 ig-ag 20mm+6mm part-1
2025-04-28 06:54:21,083 INFO  ExportHelperExtension.cs: 1125 - Retrieving features of type [RefAxis] from Abstandhalter M3 IG-AG 30mm+6mm part-7
2025-04-28 06:54:21,083 INFO  ExportHelperExtension.cs: 1136 - Found 36 in Abstandhalter M3 IG-AG 30mm+6mm part-7
2025-04-28 06:54:21,083 INFO  ExportHelperExtension.cs: 1145 - Found 0 features of type [RefAxis] in Abstandhalter M3 IG-AG 30mm+6mm part-7
2025-04-28 06:54:21,086 INFO  ExportHelperExtension.cs: 1125 - Retrieving features of type [RefAxis] from Abstandhalter M3 IG-AG 30mm+6mm part-5
2025-04-28 06:54:21,086 INFO  ExportHelperExtension.cs: 1136 - Found 36 in Abstandhalter M3 IG-AG 30mm+6mm part-5
2025-04-28 06:54:21,086 INFO  ExportHelperExtension.cs: 1145 - Found 0 features of type [RefAxis] in Abstandhalter M3 IG-AG 30mm+6mm part-5
2025-04-28 06:54:21,086 INFO  ExportHelperExtension.cs: 1125 - Retrieving features of type [RefAxis] from abstandhalter m2,5 ig-ag 20mm+6mm part-1
2025-04-28 06:54:21,086 INFO  ExportHelperExtension.cs: 1136 - Found 36 in abstandhalter m2,5 ig-ag 20mm+6mm part-1
2025-04-28 06:54:21,086 INFO  ExportHelperExtension.cs: 1145 - Found 0 features of type [RefAxis] in abstandhalter m2,5 ig-ag 20mm+6mm part-1
2025-04-28 06:54:21,086 INFO  ExportHelperExtension.cs: 1125 - Retrieving features of type [RefAxis] from Abstandhalter M3 IG-AG 30mm+6mm part-6
2025-04-28 06:54:21,088 INFO  ExportHelperExtension.cs: 1136 - Found 36 in Abstandhalter M3 IG-AG 30mm+6mm part-6
2025-04-28 06:54:21,088 INFO  ExportHelperExtension.cs: 1145 - Found 0 features of type [RefAxis] in Abstandhalter M3 IG-AG 30mm+6mm part-6
2025-04-28 06:54:21,088 INFO  ExportHelperExtension.cs: 1125 - Retrieving features of type [RefAxis] from abstandhalter m2,5 ig-ag 20mm+6mm part-2
2025-04-28 06:54:21,088 INFO  ExportHelperExtension.cs: 1136 - Found 36 in abstandhalter m2,5 ig-ag 20mm+6mm part-2
2025-04-28 06:54:21,088 INFO  ExportHelperExtension.cs: 1145 - Found 0 features of type [RefAxis] in abstandhalter m2,5 ig-ag 20mm+6mm part-2
2025-04-28 06:54:21,088 INFO  ExportHelperExtension.cs: 1125 - Retrieving features of type [RefAxis] from Abstandhalter M3 IG-AG 30mm+6mm part-8
2025-04-28 06:54:21,091 INFO  ExportHelperExtension.cs: 1136 - Found 36 in Abstandhalter M3 IG-AG 30mm+6mm part-8
2025-04-28 06:54:21,091 INFO  ExportHelperExtension.cs: 1145 - Found 0 features of type [RefAxis] in Abstandhalter M3 IG-AG 30mm+6mm part-8
2025-04-28 06:54:21,091 INFO  ExportHelperExtension.cs: 1125 - Retrieving features of type [RefAxis] from abstandhalter m2,5 ig-ag 20mm+6mm part-4
2025-04-28 06:54:21,091 INFO  ExportHelperExtension.cs: 1136 - Found 36 in abstandhalter m2,5 ig-ag 20mm+6mm part-4
2025-04-28 06:54:21,091 INFO  ExportHelperExtension.cs: 1145 - Found 0 features of type [RefAxis] in abstandhalter m2,5 ig-ag 20mm+6mm part-4
2025-04-28 06:54:21,091 INFO  ExportHelperExtension.cs: 1125 - Retrieving features of type [RefAxis] from Abstandhalter M3 IG-AG 50mm+6mm part-2
2025-04-28 06:54:21,091 INFO  ExportHelperExtension.cs: 1136 - Found 36 in Abstandhalter M3 IG-AG 50mm+6mm part-2
2025-04-28 06:54:21,094 INFO  ExportHelperExtension.cs: 1145 - Found 0 features of type [RefAxis] in Abstandhalter M3 IG-AG 50mm+6mm part-2
2025-04-28 06:54:21,094 INFO  ExportHelperExtension.cs: 1125 - Retrieving features of type [RefAxis] from Abstandhalter M3 IG-AG 30mm+6mm part-1
2025-04-28 06:54:21,094 INFO  ExportHelperExtension.cs: 1136 - Found 36 in Abstandhalter M3 IG-AG 30mm+6mm part-1
2025-04-28 06:54:21,094 INFO  ExportHelperExtension.cs: 1145 - Found 0 features of type [RefAxis] in Abstandhalter M3 IG-AG 30mm+6mm part-1
2025-04-28 06:54:21,094 INFO  ExportHelperExtension.cs: 1125 - Retrieving features of type [RefAxis] from Abstandhalter M3 IG-AG 30mm+6mm part-3
2025-04-28 06:54:21,094 INFO  ExportHelperExtension.cs: 1136 - Found 36 in Abstandhalter M3 IG-AG 30mm+6mm part-3
2025-04-28 06:54:21,094 INFO  ExportHelperExtension.cs: 1145 - Found 0 features of type [RefAxis] in Abstandhalter M3 IG-AG 30mm+6mm part-3
2025-04-28 06:54:21,096 INFO  ExportHelperExtension.cs: 1125 - Retrieving features of type [RefAxis] from Abstandhalter M3 IG-AG 30mm+6mm part-4
2025-04-28 06:54:21,096 INFO  ExportHelperExtension.cs: 1136 - Found 36 in Abstandhalter M3 IG-AG 30mm+6mm part-4
2025-04-28 06:54:21,096 INFO  ExportHelperExtension.cs: 1145 - Found 0 features of type [RefAxis] in Abstandhalter M3 IG-AG 30mm+6mm part-4
2025-04-28 06:54:21,096 INFO  ExportHelperExtension.cs: 1125 - Retrieving features of type [RefAxis] from Abstandhalter M3 IG-AG 50mm+6mm part-3
2025-04-28 06:54:21,096 INFO  ExportHelperExtension.cs: 1136 - Found 36 in Abstandhalter M3 IG-AG 50mm+6mm part-3
2025-04-28 06:54:21,096 INFO  ExportHelperExtension.cs: 1145 - Found 0 features of type [RefAxis] in Abstandhalter M3 IG-AG 50mm+6mm part-3
2025-04-28 06:54:21,096 INFO  ExportHelperExtension.cs: 1125 - Retrieving features of type [RefAxis] from Abstandhalter M3 IG-AG 50mm+6mm part-4
2025-04-28 06:54:21,099 INFO  ExportHelperExtension.cs: 1136 - Found 36 in Abstandhalter M3 IG-AG 50mm+6mm part-4
2025-04-28 06:54:21,099 INFO  ExportHelperExtension.cs: 1145 - Found 0 features of type [RefAxis] in Abstandhalter M3 IG-AG 50mm+6mm part-4
2025-04-28 06:54:21,099 INFO  ExportHelperExtension.cs: 1125 - Retrieving features of type [RefAxis] from Abstandhalter M3 IG-AG 30mm+6mm part-2
2025-04-28 06:54:21,099 INFO  ExportHelperExtension.cs: 1136 - Found 36 in Abstandhalter M3 IG-AG 30mm+6mm part-2
2025-04-28 06:54:21,099 INFO  ExportHelperExtension.cs: 1145 - Found 0 features of type [RefAxis] in Abstandhalter M3 IG-AG 30mm+6mm part-2
2025-04-28 06:54:21,099 INFO  ExportHelperExtension.cs: 1125 - Retrieving features of type [RefAxis] from rbot_layer2-1
2025-04-28 06:54:21,101 INFO  ExportHelperExtension.cs: 1136 - Found 28 in rbot_layer2-1
2025-04-28 06:54:21,101 INFO  ExportHelperExtension.cs: 1145 - Found 0 features of type [RefAxis] in rbot_layer2-1
2025-04-28 06:54:21,101 INFO  ExportHelperExtension.cs: 1125 - Retrieving features of type [RefAxis] from Raspberry Pi 4 Model B.STEP-1
2025-04-28 06:54:21,101 INFO  ExportHelperExtension.cs: 1136 - Found 41 in Raspberry Pi 4 Model B.STEP-1
2025-04-28 06:54:21,103 INFO  ExportHelperExtension.cs: 1145 - Found 0 features of type [RefAxis] in Raspberry Pi 4 Model B.STEP-1
2025-04-28 06:54:21,103 INFO  ExportHelperExtension.cs: 1125 - Retrieving features of type [RefAxis] from Abstandhalter M3 IG-AG 50mm+6mm part-1
2025-04-28 06:54:21,105 INFO  ExportHelperExtension.cs: 1136 - Found 36 in Abstandhalter M3 IG-AG 50mm+6mm part-1
2025-04-28 06:54:21,105 INFO  ExportHelperExtension.cs: 1145 - Found 0 features of type [RefAxis] in Abstandhalter M3 IG-AG 50mm+6mm part-1
2025-04-28 06:54:21,313 INFO  SwAddin.cs: 339 - Loading config tree
2025-04-28 06:54:21,318 INFO  ConfigurationSerialization.cs: 276 - URDF Configuration found
<Link z:Id="i1" xmlns="http://schemas.datacontract.org/2004/07/SW2URDF" xmlns:i="http://www.w3.org/2001/XMLSchema-instance" xmlns:z="http://schemas.microsoft.com/2003/10/Serialization/"><Attributes><Attribute z:Id="i2"><AttributeType>name</AttributeType><IsRequired>true</IsRequired><Value i:type="a:string" xmlns:a="http://www.w3.org/2001/XMLSchema">base_link</Value></Attribute></Attributes><ChildElements><URDFElement z:Id="i3" i:type="Inertial"><Attributes/><ChildElements><URDFElement z:Id="i4" i:type="Origin"><Attributes><Attribute z:Id="i5"><AttributeType>xyz</AttributeType><IsRequired>true</IsRequired><Value i:type="a:ArrayOfdouble" xmlns:a="http://schemas.microsoft.com/2003/10/Serialization/Arrays"><a:double>-0.00029960019977723611</a:double><a:double>-0.0007640618822739656</a:double><a:double>0.053754497718263156</a:double></Value></Attribute><Attribute z:Id="i6"><AttributeType>rpy</AttributeType><IsRequired>true</IsRequired><Value i:type="a:ArrayOfdouble" xmlns:a="http://schemas.microsoft.com/2003/10/Serialization/Arrays"><a:double>0</a:double><a:double>0</a:double><a:double>0</a:double></Value></Attribute></Attributes><ChildElements/><ElementName>origin</ElementName><required>false</required><RPYAttribute z:Ref="i6"/><XYZAttribute z:Ref="i5"/><isCustomized>false</isCustomized></URDFElement><URDFElement z:Id="i7" i:type="Mass"><Attributes><Attribute z:Id="i8"><AttributeType>value</AttributeType><IsRequired>true</IsRequired><Value i:type="a:double" xmlns:a="http://www.w3.org/2001/XMLSchema">0.47490204978631079</Value></Attribute></Attributes><ChildElements/><ElementName>mass</ElementName><required>false</required><ValueAttribute z:Ref="i8"/></URDFElement><URDFElement z:Id="i9" i:type="Inertia"><Attributes><Attribute z:Id="i10"><AttributeType>ixx</AttributeType><IsRequired>true</IsRequired><Value i:type="a:double" xmlns:a="http://www.w3.org/2001/XMLSchema">0.00092332986447731739</Value></Attribute><Attribute z:Id="i11"><AttributeType>ixy</AttributeType><IsRequired>true</IsRequired><Value i:type="a:double" xmlns:a="http://www.w3.org/2001/XMLSchema">-4.4322108794823523E-08</Value></Attribute><Attribute z:Id="i12"><AttributeType>ixz</AttributeType><IsRequired>true</IsRequired><Value i:type="a:double" xmlns:a="http://www.w3.org/2001/XMLSchema">-2.4999349307871503E-07</Value></Attribute><Attribute z:Id="i13"><AttributeType>iyy</AttributeType><IsRequired>true</IsRequired><Value i:type="a:double" xmlns:a="http://www.w3.org/2001/XMLSchema">0.0007996491749280325</Value></Attribute><Attribute z:Id="i14"><AttributeType>iyz</AttributeType><IsRequired>true</IsRequired><Value i:type="a:double" xmlns:a="http://www.w3.org/2001/XMLSchema">-3.8965322840190954E-09</Value></Attribute><Attribute z:Id="i15"><AttributeType>izz</AttributeType><IsRequired>true</IsRequired><Value i:type="a:double" xmlns:a="http://www.w3.org/2001/XMLSchema">0.0017130145824619603</Value></Attribute></Attributes><ChildElements/><ElementName>inertia</ElementName><required>false</required><IxxAttribute z:Ref="i10"/><IxyAttribute z:Ref="i11"/><IxzAttribute z:Ref="i12"/><IyyAttribute z:Ref="i13"/><IyzAttribute z:Ref="i14"/><IzzAttribute z:Ref="i15"/></URDFElement></ChildElements><ElementName>inertial</ElementName><required>false</required><Inertia z:Ref="i9"/><Mass z:Ref="i7"/><Origin z:Ref="i4"/></URDFElement><URDFElement z:Id="i16" i:type="Visual"><Attributes/><ChildElements><URDFElement z:Id="i17" i:type="Origin"><Attributes><Attribute z:Id="i18"><AttributeType>xyz</AttributeType><IsRequired>true</IsRequired><Value i:type="a:ArrayOfdouble" xmlns:a="http://schemas.microsoft.com/2003/10/Serialization/Arrays"><a:double>0</a:double><a:double>0</a:double><a:double>0</a:double></Value></Attribute><Attribute z:Id="i19"><AttributeType>rpy</AttributeType><IsRequired>true</IsRequired><Value i:type="a:ArrayOfdouble" xmlns:a="http://schemas.microsoft.com/2003/10/Serialization/Arrays"><a:double>0</a:double><a:double>0</a:double><a:double>0</a:double></Value></Attribute></Attributes><ChildElements/><ElementName>origin</ElementName><required>false</required><RPYAttribute z:Ref="i19"/><XYZAttribute z:Ref="i18"/><isCustomized>false</isCustomized></URDFElement><URDFElement z:Id="i20" i:type="Geometry"><Attributes/><ChildElements><URDFElement z:Id="i21" i:type="Mesh"><Attributes><Attribute z:Id="i22"><AttributeType>filename</AttributeType><IsRequired>true</IsRequired><Value i:nil="true"/></Attribute></Attributes><ChildElements/><ElementName>mesh</ElementName><required>false</required><FilenameAttribute z:Ref="i22"/></URDFElement></ChildElements><ElementName>geometry</ElementName><required>true</required><Mesh z:Ref="i21"/></URDFElement><URDFElement z:Id="i23" i:type="Material"><Attributes><Attribute z:Id="i24"><AttributeType>name</AttributeType><IsRequired>true</IsRequired><Value i:type="a:string" xmlns:a="http://www.w3.org/2001/XMLSchema"/></Attribute></Attributes><ChildElements><URDFElement z:Id="i25" i:type="Color"><Attributes><Attribute z:Id="i26"><AttributeType>rgba</AttributeType><IsRequired>true</IsRequired><Value i:type="a:ArrayOfdouble" xmlns:a="http://schemas.microsoft.com/2003/10/Serialization/Arrays"><a:double>0.792156862745098</a:double><a:double>0.81960784313725488</a:double><a:double>0.93333333333333335</a:double><a:double>1</a:double></Value></Attribute></Attributes><ChildElements/><ElementName>color</ElementName><required>false</required><RGBAAttribute z:Ref="i26"/></URDFElement><URDFElement z:Id="i27" i:type="Texture"><Attributes><Attribute z:Id="i28"><AttributeType>filename</AttributeType><IsRequired>true</IsRequired><Value i:nil="true"/></Attribute></Attributes><ChildElements/><ElementName>texture</ElementName><required>false</required><FilenameAttribute z:Ref="i28"/><wFilename/></URDFElement></ChildElements><ElementName>material</ElementName><required>false</required><Color z:Ref="i25"/><NameAttribute z:Ref="i24"/><Texture z:Ref="i27"/></URDFElement></ChildElements><ElementName>visual</ElementName><required>false</required><Geometry z:Ref="i20"/><Material z:Ref="i23"/><Origin z:Ref="i17"/></URDFElement><URDFElement z:Id="i29" i:type="Collision"><Attributes/><ChildElements><URDFElement z:Id="i30" i:type="Origin"><Attributes><Attribute z:Id="i31"><AttributeType>xyz</AttributeType><IsRequired>true</IsRequired><Value i:type="a:ArrayOfdouble" xmlns:a="http://schemas.microsoft.com/2003/10/Serialization/Arrays"><a:double>0</a:double><a:double>0</a:double><a:double>0</a:double></Value></Attribute><Attribute z:Id="i32"><AttributeType>rpy</AttributeType><IsRequired>true</IsRequired><Value i:type="a:ArrayOfdouble" xmlns:a="http://schemas.microsoft.com/2003/10/Serialization/Arrays"><a:double>0</a:double><a:double>0</a:double><a:double>0</a:double></Value></Attribute></Attributes><ChildElements/><ElementName>origin</ElementName><required>false</required><RPYAttribute z:Ref="i32"/><XYZAttribute z:Ref="i31"/><isCustomized>false</isCustomized></URDFElement><URDFElement z:Id="i33" i:type="Geometry"><Attributes/><ChildElements><URDFElement z:Id="i34" i:type="Mesh"><Attributes><Attribute z:Id="i35"><AttributeType>filename</AttributeType><IsRequired>true</IsRequired><Value i:nil="true"/></Attribute></Attributes><ChildElements/><ElementName>mesh</ElementName><required>false</required><FilenameAttribute z:Ref="i35"/></URDFElement></ChildElements><ElementName>geometry</ElementName><required>true</required><Mesh z:Ref="i34"/></URDFElement></ChildElements><ElementName>collision</ElementName><required>false</required><Geometry z:Ref="i33"/><Origin z:Ref="i30"/></URDFElement><URDFElement z:Id="i36" i:type="Joint"><Attributes><Attribute z:Id="i37"><AttributeType>name</AttributeType><IsRequired>true</IsRequired><Value i:type="a:string" xmlns:a="http://www.w3.org/2001/XMLSchema"/></Attribute><Attribute z:Id="i38"><AttributeType>type</AttributeType><IsRequired>true</IsRequired><Value i:type="a:string" xmlns:a="http://www.w3.org/2001/XMLSchema"/></Attribute></Attributes><ChildElements><URDFElement z:Id="i39" i:type="Origin"><Attributes><Attribute z:Id="i40"><AttributeType>xyz</AttributeType><IsRequired>true</IsRequired><Value i:type="a:ArrayOfdouble" xmlns:a="http://schemas.microsoft.com/2003/10/Serialization/Arrays"><a:double>0</a:double><a:double>0</a:double><a:double>0</a:double></Value></Attribute><Attribute z:Id="i41"><AttributeType>rpy</AttributeType><IsRequired>true</IsRequired><Value i:type="a:ArrayOfdouble" xmlns:a="http://schemas.microsoft.com/2003/10/Serialization/Arrays"><a:double>0</a:double><a:double>0</a:double><a:double>0</a:double></Value></Attribute></Attributes><ChildElements/><ElementName>origin</ElementName><required>false</required><RPYAttribute z:Ref="i41"/><XYZAttribute z:Ref="i40"/><isCustomized>false</isCustomized></URDFElement><URDFElement z:Id="i42" i:type="ParentLink"><Attributes><Attribute z:Id="i43"><AttributeType>link</AttributeType><IsRequired>true</IsRequired><Value i:type="a:string" xmlns:a="http://www.w3.org/2001/XMLSchema"/></Attribute></Attributes><ChildElements/><ElementName>parent</ElementName><required>true</required><NameAttribute z:Ref="i43"/></URDFElement><URDFElement z:Id="i44" i:type="ChildLink"><Attributes><Attribute z:Id="i45"><AttributeType>link</AttributeType><IsRequired>true</IsRequired><Value i:type="a:string" xmlns:a="http://www.w3.org/2001/XMLSchema"/></Attribute></Attributes><ChildElements/><ElementName>child</ElementName><required>true</required><NameAttribute z:Ref="i45"/></URDFElement><URDFElement z:Id="i46" i:type="Axis"><Attributes><Attribute z:Id="i47"><AttributeType>xyz</AttributeType><IsRequired>true</IsRequired><Value i:type="a:ArrayOfdouble" xmlns:a="http://schemas.microsoft.com/2003/10/Serialization/Arrays"><a:double>0</a:double><a:double>0</a:double><a:double>0</a:double></Value></Attribute></Attributes><ChildElements/><ElementName>axis</ElementName><required>false</required><XYZAttribute z:Ref="i47"/></URDFElement><URDFElement z:Id="i48" i:type="Limit"><Attributes><Attribute z:Id="i49"><AttributeType>lower</AttributeType><IsRequired>false</IsRequired><Value i:nil="true"/></Attribute><Attribute z:Id="i50"><AttributeType>upper</AttributeType><IsRequired>false</IsRequired><Value i:nil="true"/></Attribute><Attribute z:Id="i51"><AttributeType>effort</AttributeType><IsRequired>true</IsRequired><Value i:nil="true"/></Attribute><Attribute z:Id="i52"><AttributeType>velocity</AttributeType><IsRequired>true</IsRequired><Value i:nil="true"/></Attribute></Attributes><ChildElements/><ElementName>limit</ElementName><required>false</required><EffortAttribute z:Ref="i51"/><LowerAttribute z:Ref="i49"/><UpperAttribute z:Ref="i50"/><VelocityAttribute z:Ref="i52"/></URDFElement><URDFElement z:Id="i53" i:type="Calibration"><Attributes><Attribute z:Id="i54"><AttributeType>rising</AttributeType><IsRequired>false</IsRequired><Value i:nil="true"/></Attribute><Attribute z:Id="i55"><AttributeType>falling</AttributeType><IsRequired>false</IsRequired><Value i:nil="true"/></Attribute></Attributes><ChildElements/><ElementName>calibration</ElementName><required>false</required><FallingAttribute z:Ref="i55"/><RisingAttribute z:Ref="i54"/></URDFElement><URDFElement z:Id="i56" i:type="Dynamics"><Attributes><Attribute z:Id="i57"><AttributeType>damping</AttributeType><IsRequired>false</IsRequired><Value i:nil="true"/></Attribute><Attribute z:Id="i58"><AttributeType>friction</AttributeType><IsRequired>false</IsRequired><Value i:nil="true"/></Attribute></Attributes><ChildElements/><ElementName>dynamics</ElementName><required>false</required><DampingAttribute z:Ref="i57"/><FrictionAttribute z:Ref="i58"/></URDFElement><URDFElement z:Id="i59" i:type="SafetyController"><Attributes><Attribute z:Id="i60"><AttributeType>soft_upper_limit</AttributeType><IsRequired>false</IsRequired><Value i:nil="true"/></Attribute><Attribute z:Id="i61"><AttributeType>soft_lower_limit</AttributeType><IsRequired>false</IsRequired><Value i:nil="true"/></Attribute><Attribute z:Id="i62"><AttributeType>k_position</AttributeType><IsRequired>false</IsRequired><Value i:nil="true"/></Attribute><Attribute z:Id="i63"><AttributeType>k_velocity</AttributeType><IsRequired>true</IsRequired><Value i:nil="true"/></Attribute></Attributes><ChildElements/><ElementName>safety_controller</ElementName><required>false</required><KPositionAttribute z:Ref="i62"/><KVelocityAttribute z:Ref="i63"/><SoftLowerAttribute z:Ref="i61"/><SoftUpperAttribute z:Ref="i60"/></URDFElement><URDFElement z:Id="i64" i:type="Mimic"><Attributes><Attribute z:Id="i65"><AttributeType>joint</AttributeType><IsRequired>true</IsRequired><Value i:nil="true"/></Attribute><Attribute z:Id="i66"><AttributeType>multiplier</AttributeType><IsRequired>false</IsRequired><Value i:nil="true"/></Attribute><Attribute z:Id="i67"><AttributeType>offset</AttributeType><IsRequired>false</IsRequired><Value i:nil="true"/></Attribute></Attributes><ChildElements/><ElementName>mimic</ElementName><required>false</required><JointNameAttribute z:Ref="i65"/><MultiplierAttribute z:Ref="i66"/><OffsetAttribute z:Ref="i67"/></URDFElement></ChildElements><ElementName>joint</ElementName><required>false</required><Axis z:Ref="i46"/><AxisName/><Calibration z:Ref="i53"/><Child z:Ref="i44"/><CoordinateSystemName>Base_origin</CoordinateSystemName><Dynamics z:Ref="i56"/><Limit z:Ref="i48"/><Mimic z:Ref="i64"/><NameAttribute z:Ref="i37"/><Origin z:Ref="i39"/><Parent z:Ref="i42"/><Safety z:Ref="i59"/><TypeAttribute z:Ref="i38"/></URDFElement></ChildElements><ElementName>link</ElementName><required>true</required><Children><Link z:Id="i68"><Attributes><Attribute z:Id="i69"><AttributeType>name</AttributeType><IsRequired>true</IsRequired><Value i:type="a:string" xmlns:a="http://www.w3.org/2001/XMLSchema">R_wheel</Value></Attribute></Attributes><ChildElements><URDFElement z:Id="i70" i:type="Inertial"><Attributes/><ChildElements><URDFElement z:Id="i71" i:type="Origin"><Attributes><Attribute z:Id="i72"><AttributeType>xyz</AttributeType><IsRequired>true</IsRequired><Value i:type="a:ArrayOfdouble" xmlns:a="http://schemas.microsoft.com/2003/10/Serialization/Arrays"><a:double>5.7991489720886531E-05</a:double><a:double>0.0058199863971848814</a:double><a:double>-0.0008508372650005056</a:double></Value></Attribute><Attribute z:Id="i73"><AttributeType>rpy</AttributeType><IsRequired>true</IsRequired><Value i:type="a:ArrayOfdouble" xmlns:a="http://schemas.microsoft.com/2003/10/Serialization/Arrays"><a:double>0</a:double><a:double>0</a:double><a:double>0</a:double></Value></Attribute></Attributes><ChildElements/><ElementName>origin</ElementName><required>false</required><RPYAttribute z:Ref="i73"/><XYZAttribute z:Ref="i72"/><isCustomized>false</isCustomized></URDFElement><URDFElement z:Id="i74" i:type="Mass"><Attributes><Attribute z:Id="i75"><AttributeType>value</AttributeType><IsRequired>true</IsRequired><Value i:type="a:double" xmlns:a="http://www.w3.org/2001/XMLSchema">0.041955149555898893</Value></Attribute></Attributes><ChildElements/><ElementName>mass</ElementName><required>false</required><ValueAttribute z:Ref="i75"/></URDFElement><URDFElement z:Id="i76" i:type="Inertia"><Attributes><Attribute z:Id="i77"><AttributeType>ixx</AttributeType><IsRequired>true</IsRequired><Value i:type="a:double" xmlns:a="http://www.w3.org/2001/XMLSchema">1.8373507938030858E-05</Value></Attribute><Attribute z:Id="i78"><AttributeType>ixy</AttributeType><IsRequired>true</IsRequired><Value i:type="a:double" xmlns:a="http://www.w3.org/2001/XMLSchema">-1.8161867336403867E-11</Value></Attribute><Attribute z:Id="i79"><AttributeType>ixz</AttributeType><IsRequired>true</IsRequired><Value i:type="a:double" xmlns:a="http://www.w3.org/2001/XMLSchema">-2.1106704777050554E-09</Value></Attribute><Attribute z:Id="i80"><AttributeType>iyy</AttributeType><IsRequired>true</IsRequired><Value i:type="a:double" xmlns:a="http://www.w3.org/2001/XMLSchema">3.0919329148918272E-05</Value></Attribute><Attribute z:Id="i81"><AttributeType>iyz</AttributeType><IsRequired>true</IsRequired><Value i:type="a:double" xmlns:a="http://www.w3.org/2001/XMLSchema">4.3006717639984455E-10</Value></Attribute><Attribute z:Id="i82"><AttributeType>izz</AttributeType><IsRequired>true</IsRequired><Value i:type="a:double" xmlns:a="http://www.w3.org/2001/XMLSchema">1.8408240459889539E-05</Value></Attribute></Attributes><ChildElements/><ElementName>inertia</ElementName><required>false</required><IxxAttribute z:Ref="i77"/><IxyAttribute z:Ref="i78"/><IxzAttribute z:Ref="i79"/><IyyAttribute z:Ref="i80"/><IyzAttribute z:Ref="i81"/><IzzAttribute z:Ref="i82"/></URDFElement></ChildElements><ElementName>inertial</ElementName><required>false</required><Inertia z:Ref="i76"/><Mass z:Ref="i74"/><Origin z:Ref="i71"/></URDFElement><URDFElement z:Id="i83" i:type="Visual"><Attributes/><ChildElements><URDFElement z:Id="i84" i:type="Origin"><Attributes><Attribute z:Id="i85"><AttributeType>xyz</AttributeType><IsRequired>true</IsRequired><Value i:type="a:ArrayOfdouble" xmlns:a="http://schemas.microsoft.com/2003/10/Serialization/Arrays"><a:double>0</a:double><a:double>0</a:double><a:double>0</a:double></Value></Attribute><Attribute z:Id="i86"><AttributeType>rpy</AttributeType><IsRequired>true</IsRequired><Value i:type="a:ArrayOfdouble" xmlns:a="http://schemas.microsoft.com/2003/10/Serialization/Arrays"><a:double>0</a:double><a:double>0</a:double><a:double>0</a:double></Value></Attribute></Attributes><ChildElements/><ElementName>origin</ElementName><required>false</required><RPYAttribute z:Ref="i86"/><XYZAttribute z:Ref="i85"/><isCustomized>false</isCustomized></URDFElement><URDFElement z:Id="i87" i:type="Geometry"><Attributes/><ChildElements><URDFElement z:Id="i88" i:type="Mesh"><Attributes><Attribute z:Id="i89"><AttributeType>filename</AttributeType><IsRequired>true</IsRequired><Value i:nil="true"/></Attribute></Attributes><ChildElements/><ElementName>mesh</ElementName><required>false</required><FilenameAttribute z:Ref="i89"/></URDFElement></ChildElements><ElementName>geometry</ElementName><required>true</required><Mesh z:Ref="i88"/></URDFElement><URDFElement z:Id="i90" i:type="Material"><Attributes><Attribute z:Id="i91"><AttributeType>name</AttributeType><IsRequired>true</IsRequired><Value i:type="a:string" xmlns:a="http://www.w3.org/2001/XMLSchema"/></Attribute></Attributes><ChildElements><URDFElement z:Id="i92" i:type="Color"><Attributes><Attribute z:Id="i93"><AttributeType>rgba</AttributeType><IsRequired>true</IsRequired><Value i:type="a:ArrayOfdouble" xmlns:a="http://schemas.microsoft.com/2003/10/Serialization/Arrays"><a:double>0.792156862745098</a:double><a:double>0.81960784313725488</a:double><a:double>0.93333333333333335</a:double><a:double>1</a:double></Value></Attribute></Attributes><ChildElements/><ElementName>color</ElementName><required>false</required><RGBAAttribute z:Ref="i93"/></URDFElement><URDFElement z:Id="i94" i:type="Texture"><Attributes><Attribute z:Id="i95"><AttributeType>filename</AttributeType><IsRequired>true</IsRequired><Value i:nil="true"/></Attribute></Attributes><ChildElements/><ElementName>texture</ElementName><required>false</required><FilenameAttribute z:Ref="i95"/><wFilename/></URDFElement></ChildElements><ElementName>material</ElementName><required>false</required><Color z:Ref="i92"/><NameAttribute z:Ref="i91"/><Texture z:Ref="i94"/></URDFElement></ChildElements><ElementName>visual</ElementName><required>false</required><Geometry z:Ref="i87"/><Material z:Ref="i90"/><Origin z:Ref="i84"/></URDFElement><URDFElement z:Id="i96" i:type="Collision"><Attributes/><ChildElements><URDFElement z:Id="i97" i:type="Origin"><Attributes><Attribute z:Id="i98"><AttributeType>xyz</AttributeType><IsRequired>true</IsRequired><Value i:type="a:ArrayOfdouble" xmlns:a="http://schemas.microsoft.com/2003/10/Serialization/Arrays"><a:double>0</a:double><a:double>0</a:double><a:double>0</a:double></Value></Attribute><Attribute z:Id="i99"><AttributeType>rpy</AttributeType><IsRequired>true</IsRequired><Value i:type="a:ArrayOfdouble" xmlns:a="http://schemas.microsoft.com/2003/10/Serialization/Arrays"><a:double>0</a:double><a:double>0</a:double><a:double>0</a:double></Value></Attribute></Attributes><ChildElements/><ElementName>origin</ElementName><required>false</required><RPYAttribute z:Ref="i99"/><XYZAttribute z:Ref="i98"/><isCustomized>false</isCustomized></URDFElement><URDFElement z:Id="i100" i:type="Geometry"><Attributes/><ChildElements><URDFElement z:Id="i101" i:type="Mesh"><Attributes><Attribute z:Id="i102"><AttributeType>filename</AttributeType><IsRequired>true</IsRequired><Value i:nil="true"/></Attribute></Attributes><ChildElements/><ElementName>mesh</ElementName><required>false</required><FilenameAttribute z:Ref="i102"/></URDFElement></ChildElements><ElementName>geometry</ElementName><required>true</required><Mesh z:Ref="i101"/></URDFElement></ChildElements><ElementName>collision</ElementName><required>false</required><Geometry z:Ref="i100"/><Origin z:Ref="i97"/></URDFElement><URDFElement z:Id="i103" i:type="Joint"><Attributes><Attribute z:Id="i104"><AttributeType>name</AttributeType><IsRequired>true</IsRequired><Value i:type="a:string" xmlns:a="http://www.w3.org/2001/XMLSchema">Rwheel</Value></Attribute><Attribute z:Id="i105"><AttributeType>type</AttributeType><IsRequired>true</IsRequired><Value i:type="a:string" xmlns:a="http://www.w3.org/2001/XMLSchema">continuous</Value></Attribute></Attributes><ChildElements><URDFElement z:Id="i106" i:type="Origin"><Attributes><Attribute z:Id="i107"><AttributeType>xyz</AttributeType><IsRequired>true</IsRequired><Value i:type="a:ArrayOfdouble" xmlns:a="http://schemas.microsoft.com/2003/10/Serialization/Arrays"><a:double>-0.00040439175433133571</a:double><a:double>-0.10525110642810885</a:double><a:double>0.025000000000000112</a:double></Value></Attribute><Attribute z:Id="i108"><AttributeType>rpy</AttributeType><IsRequired>true</IsRequired><Value i:type="a:ArrayOfdouble" xmlns:a="http://schemas.microsoft.com/2003/10/Serialization/Arrays"><a:double>0</a:double><a:double>0</a:double><a:double>0</a:double></Value></Attribute></Attributes><ChildElements/><ElementName>origin</ElementName><required>false</required><RPYAttribute z:Ref="i108"/><XYZAttribute z:Ref="i107"/><isCustomized>false</isCustomized></URDFElement><URDFElement z:Id="i109" i:type="ParentLink"><Attributes><Attribute z:Id="i110"><AttributeType>link</AttributeType><IsRequired>true</IsRequired><Value i:type="a:string" xmlns:a="http://www.w3.org/2001/XMLSchema">base_link</Value></Attribute></Attributes><ChildElements/><ElementName>parent</ElementName><required>true</required><NameAttribute z:Ref="i110"/></URDFElement><URDFElement z:Id="i111" i:type="ChildLink"><Attributes><Attribute z:Id="i112"><AttributeType>link</AttributeType><IsRequired>true</IsRequired><Value i:type="a:string" xmlns:a="http://www.w3.org/2001/XMLSchema">R_wheel</Value></Attribute></Attributes><ChildElements/><ElementName>child</ElementName><required>true</required><NameAttribute z:Ref="i112"/></URDFElement><URDFElement z:Id="i113" i:type="Axis"><Attributes><Attribute z:Id="i114"><AttributeType>xyz</AttributeType><IsRequired>true</IsRequired><Value i:type="a:ArrayOfdouble" xmlns:a="http://schemas.microsoft.com/2003/10/Serialization/Arrays"><a:double>0</a:double><a:double>-1</a:double><a:double>0</a:double></Value></Attribute></Attributes><ChildElements/><ElementName>axis</ElementName><required>false</required><XYZAttribute z:Ref="i114"/></URDFElement><URDFElement z:Id="i115" i:type="Limit"><Attributes><Attribute z:Id="i116"><AttributeType>lower</AttributeType><IsRequired>false</IsRequired><Value i:nil="true"/></Attribute><Attribute z:Id="i117"><AttributeType>upper</AttributeType><IsRequired>false</IsRequired><Value i:nil="true"/></Attribute><Attribute z:Id="i118"><AttributeType>effort</AttributeType><IsRequired>true</IsRequired><Value i:nil="true"/></Attribute><Attribute z:Id="i119"><AttributeType>velocity</AttributeType><IsRequired>true</IsRequired><Value i:nil="true"/></Attribute></Attributes><ChildElements/><ElementName>limit</ElementName><required>false</required><EffortAttribute z:Ref="i118"/><LowerAttribute z:Ref="i116"/><UpperAttribute z:Ref="i117"/><VelocityAttribute z:Ref="i119"/></URDFElement><URDFElement z:Id="i120" i:type="Calibration"><Attributes><Attribute z:Id="i121"><AttributeType>rising</AttributeType><IsRequired>false</IsRequired><Value i:nil="true"/></Attribute><Attribute z:Id="i122"><AttributeType>falling</AttributeType><IsRequired>false</IsRequired><Value i:nil="true"/></Attribute></Attributes><ChildElements/><ElementName>calibration</ElementName><required>false</required><FallingAttribute z:Ref="i122"/><RisingAttribute z:Ref="i121"/></URDFElement><URDFElement z:Id="i123" i:type="Dynamics"><Attributes><Attribute z:Id="i124"><AttributeType>damping</AttributeType><IsRequired>false</IsRequired><Value i:nil="true"/></Attribute><Attribute z:Id="i125"><AttributeType>friction</AttributeType><IsRequired>false</IsRequired><Value i:nil="true"/></Attribute></Attributes><ChildElements/><ElementName>dynamics</ElementName><required>false</required><DampingAttribute z:Ref="i124"/><FrictionAttribute z:Ref="i125"/></URDFElement><URDFElement z:Id="i126" i:type="SafetyController"><Attributes><Attribute z:Id="i127"><AttributeType>soft_upper_limit</AttributeType><IsRequired>false</IsRequired><Value i:nil="true"/></Attribute><Attribute z:Id="i128"><AttributeType>soft_lower_limit</AttributeType><IsRequired>false</IsRequired><Value i:nil="true"/></Attribute><Attribute z:Id="i129"><AttributeType>k_position</AttributeType><IsRequired>false</IsRequired><Value i:nil="true"/></Attribute><Attribute z:Id="i130"><AttributeType>k_velocity</AttributeType><IsRequired>true</IsRequired><Value i:nil="true"/></Attribute></Attributes><ChildElements/><ElementName>safety_controller</ElementName><required>false</required><KPositionAttribute z:Ref="i129"/><KVelocityAttribute z:Ref="i130"/><SoftLowerAttribute z:Ref="i128"/><SoftUpperAttribute z:Ref="i127"/></URDFElement><URDFElement z:Id="i131" i:type="Mimic"><Attributes><Attribute z:Id="i132"><AttributeType>joint</AttributeType><IsRequired>true</IsRequired><Value i:nil="true"/></Attribute><Attribute z:Id="i133"><AttributeType>multiplier</AttributeType><IsRequired>false</IsRequired><Value i:nil="true"/></Attribute><Attribute z:Id="i134"><AttributeType>offset</AttributeType><IsRequired>false</IsRequired><Value i:nil="true"/></Attribute></Attributes><ChildElements/><ElementName>mimic</ElementName><required>false</required><JointNameAttribute z:Ref="i132"/><MultiplierAttribute z:Ref="i133"/><OffsetAttribute z:Ref="i134"/></URDFElement></ChildElements><ElementName>joint</ElementName><required>false</required><Axis z:Ref="i113"/><AxisName>Axis_wheel</AxisName><Calibration z:Ref="i120"/><Child z:Ref="i111"/><CoordinateSystemName>R_origin</CoordinateSystemName><Dynamics z:Ref="i123"/><Limit z:Ref="i115"/><Mimic z:Ref="i131"/><NameAttribute z:Ref="i104"/><Origin z:Ref="i106"/><Parent z:Ref="i109"/><Safety z:Ref="i126"/><TypeAttribute z:Ref="i105"/></URDFElement></ChildElements><ElementName>link</ElementName><required>true</required><Children/><Collision z:Ref="i96"/><Inertial z:Ref="i70"/><Joint z:Ref="i103"/><NameAttribute z:Ref="i69"/><Parent z:Ref="i1"/><STLQualityFine>false</STLQualityFine><SWComponentPIDs xmlns:a="http://schemas.microsoft.com/2003/10/Serialization/Arrays"><a:base64Binary>aEIAAAUAAAD//v8nYwBvAHAAcABlAHIAXwB3AGgAZQBlAGwAXwB3AGkAdABoAF8AYQBkAGEAcAB0AGUAcgBfAHAAYQByAHQALQAxAEAAQQBzAHMAZQBtADEABAAAABAAAAABAAAAAQAAAOcBAAA=</a:base64Binary></SWComponentPIDs><SWMainComponentPID i:nil="true"/><Visual z:Ref="i83"/><isFixedFrame>false</isFixedFrame><isIncomplete>false</isIncomplete></Link><Link z:Id="i135"><Attributes><Attribute z:Id="i136"><AttributeType>name</AttributeType><IsRequired>true</IsRequired><Value i:type="a:string" xmlns:a="http://www.w3.org/2001/XMLSchema">L_wheel</Value></Attribute></Attributes><ChildElements><URDFElement z:Id="i137" i:type="Inertial"><Attributes/><ChildElements><URDFElement z:Id="i138" i:type="Origin"><Attributes><Attribute z:Id="i139"><AttributeType>xyz</AttributeType><IsRequired>true</IsRequired><Value i:type="a:ArrayOfdouble" xmlns:a="http://schemas.microsoft.com/2003/10/Serialization/Arrays"><a:double>-0.00041032411340115663</a:double><a:double>-0.0058199863971911819</a:double><a:double>0.00074761031728983645</a:double></Value></Attribute><Attribute z:Id="i140"><AttributeType>rpy</AttributeType><IsRequired>true</IsRequired><Value i:type="a:ArrayOfdouble" xmlns:a="http://schemas.microsoft.com/2003/10/Serialization/Arrays"><a:double>0</a:double><a:double>0</a:double><a:double>0</a:double></Value></Attribute></Attributes><ChildElements/><ElementName>origin</ElementName><required>false</required><RPYAttribute z:Ref="i140"/><XYZAttribute z:Ref="i139"/><isCustomized>false</isCustomized></URDFElement><URDFElement z:Id="i141" i:type="Mass"><Attributes><Attribute z:Id="i142"><AttributeType>value</AttributeType><IsRequired>true</IsRequired><Value i:type="a:double" xmlns:a="http://www.w3.org/2001/XMLSchema">0.041955149555870666</Value></Attribute></Attributes><ChildElements/><ElementName>mass</ElementName><required>false</required><ValueAttribute z:Ref="i142"/></URDFElement><URDFElement z:Id="i143" i:type="Inertia"><Attributes><Attribute z:Id="i144"><AttributeType>ixx</AttributeType><IsRequired>true</IsRequired><Value i:type="a:double" xmlns:a="http://www.w3.org/2001/XMLSchema">1.8381704642724268E-05</Value></Attribute><Attribute z:Id="i145"><AttributeType>ixy</AttributeType><IsRequired>true</IsRequired><Value i:type="a:double" xmlns:a="http://www.w3.org/2001/XMLSchema">-2.1679157785034641E-10</Value></Attribute><Attribute z:Id="i146"><AttributeType>ixz</AttributeType><IsRequired>true</IsRequired><Value i:type="a:double" xmlns:a="http://www.w3.org/2001/XMLSchema">-1.4898361886727485E-08</Value></Attribute><Attribute z:Id="i147"><AttributeType>iyy</AttributeType><IsRequired>true</IsRequired><Value i:type="a:double" xmlns:a="http://www.w3.org/2001/XMLSchema">3.0919329148921755E-05</Value></Attribute><Attribute z:Id="i148"><AttributeType>iyz</AttributeType><IsRequired>true</IsRequired><Value i:type="a:double" xmlns:a="http://www.w3.org/2001/XMLSchema">3.7187230586482815E-10</Value></Attribute><Attribute z:Id="i149"><AttributeType>izz</AttributeType><IsRequired>true</IsRequired><Value i:type="a:double" xmlns:a="http://www.w3.org/2001/XMLSchema">1.8400043755197284E-05</Value></Attribute></Attributes><ChildElements/><ElementName>inertia</ElementName><required>false</required><IxxAttribute z:Ref="i144"/><IxyAttribute z:Ref="i145"/><IxzAttribute z:Ref="i146"/><IyyAttribute z:Ref="i147"/><IyzAttribute z:Ref="i148"/><IzzAttribute z:Ref="i149"/></URDFElement></ChildElements><ElementName>inertial</ElementName><required>false</required><Inertia z:Ref="i143"/><Mass z:Ref="i141"/><Origin z:Ref="i138"/></URDFElement><URDFElement z:Id="i150" i:type="Visual"><Attributes/><ChildElements><URDFElement z:Id="i151" i:type="Origin"><Attributes><Attribute z:Id="i152"><AttributeType>xyz</AttributeType><IsRequired>true</IsRequired><Value i:type="a:ArrayOfdouble" xmlns:a="http://schemas.microsoft.com/2003/10/Serialization/Arrays"><a:double>0</a:double><a:double>0</a:double><a:double>0</a:double></Value></Attribute><Attribute z:Id="i153"><AttributeType>rpy</AttributeType><IsRequired>true</IsRequired><Value i:type="a:ArrayOfdouble" xmlns:a="http://schemas.microsoft.com/2003/10/Serialization/Arrays"><a:double>0</a:double><a:double>0</a:double><a:double>0</a:double></Value></Attribute></Attributes><ChildElements/><ElementName>origin</ElementName><required>false</required><RPYAttribute z:Ref="i153"/><XYZAttribute z:Ref="i152"/><isCustomized>false</isCustomized></URDFElement><URDFElement z:Id="i154" i:type="Geometry"><Attributes/><ChildElements><URDFElement z:Id="i155" i:type="Mesh"><Attributes><Attribute z:Id="i156"><AttributeType>filename</AttributeType><IsRequired>true</IsRequired><Value i:nil="true"/></Attribute></Attributes><ChildElements/><ElementName>mesh</ElementName><required>false</required><FilenameAttribute z:Ref="i156"/></URDFElement></ChildElements><ElementName>geometry</ElementName><required>true</required><Mesh z:Ref="i155"/></URDFElement><URDFElement z:Id="i157" i:type="Material"><Attributes><Attribute z:Id="i158"><AttributeType>name</AttributeType><IsRequired>true</IsRequired><Value i:type="a:string" xmlns:a="http://www.w3.org/2001/XMLSchema"/></Attribute></Attributes><ChildElements><URDFElement z:Id="i159" i:type="Color"><Attributes><Attribute z:Id="i160"><AttributeType>rgba</AttributeType><IsRequired>true</IsRequired><Value i:type="a:ArrayOfdouble" xmlns:a="http://schemas.microsoft.com/2003/10/Serialization/Arrays"><a:double>0.792156862745098</a:double><a:double>0.81960784313725488</a:double><a:double>0.93333333333333335</a:double><a:double>1</a:double></Value></Attribute></Attributes><ChildElements/><ElementName>color</ElementName><required>false</required><RGBAAttribute z:Ref="i160"/></URDFElement><URDFElement z:Id="i161" i:type="Texture"><Attributes><Attribute z:Id="i162"><AttributeType>filename</AttributeType><IsRequired>true</IsRequired><Value i:nil="true"/></Attribute></Attributes><ChildElements/><ElementName>texture</ElementName><required>false</required><FilenameAttribute z:Ref="i162"/><wFilename/></URDFElement></ChildElements><ElementName>material</ElementName><required>false</required><Color z:Ref="i159"/><NameAttribute z:Ref="i158"/><Texture z:Ref="i161"/></URDFElement></ChildElements><ElementName>visual</ElementName><required>false</required><Geometry z:Ref="i154"/><Material z:Ref="i157"/><Origin z:Ref="i151"/></URDFElement><URDFElement z:Id="i163" i:type="Collision"><Attributes/><ChildElements><URDFElement z:Id="i164" i:type="Origin"><Attributes><Attribute z:Id="i165"><AttributeType>xyz</AttributeType><IsRequired>true</IsRequired><Value i:type="a:ArrayOfdouble" xmlns:a="http://schemas.microsoft.com/2003/10/Serialization/Arrays"><a:double>0</a:double><a:double>0</a:double><a:double>0</a:double></Value></Attribute><Attribute z:Id="i166"><AttributeType>rpy</AttributeType><IsRequired>true</IsRequired><Value i:type="a:ArrayOfdouble" xmlns:a="http://schemas.microsoft.com/2003/10/Serialization/Arrays"><a:double>0</a:double><a:double>0</a:double><a:double>0</a:double></Value></Attribute></Attributes><ChildElements/><ElementName>origin</ElementName><required>false</required><RPYAttribute z:Ref="i166"/><XYZAttribute z:Ref="i165"/><isCustomized>false</isCustomized></URDFElement><URDFElement z:Id="i167" i:type="Geometry"><Attributes/><ChildElements><URDFElement z:Id="i168" i:type="Mesh"><Attributes><Attribute z:Id="i169"><AttributeType>filename</AttributeType><IsRequired>true</IsRequired><Value i:nil="true"/></Attribute></Attributes><ChildElements/><ElementName>mesh</ElementName><required>false</required><FilenameAttribute z:Ref="i169"/></URDFElement></ChildElements><ElementName>geometry</ElementName><required>true</required><Mesh z:Ref="i168"/></URDFElement></ChildElements><ElementName>collision</ElementName><required>false</required><Geometry z:Ref="i167"/><Origin z:Ref="i164"/></URDFElement><URDFElement z:Id="i170" i:type="Joint"><Attributes><Attribute z:Id="i171"><AttributeType>name</AttributeType><IsRequired>true</IsRequired><Value i:type="a:string" xmlns:a="http://www.w3.org/2001/XMLSchema">Lwheel</Value></Attribute><Attribute z:Id="i172"><AttributeType>type</AttributeType><IsRequired>true</IsRequired><Value i:type="a:string" xmlns:a="http://www.w3.org/2001/XMLSchema">continuous</Value></Attribute></Attributes><ChildElements><URDFElement z:Id="i173" i:type="Origin"><Attributes><Attribute z:Id="i174"><AttributeType>xyz</AttributeType><IsRequired>true</IsRequired><Value i:type="a:ArrayOfdouble" xmlns:a="http://schemas.microsoft.com/2003/10/Serialization/Arrays"><a:double>-0.00040439175433133832</a:double><a:double>0.10525110642810892</a:double><a:double>0.025000000000000827</a:double></Value></Attribute><Attribute z:Id="i175"><AttributeType>rpy</AttributeType><IsRequired>true</IsRequired><Value i:type="a:ArrayOfdouble" xmlns:a="http://schemas.microsoft.com/2003/10/Serialization/Arrays"><a:double>0</a:double><a:double>0</a:double><a:double>0</a:double></Value></Attribute></Attributes><ChildElements/><ElementName>origin</ElementName><required>false</required><RPYAttribute z:Ref="i175"/><XYZAttribute z:Ref="i174"/><isCustomized>false</isCustomized></URDFElement><URDFElement z:Id="i176" i:type="ParentLink"><Attributes><Attribute z:Id="i177"><AttributeType>link</AttributeType><IsRequired>true</IsRequired><Value i:type="a:string" xmlns:a="http://www.w3.org/2001/XMLSchema">base_link</Value></Attribute></Attributes><ChildElements/><ElementName>parent</ElementName><required>true</required><NameAttribute z:Ref="i177"/></URDFElement><URDFElement z:Id="i178" i:type="ChildLink"><Attributes><Attribute z:Id="i179"><AttributeType>link</AttributeType><IsRequired>true</IsRequired><Value i:type="a:string" xmlns:a="http://www.w3.org/2001/XMLSchema">L_wheel</Value></Attribute></Attributes><ChildElements/><ElementName>child</ElementName><required>true</required><NameAttribute z:Ref="i179"/></URDFElement><URDFElement z:Id="i180" i:type="Axis"><Attributes><Attribute z:Id="i181"><AttributeType>xyz</AttributeType><IsRequired>true</IsRequired><Value i:type="a:ArrayOfdouble" xmlns:a="http://schemas.microsoft.com/2003/10/Serialization/Arrays"><a:double>0</a:double><a:double>-1</a:double><a:double>0</a:double></Value></Attribute></Attributes><ChildElements/><ElementName>axis</ElementName><required>false</required><XYZAttribute z:Ref="i181"/></URDFElement><URDFElement z:Id="i182" i:type="Limit"><Attributes><Attribute z:Id="i183"><AttributeType>lower</AttributeType><IsRequired>false</IsRequired><Value i:nil="true"/></Attribute><Attribute z:Id="i184"><AttributeType>upper</AttributeType><IsRequired>false</IsRequired><Value i:nil="true"/></Attribute><Attribute z:Id="i185"><AttributeType>effort</AttributeType><IsRequired>true</IsRequired><Value i:nil="true"/></Attribute><Attribute z:Id="i186"><AttributeType>velocity</AttributeType><IsRequired>true</IsRequired><Value i:nil="true"/></Attribute></Attributes><ChildElements/><ElementName>limit</ElementName><required>false</required><EffortAttribute z:Ref="i185"/><LowerAttribute z:Ref="i183"/><UpperAttribute z:Ref="i184"/><VelocityAttribute z:Ref="i186"/></URDFElement><URDFElement z:Id="i187" i:type="Calibration"><Attributes><Attribute z:Id="i188"><AttributeType>rising</AttributeType><IsRequired>false</IsRequired><Value i:nil="true"/></Attribute><Attribute z:Id="i189"><AttributeType>falling</AttributeType><IsRequired>false</IsRequired><Value i:nil="true"/></Attribute></Attributes><ChildElements/><ElementName>calibration</ElementName><required>false</required><FallingAttribute z:Ref="i189"/><RisingAttribute z:Ref="i188"/></URDFElement><URDFElement z:Id="i190" i:type="Dynamics"><Attributes><Attribute z:Id="i191"><AttributeType>damping</AttributeType><IsRequired>false</IsRequired><Value i:nil="true"/></Attribute><Attribute z:Id="i192"><AttributeType>friction</AttributeType><IsRequired>false</IsRequired><Value i:nil="true"/></Attribute></Attributes><ChildElements/><ElementName>dynamics</ElementName><required>false</required><DampingAttribute z:Ref="i191"/><FrictionAttribute z:Ref="i192"/></URDFElement><URDFElement z:Id="i193" i:type="SafetyController"><Attributes><Attribute z:Id="i194"><AttributeType>soft_upper_limit</AttributeType><IsRequired>false</IsRequired><Value i:nil="true"/></Attribute><Attribute z:Id="i195"><AttributeType>soft_lower_limit</AttributeType><IsRequired>false</IsRequired><Value i:nil="true"/></Attribute><Attribute z:Id="i196"><AttributeType>k_position</AttributeType><IsRequired>false</IsRequired><Value i:nil="true"/></Attribute><Attribute z:Id="i197"><AttributeType>k_velocity</AttributeType><IsRequired>true</IsRequired><Value i:nil="true"/></Attribute></Attributes><ChildElements/><ElementName>safety_controller</ElementName><required>false</required><KPositionAttribute z:Ref="i196"/><KVelocityAttribute z:Ref="i197"/><SoftLowerAttribute z:Ref="i195"/><SoftUpperAttribute z:Ref="i194"/></URDFElement><URDFElement z:Id="i198" i:type="Mimic"><Attributes><Attribute z:Id="i199"><AttributeType>joint</AttributeType><IsRequired>true</IsRequired><Value i:nil="true"/></Attribute><Attribute z:Id="i200"><AttributeType>multiplier</AttributeType><IsRequired>false</IsRequired><Value i:nil="true"/></Attribute><Attribute z:Id="i201"><AttributeType>offset</AttributeType><IsRequired>false</IsRequired><Value i:nil="true"/></Attribute></Attributes><ChildElements/><ElementName>mimic</ElementName><required>false</required><JointNameAttribute z:Ref="i199"/><MultiplierAttribute z:Ref="i200"/><OffsetAttribute z:Ref="i201"/></URDFElement></ChildElements><ElementName>joint</ElementName><required>false</required><Axis z:Ref="i180"/><AxisName>Axis_wheel</AxisName><Calibration z:Ref="i187"/><Child z:Ref="i178"/><CoordinateSystemName>L_origin</CoordinateSystemName><Dynamics z:Ref="i190"/><Limit z:Ref="i182"/><Mimic z:Ref="i198"/><NameAttribute z:Ref="i171"/><Origin z:Ref="i173"/><Parent z:Ref="i176"/><Safety z:Ref="i193"/><TypeAttribute z:Ref="i172"/></URDFElement></ChildElements><ElementName>link</ElementName><required>true</required><Children/><Collision z:Ref="i163"/><Inertial z:Ref="i137"/><Joint z:Ref="i170"/><NameAttribute z:Ref="i136"/><Parent z:Ref="i1"/><STLQualityFine>false</STLQualityFine><SWComponentPIDs xmlns:a="http://schemas.microsoft.com/2003/10/Serialization/Arrays"><a:base64Binary>aEIAAAUAAAD//v8nYwBvAHAAcABlAHIAXwB3AGgAZQBlAGwAXwB3AGkAdABoAF8AYQBkAGEAcAB0AGUAcgBfAHAAYQByAHQALQAyAEAAQQBzAHMAZQBtADEABAAAABAAAAABAAAAAQAAAOoBAAA=</a:base64Binary></SWComponentPIDs><SWMainComponentPID i:nil="true"/><Visual z:Ref="i150"/><isFixedFrame>false</isFixedFrame><isIncomplete>false</isIncomplete></Link><Link z:Id="i202"><Attributes><Attribute z:Id="i203"><AttributeType>name</AttributeType><IsRequired>true</IsRequired><Value i:type="a:string" xmlns:a="http://www.w3.org/2001/XMLSchema">Ball_front</Value></Attribute></Attributes><ChildElements><URDFElement z:Id="i204" i:type="Inertial"><Attributes/><ChildElements><URDFElement z:Id="i205" i:type="Origin"><Attributes><Attribute z:Id="i206"><AttributeType>xyz</AttributeType><IsRequired>true</IsRequired><Value i:type="a:ArrayOfdouble" xmlns:a="http://schemas.microsoft.com/2003/10/Serialization/Arrays"><a:double>4.3021142204224816E-16</a:double><a:double>-6.3696315145602561E-06</a:double><a:double>0.0054783181552000987</a:double></Value></Attribute><Attribute z:Id="i207"><AttributeType>rpy</AttributeType><IsRequired>true</IsRequired><Value i:type="a:ArrayOfdouble" xmlns:a="http://schemas.microsoft.com/2003/10/Serialization/Arrays"><a:double>0</a:double><a:double>0</a:double><a:double>0</a:double></Value></Attribute></Attributes><ChildElements/><ElementName>origin</ElementName><required>false</required><RPYAttribute z:Ref="i207"/><XYZAttribute z:Ref="i206"/><isCustomized>false</isCustomized></URDFElement><URDFElement z:Id="i208" i:type="Mass"><Attributes><Attribute z:Id="i209"><AttributeType>value</AttributeType><IsRequired>true</IsRequired><Value i:type="a:double" xmlns:a="http://www.w3.org/2001/XMLSchema">0.0051732918664278843</Value></Attribute></Attributes><ChildElements/><ElementName>mass</ElementName><required>false</required><ValueAttribute z:Ref="i209"/></URDFElement><URDFElement z:Id="i210" i:type="Inertia"><Attributes><Attribute z:Id="i211"><AttributeType>ixx</AttributeType><IsRequired>true</IsRequired><Value i:type="a:double" xmlns:a="http://www.w3.org/2001/XMLSchema">4.82436001286388E-07</Value></Attribute><Attribute z:Id="i212"><AttributeType>ixy</AttributeType><IsRequired>true</IsRequired><Value i:type="a:double" xmlns:a="http://www.w3.org/2001/XMLSchema">6.8036953124099755E-16</Value></Attribute><Attribute z:Id="i213"><AttributeType>ixz</AttributeType><IsRequired>true</IsRequired><Value i:type="a:double" xmlns:a="http://www.w3.org/2001/XMLSchema">7.4471771018533854E-23</Value></Attribute><Attribute z:Id="i214"><AttributeType>iyy</AttributeType><IsRequired>true</IsRequired><Value i:type="a:double" xmlns:a="http://www.w3.org/2001/XMLSchema">2.1717606375324104E-07</Value></Attribute><Attribute z:Id="i215"><AttributeType>iyz</AttributeType><IsRequired>true</IsRequired><Value i:type="a:double" xmlns:a="http://www.w3.org/2001/XMLSchema">2.5529250701518847E-10</Value></Attribute><Attribute z:Id="i216"><AttributeType>izz</AttributeType><IsRequired>true</IsRequired><Value i:type="a:double" xmlns:a="http://www.w3.org/2001/XMLSchema">5.286393882496393E-07</Value></Attribute></Attributes><ChildElements/><ElementName>inertia</ElementName><required>false</required><IxxAttribute z:Ref="i211"/><IxyAttribute z:Ref="i212"/><IxzAttribute z:Ref="i213"/><IyyAttribute z:Ref="i214"/><IyzAttribute z:Ref="i215"/><IzzAttribute z:Ref="i216"/></URDFElement></ChildElements><ElementName>inertial</ElementName><required>false</required><Inertia z:Ref="i210"/><Mass z:Ref="i208"/><Origin z:Ref="i205"/></URDFElement><URDFElement z:Id="i217" i:type="Visual"><Attributes/><ChildElements><URDFElement z:Id="i218" i:type="Origin"><Attributes><Attribute z:Id="i219"><AttributeType>xyz</AttributeType><IsRequired>true</IsRequired><Value i:type="a:ArrayOfdouble" xmlns:a="http://schemas.microsoft.com/2003/10/Serialization/Arrays"><a:double>0</a:double><a:double>0</a:double><a:double>0</a:double></Value></Attribute><Attribute z:Id="i220"><AttributeType>rpy</AttributeType><IsRequired>true</IsRequired><Value i:type="a:ArrayOfdouble" xmlns:a="http://schemas.microsoft.com/2003/10/Serialization/Arrays"><a:double>0</a:double><a:double>0</a:double><a:double>0</a:double></Value></Attribute></Attributes><ChildElements/><ElementName>origin</ElementName><required>false</required><RPYAttribute z:Ref="i220"/><XYZAttribute z:Ref="i219"/><isCustomized>false</isCustomized></URDFElement><URDFElement z:Id="i221" i:type="Geometry"><Attributes/><ChildElements><URDFElement z:Id="i222" i:type="Mesh"><Attributes><Attribute z:Id="i223"><AttributeType>filename</AttributeType><IsRequired>true</IsRequired><Value i:nil="true"/></Attribute></Attributes><ChildElements/><ElementName>mesh</ElementName><required>false</required><FilenameAttribute z:Ref="i223"/></URDFElement></ChildElements><ElementName>geometry</ElementName><required>true</required><Mesh z:Ref="i222"/></URDFElement><URDFElement z:Id="i224" i:type="Material"><Attributes><Attribute z:Id="i225"><AttributeType>name</AttributeType><IsRequired>true</IsRequired><Value i:type="a:string" xmlns:a="http://www.w3.org/2001/XMLSchema"/></Attribute></Attributes><ChildElements><URDFElement z:Id="i226" i:type="Color"><Attributes><Attribute z:Id="i227"><AttributeType>rgba</AttributeType><IsRequired>true</IsRequired><Value i:type="a:ArrayOfdouble" xmlns:a="http://schemas.microsoft.com/2003/10/Serialization/Arrays"><a:double>0.792156862745098</a:double><a:double>0.81960784313725488</a:double><a:double>0.93333333333333335</a:double><a:double>1</a:double></Value></Attribute></Attributes><ChildElements/><ElementName>color</ElementName><required>false</required><RGBAAttribute z:Ref="i227"/></URDFElement><URDFElement z:Id="i228" i:type="Texture"><Attributes><Attribute z:Id="i229"><AttributeType>filename</AttributeType><IsRequired>true</IsRequired><Value i:nil="true"/></Attribute></Attributes><ChildElements/><ElementName>texture</ElementName><required>false</required><FilenameAttribute z:Ref="i229"/><wFilename/></URDFElement></ChildElements><ElementName>material</ElementName><required>false</required><Color z:Ref="i226"/><NameAttribute z:Ref="i225"/><Texture z:Ref="i228"/></URDFElement></ChildElements><ElementName>visual</ElementName><required>false</required><Geometry z:Ref="i221"/><Material z:Ref="i224"/><Origin z:Ref="i218"/></URDFElement><URDFElement z:Id="i230" i:type="Collision"><Attributes/><ChildElements><URDFElement z:Id="i231" i:type="Origin"><Attributes><Attribute z:Id="i232"><AttributeType>xyz</AttributeType><IsRequired>true</IsRequired><Value i:type="a:ArrayOfdouble" xmlns:a="http://schemas.microsoft.com/2003/10/Serialization/Arrays"><a:double>0</a:double><a:double>0</a:double><a:double>0</a:double></Value></Attribute><Attribute z:Id="i233"><AttributeType>rpy</AttributeType><IsRequired>true</IsRequired><Value i:type="a:ArrayOfdouble" xmlns:a="http://schemas.microsoft.com/2003/10/Serialization/Arrays"><a:double>0</a:double><a:double>0</a:double><a:double>0</a:double></Value></Attribute></Attributes><ChildElements/><ElementName>origin</ElementName><required>false</required><RPYAttribute z:Ref="i233"/><XYZAttribute z:Ref="i232"/><isCustomized>false</isCustomized></URDFElement><URDFElement z:Id="i234" i:type="Geometry"><Attributes/><ChildElements><URDFElement z:Id="i235" i:type="Mesh"><Attributes><Attribute z:Id="i236"><AttributeType>filename</AttributeType><IsRequired>true</IsRequired><Value i:nil="true"/></Attribute></Attributes><ChildElements/><ElementName>mesh</ElementName><required>false</required><FilenameAttribute z:Ref="i236"/></URDFElement></ChildElements><ElementName>geometry</ElementName><required>true</required><Mesh z:Ref="i235"/></URDFElement></ChildElements><ElementName>collision</ElementName><required>false</required><Geometry z:Ref="i234"/><Origin z:Ref="i231"/></URDFElement><URDFElement z:Id="i237" i:type="Joint"><Attributes><Attribute z:Id="i238"><AttributeType>name</AttributeType><IsRequired>true</IsRequired><Value i:type="a:string" xmlns:a="http://www.w3.org/2001/XMLSchema">Ballfront</Value></Attribute><Attribute z:Id="i239"><AttributeType>type</AttributeType><IsRequired>true</IsRequired><Value i:type="a:string" xmlns:a="http://www.w3.org/2001/XMLSchema">fixed</Value></Attribute></Attributes><ChildElements><URDFElement z:Id="i240" i:type="Origin"><Attributes><Attribute z:Id="i241"><AttributeType>xyz</AttributeType><IsRequired>true</IsRequired><Value i:type="a:ArrayOfdouble" xmlns:a="http://schemas.microsoft.com/2003/10/Serialization/Arrays"><a:double>0.074595608245668021</a:double><a:double>-0.00018349405514948847</a:double><a:double>-0.00090000000000049069</a:double></Value></Attribute><Attribute z:Id="i242"><AttributeType>rpy</AttributeType><IsRequired>true</IsRequired><Value i:type="a:ArrayOfdouble" xmlns:a="http://schemas.microsoft.com/2003/10/Serialization/Arrays"><a:double>0</a:double><a:double>0</a:double><a:double>0</a:double></Value></Attribute></Attributes><ChildElements/><ElementName>origin</ElementName><required>false</required><RPYAttribute z:Ref="i242"/><XYZAttribute z:Ref="i241"/><isCustomized>false</isCustomized></URDFElement><URDFElement z:Id="i243" i:type="ParentLink"><Attributes><Attribute z:Id="i244"><AttributeType>link</AttributeType><IsRequired>true</IsRequired><Value i:type="a:string" xmlns:a="http://www.w3.org/2001/XMLSchema">base_link</Value></Attribute></Attributes><ChildElements/><ElementName>parent</ElementName><required>true</required><NameAttribute z:Ref="i244"/></URDFElement><URDFElement z:Id="i245" i:type="ChildLink"><Attributes><Attribute z:Id="i246"><AttributeType>link</AttributeType><IsRequired>true</IsRequired><Value i:type="a:string" xmlns:a="http://www.w3.org/2001/XMLSchema">Ball_front</Value></Attribute></Attributes><ChildElements/><ElementName>child</ElementName><required>true</required><NameAttribute z:Ref="i246"/></URDFElement><URDFElement z:Id="i247" i:type="Axis"><Attributes><Attribute z:Id="i248"><AttributeType>xyz</AttributeType><IsRequired>true</IsRequired><Value i:type="a:ArrayOfdouble" xmlns:a="http://schemas.microsoft.com/2003/10/Serialization/Arrays"><a:double>0</a:double><a:double>0</a:double><a:double>0</a:double></Value></Attribute></Attributes><ChildElements/><ElementName>axis</ElementName><required>false</required><XYZAttribute z:Ref="i248"/></URDFElement><URDFElement z:Id="i249" i:type="Limit"><Attributes><Attribute z:Id="i250"><AttributeType>lower</AttributeType><IsRequired>false</IsRequired><Value i:nil="true"/></Attribute><Attribute z:Id="i251"><AttributeType>upper</AttributeType><IsRequired>false</IsRequired><Value i:nil="true"/></Attribute><Attribute z:Id="i252"><AttributeType>effort</AttributeType><IsRequired>true</IsRequired><Value i:nil="true"/></Attribute><Attribute z:Id="i253"><AttributeType>velocity</AttributeType><IsRequired>true</IsRequired><Value i:nil="true"/></Attribute></Attributes><ChildElements/><ElementName>limit</ElementName><required>false</required><EffortAttribute z:Ref="i252"/><LowerAttribute z:Ref="i250"/><UpperAttribute z:Ref="i251"/><VelocityAttribute z:Ref="i253"/></URDFElement><URDFElement z:Id="i254" i:type="Calibration"><Attributes><Attribute z:Id="i255"><AttributeType>rising</AttributeType><IsRequired>false</IsRequired><Value i:nil="true"/></Attribute><Attribute z:Id="i256"><AttributeType>falling</AttributeType><IsRequired>false</IsRequired><Value i:nil="true"/></Attribute></Attributes><ChildElements/><ElementName>calibration</ElementName><required>false</required><FallingAttribute z:Ref="i256"/><RisingAttribute z:Ref="i255"/></URDFElement><URDFElement z:Id="i257" i:type="Dynamics"><Attributes><Attribute z:Id="i258"><AttributeType>damping</AttributeType><IsRequired>false</IsRequired><Value i:nil="true"/></Attribute><Attribute z:Id="i259"><AttributeType>friction</AttributeType><IsRequired>false</IsRequired><Value i:nil="true"/></Attribute></Attributes><ChildElements/><ElementName>dynamics</ElementName><required>false</required><DampingAttribute z:Ref="i258"/><FrictionAttribute z:Ref="i259"/></URDFElement><URDFElement z:Id="i260" i:type="SafetyController"><Attributes><Attribute z:Id="i261"><AttributeType>soft_upper_limit</AttributeType><IsRequired>false</IsRequired><Value i:nil="true"/></Attribute><Attribute z:Id="i262"><AttributeType>soft_lower_limit</AttributeType><IsRequired>false</IsRequired><Value i:nil="true"/></Attribute><Attribute z:Id="i263"><AttributeType>k_position</AttributeType><IsRequired>false</IsRequired><Value i:nil="true"/></Attribute><Attribute z:Id="i264"><AttributeType>k_velocity</AttributeType><IsRequired>true</IsRequired><Value i:nil="true"/></Attribute></Attributes><ChildElements/><ElementName>safety_controller</ElementName><required>false</required><KPositionAttribute z:Ref="i263"/><KVelocityAttribute z:Ref="i264"/><SoftLowerAttribute z:Ref="i262"/><SoftUpperAttribute z:Ref="i261"/></URDFElement><URDFElement z:Id="i265" i:type="Mimic"><Attributes><Attribute z:Id="i266"><AttributeType>joint</AttributeType><IsRequired>true</IsRequired><Value i:nil="true"/></Attribute><Attribute z:Id="i267"><AttributeType>multiplier</AttributeType><IsRequired>false</IsRequired><Value i:nil="true"/></Attribute><Attribute z:Id="i268"><AttributeType>offset</AttributeType><IsRequired>false</IsRequired><Value i:nil="true"/></Attribute></Attributes><ChildElements/><ElementName>mimic</ElementName><required>false</required><JointNameAttribute z:Ref="i266"/><MultiplierAttribute z:Ref="i267"/><OffsetAttribute z:Ref="i268"/></URDFElement></ChildElements><ElementName>joint</ElementName><required>false</required><Axis z:Ref="i247"/><AxisName>Axis_Ballfront</AxisName><Calibration z:Ref="i254"/><Child z:Ref="i245"/><CoordinateSystemName>Front_origin</CoordinateSystemName><Dynamics z:Ref="i257"/><Limit z:Ref="i249"/><Mimic z:Ref="i265"/><NameAttribute z:Ref="i238"/><Origin z:Ref="i240"/><Parent z:Ref="i243"/><Safety z:Ref="i260"/><TypeAttribute z:Ref="i239"/></URDFElement></ChildElements><ElementName>link</ElementName><required>true</required><Children/><Collision z:Ref="i230"/><Inertial z:Ref="i204"/><Joint z:Ref="i237"/><NameAttribute z:Ref="i203"/><Parent z:Ref="i1"/><STLQualityFine>false</STLQualityFine><SWComponentPIDs xmlns:a="http://schemas.microsoft.com/2003/10/Serialization/Arrays"><a:base64Binary>aEIAAAUAAAD//v8uVwA0ADIAMAAgAFUAbgBpAHYAZQByAHMAYQBsACAAUwB0AGUAZQBsACAAQgBhAGwAbAAgAEMAYQBzAHQAZQByAF8AcABhAHIAdAAtADEAQABBAHMAcwBlAG0AMQAEAAAAEAAAAAEAAAABAAAAxQEAAA==</a:base64Binary><a:base64Binary>aEIAAAUAAAD//v8VVwA0ADIAMABfAHMAcABhAGMAZQByAC0AMQAxAEAAQQBzAHMAZQBtADEABAAAABAAAAABAAAAAQAAAIkBAAA=</a:base64Binary><a:base64Binary>aEIAAAUAAAD//v8VVwA0ADIAMABfAHMAcABhAGMAZQByAC0AMQAyAEAAQQBzAHMAZQBtADEABAAAABAAAAABAAAAAQAAAIwBAAA=</a:base64Binary></SWComponentPIDs><SWMainComponentPID i:nil="true"/><Visual z:Ref="i217"/><isFixedFrame>false</isFixedFrame><isIncomplete>false</isIncomplete></Link><Link z:Id="i269"><Attributes><Attribute z:Id="i270"><AttributeType>name</AttributeType><IsRequired>true</IsRequired><Value i:type="a:string" xmlns:a="http://www.w3.org/2001/XMLSchema">Ball_back</Value></Attribute></Attributes><ChildElements><URDFElement z:Id="i271" i:type="Inertial"><Attributes/><ChildElements><URDFElement z:Id="i272" i:type="Origin"><Attributes><Attribute z:Id="i273"><AttributeType>xyz</AttributeType><IsRequired>true</IsRequired><Value i:type="a:ArrayOfdouble" xmlns:a="http://schemas.microsoft.com/2003/10/Serialization/Arrays"><a:double>4.4408920985006262E-16</a:double><a:double>-6.3696315145550519E-06</a:double><a:double>0.0054783181552000987</a:double></Value></Attribute><Attribute z:Id="i274"><AttributeType>rpy</AttributeType><IsRequired>true</IsRequired><Value i:type="a:ArrayOfdouble" xmlns:a="http://schemas.microsoft.com/2003/10/Serialization/Arrays"><a:double>0</a:double><a:double>0</a:double><a:double>0</a:double></Value></Attribute></Attributes><ChildElements/><ElementName>origin</ElementName><required>false</required><RPYAttribute z:Ref="i274"/><XYZAttribute z:Ref="i273"/><isCustomized>false</isCustomized></URDFElement><URDFElement z:Id="i275" i:type="Mass"><Attributes><Attribute z:Id="i276"><AttributeType>value</AttributeType><IsRequired>true</IsRequired><Value i:type="a:double" xmlns:a="http://www.w3.org/2001/XMLSchema">0.0051732918664278808</Value></Attribute></Attributes><ChildElements/><ElementName>mass</ElementName><required>false</required><ValueAttribute z:Ref="i276"/></URDFElement><URDFElement z:Id="i277" i:type="Inertia"><Attributes><Attribute z:Id="i278"><AttributeType>ixx</AttributeType><IsRequired>true</IsRequired><Value i:type="a:double" xmlns:a="http://www.w3.org/2001/XMLSchema">4.8243600128638784E-07</Value></Attribute><Attribute z:Id="i279"><AttributeType>ixy</AttributeType><IsRequired>true</IsRequired><Value i:type="a:double" xmlns:a="http://www.w3.org/2001/XMLSchema">6.8036947997631588E-16</Value></Attribute><Attribute z:Id="i280"><AttributeType>ixz</AttributeType><IsRequired>true</IsRequired><Value i:type="a:double" xmlns:a="http://www.w3.org/2001/XMLSchema">3.0818740879903815E-23</Value></Attribute><Attribute z:Id="i281"><AttributeType>iyy</AttributeType><IsRequired>true</IsRequired><Value i:type="a:double" xmlns:a="http://www.w3.org/2001/XMLSchema">2.1717606375324102E-07</Value></Attribute><Attribute z:Id="i282"><AttributeType>iyz</AttributeType><IsRequired>true</IsRequired><Value i:type="a:double" xmlns:a="http://www.w3.org/2001/XMLSchema">2.5529250701531565E-10</Value></Attribute><Attribute z:Id="i283"><AttributeType>izz</AttributeType><IsRequired>true</IsRequired><Value i:type="a:double" xmlns:a="http://www.w3.org/2001/XMLSchema">5.2863938824963941E-07</Value></Attribute></Attributes><ChildElements/><ElementName>inertia</ElementName><required>false</required><IxxAttribute z:Ref="i278"/><IxyAttribute z:Ref="i279"/><IxzAttribute z:Ref="i280"/><IyyAttribute z:Ref="i281"/><IyzAttribute z:Ref="i282"/><IzzAttribute z:Ref="i283"/></URDFElement></ChildElements><ElementName>inertial</ElementName><required>false</required><Inertia z:Ref="i277"/><Mass z:Ref="i275"/><Origin z:Ref="i272"/></URDFElement><URDFElement z:Id="i284" i:type="Visual"><Attributes/><ChildElements><URDFElement z:Id="i285" i:type="Origin"><Attributes><Attribute z:Id="i286"><AttributeType>xyz</AttributeType><IsRequired>true</IsRequired><Value i:type="a:ArrayOfdouble" xmlns:a="http://schemas.microsoft.com/2003/10/Serialization/Arrays"><a:double>0</a:double><a:double>0</a:double><a:double>0</a:double></Value></Attribute><Attribute z:Id="i287"><AttributeType>rpy</AttributeType><IsRequired>true</IsRequired><Value i:type="a:ArrayOfdouble" xmlns:a="http://schemas.microsoft.com/2003/10/Serialization/Arrays"><a:double>0</a:double><a:double>0</a:double><a:double>0</a:double></Value></Attribute></Attributes><ChildElements/><ElementName>origin</ElementName><required>false</required><RPYAttribute z:Ref="i287"/><XYZAttribute z:Ref="i286"/><isCustomized>false</isCustomized></URDFElement><URDFElement z:Id="i288" i:type="Geometry"><Attributes/><ChildElements><URDFElement z:Id="i289" i:type="Mesh"><Attributes><Attribute z:Id="i290"><AttributeType>filename</AttributeType><IsRequired>true</IsRequired><Value i:nil="true"/></Attribute></Attributes><ChildElements/><ElementName>mesh</ElementName><required>false</required><FilenameAttribute z:Ref="i290"/></URDFElement></ChildElements><ElementName>geometry</ElementName><required>true</required><Mesh z:Ref="i289"/></URDFElement><URDFElement z:Id="i291" i:type="Material"><Attributes><Attribute z:Id="i292"><AttributeType>name</AttributeType><IsRequired>true</IsRequired><Value i:type="a:string" xmlns:a="http://www.w3.org/2001/XMLSchema"/></Attribute></Attributes><ChildElements><URDFElement z:Id="i293" i:type="Color"><Attributes><Attribute z:Id="i294"><AttributeType>rgba</AttributeType><IsRequired>true</IsRequired><Value i:type="a:ArrayOfdouble" xmlns:a="http://schemas.microsoft.com/2003/10/Serialization/Arrays"><a:double>0.792156862745098</a:double><a:double>0.81960784313725488</a:double><a:double>0.93333333333333335</a:double><a:double>1</a:double></Value></Attribute></Attributes><ChildElements/><ElementName>color</ElementName><required>false</required><RGBAAttribute z:Ref="i294"/></URDFElement><URDFElement z:Id="i295" i:type="Texture"><Attributes><Attribute z:Id="i296"><AttributeType>filename</AttributeType><IsRequired>true</IsRequired><Value i:nil="true"/></Attribute></Attributes><ChildElements/><ElementName>texture</ElementName><required>false</required><FilenameAttribute z:Ref="i296"/><wFilename/></URDFElement></ChildElements><ElementName>material</ElementName><required>false</required><Color z:Ref="i293"/><NameAttribute z:Ref="i292"/><Texture z:Ref="i295"/></URDFElement></ChildElements><ElementName>visual</ElementName><required>false</required><Geometry z:Ref="i288"/><Material z:Ref="i291"/><Origin z:Ref="i285"/></URDFElement><URDFElement z:Id="i297" i:type="Collision"><Attributes/><ChildElements><URDFElement z:Id="i298" i:type="Origin"><Attributes><Attribute z:Id="i299"><AttributeType>xyz</AttributeType><IsRequired>true</IsRequired><Value i:type="a:ArrayOfdouble" xmlns:a="http://schemas.microsoft.com/2003/10/Serialization/Arrays"><a:double>0</a:double><a:double>0</a:double><a:double>0</a:double></Value></Attribute><Attribute z:Id="i300"><AttributeType>rpy</AttributeType><IsRequired>true</IsRequired><Value i:type="a:ArrayOfdouble" xmlns:a="http://schemas.microsoft.com/2003/10/Serialization/Arrays"><a:double>0</a:double><a:double>0</a:double><a:double>0</a:double></Value></Attribute></Attributes><ChildElements/><ElementName>origin</ElementName><required>false</required><RPYAttribute z:Ref="i300"/><XYZAttribute z:Ref="i299"/><isCustomized>false</isCustomized></URDFElement><URDFElement z:Id="i301" i:type="Geometry"><Attributes/><ChildElements><URDFElement z:Id="i302" i:type="Mesh"><Attributes><Attribute z:Id="i303"><AttributeType>filename</AttributeType><IsRequired>true</IsRequired><Value i:nil="true"/></Attribute></Attributes><ChildElements/><ElementName>mesh</ElementName><required>false</required><FilenameAttribute z:Ref="i303"/></URDFElement></ChildElements><ElementName>geometry</ElementName><required>true</required><Mesh z:Ref="i302"/></URDFElement></ChildElements><ElementName>collision</ElementName><required>false</required><Geometry z:Ref="i301"/><Origin z:Ref="i298"/></URDFElement><URDFElement z:Id="i304" i:type="Joint"><Attributes><Attribute z:Id="i305"><AttributeType>name</AttributeType><IsRequired>true</IsRequired><Value i:type="a:string" xmlns:a="http://www.w3.org/2001/XMLSchema">Ballback</Value></Attribute><Attribute z:Id="i306"><AttributeType>type</AttributeType><IsRequired>true</IsRequired><Value i:type="a:string" xmlns:a="http://www.w3.org/2001/XMLSchema">fixed</Value></Attribute></Attributes><ChildElements><URDFElement z:Id="i307" i:type="Origin"><Attributes><Attribute z:Id="i308"><AttributeType>xyz</AttributeType><IsRequired>true</IsRequired><Value i:type="a:ArrayOfdouble" xmlns:a="http://schemas.microsoft.com/2003/10/Serialization/Arrays"><a:double>-0.07540439175433207</a:double><a:double>-0.00018349405514943296</a:double><a:double>-0.00090000000000049069</a:double></Value></Attribute><Attribute z:Id="i309"><AttributeType>rpy</AttributeType><IsRequired>true</IsRequired><Value i:type="a:ArrayOfdouble" xmlns:a="http://schemas.microsoft.com/2003/10/Serialization/Arrays"><a:double>0</a:double><a:double>0</a:double><a:double>0</a:double></Value></Attribute></Attributes><ChildElements/><ElementName>origin</ElementName><required>false</required><RPYAttribute z:Ref="i309"/><XYZAttribute z:Ref="i308"/><isCustomized>false</isCustomized></URDFElement><URDFElement z:Id="i310" i:type="ParentLink"><Attributes><Attribute z:Id="i311"><AttributeType>link</AttributeType><IsRequired>true</IsRequired><Value i:type="a:string" xmlns:a="http://www.w3.org/2001/XMLSchema">base_link</Value></Attribute></Attributes><ChildElements/><ElementName>parent</ElementName><required>true</required><NameAttribute z:Ref="i311"/></URDFElement><URDFElement z:Id="i312" i:type="ChildLink"><Attributes><Attribute z:Id="i313"><AttributeType>link</AttributeType><IsRequired>true</IsRequired><Value i:type="a:string" xmlns:a="http://www.w3.org/2001/XMLSchema">Ball_back</Value></Attribute></Attributes><ChildElements/><ElementName>child</ElementName><required>true</required><NameAttribute z:Ref="i313"/></URDFElement><URDFElement z:Id="i314" i:type="Axis"><Attributes><Attribute z:Id="i315"><AttributeType>xyz</AttributeType><IsRequired>true</IsRequired><Value i:type="a:ArrayOfdouble" xmlns:a="http://schemas.microsoft.com/2003/10/Serialization/Arrays"><a:double>0</a:double><a:double>0</a:double><a:double>0</a:double></Value></Attribute></Attributes><ChildElements/><ElementName>axis</ElementName><required>false</required><XYZAttribute z:Ref="i315"/></URDFElement><URDFElement z:Id="i316" i:type="Limit"><Attributes><Attribute z:Id="i317"><AttributeType>lower</AttributeType><IsRequired>false</IsRequired><Value i:nil="true"/></Attribute><Attribute z:Id="i318"><AttributeType>upper</AttributeType><IsRequired>false</IsRequired><Value i:nil="true"/></Attribute><Attribute z:Id="i319"><AttributeType>effort</AttributeType><IsRequired>true</IsRequired><Value i:nil="true"/></Attribute><Attribute z:Id="i320"><AttributeType>velocity</AttributeType><IsRequired>true</IsRequired><Value i:nil="true"/></Attribute></Attributes><ChildElements/><ElementName>limit</ElementName><required>false</required><EffortAttribute z:Ref="i319"/><LowerAttribute z:Ref="i317"/><UpperAttribute z:Ref="i318"/><VelocityAttribute z:Ref="i320"/></URDFElement><URDFElement z:Id="i321" i:type="Calibration"><Attributes><Attribute z:Id="i322"><AttributeType>rising</AttributeType><IsRequired>false</IsRequired><Value i:nil="true"/></Attribute><Attribute z:Id="i323"><AttributeType>falling</AttributeType><IsRequired>false</IsRequired><Value i:nil="true"/></Attribute></Attributes><ChildElements/><ElementName>calibration</ElementName><required>false</required><FallingAttribute z:Ref="i323"/><RisingAttribute z:Ref="i322"/></URDFElement><URDFElement z:Id="i324" i:type="Dynamics"><Attributes><Attribute z:Id="i325"><AttributeType>damping</AttributeType><IsRequired>false</IsRequired><Value i:nil="true"/></Attribute><Attribute z:Id="i326"><AttributeType>friction</AttributeType><IsRequired>false</IsRequired><Value i:nil="true"/></Attribute></Attributes><ChildElements/><ElementName>dynamics</ElementName><required>false</required><DampingAttribute z:Ref="i325"/><FrictionAttribute z:Ref="i326"/></URDFElement><URDFElement z:Id="i327" i:type="SafetyController"><Attributes><Attribute z:Id="i328"><AttributeType>soft_upper_limit</AttributeType><IsRequired>false</IsRequired><Value i:nil="true"/></Attribute><Attribute z:Id="i329"><AttributeType>soft_lower_limit</AttributeType><IsRequired>false</IsRequired><Value i:nil="true"/></Attribute><Attribute z:Id="i330"><AttributeType>k_position</AttributeType><IsRequired>false</IsRequired><Value i:nil="true"/></Attribute><Attribute z:Id="i331"><AttributeType>k_velocity</AttributeType><IsRequired>true</IsRequired><Value i:nil="true"/></Attribute></Attributes><ChildElements/><ElementName>safety_controller</ElementName><required>false</required><KPositionAttribute z:Ref="i330"/><KVelocityAttribute z:Ref="i331"/><SoftLowerAttribute z:Ref="i329"/><SoftUpperAttribute z:Ref="i328"/></URDFElement><URDFElement z:Id="i332" i:type="Mimic"><Attributes><Attribute z:Id="i333"><AttributeType>joint</AttributeType><IsRequired>true</IsRequired><Value i:nil="true"/></Attribute><Attribute z:Id="i334"><AttributeType>multiplier</AttributeType><IsRequired>false</IsRequired><Value i:nil="true"/></Attribute><Attribute z:Id="i335"><AttributeType>offset</AttributeType><IsRequired>false</IsRequired><Value i:nil="true"/></Attribute></Attributes><ChildElements/><ElementName>mimic</ElementName><required>false</required><JointNameAttribute z:Ref="i333"/><MultiplierAttribute z:Ref="i334"/><OffsetAttribute z:Ref="i335"/></URDFElement></ChildElements><ElementName>joint</ElementName><required>false</required><Axis z:Ref="i314"/><AxisName>Axis_Ballback</AxisName><Calibration z:Ref="i321"/><Child z:Ref="i312"/><CoordinateSystemName>Back_origin</CoordinateSystemName><Dynamics z:Ref="i324"/><Limit z:Ref="i316"/><Mimic z:Ref="i332"/><NameAttribute z:Ref="i305"/><Origin z:Ref="i307"/><Parent z:Ref="i310"/><Safety z:Ref="i327"/><TypeAttribute z:Ref="i306"/></URDFElement></ChildElements><ElementName>link</ElementName><required>true</required><Children/><Collision z:Ref="i297"/><Inertial z:Ref="i271"/><Joint z:Ref="i304"/><NameAttribute z:Ref="i270"/><Parent z:Ref="i1"/><STLQualityFine>false</STLQualityFine><SWComponentPIDs xmlns:a="http://schemas.microsoft.com/2003/10/Serialization/Arrays"><a:base64Binary>aEIAAAUAAAD//v8uVwA0ADIAMAAgAFUAbgBpAHYAZQByAHMAYQBsACAAUwB0AGUAZQBsACAAQgBhAGwAbAAgAEMAYQBzAHQAZQByAF8AcABhAHIAdAAtADIAQABBAHMAcwBlAG0AMQAEAAAAEAAAAAEAAAABAAAA1AEAAA==</a:base64Binary><a:base64Binary>aEIAAAUAAAD//v8VVwA0ADIAMABfAHMAcABhAGMAZQByAC0AMQAzAEAAQQBzAHMAZQBtADEABAAAABAAAAABAAAAAQAAALABAAA=</a:base64Binary><a:base64Binary>aEIAAAUAAAD//v8VVwA0ADIAMABfAHMAcABhAGMAZQByAC0AMQA0AEAAQQBzAHMAZQBtADEABAAAABAAAAABAAAAAQAAALMBAAA=</a:base64Binary></SWComponentPIDs><SWMainComponentPID i:nil="true"/><Visual z:Ref="i284"/><isFixedFrame>false</isFixedFrame><isIncomplete>false</isIncomplete></Link><Link z:Id="i336"><Attributes><Attribute z:Id="i337"><AttributeType>name</AttributeType><IsRequired>true</IsRequired><Value i:type="a:string" xmlns:a="http://www.w3.org/2001/XMLSchema">Lidar</Value></Attribute></Attributes><ChildElements><URDFElement z:Id="i338" i:type="Inertial"><Attributes/><ChildElements><URDFElement z:Id="i339" i:type="Origin"><Attributes><Attribute z:Id="i340"><AttributeType>xyz</AttributeType><IsRequired>true</IsRequired><Value i:type="a:ArrayOfdouble" xmlns:a="http://schemas.microsoft.com/2003/10/Serialization/Arrays"><a:double>0.014841507975136892</a:double><a:double>0.00032514886472106985</a:double><a:double>-0.021153620814164303</a:double></Value></Attribute><Attribute z:Id="i341"><AttributeType>rpy</AttributeType><IsRequired>true</IsRequired><Value i:type="a:ArrayOfdouble" xmlns:a="http://schemas.microsoft.com/2003/10/Serialization/Arrays"><a:double>0</a:double><a:double>0</a:double><a:double>0</a:double></Value></Attribute></Attributes><ChildElements/><ElementName>origin</ElementName><required>false</required><RPYAttribute z:Ref="i341"/><XYZAttribute z:Ref="i340"/><isCustomized>false</isCustomized></URDFElement><URDFElement z:Id="i342" i:type="Mass"><Attributes><Attribute z:Id="i343"><AttributeType>value</AttributeType><IsRequired>true</IsRequired><Value i:type="a:double" xmlns:a="http://www.w3.org/2001/XMLSchema">0.031240912686132945</Value></Attribute></Attributes><ChildElements/><ElementName>mass</ElementName><required>false</required><ValueAttribute z:Ref="i343"/></URDFElement><URDFElement z:Id="i344" i:type="Inertia"><Attributes><Attribute z:Id="i345"><AttributeType>ixx</AttributeType><IsRequired>true</IsRequired><Value i:type="a:double" xmlns:a="http://www.w3.org/2001/XMLSchema">8.8777123437312462E-06</Value></Attribute><Attribute z:Id="i346"><AttributeType>ixy</AttributeType><IsRequired>true</IsRequired><Value i:type="a:double" xmlns:a="http://www.w3.org/2001/XMLSchema">-1.3131458506388292E-07</Value></Attribute><Attribute z:Id="i347"><AttributeType>ixz</AttributeType><IsRequired>true</IsRequired><Value i:type="a:double" xmlns:a="http://www.w3.org/2001/XMLSchema">1.1330956162686753E-07</Value></Attribute><Attribute z:Id="i348"><AttributeType>iyy</AttributeType><IsRequired>true</IsRequired><Value i:type="a:double" xmlns:a="http://www.w3.org/2001/XMLSchema">1.4493553041837992E-05</Value></Attribute><Attribute z:Id="i349"><AttributeType>iyz</AttributeType><IsRequired>true</IsRequired><Value i:type="a:double" xmlns:a="http://www.w3.org/2001/XMLSchema">3.3673144047220935E-08</Value></Attribute><Attribute z:Id="i350"><AttributeType>izz</AttributeType><IsRequired>true</IsRequired><Value i:type="a:double" xmlns:a="http://www.w3.org/2001/XMLSchema">2.2528909807592927E-05</Value></Attribute></Attributes><ChildElements/><ElementName>inertia</ElementName><required>false</required><IxxAttribute z:Ref="i345"/><IxyAttribute z:Ref="i346"/><IxzAttribute z:Ref="i347"/><IyyAttribute z:Ref="i348"/><IyzAttribute z:Ref="i349"/><IzzAttribute z:Ref="i350"/></URDFElement></ChildElements><ElementName>inertial</ElementName><required>false</required><Inertia z:Ref="i344"/><Mass z:Ref="i342"/><Origin z:Ref="i339"/></URDFElement><URDFElement z:Id="i351" i:type="Visual"><Attributes/><ChildElements><URDFElement z:Id="i352" i:type="Origin"><Attributes><Attribute z:Id="i353"><AttributeType>xyz</AttributeType><IsRequired>true</IsRequired><Value i:type="a:ArrayOfdouble" xmlns:a="http://schemas.microsoft.com/2003/10/Serialization/Arrays"><a:double>0</a:double><a:double>0</a:double><a:double>0</a:double></Value></Attribute><Attribute z:Id="i354"><AttributeType>rpy</AttributeType><IsRequired>true</IsRequired><Value i:type="a:ArrayOfdouble" xmlns:a="http://schemas.microsoft.com/2003/10/Serialization/Arrays"><a:double>0</a:double><a:double>0</a:double><a:double>0</a:double></Value></Attribute></Attributes><ChildElements/><ElementName>origin</ElementName><required>false</required><RPYAttribute z:Ref="i354"/><XYZAttribute z:Ref="i353"/><isCustomized>false</isCustomized></URDFElement><URDFElement z:Id="i355" i:type="Geometry"><Attributes/><ChildElements><URDFElement z:Id="i356" i:type="Mesh"><Attributes><Attribute z:Id="i357"><AttributeType>filename</AttributeType><IsRequired>true</IsRequired><Value i:nil="true"/></Attribute></Attributes><ChildElements/><ElementName>mesh</ElementName><required>false</required><FilenameAttribute z:Ref="i357"/></URDFElement></ChildElements><ElementName>geometry</ElementName><required>true</required><Mesh z:Ref="i356"/></URDFElement><URDFElement z:Id="i358" i:type="Material"><Attributes><Attribute z:Id="i359"><AttributeType>name</AttributeType><IsRequired>true</IsRequired><Value i:type="a:string" xmlns:a="http://www.w3.org/2001/XMLSchema"/></Attribute></Attributes><ChildElements><URDFElement z:Id="i360" i:type="Color"><Attributes><Attribute z:Id="i361"><AttributeType>rgba</AttributeType><IsRequired>true</IsRequired><Value i:type="a:ArrayOfdouble" xmlns:a="http://schemas.microsoft.com/2003/10/Serialization/Arrays"><a:double>0.792156862745098</a:double><a:double>0.81960784313725488</a:double><a:double>0.93333333333333335</a:double><a:double>1</a:double></Value></Attribute></Attributes><ChildElements/><ElementName>color</ElementName><required>false</required><RGBAAttribute z:Ref="i361"/></URDFElement><URDFElement z:Id="i362" i:type="Texture"><Attributes><Attribute z:Id="i363"><AttributeType>filename</AttributeType><IsRequired>true</IsRequired><Value i:nil="true"/></Attribute></Attributes><ChildElements/><ElementName>texture</ElementName><required>false</required><FilenameAttribute z:Ref="i363"/><wFilename/></URDFElement></ChildElements><ElementName>material</ElementName><required>false</required><Color z:Ref="i360"/><NameAttribute z:Ref="i359"/><Texture z:Ref="i362"/></URDFElement></ChildElements><ElementName>visual</ElementName><required>false</required><Geometry z:Ref="i355"/><Material z:Ref="i358"/><Origin z:Ref="i352"/></URDFElement><URDFElement z:Id="i364" i:type="Collision"><Attributes/><ChildElements><URDFElement z:Id="i365" i:type="Origin"><Attributes><Attribute z:Id="i366"><AttributeType>xyz</AttributeType><IsRequired>true</IsRequired><Value i:type="a:ArrayOfdouble" xmlns:a="http://schemas.microsoft.com/2003/10/Serialization/Arrays"><a:double>0</a:double><a:double>0</a:double><a:double>0</a:double></Value></Attribute><Attribute z:Id="i367"><AttributeType>rpy</AttributeType><IsRequired>true</IsRequired><Value i:type="a:ArrayOfdouble" xmlns:a="http://schemas.microsoft.com/2003/10/Serialization/Arrays"><a:double>0</a:double><a:double>0</a:double><a:double>0</a:double></Value></Attribute></Attributes><ChildElements/><ElementName>origin</ElementName><required>false</required><RPYAttribute z:Ref="i367"/><XYZAttribute z:Ref="i366"/><isCustomized>false</isCustomized></URDFElement><URDFElement z:Id="i368" i:type="Geometry"><Attributes/><ChildElements><URDFElement z:Id="i369" i:type="Mesh"><Attributes><Attribute z:Id="i370"><AttributeType>filename</AttributeType><IsRequired>true</IsRequired><Value i:nil="true"/></Attribute></Attributes><ChildElements/><ElementName>mesh</ElementName><required>false</required><FilenameAttribute z:Ref="i370"/></URDFElement></ChildElements><ElementName>geometry</ElementName><required>true</required><Mesh z:Ref="i369"/></URDFElement></ChildElements><ElementName>collision</ElementName><required>false</required><Geometry z:Ref="i368"/><Origin z:Ref="i365"/></URDFElement><URDFElement z:Id="i371" i:type="Joint"><Attributes><Attribute z:Id="i372"><AttributeType>name</AttributeType><IsRequired>true</IsRequired><Value i:type="a:string" xmlns:a="http://www.w3.org/2001/XMLSchema">Lidar</Value></Attribute><Attribute z:Id="i373"><AttributeType>type</AttributeType><IsRequired>true</IsRequired><Value i:type="a:string" xmlns:a="http://www.w3.org/2001/XMLSchema">continuous</Value></Attribute></Attributes><ChildElements><URDFElement z:Id="i374" i:type="Origin"><Attributes><Attribute z:Id="i375"><AttributeType>xyz</AttributeType><IsRequired>true</IsRequired><Value i:type="a:ArrayOfdouble" xmlns:a="http://schemas.microsoft.com/2003/10/Serialization/Arrays"><a:double>-0.0068640499973873781</a:double><a:double>-0.00013029331516768022</a:double><a:double>0.1721</a:double></Value></Attribute><Attribute z:Id="i376"><AttributeType>rpy</AttributeType><IsRequired>true</IsRequired><Value i:type="a:ArrayOfdouble" xmlns:a="http://schemas.microsoft.com/2003/10/Serialization/Arrays"><a:double>0</a:double><a:double>0</a:double><a:double>0</a:double></Value></Attribute></Attributes><ChildElements/><ElementName>origin</ElementName><required>false</required><RPYAttribute z:Ref="i376"/><XYZAttribute z:Ref="i375"/><isCustomized>false</isCustomized></URDFElement><URDFElement z:Id="i377" i:type="ParentLink"><Attributes><Attribute z:Id="i378"><AttributeType>link</AttributeType><IsRequired>true</IsRequired><Value i:type="a:string" xmlns:a="http://www.w3.org/2001/XMLSchema">base_link</Value></Attribute></Attributes><ChildElements/><ElementName>parent</ElementName><required>true</required><NameAttribute z:Ref="i378"/></URDFElement><URDFElement z:Id="i379" i:type="ChildLink"><Attributes><Attribute z:Id="i380"><AttributeType>link</AttributeType><IsRequired>true</IsRequired><Value i:type="a:string" xmlns:a="http://www.w3.org/2001/XMLSchema">Lidar</Value></Attribute></Attributes><ChildElements/><ElementName>child</ElementName><required>true</required><NameAttribute z:Ref="i380"/></URDFElement><URDFElement z:Id="i381" i:type="Axis"><Attributes><Attribute z:Id="i382"><AttributeType>xyz</AttributeType><IsRequired>true</IsRequired><Value i:type="a:ArrayOfdouble" xmlns:a="http://schemas.microsoft.com/2003/10/Serialization/Arrays"><a:double>0</a:double><a:double>0</a:double><a:double>1</a:double></Value></Attribute></Attributes><ChildElements/><ElementName>axis</ElementName><required>false</required><XYZAttribute z:Ref="i382"/></URDFElement><URDFElement z:Id="i383" i:type="Limit"><Attributes><Attribute z:Id="i384"><AttributeType>lower</AttributeType><IsRequired>false</IsRequired><Value i:nil="true"/></Attribute><Attribute z:Id="i385"><AttributeType>upper</AttributeType><IsRequired>false</IsRequired><Value i:nil="true"/></Attribute><Attribute z:Id="i386"><AttributeType>effort</AttributeType><IsRequired>true</IsRequired><Value i:nil="true"/></Attribute><Attribute z:Id="i387"><AttributeType>velocity</AttributeType><IsRequired>true</IsRequired><Value i:nil="true"/></Attribute></Attributes><ChildElements/><ElementName>limit</ElementName><required>false</required><EffortAttribute z:Ref="i386"/><LowerAttribute z:Ref="i384"/><UpperAttribute z:Ref="i385"/><VelocityAttribute z:Ref="i387"/></URDFElement><URDFElement z:Id="i388" i:type="Calibration"><Attributes><Attribute z:Id="i389"><AttributeType>rising</AttributeType><IsRequired>false</IsRequired><Value i:nil="true"/></Attribute><Attribute z:Id="i390"><AttributeType>falling</AttributeType><IsRequired>false</IsRequired><Value i:nil="true"/></Attribute></Attributes><ChildElements/><ElementName>calibration</ElementName><required>false</required><FallingAttribute z:Ref="i390"/><RisingAttribute z:Ref="i389"/></URDFElement><URDFElement z:Id="i391" i:type="Dynamics"><Attributes><Attribute z:Id="i392"><AttributeType>damping</AttributeType><IsRequired>false</IsRequired><Value i:nil="true"/></Attribute><Attribute z:Id="i393"><AttributeType>friction</AttributeType><IsRequired>false</IsRequired><Value i:nil="true"/></Attribute></Attributes><ChildElements/><ElementName>dynamics</ElementName><required>false</required><DampingAttribute z:Ref="i392"/><FrictionAttribute z:Ref="i393"/></URDFElement><URDFElement z:Id="i394" i:type="SafetyController"><Attributes><Attribute z:Id="i395"><AttributeType>soft_upper_limit</AttributeType><IsRequired>false</IsRequired><Value i:nil="true"/></Attribute><Attribute z:Id="i396"><AttributeType>soft_lower_limit</AttributeType><IsRequired>false</IsRequired><Value i:nil="true"/></Attribute><Attribute z:Id="i397"><AttributeType>k_position</AttributeType><IsRequired>false</IsRequired><Value i:nil="true"/></Attribute><Attribute z:Id="i398"><AttributeType>k_velocity</AttributeType><IsRequired>true</IsRequired><Value i:nil="true"/></Attribute></Attributes><ChildElements/><ElementName>safety_controller</ElementName><required>false</required><KPositionAttribute z:Ref="i397"/><KVelocityAttribute z:Ref="i398"/><SoftLowerAttribute z:Ref="i396"/><SoftUpperAttribute z:Ref="i395"/></URDFElement><URDFElement z:Id="i399" i:type="Mimic"><Attributes><Attribute z:Id="i400"><AttributeType>joint</AttributeType><IsRequired>true</IsRequired><Value i:nil="true"/></Attribute><Attribute z:Id="i401"><AttributeType>multiplier</AttributeType><IsRequired>false</IsRequired><Value i:nil="true"/></Attribute><Attribute z:Id="i402"><AttributeType>offset</AttributeType><IsRequired>false</IsRequired><Value i:nil="true"/></Attribute></Attributes><ChildElements/><ElementName>mimic</ElementName><required>false</required><JointNameAttribute z:Ref="i400"/><MultiplierAttribute z:Ref="i401"/><OffsetAttribute z:Ref="i402"/></URDFElement></ChildElements><ElementName>joint</ElementName><required>false</required><Axis z:Ref="i381"/><AxisName>lidar_axis</AxisName><Calibration z:Ref="i388"/><Child z:Ref="i379"/><CoordinateSystemName>lidar_origin</CoordinateSystemName><Dynamics z:Ref="i391"/><Limit z:Ref="i383"/><Mimic z:Ref="i399"/><NameAttribute z:Ref="i372"/><Origin z:Ref="i374"/><Parent z:Ref="i377"/><Safety z:Ref="i394"/><TypeAttribute z:Ref="i373"/></URDFElement></ChildElements><ElementName>link</ElementName><required>true</required><Children/><Collision z:Ref="i364"/><Inertial z:Ref="i338"/><Joint z:Ref="i371"/><NameAttribute z:Ref="i337"/><Parent z:Ref="i1"/><STLQualityFine>false</STLQualityFine><SWComponentPIDs xmlns:a="http://schemas.microsoft.com/2003/10/Serialization/Arrays"><a:base64Binary>aEIAAAUAAAD//v8WWAAzAF8ATABpAGQAYQByAF8AcABhAHIAdAAtADEAQABBAHMAcwBlAG0AMQAEAAAAEAAAAAEAAAABAAAAAAIAAA==</a:base64Binary></SWComponentPIDs><SWMainComponentPID i:nil="true"/><Visual z:Ref="i351"/><isFixedFrame>false</isFixedFrame><isIncomplete>false</isIncomplete></Link><Link z:Id="i403"><Attributes><Attribute z:Id="i404"><AttributeType>name</AttributeType><IsRequired>true</IsRequired><Value i:type="a:string" xmlns:a="http://www.w3.org/2001/XMLSchema">imu_link</Value></Attribute></Attributes><ChildElements><URDFElement z:Id="i405" i:type="Inertial"><Attributes/><ChildElements><URDFElement z:Id="i406" i:type="Origin"><Attributes><Attribute z:Id="i407"><AttributeType>xyz</AttributeType><IsRequired>true</IsRequired><Value i:type="a:ArrayOfdouble" xmlns:a="http://schemas.microsoft.com/2003/10/Serialization/Arrays"><a:double>-0.0023881254577059249</a:double><a:double>-0.00015720661935611849</a:double><a:double>-0.0022906513677181523</a:double></Value></Attribute><Attribute z:Id="i408"><AttributeType>rpy</AttributeType><IsRequired>true</IsRequired><Value i:type="a:ArrayOfdouble" xmlns:a="http://schemas.microsoft.com/2003/10/Serialization/Arrays"><a:double>0</a:double><a:double>0</a:double><a:double>0</a:double></Value></Attribute></Attributes><ChildElements/><ElementName>origin</ElementName><required>false</required><RPYAttribute z:Ref="i408"/><XYZAttribute z:Ref="i407"/><isCustomized>false</isCustomized></URDFElement><URDFElement z:Id="i409" i:type="Mass"><Attributes><Attribute z:Id="i410"><AttributeType>value</AttributeType><IsRequired>true</IsRequired><Value i:type="a:double" xmlns:a="http://www.w3.org/2001/XMLSchema">0.00067387693895371633</Value></Attribute></Attributes><ChildElements/><ElementName>mass</ElementName><required>false</required><ValueAttribute z:Ref="i410"/></URDFElement><URDFElement z:Id="i411" i:type="Inertia"><Attributes><Attribute z:Id="i412"><AttributeType>ixx</AttributeType><IsRequired>true</IsRequired><Value i:type="a:double" xmlns:a="http://www.w3.org/2001/XMLSchema">2.192972647974984E-08</Value></Attribute><Attribute z:Id="i413"><AttributeType>ixy</AttributeType><IsRequired>true</IsRequired><Value i:type="a:double" xmlns:a="http://www.w3.org/2001/XMLSchema">-2.8297776906535545E-14</Value></Attribute><Attribute z:Id="i414"><AttributeType>ixz</AttributeType><IsRequired>true</IsRequired><Value i:type="a:double" xmlns:a="http://www.w3.org/2001/XMLSchema">-2.6953030967516435E-14</Value></Attribute><Attribute z:Id="i415"><AttributeType>iyy</AttributeType><IsRequired>true</IsRequired><Value i:type="a:double" xmlns:a="http://www.w3.org/2001/XMLSchema">9.3345918426693768E-09</Value></Attribute><Attribute z:Id="i416"><AttributeType>iyz</AttributeType><IsRequired>true</IsRequired><Value i:type="a:double" xmlns:a="http://www.w3.org/2001/XMLSchema">-1.1632652646648228E-14</Value></Attribute><Attribute z:Id="i417"><AttributeType>izz</AttributeType><IsRequired>true</IsRequired><Value i:type="a:double" xmlns:a="http://www.w3.org/2001/XMLSchema">2.9883497839707469E-08</Value></Attribute></Attributes><ChildElements/><ElementName>inertia</ElementName><required>false</required><IxxAttribute z:Ref="i412"/><IxyAttribute z:Ref="i413"/><IxzAttribute z:Ref="i414"/><IyyAttribute z:Ref="i415"/><IyzAttribute z:Ref="i416"/><IzzAttribute z:Ref="i417"/></URDFElement></ChildElements><ElementName>inertial</ElementName><required>false</required><Inertia z:Ref="i411"/><Mass z:Ref="i409"/><Origin z:Ref="i406"/></URDFElement><URDFElement z:Id="i418" i:type="Visual"><Attributes/><ChildElements><URDFElement z:Id="i419" i:type="Origin"><Attributes><Attribute z:Id="i420"><AttributeType>xyz</AttributeType><IsRequired>true</IsRequired><Value i:type="a:ArrayOfdouble" xmlns:a="http://schemas.microsoft.com/2003/10/Serialization/Arrays"><a:double>0</a:double><a:double>0</a:double><a:double>0</a:double></Value></Attribute><Attribute z:Id="i421"><AttributeType>rpy</AttributeType><IsRequired>true</IsRequired><Value i:type="a:ArrayOfdouble" xmlns:a="http://schemas.microsoft.com/2003/10/Serialization/Arrays"><a:double>0</a:double><a:double>0</a:double><a:double>0</a:double></Value></Attribute></Attributes><ChildElements/><ElementName>origin</ElementName><required>false</required><RPYAttribute z:Ref="i421"/><XYZAttribute z:Ref="i420"/><isCustomized>false</isCustomized></URDFElement><URDFElement z:Id="i422" i:type="Geometry"><Attributes/><ChildElements><URDFElement z:Id="i423" i:type="Mesh"><Attributes><Attribute z:Id="i424"><AttributeType>filename</AttributeType><IsRequired>true</IsRequired><Value i:nil="true"/></Attribute></Attributes><ChildElements/><ElementName>mesh</ElementName><required>false</required><FilenameAttribute z:Ref="i424"/></URDFElement></ChildElements><ElementName>geometry</ElementName><required>true</required><Mesh z:Ref="i423"/></URDFElement><URDFElement z:Id="i425" i:type="Material"><Attributes><Attribute z:Id="i426"><AttributeType>name</AttributeType><IsRequired>true</IsRequired><Value i:type="a:string" xmlns:a="http://www.w3.org/2001/XMLSchema"/></Attribute></Attributes><ChildElements><URDFElement z:Id="i427" i:type="Color"><Attributes><Attribute z:Id="i428"><AttributeType>rgba</AttributeType><IsRequired>true</IsRequired><Value i:type="a:ArrayOfdouble" xmlns:a="http://schemas.microsoft.com/2003/10/Serialization/Arrays"><a:double>0.792156862745098</a:double><a:double>0.81960784313725488</a:double><a:double>0.93333333333333335</a:double><a:double>1</a:double></Value></Attribute></Attributes><ChildElements/><ElementName>color</ElementName><required>false</required><RGBAAttribute z:Ref="i428"/></URDFElement><URDFElement z:Id="i429" i:type="Texture"><Attributes><Attribute z:Id="i430"><AttributeType>filename</AttributeType><IsRequired>true</IsRequired><Value i:nil="true"/></Attribute></Attributes><ChildElements/><ElementName>texture</ElementName><required>false</required><FilenameAttribute z:Ref="i430"/><wFilename/></URDFElement></ChildElements><ElementName>material</ElementName><required>false</required><Color z:Ref="i427"/><NameAttribute z:Ref="i426"/><Texture z:Ref="i429"/></URDFElement></ChildElements><ElementName>visual</ElementName><required>false</required><Geometry z:Ref="i422"/><Material z:Ref="i425"/><Origin z:Ref="i419"/></URDFElement><URDFElement z:Id="i431" i:type="Collision"><Attributes/><ChildElements><URDFElement z:Id="i432" i:type="Origin"><Attributes><Attribute z:Id="i433"><AttributeType>xyz</AttributeType><IsRequired>true</IsRequired><Value i:type="a:ArrayOfdouble" xmlns:a="http://schemas.microsoft.com/2003/10/Serialization/Arrays"><a:double>0</a:double><a:double>0</a:double><a:double>0</a:double></Value></Attribute><Attribute z:Id="i434"><AttributeType>rpy</AttributeType><IsRequired>true</IsRequired><Value i:type="a:ArrayOfdouble" xmlns:a="http://schemas.microsoft.com/2003/10/Serialization/Arrays"><a:double>0</a:double><a:double>0</a:double><a:double>0</a:double></Value></Attribute></Attributes><ChildElements/><ElementName>origin</ElementName><required>false</required><RPYAttribute z:Ref="i434"/><XYZAttribute z:Ref="i433"/><isCustomized>false</isCustomized></URDFElement><URDFElement z:Id="i435" i:type="Geometry"><Attributes/><ChildElements><URDFElement z:Id="i436" i:type="Mesh"><Attributes><Attribute z:Id="i437"><AttributeType>filename</AttributeType><IsRequired>true</IsRequired><Value i:nil="true"/></Attribute></Attributes><ChildElements/><ElementName>mesh</ElementName><required>false</required><FilenameAttribute z:Ref="i437"/></URDFElement></ChildElements><ElementName>geometry</ElementName><required>true</required><Mesh z:Ref="i436"/></URDFElement></ChildElements><ElementName>collision</ElementName><required>false</required><Geometry z:Ref="i435"/><Origin z:Ref="i432"/></URDFElement><URDFElement z:Id="i438" i:type="Joint"><Attributes><Attribute z:Id="i439"><AttributeType>name</AttributeType><IsRequired>true</IsRequired><Value i:type="a:string" xmlns:a="http://www.w3.org/2001/XMLSchema">imu</Value></Attribute><Attribute z:Id="i440"><AttributeType>type</AttributeType><IsRequired>true</IsRequired><Value i:type="a:string" xmlns:a="http://www.w3.org/2001/XMLSchema">fixed</Value></Attribute></Attributes><ChildElements><URDFElement z:Id="i441" i:type="Origin"><Attributes><Attribute z:Id="i442"><AttributeType>xyz</AttributeType><IsRequired>true</IsRequired><Value i:type="a:ArrayOfdouble" xmlns:a="http://schemas.microsoft.com/2003/10/Serialization/Arrays"><a:double>-0.00494016789724259</a:double><a:double>-0.036990916273756426</a:double><a:double>0.11451999998799492</a:double></Value></Attribute><Attribute z:Id="i443"><AttributeType>rpy</AttributeType><IsRequired>true</IsRequired><Value i:type="a:ArrayOfdouble" xmlns:a="http://schemas.microsoft.com/2003/10/Serialization/Arrays"><a:double>0</a:double><a:double>0</a:double><a:double>0</a:double></Value></Attribute></Attributes><ChildElements/><ElementName>origin</ElementName><required>false</required><RPYAttribute z:Ref="i443"/><XYZAttribute z:Ref="i442"/><isCustomized>false</isCustomized></URDFElement><URDFElement z:Id="i444" i:type="ParentLink"><Attributes><Attribute z:Id="i445"><AttributeType>link</AttributeType><IsRequired>true</IsRequired><Value i:type="a:string" xmlns:a="http://www.w3.org/2001/XMLSchema">base_link</Value></Attribute></Attributes><ChildElements/><ElementName>parent</ElementName><required>true</required><NameAttribute z:Ref="i445"/></URDFElement><URDFElement z:Id="i446" i:type="ChildLink"><Attributes><Attribute z:Id="i447"><AttributeType>link</AttributeType><IsRequired>true</IsRequired><Value i:type="a:string" xmlns:a="http://www.w3.org/2001/XMLSchema">imu_link</Value></Attribute></Attributes><ChildElements/><ElementName>child</ElementName><required>true</required><NameAttribute z:Ref="i447"/></URDFElement><URDFElement z:Id="i448" i:type="Axis"><Attributes><Attribute z:Id="i449"><AttributeType>xyz</AttributeType><IsRequired>true</IsRequired><Value i:type="a:ArrayOfdouble" xmlns:a="http://schemas.microsoft.com/2003/10/Serialization/Arrays"><a:double>0</a:double><a:double>0</a:double><a:double>0</a:double></Value></Attribute></Attributes><ChildElements/><ElementName>axis</ElementName><required>false</required><XYZAttribute z:Ref="i449"/></URDFElement><URDFElement z:Id="i450" i:type="Limit"><Attributes><Attribute z:Id="i451"><AttributeType>lower</AttributeType><IsRequired>false</IsRequired><Value i:nil="true"/></Attribute><Attribute z:Id="i452"><AttributeType>upper</AttributeType><IsRequired>false</IsRequired><Value i:nil="true"/></Attribute><Attribute z:Id="i453"><AttributeType>effort</AttributeType><IsRequired>true</IsRequired><Value i:nil="true"/></Attribute><Attribute z:Id="i454"><AttributeType>velocity</AttributeType><IsRequired>true</IsRequired><Value i:nil="true"/></Attribute></Attributes><ChildElements/><ElementName>limit</ElementName><required>false</required><EffortAttribute z:Ref="i453"/><LowerAttribute z:Ref="i451"/><UpperAttribute z:Ref="i452"/><VelocityAttribute z:Ref="i454"/></URDFElement><URDFElement z:Id="i455" i:type="Calibration"><Attributes><Attribute z:Id="i456"><AttributeType>rising</AttributeType><IsRequired>false</IsRequired><Value i:nil="true"/></Attribute><Attribute z:Id="i457"><AttributeType>falling</AttributeType><IsRequired>false</IsRequired><Value i:nil="true"/></Attribute></Attributes><ChildElements/><ElementName>calibration</ElementName><required>false</required><FallingAttribute z:Ref="i457"/><RisingAttribute z:Ref="i456"/></URDFElement><URDFElement z:Id="i458" i:type="Dynamics"><Attributes><Attribute z:Id="i459"><AttributeType>damping</AttributeType><IsRequired>false</IsRequired><Value i:nil="true"/></Attribute><Attribute z:Id="i460"><AttributeType>friction</AttributeType><IsRequired>false</IsRequired><Value i:nil="true"/></Attribute></Attributes><ChildElements/><ElementName>dynamics</ElementName><required>false</required><DampingAttribute z:Ref="i459"/><FrictionAttribute z:Ref="i460"/></URDFElement><URDFElement z:Id="i461" i:type="SafetyController"><Attributes><Attribute z:Id="i462"><AttributeType>soft_upper_limit</AttributeType><IsRequired>false</IsRequired><Value i:nil="true"/></Attribute><Attribute z:Id="i463"><AttributeType>soft_lower_limit</AttributeType><IsRequired>false</IsRequired><Value i:nil="true"/></Attribute><Attribute z:Id="i464"><AttributeType>k_position</AttributeType><IsRequired>false</IsRequired><Value i:nil="true"/></Attribute><Attribute z:Id="i465"><AttributeType>k_velocity</AttributeType><IsRequired>true</IsRequired><Value i:nil="true"/></Attribute></Attributes><ChildElements/><ElementName>safety_controller</ElementName><required>false</required><KPositionAttribute z:Ref="i464"/><KVelocityAttribute z:Ref="i465"/><SoftLowerAttribute z:Ref="i463"/><SoftUpperAttribute z:Ref="i462"/></URDFElement><URDFElement z:Id="i466" i:type="Mimic"><Attributes><Attribute z:Id="i467"><AttributeType>joint</AttributeType><IsRequired>true</IsRequired><Value i:nil="true"/></Attribute><Attribute z:Id="i468"><AttributeType>multiplier</AttributeType><IsRequired>false</IsRequired><Value i:nil="true"/></Attribute><Attribute z:Id="i469"><AttributeType>offset</AttributeType><IsRequired>false</IsRequired><Value i:nil="true"/></Attribute></Attributes><ChildElements/><ElementName>mimic</ElementName><required>false</required><JointNameAttribute z:Ref="i467"/><MultiplierAttribute z:Ref="i468"/><OffsetAttribute z:Ref="i469"/></URDFElement></ChildElements><ElementName>joint</ElementName><required>false</required><Axis z:Ref="i448"/><AxisName>Axis_imu</AxisName><Calibration z:Ref="i455"/><Child z:Ref="i446"/><CoordinateSystemName>imu_origin</CoordinateSystemName><Dynamics z:Ref="i458"/><Limit z:Ref="i450"/><Mimic z:Ref="i466"/><NameAttribute z:Ref="i439"/><Origin z:Ref="i441"/><Parent z:Ref="i444"/><Safety z:Ref="i461"/><TypeAttribute z:Ref="i440"/></URDFElement></ChildElements><ElementName>link</ElementName><required>true</required><Children/><Collision z:Ref="i431"/><Inertial z:Ref="i405"/><Joint z:Ref="i438"/><NameAttribute z:Ref="i404"/><Parent z:Ref="i1"/><STLQualityFine>false</STLQualityFine><SWComponentPIDs xmlns:a="http://schemas.microsoft.com/2003/10/Serialization/Arrays"><a:base64Binary>aEIAAAUAAAD//v8VTQBQAFUANgAwADUAMABfAG4AdQBkAGUALQAxAEAAQQBzAHMAZQBtADEABAAAABAAAAABAAAAAQAAAPwBAAA=</a:base64Binary></SWComponentPIDs><SWMainComponentPID i:nil="true"/><Visual z:Ref="i418"/><isFixedFrame>false</isFixedFrame><isIncomplete>false</isIncomplete></Link></Children><Collision z:Ref="i29"/><Inertial z:Ref="i3"/><Joint z:Ref="i36"/><NameAttribute z:Ref="i2"/><Parent i:nil="true"/><STLQualityFine>false</STLQualityFine><SWComponentPIDs xmlns:a="http://schemas.microsoft.com/2003/10/Serialization/Arrays"><a:base64Binary>aEIAAAUAAAD//v8ScgBiAG8AdABfAGIAYQBzAGUALQAxAEAAQQBzAHMAZQBtADEABAAAABAAAAABAAAAAQAAABgAAAA=</a:base64Binary><a:base64Binary>aEIAAAUAAAD//v8sYwB1AG0ATQBvAHQAbwByAC0AMgBAAEEAcwBzAGUAbQAxAC8ASgBHAEEAMgA1AC0AMwA3ADEALQBtAG8AdQBuAHQALQAxAEAAYwB1AG0ATQBvAHQAbwByAAQAAAAQAAAAAQAAAAIAAAAdAAAAHAAAAA==</a:base64Binary><a:base64Binary>aEIAAAUAAAD//v83YwB1AG0ATQBvAHQAbwByAC0AMgBAAEEAcwBzAGUAbQAxAC8ASgBHAEEAMgA1AC0AMwA3ADEAXwAxADIAVgBEAEMAXwAyADUAMABSAFAATQAuAHMAdABwAC0AMQBAAGMAdQBtAE0AbwB0AG8AcgAEAAAAEAAAAAEAAAACAAAAHQAAABkAAAA=</a:base64Binary><a:base64Binary>aEIAAAUAAAD//v8sYwB1AG0ATQBvAHQAbwByAC0AMQBAAEEAcwBzAGUAbQAxAC8ASgBHAEEAMgA1AC0AMwA3ADEALQBtAG8AdQBuAHQALQAxAEAAYwB1AG0ATQBvAHQAbwByAAQAAAAQAAAAAQAAAAIAAAAZAAAAHAAAAA==</a:base64Binary><a:base64Binary>aEIAAAUAAAD//v83YwB1AG0ATQBvAHQAbwByAC0AMQBAAEEAcwBzAGUAbQAxAC8ASgBHAEEAMgA1AC0AMwA3ADEAXwAxADIAVgBEAEMAXwAyADUAMABSAFAATQAuAHMAdABwAC0AMQBAAGMAdQBtAE0AbwB0AG8AcgAEAAAAEAAAAAEAAAACAAAAGQAAABkAAAA=</a:base64Binary><a:base64Binary>aEIAAAUAAAD//v8UcgBiAG8AdABfAGwAYQB5AGUAcgAxAC0AMgBAAEEAcwBzAGUAbQAxAAQAAAAQAAAAAQAAAAEAAABtAAAA</a:base64Binary><a:base64Binary>aEIAAAUAAAD//v8tQQBiAHMAdABhAG4AZABoAGEAbAB0AGUAcgAgAE0AMwAgAEkARwAtAEEARwAgADMAMABtAG0AKwA2AG0AbQAgAHAAYQByAHQALQA3AEAAQQBzAHMAZQBtADEABAAAABAAAAABAAAAAQAAAEEBAAA=</a:base64Binary><a:base64Binary>aEIAAAUAAAD//v8tQQBiAHMAdABhAG4AZABoAGEAbAB0AGUAcgAgAE0AMwAgAEkARwAtAEEARwAgADMAMABtAG0AKwA2AG0AbQAgAHAAYQByAHQALQA4AEAAQQBzAHMAZQBtADEABAAAABAAAAABAAAAAQAAAEQBAAA=</a:base64Binary><a:base64Binary>aEIAAAUAAAD//v8UcgBiAG8AdABfAGwAYQB5AGUAcgAzAC0AMQBAAEEAcwBzAGUAbQAxAAQAAAAQAAAAAQAAAAEAAABxAAAA</a:base64Binary><a:base64Binary>aEIAAAUAAAD//v8tQQBiAHMAdABhAG4AZABoAGEAbAB0AGUAcgAgAE0AMwAgAEkARwAtAEEARwAgADMAMABtAG0AKwA2AG0AbQAgAHAAYQByAHQALQAzAEAAQQBzAHMAZQBtADEABAAAABAAAAABAAAAAQAAADIBAAA=</a:base64Binary><a:base64Binary>aEIAAAUAAAD//v8UcgBiAG8AdABfAGwAYQB5AGUAcgAyAC0AMQBAAEEAcwBzAGUAbQAxAAQAAAAQAAAAAQAAAAEAAACCAAAA</a:base64Binary><a:base64Binary>aEIAAAUAAAD//v8tQQBiAHMAdABhAG4AZABoAGEAbAB0AGUAcgAgAE0AMwAgAEkARwAtAEEARwAgADMAMABtAG0AKwA2AG0AbQAgAHAAYQByAHQALQA0AEAAQQBzAHMAZQBtADEABAAAABAAAAABAAAAAQAAADUBAAA=</a:base64Binary><a:base64Binary>aEIAAAUAAAD//v8tQQBiAHMAdABhAG4AZABoAGEAbAB0AGUAcgAgAE0AMwAgAEkARwAtAEEARwAgADUAMABtAG0AKwA2AG0AbQAgAHAAYQByAHQALQAzAEAAQQBzAHMAZQBtADEABAAAABAAAAABAAAAAQAAACABAAA=</a:base64Binary><a:base64Binary>aEIAAAUAAAD//v8tQQBiAHMAdABhAG4AZABoAGEAbAB0AGUAcgAgAE0AMwAgAEkARwAtAEEARwAgADUAMABtAG0AKwA2AG0AbQAgAHAAYQByAHQALQAyAEAAQQBzAHMAZQBtADEABAAAABAAAAABAAAAAQAAAB0BAAA=</a:base64Binary><a:base64Binary>aEIAAAUAAAD//v8tQQBiAHMAdABhAG4AZABoAGEAbAB0AGUAcgAgAE0AMwAgAEkARwAtAEEARwAgADUAMABtAG0AKwA2AG0AbQAgAHAAYQByAHQALQAxAEAAQQBzAHMAZQBtADEABAAAABAAAAABAAAAAQAAABoBAAA=</a:base64Binary><a:base64Binary>aEIAAAUAAAD//v8tQQBiAHMAdABhAG4AZABoAGEAbAB0AGUAcgAgAE0AMwAgAEkARwAtAEEARwAgADMAMABtAG0AKwA2AG0AbQAgAHAAYQByAHQALQAyAEAAQQBzAHMAZQBtADEABAAAABAAAAABAAAAAQAAAC8BAAA=</a:base64Binary><a:base64Binary>aEIAAAUAAAD//v8tQQBiAHMAdABhAG4AZABoAGEAbAB0AGUAcgAgAE0AMwAgAEkARwAtAEEARwAgADMAMABtAG0AKwA2AG0AbQAgAHAAYQByAHQALQA2AEAAQQBzAHMAZQBtADEABAAAABAAAAABAAAAAQAAAD4BAAA=</a:base64Binary><a:base64Binary>aEIAAAUAAAD//v8tQQBiAHMAdABhAG4AZABoAGEAbAB0AGUAcgAgAE0AMwAgAEkARwAtAEEARwAgADUAMABtAG0AKwA2AG0AbQAgAHAAYQByAHQALQA0AEAAQQBzAHMAZQBtADEABAAAABAAAAABAAAAAQAAACMBAAA=</a:base64Binary><a:base64Binary>aEIAAAUAAAD//v8tQQBiAHMAdABhAG4AZABoAGEAbAB0AGUAcgAgAE0AMwAgAEkARwAtAEEARwAgADMAMABtAG0AKwA2AG0AbQAgAHAAYQByAHQALQAxAEAAQQBzAHMAZQBtADEABAAAABAAAAABAAAAAQAAACkBAAA=</a:base64Binary><a:base64Binary>aEIAAAUAAAD//v8tQQBiAHMAdABhAG4AZABoAGEAbAB0AGUAcgAgAE0AMwAgAEkARwAtAEEARwAgADMAMABtAG0AKwA2AG0AbQAgAHAAYQByAHQALQA1AEAAQQBzAHMAZQBtADEABAAAABAAAAABAAAAAQAAADsBAAA=</a:base64Binary><a:base64Binary>aEIAAAUAAAD//v8UcgBiAG8AdABfAHcAYQBzAGgAZQByAC0ANQBAAEEAcwBzAGUAbQAxAAQAAAAQAAAAAQAAAAEAAADqAAAA</a:base64Binary><a:base64Binary>aEIAAAUAAAD//v8TTAAyADkAOABOAF8AcABhAHIAdAAtADEAQABBAHMAcwBlAG0AMQAEAAAAEAAAAAEAAAABAAAA6QAAAA==</a:base64Binary><a:base64Binary>aEIAAAUAAAD//v8UcgBiAG8AdABfAHcAYQBzAGgAZQByAC0ANgBAAEEAcwBzAGUAbQAxAAQAAAAQAAAAAQAAAAEAAADtAAAA</a:base64Binary><a:base64Binary>aEIAAAUAAAD//v8UcgBiAG8AdABfAHcAYQBzAGgAZQByAC0ANwBAAEEAcwBzAGUAbQAxAAQAAAAQAAAAAQAAAAEAAADwAAAA</a:base64Binary><a:base64Binary>aEIAAAUAAAD//v8VcgBiAG8AdABfAHcAYQBzAGgAZQByAC0AMQA0AEAAQQBzAHMAZQBtADEABAAAABAAAAABAAAAAQAAAFQBAAA=</a:base64Binary><a:base64Binary>aEIAAAUAAAD//v8VcgBiAG8AdABfAHcAYQBzAGgAZQByAC0AMQAxAEAAQQBzAHMAZQBtADEABAAAABAAAAABAAAAAQAAAEsBAAA=</a:base64Binary><a:base64Binary>aEIAAAUAAAD//v8hTABUAEMAIAAzADcAOAAwACAATQB1AGQAdQBsAGUAIAB2ADEAMQAgAHAAYQByAHQALQAxAEAAQQBzAHMAZQBtADEABAAAABAAAAABAAAAAQAAAEoBAAA=</a:base64Binary><a:base64Binary>aEIAAAUAAAD//v8VcgBiAG8AdABfAHcAYQBzAGgAZQByAC0AMQAwAEAAQQBzAHMAZQBtADEABAAAABAAAAABAAAAAQAAAPcAAAA=</a:base64Binary><a:base64Binary>aEIAAAUAAAD//v8VcgBiAG8AdABfAHcAYQBzAGgAZQByAC0AMQAzAEAAQQBzAHMAZQBtADEABAAAABAAAAABAAAAAQAAAFEBAAA=</a:base64Binary><a:base64Binary>aEIAAAUAAAD//v8VcgBiAG8AdABfAHcAYQBzAGgAZQByAC0AMQAyAEAAQQBzAHMAZQBtADEABAAAABAAAAABAAAAAQAAAE4BAAA=</a:base64Binary><a:base64Binary>aEIAAAUAAAD//v8tYQBiAHMAdABhAG4AZABoAGEAbAB0AGUAcgAgAG0AMwAgAGkAZwAtAGEAZwAgADIAMABtAG0AKwA2AG0AbQAgAHAAYQByAHQALQAxAEAAQQBzAHMAZQBtADEABAAAABAAAAABAAAAAQAAAPYBAAA=</a:base64Binary><a:base64Binary>aEIAAAUAAAD//v8tYQBiAHMAdABhAG4AZABoAGEAbAB0AGUAcgAgAG0AMwAgAGkAZwAtAGEAZwAgADIAMABtAG0AKwA2AG0AbQAgAHAAYQByAHQALQAyAEAAQQBzAHMAZQBtADEABAAAABAAAAABAAAAAQAAAPkBAAA=</a:base64Binary></SWComponentPIDs><SWMainComponentPID i:nil="true"/><Visual z:Ref="i16"/><isFixedFrame>false</isFixedFrame><isIncomplete>false</isIncomplete></Link>
2025-04-28 06:54:21,417 INFO  LinkNode.cs: 35 - Building node base_link
2025-04-28 06:54:21,419 INFO  LinkNode.cs: 35 - Building node R_wheel
2025-04-28 06:54:21,419 INFO  LinkNode.cs: 35 - Building node L_wheel
2025-04-28 06:54:21,429 INFO  LinkNode.cs: 35 - Building node Ball_front
2025-04-28 06:54:21,429 INFO  LinkNode.cs: 35 - Building node Ball_back
2025-04-28 06:54:21,429 INFO  LinkNode.cs: 35 - Building node Lidar
2025-04-28 06:54:21,429 INFO  LinkNode.cs: 35 - Building node imu_link
2025-04-28 06:54:21,432 INFO  CommonSwOperations.cs: 221 - Loading SolidWorks components for base_link from C:\Users\Duc\OneDrive\3. STUDY\UNIVERSITY\4th YEAR - sem 1\PROJ ON ROBOOTIC\model3D\OldModel\assem1.SLDASM
2025-04-28 06:54:21,432 INFO  CommonSwOperations.cs: 245 - Loading component with PID hB     ???r b o t _ b a s e - 1 @ A s s e m 1                
2025-04-28 06:54:21,494 INFO  CommonSwOperations.cs: 254 - Successfully loaded component C:\Users\Duc\OneDrive\3. STUDY\UNIVERSITY\4th YEAR - sem 1\PROJ ON ROBOOTIC\model3D\OldModel\rbot_base.SLDPRT
2025-04-28 06:54:21,497 INFO  CommonSwOperations.cs: 245 - Loading component with PID hB     ???,c u m M o t o r - 2 @ A s s e m 1 / J G A 2 5 - 3 7 1 - m o u n t - 1 @ c u m M o t o r                   
2025-04-28 06:54:21,497 INFO  CommonSwOperations.cs: 254 - Successfully loaded component C:\Users\Duc\OneDrive\3. STUDY\UNIVERSITY\4th YEAR - sem 1\PROJ ON ROBOOTIC\model3D\OldModel\JGA25-371-mount.SLDPRT
2025-04-28 06:54:21,497 INFO  CommonSwOperations.cs: 245 - Loading component with PID hB     ???7c u m M o t o r - 2 @ A s s e m 1 / J G A 2 5 - 3 7 1 _ 1 2 V D C _ 2 5 0 R P M . s t p - 1 @ c u m M o t o r                   
2025-04-28 06:54:21,497 INFO  CommonSwOperations.cs: 254 - Successfully loaded component C:\Users\Duc\OneDrive\3. STUDY\UNIVERSITY\4th YEAR - sem 1\PROJ ON ROBOOTIC\model3D\OldModel\JGA25-371_12VDC_250RPM.stp.SLDPRT
2025-04-28 06:54:21,499 INFO  CommonSwOperations.cs: 245 - Loading component with PID hB     ???,c u m M o t o r - 1 @ A s s e m 1 / J G A 2 5 - 3 7 1 - m o u n t - 1 @ c u m M o t o r                   
2025-04-28 06:54:21,499 INFO  CommonSwOperations.cs: 254 - Successfully loaded component C:\Users\Duc\OneDrive\3. STUDY\UNIVERSITY\4th YEAR - sem 1\PROJ ON ROBOOTIC\model3D\OldModel\JGA25-371-mount.SLDPRT
2025-04-28 06:54:21,499 INFO  CommonSwOperations.cs: 245 - Loading component with PID hB     ???7c u m M o t o r - 1 @ A s s e m 1 / J G A 2 5 - 3 7 1 _ 1 2 V D C _ 2 5 0 R P M . s t p - 1 @ c u m M o t o r                   
2025-04-28 06:54:21,499 INFO  CommonSwOperations.cs: 254 - Successfully loaded component C:\Users\Duc\OneDrive\3. STUDY\UNIVERSITY\4th YEAR - sem 1\PROJ ON ROBOOTIC\model3D\OldModel\JGA25-371_12VDC_250RPM.stp.SLDPRT
2025-04-28 06:54:21,502 INFO  CommonSwOperations.cs: 245 - Loading component with PID hB     ???r b o t _ l a y e r 1 - 2 @ A s s e m 1             m   
2025-04-28 06:54:21,502 INFO  CommonSwOperations.cs: 254 - Successfully loaded component C:\Users\Duc\OneDrive\3. STUDY\UNIVERSITY\4th YEAR - sem 1\PROJ ON ROBOOTIC\model3D\OldModel\rbot_layer1.SLDPRT
2025-04-28 06:54:21,502 INFO  CommonSwOperations.cs: 245 - Loading component with PID hB     ???-A b s t a n d h a l t e r   M 3   I G - A G   3 0 m m + 6 m m   p a r t - 7 @ A s s e m 1             A  
2025-04-28 06:54:21,502 INFO  CommonSwOperations.cs: 254 - Successfully loaded component C:\Users\Duc\OneDrive\3. STUDY\UNIVERSITY\4th YEAR - sem 1\PROJ ON ROBOOTIC\model3D\OldModel\STANDOFF PART\Abstandhalter M3 IG-AG 30mm+6mm part.SLDPRT
2025-04-28 06:54:21,502 INFO  CommonSwOperations.cs: 245 - Loading component with PID hB     ???-A b s t a n d h a l t e r   M 3   I G - A G   3 0 m m + 6 m m   p a r t - 8 @ A s s e m 1             D  
2025-04-28 06:54:21,502 INFO  CommonSwOperations.cs: 254 - Successfully loaded component C:\Users\Duc\OneDrive\3. STUDY\UNIVERSITY\4th YEAR - sem 1\PROJ ON ROBOOTIC\model3D\OldModel\STANDOFF PART\Abstandhalter M3 IG-AG 30mm+6mm part.SLDPRT
2025-04-28 06:54:21,502 INFO  CommonSwOperations.cs: 245 - Loading component with PID hB     ???r b o t _ l a y e r 3 - 1 @ A s s e m 1             q   
2025-04-28 06:54:21,504 INFO  CommonSwOperations.cs: 254 - Successfully loaded component C:\Users\Duc\OneDrive\3. STUDY\UNIVERSITY\4th YEAR - sem 1\PROJ ON ROBOOTIC\model3D\OldModel\rbot_layer3.SLDPRT
2025-04-28 06:54:21,504 INFO  CommonSwOperations.cs: 245 - Loading component with PID hB     ???-A b s t a n d h a l t e r   M 3   I G - A G   3 0 m m + 6 m m   p a r t - 3 @ A s s e m 1             2  
2025-04-28 06:54:21,504 INFO  CommonSwOperations.cs: 254 - Successfully loaded component C:\Users\Duc\OneDrive\3. STUDY\UNIVERSITY\4th YEAR - sem 1\PROJ ON ROBOOTIC\model3D\OldModel\STANDOFF PART\Abstandhalter M3 IG-AG 30mm+6mm part.SLDPRT
2025-04-28 06:54:21,504 INFO  CommonSwOperations.cs: 245 - Loading component with PID hB     ???r b o t _ l a y e r 2 - 1 @ A s s e m 1             ?   
2025-04-28 06:54:21,504 INFO  CommonSwOperations.cs: 254 - Successfully loaded component C:\Users\Duc\OneDrive\3. STUDY\UNIVERSITY\4th YEAR - sem 1\PROJ ON ROBOOTIC\model3D\OldModel\rbot_layer2.SLDPRT
2025-04-28 06:54:21,504 INFO  CommonSwOperations.cs: 245 - Loading component with PID hB     ???-A b s t a n d h a l t e r   M 3   I G - A G   3 0 m m + 6 m m   p a r t - 4 @ A s s e m 1             5  
2025-04-28 06:54:21,504 INFO  CommonSwOperations.cs: 254 - Successfully loaded component C:\Users\Duc\OneDrive\3. STUDY\UNIVERSITY\4th YEAR - sem 1\PROJ ON ROBOOTIC\model3D\OldModel\STANDOFF PART\Abstandhalter M3 IG-AG 30mm+6mm part.SLDPRT
2025-04-28 06:54:21,504 INFO  CommonSwOperations.cs: 245 - Loading component with PID hB     ???-A b s t a n d h a l t e r   M 3   I G - A G   5 0 m m + 6 m m   p a r t - 3 @ A s s e m 1                
2025-04-28 06:54:21,507 INFO  CommonSwOperations.cs: 254 - Successfully loaded component C:\Users\Duc\OneDrive\3. STUDY\UNIVERSITY\4th YEAR - sem 1\PROJ ON ROBOOTIC\model3D\OldModel\STANDOFF PART\Abstandhalter M3 IG-AG 50mm+6mm part.SLDPRT
2025-04-28 06:54:21,507 INFO  CommonSwOperations.cs: 245 - Loading component with PID hB     ???-A b s t a n d h a l t e r   M 3   I G - A G   5 0 m m + 6 m m   p a r t - 2 @ A s s e m 1               
2025-04-28 06:54:21,508 INFO  CommonSwOperations.cs: 254 - Successfully loaded component C:\Users\Duc\OneDrive\3. STUDY\UNIVERSITY\4th YEAR - sem 1\PROJ ON ROBOOTIC\model3D\OldModel\STANDOFF PART\Abstandhalter M3 IG-AG 50mm+6mm part.SLDPRT
2025-04-28 06:54:21,508 INFO  CommonSwOperations.cs: 245 - Loading component with PID hB     ???-A b s t a n d h a l t e r   M 3   I G - A G   5 0 m m + 6 m m   p a r t - 1 @ A s s e m 1               
2025-04-28 06:54:21,511 INFO  CommonSwOperations.cs: 254 - Successfully loaded component C:\Users\Duc\OneDrive\3. STUDY\UNIVERSITY\4th YEAR - sem 1\PROJ ON ROBOOTIC\model3D\OldModel\STANDOFF PART\Abstandhalter M3 IG-AG 50mm+6mm part.SLDPRT
2025-04-28 06:54:21,511 INFO  CommonSwOperations.cs: 245 - Loading component with PID hB     ???-A b s t a n d h a l t e r   M 3   I G - A G   3 0 m m + 6 m m   p a r t - 2 @ A s s e m 1             /  
2025-04-28 06:54:21,511 INFO  CommonSwOperations.cs: 254 - Successfully loaded component C:\Users\Duc\OneDrive\3. STUDY\UNIVERSITY\4th YEAR - sem 1\PROJ ON ROBOOTIC\model3D\OldModel\STANDOFF PART\Abstandhalter M3 IG-AG 30mm+6mm part.SLDPRT
2025-04-28 06:54:21,511 INFO  CommonSwOperations.cs: 245 - Loading component with PID hB     ???-A b s t a n d h a l t e r   M 3   I G - A G   3 0 m m + 6 m m   p a r t - 6 @ A s s e m 1             >  
2025-04-28 06:54:21,511 INFO  CommonSwOperations.cs: 254 - Successfully loaded component C:\Users\Duc\OneDrive\3. STUDY\UNIVERSITY\4th YEAR - sem 1\PROJ ON ROBOOTIC\model3D\OldModel\STANDOFF PART\Abstandhalter M3 IG-AG 30mm+6mm part.SLDPRT
2025-04-28 06:54:21,511 INFO  CommonSwOperations.cs: 245 - Loading component with PID hB     ???-A b s t a n d h a l t e r   M 3   I G - A G   5 0 m m + 6 m m   p a r t - 4 @ A s s e m 1             #  
2025-04-28 06:54:21,513 INFO  CommonSwOperations.cs: 254 - Successfully loaded component C:\Users\Duc\OneDrive\3. STUDY\UNIVERSITY\4th YEAR - sem 1\PROJ ON ROBOOTIC\model3D\OldModel\STANDOFF PART\Abstandhalter M3 IG-AG 50mm+6mm part.SLDPRT
2025-04-28 06:54:21,513 INFO  CommonSwOperations.cs: 245 - Loading component with PID hB     ???-A b s t a n d h a l t e r   M 3   I G - A G   3 0 m m + 6 m m   p a r t - 1 @ A s s e m 1             )  
2025-04-28 06:54:21,513 INFO  CommonSwOperations.cs: 254 - Successfully loaded component C:\Users\Duc\OneDrive\3. STUDY\UNIVERSITY\4th YEAR - sem 1\PROJ ON ROBOOTIC\model3D\OldModel\STANDOFF PART\Abstandhalter M3 IG-AG 30mm+6mm part.SLDPRT
2025-04-28 06:54:21,513 INFO  CommonSwOperations.cs: 245 - Loading component with PID hB     ???-A b s t a n d h a l t e r   M 3   I G - A G   3 0 m m + 6 m m   p a r t - 5 @ A s s e m 1             ;  
2025-04-28 06:54:21,513 INFO  CommonSwOperations.cs: 254 - Successfully loaded component C:\Users\Duc\OneDrive\3. STUDY\UNIVERSITY\4th YEAR - sem 1\PROJ ON ROBOOTIC\model3D\OldModel\STANDOFF PART\Abstandhalter M3 IG-AG 30mm+6mm part.SLDPRT
2025-04-28 06:54:21,513 INFO  CommonSwOperations.cs: 245 - Loading component with PID hB     ???r b o t _ w a s h e r - 5 @ A s s e m 1             ?   
2025-04-28 06:54:21,513 INFO  CommonSwOperations.cs: 254 - Successfully loaded component C:\Users\Duc\OneDrive\3. STUDY\UNIVERSITY\4th YEAR - sem 1\PROJ ON ROBOOTIC\model3D\OldModel\rbot_washer.SLDPRT
2025-04-28 06:54:21,513 INFO  CommonSwOperations.cs: 245 - Loading component with PID hB     ???L 2 9 8 N _ p a r t - 1 @ A s s e m 1             ?   
2025-04-28 06:54:21,516 INFO  CommonSwOperations.cs: 254 - Successfully loaded component C:\Users\Duc\OneDrive\3. STUDY\UNIVERSITY\4th YEAR - sem 1\PROJ ON ROBOOTIC\model3D\OldModel\l298n-20.snapshot.1\L298N_part.SLDPRT
2025-04-28 06:54:21,516 INFO  CommonSwOperations.cs: 245 - Loading component with PID hB     ???r b o t _ w a s h e r - 6 @ A s s e m 1             ?   
2025-04-28 06:54:21,516 INFO  CommonSwOperations.cs: 254 - Successfully loaded component C:\Users\Duc\OneDrive\3. STUDY\UNIVERSITY\4th YEAR - sem 1\PROJ ON ROBOOTIC\model3D\OldModel\rbot_washer.SLDPRT
2025-04-28 06:54:21,516 INFO  CommonSwOperations.cs: 245 - Loading component with PID hB     ???r b o t _ w a s h e r - 7 @ A s s e m 1             ?   
2025-04-28 06:54:21,516 INFO  CommonSwOperations.cs: 254 - Successfully loaded component C:\Users\Duc\OneDrive\3. STUDY\UNIVERSITY\4th YEAR - sem 1\PROJ ON ROBOOTIC\model3D\OldModel\rbot_washer.SLDPRT
2025-04-28 06:54:21,516 INFO  CommonSwOperations.cs: 245 - Loading component with PID hB     ???r b o t _ w a s h e r - 1 4 @ A s s e m 1             T  
2025-04-28 06:54:21,516 INFO  CommonSwOperations.cs: 254 - Successfully loaded component C:\Users\Duc\OneDrive\3. STUDY\UNIVERSITY\4th YEAR - sem 1\PROJ ON ROBOOTIC\model3D\OldModel\rbot_washer.SLDPRT
2025-04-28 06:54:21,516 INFO  CommonSwOperations.cs: 245 - Loading component with PID hB     ???r b o t _ w a s h e r - 1 1 @ A s s e m 1             K  
2025-04-28 06:54:21,518 INFO  CommonSwOperations.cs: 254 - Successfully loaded component C:\Users\Duc\OneDrive\3. STUDY\UNIVERSITY\4th YEAR - sem 1\PROJ ON ROBOOTIC\model3D\OldModel\rbot_washer.SLDPRT
2025-04-28 06:54:21,518 INFO  CommonSwOperations.cs: 245 - Loading component with PID hB     ???!L T C   3 7 8 0   M u d u l e   v 1 1   p a r t - 1 @ A s s e m 1             J  
2025-04-28 06:54:21,518 INFO  CommonSwOperations.cs: 254 - Successfully loaded component C:\Users\Duc\OneDrive\3. STUDY\UNIVERSITY\4th YEAR - sem 1\PROJ ON ROBOOTIC\model3D\OldModel\ltc3780-step-up-and-step-down-regulator-module-1.snapshot.4\LTC 3780 Mudule v11 part.SLDPRT
2025-04-28 06:54:21,518 INFO  CommonSwOperations.cs: 245 - Loading component with PID hB     ???r b o t _ w a s h e r - 1 0 @ A s s e m 1             ?   
2025-04-28 06:54:21,518 INFO  CommonSwOperations.cs: 254 - Successfully loaded component C:\Users\Duc\OneDrive\3. STUDY\UNIVERSITY\4th YEAR - sem 1\PROJ ON ROBOOTIC\model3D\OldModel\rbot_washer.SLDPRT
2025-04-28 06:54:21,518 INFO  CommonSwOperations.cs: 245 - Loading component with PID hB     ???r b o t _ w a s h e r - 1 3 @ A s s e m 1             Q  
2025-04-28 06:54:21,518 INFO  CommonSwOperations.cs: 254 - Successfully loaded component C:\Users\Duc\OneDrive\3. STUDY\UNIVERSITY\4th YEAR - sem 1\PROJ ON ROBOOTIC\model3D\OldModel\rbot_washer.SLDPRT
2025-04-28 06:54:21,518 INFO  CommonSwOperations.cs: 245 - Loading component with PID hB     ???r b o t _ w a s h e r - 1 2 @ A s s e m 1             N  
2025-04-28 06:54:21,521 INFO  CommonSwOperations.cs: 254 - Successfully loaded component C:\Users\Duc\OneDrive\3. STUDY\UNIVERSITY\4th YEAR - sem 1\PROJ ON ROBOOTIC\model3D\OldModel\rbot_washer.SLDPRT
2025-04-28 06:54:21,521 INFO  CommonSwOperations.cs: 245 - Loading component with PID hB     ???-a b s t a n d h a l t e r   m 3   i g - a g   2 0 m m + 6 m m   p a r t - 1 @ A s s e m 1             ?  
2025-04-28 06:54:21,521 INFO  CommonSwOperations.cs: 254 - Successfully loaded component C:\Users\Duc\OneDrive\3. STUDY\UNIVERSITY\4th YEAR - sem 1\PROJ ON ROBOOTIC\model3D\OldModel\STANDOFF PART\abstandhalter m3 ig-ag 20mm+6mm part.SLDPRT
2025-04-28 06:54:21,521 INFO  CommonSwOperations.cs: 245 - Loading component with PID hB     ???-a b s t a n d h a l t e r   m 3   i g - a g   2 0 m m + 6 m m   p a r t - 2 @ A s s e m 1             ?  
2025-04-28 06:54:21,521 INFO  CommonSwOperations.cs: 254 - Successfully loaded component C:\Users\Duc\OneDrive\3. STUDY\UNIVERSITY\4th YEAR - sem 1\PROJ ON ROBOOTIC\model3D\OldModel\STANDOFF PART\abstandhalter m3 ig-ag 20mm+6mm part.SLDPRT
2025-04-28 06:54:21,521 INFO  CommonSwOperations.cs: 230 - Loaded 32 components for link base_link
2025-04-28 06:54:21,521 INFO  CommonSwOperations.cs: 221 - Loading SolidWorks components for R_wheel from C:\Users\Duc\OneDrive\3. STUDY\UNIVERSITY\4th YEAR - sem 1\PROJ ON ROBOOTIC\model3D\OldModel\assem1.SLDASM
2025-04-28 06:54:21,523 INFO  CommonSwOperations.cs: 245 - Loading component with PID hB     ???'c o p p e r _ w h e e l _ w i t h _ a d a p t e r _ p a r t - 1 @ A s s e m 1             ?  
2025-04-28 06:54:21,523 INFO  CommonSwOperations.cs: 254 - Successfully loaded component C:\Users\Duc\OneDrive\3. STUDY\UNIVERSITY\4th YEAR - sem 1\PROJ ON ROBOOTIC\model3D\OldModel\blue-wheel-for-hobby-robotics-1.snapshot.2\copper_wheel_with_adapter_part.SLDPRT
2025-04-28 06:54:21,523 INFO  CommonSwOperations.cs: 230 - Loaded 1 components for link R_wheel
2025-04-28 06:54:21,523 INFO  CommonSwOperations.cs: 221 - Loading SolidWorks components for L_wheel from C:\Users\Duc\OneDrive\3. STUDY\UNIVERSITY\4th YEAR - sem 1\PROJ ON ROBOOTIC\model3D\OldModel\assem1.SLDASM
2025-04-28 06:54:21,523 INFO  CommonSwOperations.cs: 245 - Loading component with PID hB     ???'c o p p e r _ w h e e l _ w i t h _ a d a p t e r _ p a r t - 2 @ A s s e m 1             ?  
2025-04-28 06:54:21,523 INFO  CommonSwOperations.cs: 254 - Successfully loaded component C:\Users\Duc\OneDrive\3. STUDY\UNIVERSITY\4th YEAR - sem 1\PROJ ON ROBOOTIC\model3D\OldModel\blue-wheel-for-hobby-robotics-1.snapshot.2\copper_wheel_with_adapter_part.SLDPRT
2025-04-28 06:54:21,523 INFO  CommonSwOperations.cs: 230 - Loaded 1 components for link L_wheel
2025-04-28 06:54:21,523 INFO  CommonSwOperations.cs: 221 - Loading SolidWorks components for Ball_front from C:\Users\Duc\OneDrive\3. STUDY\UNIVERSITY\4th YEAR - sem 1\PROJ ON ROBOOTIC\model3D\OldModel\assem1.SLDASM
2025-04-28 06:54:21,526 INFO  CommonSwOperations.cs: 245 - Loading component with PID hB     ???.W 4 2 0   U n i v e r s a l   S t e e l   B a l l   C a s t e r _ p a r t - 1 @ A s s e m 1             ?  
2025-04-28 06:54:21,528 INFO  CommonSwOperations.cs: 254 - Successfully loaded component C:\Users\Duc\OneDrive\3. STUDY\UNIVERSITY\4th YEAR - sem 1\PROJ ON ROBOOTIC\model3D\OldModel\w420-universal-steel-ball-caster-1.snapshot.3\W420 Universal Steel Ball Caster_part.SLDPRT
2025-04-28 06:54:21,528 INFO  CommonSwOperations.cs: 245 - Loading component with PID hB     ???W 4 2 0 _ s p a c e r - 1 1 @ A s s e m 1             ?  
2025-04-28 06:54:21,528 INFO  CommonSwOperations.cs: 254 - Successfully loaded component C:\Users\Duc\OneDrive\3. STUDY\UNIVERSITY\4th YEAR - sem 1\PROJ ON ROBOOTIC\model3D\OldModel\W420_spacer.SLDPRT
2025-04-28 06:54:21,528 INFO  CommonSwOperations.cs: 245 - Loading component with PID hB     ???W 4 2 0 _ s p a c e r - 1 2 @ A s s e m 1             ?  
2025-04-28 06:54:21,528 INFO  CommonSwOperations.cs: 254 - Successfully loaded component C:\Users\Duc\OneDrive\3. STUDY\UNIVERSITY\4th YEAR - sem 1\PROJ ON ROBOOTIC\model3D\OldModel\W420_spacer.SLDPRT
2025-04-28 06:54:21,528 INFO  CommonSwOperations.cs: 230 - Loaded 3 components for link Ball_front
2025-04-28 06:54:21,531 INFO  CommonSwOperations.cs: 221 - Loading SolidWorks components for Ball_back from C:\Users\Duc\OneDrive\3. STUDY\UNIVERSITY\4th YEAR - sem 1\PROJ ON ROBOOTIC\model3D\OldModel\assem1.SLDASM
2025-04-28 06:54:21,531 INFO  CommonSwOperations.cs: 245 - Loading component with PID hB     ???.W 4 2 0   U n i v e r s a l   S t e e l   B a l l   C a s t e r _ p a r t - 2 @ A s s e m 1             ?  
2025-04-28 06:54:21,531 INFO  CommonSwOperations.cs: 254 - Successfully loaded component C:\Users\Duc\OneDrive\3. STUDY\UNIVERSITY\4th YEAR - sem 1\PROJ ON ROBOOTIC\model3D\OldModel\w420-universal-steel-ball-caster-1.snapshot.3\W420 Universal Steel Ball Caster_part.SLDPRT
2025-04-28 06:54:21,531 INFO  CommonSwOperations.cs: 245 - Loading component with PID hB     ???W 4 2 0 _ s p a c e r - 1 3 @ A s s e m 1             ?  
2025-04-28 06:54:21,531 INFO  CommonSwOperations.cs: 254 - Successfully loaded component C:\Users\Duc\OneDrive\3. STUDY\UNIVERSITY\4th YEAR - sem 1\PROJ ON ROBOOTIC\model3D\OldModel\W420_spacer.SLDPRT
2025-04-28 06:54:21,531 INFO  CommonSwOperations.cs: 245 - Loading component with PID hB     ???W 4 2 0 _ s p a c e r - 1 4 @ A s s e m 1             ?  
2025-04-28 06:54:21,531 INFO  CommonSwOperations.cs: 254 - Successfully loaded component C:\Users\Duc\OneDrive\3. STUDY\UNIVERSITY\4th YEAR - sem 1\PROJ ON ROBOOTIC\model3D\OldModel\W420_spacer.SLDPRT
2025-04-28 06:54:21,531 INFO  CommonSwOperations.cs: 230 - Loaded 3 components for link Ball_back
2025-04-28 06:54:21,533 INFO  CommonSwOperations.cs: 221 - Loading SolidWorks components for Lidar from C:\Users\Duc\OneDrive\3. STUDY\UNIVERSITY\4th YEAR - sem 1\PROJ ON ROBOOTIC\model3D\OldModel\assem1.SLDASM
2025-04-28 06:54:21,533 INFO  CommonSwOperations.cs: 245 - Loading component with PID hB     ???X 3 _ L i d a r _ p a r t - 1 @ A s s e m 1                
2025-04-28 06:54:21,533 INFO  CommonSwOperations.cs: 254 - Successfully loaded component C:\Users\Duc\OneDrive\3. STUDY\UNIVERSITY\4th YEAR - sem 1\PROJ ON ROBOOTIC\model3D\OldModel\X3_Lidar_part.SLDPRT
2025-04-28 06:54:21,533 INFO  CommonSwOperations.cs: 230 - Loaded 1 components for link Lidar
2025-04-28 06:54:21,533 INFO  CommonSwOperations.cs: 221 - Loading SolidWorks components for imu_link from C:\Users\Duc\OneDrive\3. STUDY\UNIVERSITY\4th YEAR - sem 1\PROJ ON ROBOOTIC\model3D\OldModel\assem1.SLDASM
2025-04-28 06:54:21,533 INFO  CommonSwOperations.cs: 245 - Loading component with PID hB     ???M P U 6 0 5 0 _ n u d e - 1 @ A s s e m 1             ?  
2025-04-28 06:54:21,533 INFO  CommonSwOperations.cs: 254 - Successfully loaded component C:\Users\Duc\OneDrive\3. STUDY\UNIVERSITY\4th YEAR - sem 1\PROJ ON ROBOOTIC\model3D\OldModel\mpu6050-accelerometer-module-1.snapshot.3\MPU6050_nude.SLDPRT
2025-04-28 06:54:21,533 INFO  CommonSwOperations.cs: 230 - Loaded 1 components for link imu_link
2025-04-28 06:54:21,776 INFO  SwAddin.cs: 344 - Showing property manager
2025-04-28 06:57:39,390 INFO  ExportPropertyManager.cs: 422 - Configuration saved
2025-04-28 06:57:39,399 INFO  ConfigurationSerialization.cs: 276 - URDF Configuration found
<Link z:Id="i1" xmlns="http://schemas.datacontract.org/2004/07/SW2URDF" xmlns:i="http://www.w3.org/2001/XMLSchema-instance" xmlns:z="http://schemas.microsoft.com/2003/10/Serialization/"><Attributes><Attribute z:Id="i2"><AttributeType>name</AttributeType><IsRequired>true</IsRequired><Value i:type="a:string" xmlns:a="http://www.w3.org/2001/XMLSchema">base_link</Value></Attribute></Attributes><ChildElements><URDFElement z:Id="i3" i:type="Inertial"><Attributes/><ChildElements><URDFElement z:Id="i4" i:type="Origin"><Attributes><Attribute z:Id="i5"><AttributeType>xyz</AttributeType><IsRequired>true</IsRequired><Value i:type="a:ArrayOfdouble" xmlns:a="http://schemas.microsoft.com/2003/10/Serialization/Arrays"><a:double>-0.00029960019977723611</a:double><a:double>-0.0007640618822739656</a:double><a:double>0.053754497718263156</a:double></Value></Attribute><Attribute z:Id="i6"><AttributeType>rpy</AttributeType><IsRequired>true</IsRequired><Value i:type="a:ArrayOfdouble" xmlns:a="http://schemas.microsoft.com/2003/10/Serialization/Arrays"><a:double>0</a:double><a:double>0</a:double><a:double>0</a:double></Value></Attribute></Attributes><ChildElements/><ElementName>origin</ElementName><required>false</required><RPYAttribute z:Ref="i6"/><XYZAttribute z:Ref="i5"/><isCustomized>false</isCustomized></URDFElement><URDFElement z:Id="i7" i:type="Mass"><Attributes><Attribute z:Id="i8"><AttributeType>value</AttributeType><IsRequired>true</IsRequired><Value i:type="a:double" xmlns:a="http://www.w3.org/2001/XMLSchema">0.47490204978631079</Value></Attribute></Attributes><ChildElements/><ElementName>mass</ElementName><required>false</required><ValueAttribute z:Ref="i8"/></URDFElement><URDFElement z:Id="i9" i:type="Inertia"><Attributes><Attribute z:Id="i10"><AttributeType>ixx</AttributeType><IsRequired>true</IsRequired><Value i:type="a:double" xmlns:a="http://www.w3.org/2001/XMLSchema">0.00092332986447731739</Value></Attribute><Attribute z:Id="i11"><AttributeType>ixy</AttributeType><IsRequired>true</IsRequired><Value i:type="a:double" xmlns:a="http://www.w3.org/2001/XMLSchema">-4.4322108794823523E-08</Value></Attribute><Attribute z:Id="i12"><AttributeType>ixz</AttributeType><IsRequired>true</IsRequired><Value i:type="a:double" xmlns:a="http://www.w3.org/2001/XMLSchema">-2.4999349307871503E-07</Value></Attribute><Attribute z:Id="i13"><AttributeType>iyy</AttributeType><IsRequired>true</IsRequired><Value i:type="a:double" xmlns:a="http://www.w3.org/2001/XMLSchema">0.0007996491749280325</Value></Attribute><Attribute z:Id="i14"><AttributeType>iyz</AttributeType><IsRequired>true</IsRequired><Value i:type="a:double" xmlns:a="http://www.w3.org/2001/XMLSchema">-3.8965322840190954E-09</Value></Attribute><Attribute z:Id="i15"><AttributeType>izz</AttributeType><IsRequired>true</IsRequired><Value i:type="a:double" xmlns:a="http://www.w3.org/2001/XMLSchema">0.0017130145824619603</Value></Attribute></Attributes><ChildElements/><ElementName>inertia</ElementName><required>false</required><IxxAttribute z:Ref="i10"/><IxyAttribute z:Ref="i11"/><IxzAttribute z:Ref="i12"/><IyyAttribute z:Ref="i13"/><IyzAttribute z:Ref="i14"/><IzzAttribute z:Ref="i15"/></URDFElement></ChildElements><ElementName>inertial</ElementName><required>false</required><Inertia z:Ref="i9"/><Mass z:Ref="i7"/><Origin z:Ref="i4"/></URDFElement><URDFElement z:Id="i16" i:type="Visual"><Attributes/><ChildElements><URDFElement z:Id="i17" i:type="Origin"><Attributes><Attribute z:Id="i18"><AttributeType>xyz</AttributeType><IsRequired>true</IsRequired><Value i:type="a:ArrayOfdouble" xmlns:a="http://schemas.microsoft.com/2003/10/Serialization/Arrays"><a:double>0</a:double><a:double>0</a:double><a:double>0</a:double></Value></Attribute><Attribute z:Id="i19"><AttributeType>rpy</AttributeType><IsRequired>true</IsRequired><Value i:type="a:ArrayOfdouble" xmlns:a="http://schemas.microsoft.com/2003/10/Serialization/Arrays"><a:double>0</a:double><a:double>0</a:double><a:double>0</a:double></Value></Attribute></Attributes><ChildElements/><ElementName>origin</ElementName><required>false</required><RPYAttribute z:Ref="i19"/><XYZAttribute z:Ref="i18"/><isCustomized>false</isCustomized></URDFElement><URDFElement z:Id="i20" i:type="Geometry"><Attributes/><ChildElements><URDFElement z:Id="i21" i:type="Mesh"><Attributes><Attribute z:Id="i22"><AttributeType>filename</AttributeType><IsRequired>true</IsRequired><Value i:nil="true"/></Attribute></Attributes><ChildElements/><ElementName>mesh</ElementName><required>false</required><FilenameAttribute z:Ref="i22"/></URDFElement></ChildElements><ElementName>geometry</ElementName><required>true</required><Mesh z:Ref="i21"/></URDFElement><URDFElement z:Id="i23" i:type="Material"><Attributes><Attribute z:Id="i24"><AttributeType>name</AttributeType><IsRequired>true</IsRequired><Value i:type="a:string" xmlns:a="http://www.w3.org/2001/XMLSchema"/></Attribute></Attributes><ChildElements><URDFElement z:Id="i25" i:type="Color"><Attributes><Attribute z:Id="i26"><AttributeType>rgba</AttributeType><IsRequired>true</IsRequired><Value i:type="a:ArrayOfdouble" xmlns:a="http://schemas.microsoft.com/2003/10/Serialization/Arrays"><a:double>0.792156862745098</a:double><a:double>0.81960784313725488</a:double><a:double>0.93333333333333335</a:double><a:double>1</a:double></Value></Attribute></Attributes><ChildElements/><ElementName>color</ElementName><required>false</required><RGBAAttribute z:Ref="i26"/></URDFElement><URDFElement z:Id="i27" i:type="Texture"><Attributes><Attribute z:Id="i28"><AttributeType>filename</AttributeType><IsRequired>true</IsRequired><Value i:nil="true"/></Attribute></Attributes><ChildElements/><ElementName>texture</ElementName><required>false</required><FilenameAttribute z:Ref="i28"/><wFilename/></URDFElement></ChildElements><ElementName>material</ElementName><required>false</required><Color z:Ref="i25"/><NameAttribute z:Ref="i24"/><Texture z:Ref="i27"/></URDFElement></ChildElements><ElementName>visual</ElementName><required>false</required><Geometry z:Ref="i20"/><Material z:Ref="i23"/><Origin z:Ref="i17"/></URDFElement><URDFElement z:Id="i29" i:type="Collision"><Attributes/><ChildElements><URDFElement z:Id="i30" i:type="Origin"><Attributes><Attribute z:Id="i31"><AttributeType>xyz</AttributeType><IsRequired>true</IsRequired><Value i:type="a:ArrayOfdouble" xmlns:a="http://schemas.microsoft.com/2003/10/Serialization/Arrays"><a:double>0</a:double><a:double>0</a:double><a:double>0</a:double></Value></Attribute><Attribute z:Id="i32"><AttributeType>rpy</AttributeType><IsRequired>true</IsRequired><Value i:type="a:ArrayOfdouble" xmlns:a="http://schemas.microsoft.com/2003/10/Serialization/Arrays"><a:double>0</a:double><a:double>0</a:double><a:double>0</a:double></Value></Attribute></Attributes><ChildElements/><ElementName>origin</ElementName><required>false</required><RPYAttribute z:Ref="i32"/><XYZAttribute z:Ref="i31"/><isCustomized>false</isCustomized></URDFElement><URDFElement z:Id="i33" i:type="Geometry"><Attributes/><ChildElements><URDFElement z:Id="i34" i:type="Mesh"><Attributes><Attribute z:Id="i35"><AttributeType>filename</AttributeType><IsRequired>true</IsRequired><Value i:nil="true"/></Attribute></Attributes><ChildElements/><ElementName>mesh</ElementName><required>false</required><FilenameAttribute z:Ref="i35"/></URDFElement></ChildElements><ElementName>geometry</ElementName><required>true</required><Mesh z:Ref="i34"/></URDFElement></ChildElements><ElementName>collision</ElementName><required>false</required><Geometry z:Ref="i33"/><Origin z:Ref="i30"/></URDFElement><URDFElement z:Id="i36" i:type="Joint"><Attributes><Attribute z:Id="i37"><AttributeType>name</AttributeType><IsRequired>true</IsRequired><Value i:type="a:string" xmlns:a="http://www.w3.org/2001/XMLSchema"/></Attribute><Attribute z:Id="i38"><AttributeType>type</AttributeType><IsRequired>true</IsRequired><Value i:type="a:string" xmlns:a="http://www.w3.org/2001/XMLSchema"/></Attribute></Attributes><ChildElements><URDFElement z:Id="i39" i:type="Origin"><Attributes><Attribute z:Id="i40"><AttributeType>xyz</AttributeType><IsRequired>true</IsRequired><Value i:type="a:ArrayOfdouble" xmlns:a="http://schemas.microsoft.com/2003/10/Serialization/Arrays"><a:double>0</a:double><a:double>0</a:double><a:double>0</a:double></Value></Attribute><Attribute z:Id="i41"><AttributeType>rpy</AttributeType><IsRequired>true</IsRequired><Value i:type="a:ArrayOfdouble" xmlns:a="http://schemas.microsoft.com/2003/10/Serialization/Arrays"><a:double>0</a:double><a:double>0</a:double><a:double>0</a:double></Value></Attribute></Attributes><ChildElements/><ElementName>origin</ElementName><required>false</required><RPYAttribute z:Ref="i41"/><XYZAttribute z:Ref="i40"/><isCustomized>false</isCustomized></URDFElement><URDFElement z:Id="i42" i:type="ParentLink"><Attributes><Attribute z:Id="i43"><AttributeType>link</AttributeType><IsRequired>true</IsRequired><Value i:type="a:string" xmlns:a="http://www.w3.org/2001/XMLSchema"/></Attribute></Attributes><ChildElements/><ElementName>parent</ElementName><required>true</required><NameAttribute z:Ref="i43"/></URDFElement><URDFElement z:Id="i44" i:type="ChildLink"><Attributes><Attribute z:Id="i45"><AttributeType>link</AttributeType><IsRequired>true</IsRequired><Value i:type="a:string" xmlns:a="http://www.w3.org/2001/XMLSchema"/></Attribute></Attributes><ChildElements/><ElementName>child</ElementName><required>true</required><NameAttribute z:Ref="i45"/></URDFElement><URDFElement z:Id="i46" i:type="Axis"><Attributes><Attribute z:Id="i47"><AttributeType>xyz</AttributeType><IsRequired>true</IsRequired><Value i:type="a:ArrayOfdouble" xmlns:a="http://schemas.microsoft.com/2003/10/Serialization/Arrays"><a:double>0</a:double><a:double>0</a:double><a:double>0</a:double></Value></Attribute></Attributes><ChildElements/><ElementName>axis</ElementName><required>false</required><XYZAttribute z:Ref="i47"/></URDFElement><URDFElement z:Id="i48" i:type="Limit"><Attributes><Attribute z:Id="i49"><AttributeType>lower</AttributeType><IsRequired>false</IsRequired><Value i:nil="true"/></Attribute><Attribute z:Id="i50"><AttributeType>upper</AttributeType><IsRequired>false</IsRequired><Value i:nil="true"/></Attribute><Attribute z:Id="i51"><AttributeType>effort</AttributeType><IsRequired>true</IsRequired><Value i:nil="true"/></Attribute><Attribute z:Id="i52"><AttributeType>velocity</AttributeType><IsRequired>true</IsRequired><Value i:nil="true"/></Attribute></Attributes><ChildElements/><ElementName>limit</ElementName><required>false</required><EffortAttribute z:Ref="i51"/><LowerAttribute z:Ref="i49"/><UpperAttribute z:Ref="i50"/><VelocityAttribute z:Ref="i52"/></URDFElement><URDFElement z:Id="i53" i:type="Calibration"><Attributes><Attribute z:Id="i54"><AttributeType>rising</AttributeType><IsRequired>false</IsRequired><Value i:nil="true"/></Attribute><Attribute z:Id="i55"><AttributeType>falling</AttributeType><IsRequired>false</IsRequired><Value i:nil="true"/></Attribute></Attributes><ChildElements/><ElementName>calibration</ElementName><required>false</required><FallingAttribute z:Ref="i55"/><RisingAttribute z:Ref="i54"/></URDFElement><URDFElement z:Id="i56" i:type="Dynamics"><Attributes><Attribute z:Id="i57"><AttributeType>damping</AttributeType><IsRequired>false</IsRequired><Value i:nil="true"/></Attribute><Attribute z:Id="i58"><AttributeType>friction</AttributeType><IsRequired>false</IsRequired><Value i:nil="true"/></Attribute></Attributes><ChildElements/><ElementName>dynamics</ElementName><required>false</required><DampingAttribute z:Ref="i57"/><FrictionAttribute z:Ref="i58"/></URDFElement><URDFElement z:Id="i59" i:type="SafetyController"><Attributes><Attribute z:Id="i60"><AttributeType>soft_upper_limit</AttributeType><IsRequired>false</IsRequired><Value i:nil="true"/></Attribute><Attribute z:Id="i61"><AttributeType>soft_lower_limit</AttributeType><IsRequired>false</IsRequired><Value i:nil="true"/></Attribute><Attribute z:Id="i62"><AttributeType>k_position</AttributeType><IsRequired>false</IsRequired><Value i:nil="true"/></Attribute><Attribute z:Id="i63"><AttributeType>k_velocity</AttributeType><IsRequired>true</IsRequired><Value i:nil="true"/></Attribute></Attributes><ChildElements/><ElementName>safety_controller</ElementName><required>false</required><KPositionAttribute z:Ref="i62"/><KVelocityAttribute z:Ref="i63"/><SoftLowerAttribute z:Ref="i61"/><SoftUpperAttribute z:Ref="i60"/></URDFElement><URDFElement z:Id="i64" i:type="Mimic"><Attributes><Attribute z:Id="i65"><AttributeType>joint</AttributeType><IsRequired>true</IsRequired><Value i:nil="true"/></Attribute><Attribute z:Id="i66"><AttributeType>multiplier</AttributeType><IsRequired>false</IsRequired><Value i:nil="true"/></Attribute><Attribute z:Id="i67"><AttributeType>offset</AttributeType><IsRequired>false</IsRequired><Value i:nil="true"/></Attribute></Attributes><ChildElements/><ElementName>mimic</ElementName><required>false</required><JointNameAttribute z:Ref="i65"/><MultiplierAttribute z:Ref="i66"/><OffsetAttribute z:Ref="i67"/></URDFElement></ChildElements><ElementName>joint</ElementName><required>false</required><Axis z:Ref="i46"/><AxisName/><Calibration z:Ref="i53"/><Child z:Ref="i44"/><CoordinateSystemName>Base_origin</CoordinateSystemName><Dynamics z:Ref="i56"/><Limit z:Ref="i48"/><Mimic z:Ref="i64"/><NameAttribute z:Ref="i37"/><Origin z:Ref="i39"/><Parent z:Ref="i42"/><Safety z:Ref="i59"/><TypeAttribute z:Ref="i38"/></URDFElement></ChildElements><ElementName>link</ElementName><required>true</required><Children><Link z:Id="i68"><Attributes><Attribute z:Id="i69"><AttributeType>name</AttributeType><IsRequired>true</IsRequired><Value i:type="a:string" xmlns:a="http://www.w3.org/2001/XMLSchema">R_wheel</Value></Attribute></Attributes><ChildElements><URDFElement z:Id="i70" i:type="Inertial"><Attributes/><ChildElements><URDFElement z:Id="i71" i:type="Origin"><Attributes><Attribute z:Id="i72"><AttributeType>xyz</AttributeType><IsRequired>true</IsRequired><Value i:type="a:ArrayOfdouble" xmlns:a="http://schemas.microsoft.com/2003/10/Serialization/Arrays"><a:double>5.7991489720886531E-05</a:double><a:double>0.0058199863971848814</a:double><a:double>-0.0008508372650005056</a:double></Value></Attribute><Attribute z:Id="i73"><AttributeType>rpy</AttributeType><IsRequired>true</IsRequired><Value i:type="a:ArrayOfdouble" xmlns:a="http://schemas.microsoft.com/2003/10/Serialization/Arrays"><a:double>0</a:double><a:double>0</a:double><a:double>0</a:double></Value></Attribute></Attributes><ChildElements/><ElementName>origin</ElementName><required>false</required><RPYAttribute z:Ref="i73"/><XYZAttribute z:Ref="i72"/><isCustomized>false</isCustomized></URDFElement><URDFElement z:Id="i74" i:type="Mass"><Attributes><Attribute z:Id="i75"><AttributeType>value</AttributeType><IsRequired>true</IsRequired><Value i:type="a:double" xmlns:a="http://www.w3.org/2001/XMLSchema">0.041955149555898893</Value></Attribute></Attributes><ChildElements/><ElementName>mass</ElementName><required>false</required><ValueAttribute z:Ref="i75"/></URDFElement><URDFElement z:Id="i76" i:type="Inertia"><Attributes><Attribute z:Id="i77"><AttributeType>ixx</AttributeType><IsRequired>true</IsRequired><Value i:type="a:double" xmlns:a="http://www.w3.org/2001/XMLSchema">1.8373507938030858E-05</Value></Attribute><Attribute z:Id="i78"><AttributeType>ixy</AttributeType><IsRequired>true</IsRequired><Value i:type="a:double" xmlns:a="http://www.w3.org/2001/XMLSchema">-1.8161867336403867E-11</Value></Attribute><Attribute z:Id="i79"><AttributeType>ixz</AttributeType><IsRequired>true</IsRequired><Value i:type="a:double" xmlns:a="http://www.w3.org/2001/XMLSchema">-2.1106704777050554E-09</Value></Attribute><Attribute z:Id="i80"><AttributeType>iyy</AttributeType><IsRequired>true</IsRequired><Value i:type="a:double" xmlns:a="http://www.w3.org/2001/XMLSchema">3.0919329148918272E-05</Value></Attribute><Attribute z:Id="i81"><AttributeType>iyz</AttributeType><IsRequired>true</IsRequired><Value i:type="a:double" xmlns:a="http://www.w3.org/2001/XMLSchema">4.3006717639984455E-10</Value></Attribute><Attribute z:Id="i82"><AttributeType>izz</AttributeType><IsRequired>true</IsRequired><Value i:type="a:double" xmlns:a="http://www.w3.org/2001/XMLSchema">1.8408240459889539E-05</Value></Attribute></Attributes><ChildElements/><ElementName>inertia</ElementName><required>false</required><IxxAttribute z:Ref="i77"/><IxyAttribute z:Ref="i78"/><IxzAttribute z:Ref="i79"/><IyyAttribute z:Ref="i80"/><IyzAttribute z:Ref="i81"/><IzzAttribute z:Ref="i82"/></URDFElement></ChildElements><ElementName>inertial</ElementName><required>false</required><Inertia z:Ref="i76"/><Mass z:Ref="i74"/><Origin z:Ref="i71"/></URDFElement><URDFElement z:Id="i83" i:type="Visual"><Attributes/><ChildElements><URDFElement z:Id="i84" i:type="Origin"><Attributes><Attribute z:Id="i85"><AttributeType>xyz</AttributeType><IsRequired>true</IsRequired><Value i:type="a:ArrayOfdouble" xmlns:a="http://schemas.microsoft.com/2003/10/Serialization/Arrays"><a:double>0</a:double><a:double>0</a:double><a:double>0</a:double></Value></Attribute><Attribute z:Id="i86"><AttributeType>rpy</AttributeType><IsRequired>true</IsRequired><Value i:type="a:ArrayOfdouble" xmlns:a="http://schemas.microsoft.com/2003/10/Serialization/Arrays"><a:double>0</a:double><a:double>0</a:double><a:double>0</a:double></Value></Attribute></Attributes><ChildElements/><ElementName>origin</ElementName><required>false</required><RPYAttribute z:Ref="i86"/><XYZAttribute z:Ref="i85"/><isCustomized>false</isCustomized></URDFElement><URDFElement z:Id="i87" i:type="Geometry"><Attributes/><ChildElements><URDFElement z:Id="i88" i:type="Mesh"><Attributes><Attribute z:Id="i89"><AttributeType>filename</AttributeType><IsRequired>true</IsRequired><Value i:nil="true"/></Attribute></Attributes><ChildElements/><ElementName>mesh</ElementName><required>false</required><FilenameAttribute z:Ref="i89"/></URDFElement></ChildElements><ElementName>geometry</ElementName><required>true</required><Mesh z:Ref="i88"/></URDFElement><URDFElement z:Id="i90" i:type="Material"><Attributes><Attribute z:Id="i91"><AttributeType>name</AttributeType><IsRequired>true</IsRequired><Value i:type="a:string" xmlns:a="http://www.w3.org/2001/XMLSchema"/></Attribute></Attributes><ChildElements><URDFElement z:Id="i92" i:type="Color"><Attributes><Attribute z:Id="i93"><AttributeType>rgba</AttributeType><IsRequired>true</IsRequired><Value i:type="a:ArrayOfdouble" xmlns:a="http://schemas.microsoft.com/2003/10/Serialization/Arrays"><a:double>0.792156862745098</a:double><a:double>0.81960784313725488</a:double><a:double>0.93333333333333335</a:double><a:double>1</a:double></Value></Attribute></Attributes><ChildElements/><ElementName>color</ElementName><required>false</required><RGBAAttribute z:Ref="i93"/></URDFElement><URDFElement z:Id="i94" i:type="Texture"><Attributes><Attribute z:Id="i95"><AttributeType>filename</AttributeType><IsRequired>true</IsRequired><Value i:nil="true"/></Attribute></Attributes><ChildElements/><ElementName>texture</ElementName><required>false</required><FilenameAttribute z:Ref="i95"/><wFilename/></URDFElement></ChildElements><ElementName>material</ElementName><required>false</required><Color z:Ref="i92"/><NameAttribute z:Ref="i91"/><Texture z:Ref="i94"/></URDFElement></ChildElements><ElementName>visual</ElementName><required>false</required><Geometry z:Ref="i87"/><Material z:Ref="i90"/><Origin z:Ref="i84"/></URDFElement><URDFElement z:Id="i96" i:type="Collision"><Attributes/><ChildElements><URDFElement z:Id="i97" i:type="Origin"><Attributes><Attribute z:Id="i98"><AttributeType>xyz</AttributeType><IsRequired>true</IsRequired><Value i:type="a:ArrayOfdouble" xmlns:a="http://schemas.microsoft.com/2003/10/Serialization/Arrays"><a:double>0</a:double><a:double>0</a:double><a:double>0</a:double></Value></Attribute><Attribute z:Id="i99"><AttributeType>rpy</AttributeType><IsRequired>true</IsRequired><Value i:type="a:ArrayOfdouble" xmlns:a="http://schemas.microsoft.com/2003/10/Serialization/Arrays"><a:double>0</a:double><a:double>0</a:double><a:double>0</a:double></Value></Attribute></Attributes><ChildElements/><ElementName>origin</ElementName><required>false</required><RPYAttribute z:Ref="i99"/><XYZAttribute z:Ref="i98"/><isCustomized>false</isCustomized></URDFElement><URDFElement z:Id="i100" i:type="Geometry"><Attributes/><ChildElements><URDFElement z:Id="i101" i:type="Mesh"><Attributes><Attribute z:Id="i102"><AttributeType>filename</AttributeType><IsRequired>true</IsRequired><Value i:nil="true"/></Attribute></Attributes><ChildElements/><ElementName>mesh</ElementName><required>false</required><FilenameAttribute z:Ref="i102"/></URDFElement></ChildElements><ElementName>geometry</ElementName><required>true</required><Mesh z:Ref="i101"/></URDFElement></ChildElements><ElementName>collision</ElementName><required>false</required><Geometry z:Ref="i100"/><Origin z:Ref="i97"/></URDFElement><URDFElement z:Id="i103" i:type="Joint"><Attributes><Attribute z:Id="i104"><AttributeType>name</AttributeType><IsRequired>true</IsRequired><Value i:type="a:string" xmlns:a="http://www.w3.org/2001/XMLSchema">Rwheel</Value></Attribute><Attribute z:Id="i105"><AttributeType>type</AttributeType><IsRequired>true</IsRequired><Value i:type="a:string" xmlns:a="http://www.w3.org/2001/XMLSchema">continuous</Value></Attribute></Attributes><ChildElements><URDFElement z:Id="i106" i:type="Origin"><Attributes><Attribute z:Id="i107"><AttributeType>xyz</AttributeType><IsRequired>true</IsRequired><Value i:type="a:ArrayOfdouble" xmlns:a="http://schemas.microsoft.com/2003/10/Serialization/Arrays"><a:double>-0.00040439175433133571</a:double><a:double>-0.10525110642810885</a:double><a:double>0.025000000000000112</a:double></Value></Attribute><Attribute z:Id="i108"><AttributeType>rpy</AttributeType><IsRequired>true</IsRequired><Value i:type="a:ArrayOfdouble" xmlns:a="http://schemas.microsoft.com/2003/10/Serialization/Arrays"><a:double>0</a:double><a:double>0</a:double><a:double>0</a:double></Value></Attribute></Attributes><ChildElements/><ElementName>origin</ElementName><required>false</required><RPYAttribute z:Ref="i108"/><XYZAttribute z:Ref="i107"/><isCustomized>false</isCustomized></URDFElement><URDFElement z:Id="i109" i:type="ParentLink"><Attributes><Attribute z:Id="i110"><AttributeType>link</AttributeType><IsRequired>true</IsRequired><Value i:type="a:string" xmlns:a="http://www.w3.org/2001/XMLSchema">base_link</Value></Attribute></Attributes><ChildElements/><ElementName>parent</ElementName><required>true</required><NameAttribute z:Ref="i110"/></URDFElement><URDFElement z:Id="i111" i:type="ChildLink"><Attributes><Attribute z:Id="i112"><AttributeType>link</AttributeType><IsRequired>true</IsRequired><Value i:type="a:string" xmlns:a="http://www.w3.org/2001/XMLSchema">R_wheel</Value></Attribute></Attributes><ChildElements/><ElementName>child</ElementName><required>true</required><NameAttribute z:Ref="i112"/></URDFElement><URDFElement z:Id="i113" i:type="Axis"><Attributes><Attribute z:Id="i114"><AttributeType>xyz</AttributeType><IsRequired>true</IsRequired><Value i:type="a:ArrayOfdouble" xmlns:a="http://schemas.microsoft.com/2003/10/Serialization/Arrays"><a:double>0</a:double><a:double>-1</a:double><a:double>0</a:double></Value></Attribute></Attributes><ChildElements/><ElementName>axis</ElementName><required>false</required><XYZAttribute z:Ref="i114"/></URDFElement><URDFElement z:Id="i115" i:type="Limit"><Attributes><Attribute z:Id="i116"><AttributeType>lower</AttributeType><IsRequired>false</IsRequired><Value i:nil="true"/></Attribute><Attribute z:Id="i117"><AttributeType>upper</AttributeType><IsRequired>false</IsRequired><Value i:nil="true"/></Attribute><Attribute z:Id="i118"><AttributeType>effort</AttributeType><IsRequired>true</IsRequired><Value i:nil="true"/></Attribute><Attribute z:Id="i119"><AttributeType>velocity</AttributeType><IsRequired>true</IsRequired><Value i:nil="true"/></Attribute></Attributes><ChildElements/><ElementName>limit</ElementName><required>false</required><EffortAttribute z:Ref="i118"/><LowerAttribute z:Ref="i116"/><UpperAttribute z:Ref="i117"/><VelocityAttribute z:Ref="i119"/></URDFElement><URDFElement z:Id="i120" i:type="Calibration"><Attributes><Attribute z:Id="i121"><AttributeType>rising</AttributeType><IsRequired>false</IsRequired><Value i:nil="true"/></Attribute><Attribute z:Id="i122"><AttributeType>falling</AttributeType><IsRequired>false</IsRequired><Value i:nil="true"/></Attribute></Attributes><ChildElements/><ElementName>calibration</ElementName><required>false</required><FallingAttribute z:Ref="i122"/><RisingAttribute z:Ref="i121"/></URDFElement><URDFElement z:Id="i123" i:type="Dynamics"><Attributes><Attribute z:Id="i124"><AttributeType>damping</AttributeType><IsRequired>false</IsRequired><Value i:nil="true"/></Attribute><Attribute z:Id="i125"><AttributeType>friction</AttributeType><IsRequired>false</IsRequired><Value i:nil="true"/></Attribute></Attributes><ChildElements/><ElementName>dynamics</ElementName><required>false</required><DampingAttribute z:Ref="i124"/><FrictionAttribute z:Ref="i125"/></URDFElement><URDFElement z:Id="i126" i:type="SafetyController"><Attributes><Attribute z:Id="i127"><AttributeType>soft_upper_limit</AttributeType><IsRequired>false</IsRequired><Value i:nil="true"/></Attribute><Attribute z:Id="i128"><AttributeType>soft_lower_limit</AttributeType><IsRequired>false</IsRequired><Value i:nil="true"/></Attribute><Attribute z:Id="i129"><AttributeType>k_position</AttributeType><IsRequired>false</IsRequired><Value i:nil="true"/></Attribute><Attribute z:Id="i130"><AttributeType>k_velocity</AttributeType><IsRequired>true</IsRequired><Value i:nil="true"/></Attribute></Attributes><ChildElements/><ElementName>safety_controller</ElementName><required>false</required><KPositionAttribute z:Ref="i129"/><KVelocityAttribute z:Ref="i130"/><SoftLowerAttribute z:Ref="i128"/><SoftUpperAttribute z:Ref="i127"/></URDFElement><URDFElement z:Id="i131" i:type="Mimic"><Attributes><Attribute z:Id="i132"><AttributeType>joint</AttributeType><IsRequired>true</IsRequired><Value i:nil="true"/></Attribute><Attribute z:Id="i133"><AttributeType>multiplier</AttributeType><IsRequired>false</IsRequired><Value i:nil="true"/></Attribute><Attribute z:Id="i134"><AttributeType>offset</AttributeType><IsRequired>false</IsRequired><Value i:nil="true"/></Attribute></Attributes><ChildElements/><ElementName>mimic</ElementName><required>false</required><JointNameAttribute z:Ref="i132"/><MultiplierAttribute z:Ref="i133"/><OffsetAttribute z:Ref="i134"/></URDFElement></ChildElements><ElementName>joint</ElementName><required>false</required><Axis z:Ref="i113"/><AxisName>Axis_wheel</AxisName><Calibration z:Ref="i120"/><Child z:Ref="i111"/><CoordinateSystemName>R_origin</CoordinateSystemName><Dynamics z:Ref="i123"/><Limit z:Ref="i115"/><Mimic z:Ref="i131"/><NameAttribute z:Ref="i104"/><Origin z:Ref="i106"/><Parent z:Ref="i109"/><Safety z:Ref="i126"/><TypeAttribute z:Ref="i105"/></URDFElement></ChildElements><ElementName>link</ElementName><required>true</required><Children/><Collision z:Ref="i96"/><Inertial z:Ref="i70"/><Joint z:Ref="i103"/><NameAttribute z:Ref="i69"/><Parent z:Ref="i1"/><STLQualityFine>false</STLQualityFine><SWComponentPIDs xmlns:a="http://schemas.microsoft.com/2003/10/Serialization/Arrays"><a:base64Binary>aEIAAAUAAAD//v8nYwBvAHAAcABlAHIAXwB3AGgAZQBlAGwAXwB3AGkAdABoAF8AYQBkAGEAcAB0AGUAcgBfAHAAYQByAHQALQAxAEAAQQBzAHMAZQBtADEABAAAABAAAAABAAAAAQAAAOcBAAA=</a:base64Binary></SWComponentPIDs><SWMainComponentPID i:nil="true"/><Visual z:Ref="i83"/><isFixedFrame>false</isFixedFrame><isIncomplete>false</isIncomplete></Link><Link z:Id="i135"><Attributes><Attribute z:Id="i136"><AttributeType>name</AttributeType><IsRequired>true</IsRequired><Value i:type="a:string" xmlns:a="http://www.w3.org/2001/XMLSchema">L_wheel</Value></Attribute></Attributes><ChildElements><URDFElement z:Id="i137" i:type="Inertial"><Attributes/><ChildElements><URDFElement z:Id="i138" i:type="Origin"><Attributes><Attribute z:Id="i139"><AttributeType>xyz</AttributeType><IsRequired>true</IsRequired><Value i:type="a:ArrayOfdouble" xmlns:a="http://schemas.microsoft.com/2003/10/Serialization/Arrays"><a:double>-0.00041032411340115663</a:double><a:double>-0.0058199863971911819</a:double><a:double>0.00074761031728983645</a:double></Value></Attribute><Attribute z:Id="i140"><AttributeType>rpy</AttributeType><IsRequired>true</IsRequired><Value i:type="a:ArrayOfdouble" xmlns:a="http://schemas.microsoft.com/2003/10/Serialization/Arrays"><a:double>0</a:double><a:double>0</a:double><a:double>0</a:double></Value></Attribute></Attributes><ChildElements/><ElementName>origin</ElementName><required>false</required><RPYAttribute z:Ref="i140"/><XYZAttribute z:Ref="i139"/><isCustomized>false</isCustomized></URDFElement><URDFElement z:Id="i141" i:type="Mass"><Attributes><Attribute z:Id="i142"><AttributeType>value</AttributeType><IsRequired>true</IsRequired><Value i:type="a:double" xmlns:a="http://www.w3.org/2001/XMLSchema">0.041955149555870666</Value></Attribute></Attributes><ChildElements/><ElementName>mass</ElementName><required>false</required><ValueAttribute z:Ref="i142"/></URDFElement><URDFElement z:Id="i143" i:type="Inertia"><Attributes><Attribute z:Id="i144"><AttributeType>ixx</AttributeType><IsRequired>true</IsRequired><Value i:type="a:double" xmlns:a="http://www.w3.org/2001/XMLSchema">1.8381704642724268E-05</Value></Attribute><Attribute z:Id="i145"><AttributeType>ixy</AttributeType><IsRequired>true</IsRequired><Value i:type="a:double" xmlns:a="http://www.w3.org/2001/XMLSchema">-2.1679157785034641E-10</Value></Attribute><Attribute z:Id="i146"><AttributeType>ixz</AttributeType><IsRequired>true</IsRequired><Value i:type="a:double" xmlns:a="http://www.w3.org/2001/XMLSchema">-1.4898361886727485E-08</Value></Attribute><Attribute z:Id="i147"><AttributeType>iyy</AttributeType><IsRequired>true</IsRequired><Value i:type="a:double" xmlns:a="http://www.w3.org/2001/XMLSchema">3.0919329148921755E-05</Value></Attribute><Attribute z:Id="i148"><AttributeType>iyz</AttributeType><IsRequired>true</IsRequired><Value i:type="a:double" xmlns:a="http://www.w3.org/2001/XMLSchema">3.7187230586482815E-10</Value></Attribute><Attribute z:Id="i149"><AttributeType>izz</AttributeType><IsRequired>true</IsRequired><Value i:type="a:double" xmlns:a="http://www.w3.org/2001/XMLSchema">1.8400043755197284E-05</Value></Attribute></Attributes><ChildElements/><ElementName>inertia</ElementName><required>false</required><IxxAttribute z:Ref="i144"/><IxyAttribute z:Ref="i145"/><IxzAttribute z:Ref="i146"/><IyyAttribute z:Ref="i147"/><IyzAttribute z:Ref="i148"/><IzzAttribute z:Ref="i149"/></URDFElement></ChildElements><ElementName>inertial</ElementName><required>false</required><Inertia z:Ref="i143"/><Mass z:Ref="i141"/><Origin z:Ref="i138"/></URDFElement><URDFElement z:Id="i150" i:type="Visual"><Attributes/><ChildElements><URDFElement z:Id="i151" i:type="Origin"><Attributes><Attribute z:Id="i152"><AttributeType>xyz</AttributeType><IsRequired>true</IsRequired><Value i:type="a:ArrayOfdouble" xmlns:a="http://schemas.microsoft.com/2003/10/Serialization/Arrays"><a:double>0</a:double><a:double>0</a:double><a:double>0</a:double></Value></Attribute><Attribute z:Id="i153"><AttributeType>rpy</AttributeType><IsRequired>true</IsRequired><Value i:type="a:ArrayOfdouble" xmlns:a="http://schemas.microsoft.com/2003/10/Serialization/Arrays"><a:double>0</a:double><a:double>0</a:double><a:double>0</a:double></Value></Attribute></Attributes><ChildElements/><ElementName>origin</ElementName><required>false</required><RPYAttribute z:Ref="i153"/><XYZAttribute z:Ref="i152"/><isCustomized>false</isCustomized></URDFElement><URDFElement z:Id="i154" i:type="Geometry"><Attributes/><ChildElements><URDFElement z:Id="i155" i:type="Mesh"><Attributes><Attribute z:Id="i156"><AttributeType>filename</AttributeType><IsRequired>true</IsRequired><Value i:nil="true"/></Attribute></Attributes><ChildElements/><ElementName>mesh</ElementName><required>false</required><FilenameAttribute z:Ref="i156"/></URDFElement></ChildElements><ElementName>geometry</ElementName><required>true</required><Mesh z:Ref="i155"/></URDFElement><URDFElement z:Id="i157" i:type="Material"><Attributes><Attribute z:Id="i158"><AttributeType>name</AttributeType><IsRequired>true</IsRequired><Value i:type="a:string" xmlns:a="http://www.w3.org/2001/XMLSchema"/></Attribute></Attributes><ChildElements><URDFElement z:Id="i159" i:type="Color"><Attributes><Attribute z:Id="i160"><AttributeType>rgba</AttributeType><IsRequired>true</IsRequired><Value i:type="a:ArrayOfdouble" xmlns:a="http://schemas.microsoft.com/2003/10/Serialization/Arrays"><a:double>0.792156862745098</a:double><a:double>0.81960784313725488</a:double><a:double>0.93333333333333335</a:double><a:double>1</a:double></Value></Attribute></Attributes><ChildElements/><ElementName>color</ElementName><required>false</required><RGBAAttribute z:Ref="i160"/></URDFElement><URDFElement z:Id="i161" i:type="Texture"><Attributes><Attribute z:Id="i162"><AttributeType>filename</AttributeType><IsRequired>true</IsRequired><Value i:nil="true"/></Attribute></Attributes><ChildElements/><ElementName>texture</ElementName><required>false</required><FilenameAttribute z:Ref="i162"/><wFilename/></URDFElement></ChildElements><ElementName>material</ElementName><required>false</required><Color z:Ref="i159"/><NameAttribute z:Ref="i158"/><Texture z:Ref="i161"/></URDFElement></ChildElements><ElementName>visual</ElementName><required>false</required><Geometry z:Ref="i154"/><Material z:Ref="i157"/><Origin z:Ref="i151"/></URDFElement><URDFElement z:Id="i163" i:type="Collision"><Attributes/><ChildElements><URDFElement z:Id="i164" i:type="Origin"><Attributes><Attribute z:Id="i165"><AttributeType>xyz</AttributeType><IsRequired>true</IsRequired><Value i:type="a:ArrayOfdouble" xmlns:a="http://schemas.microsoft.com/2003/10/Serialization/Arrays"><a:double>0</a:double><a:double>0</a:double><a:double>0</a:double></Value></Attribute><Attribute z:Id="i166"><AttributeType>rpy</AttributeType><IsRequired>true</IsRequired><Value i:type="a:ArrayOfdouble" xmlns:a="http://schemas.microsoft.com/2003/10/Serialization/Arrays"><a:double>0</a:double><a:double>0</a:double><a:double>0</a:double></Value></Attribute></Attributes><ChildElements/><ElementName>origin</ElementName><required>false</required><RPYAttribute z:Ref="i166"/><XYZAttribute z:Ref="i165"/><isCustomized>false</isCustomized></URDFElement><URDFElement z:Id="i167" i:type="Geometry"><Attributes/><ChildElements><URDFElement z:Id="i168" i:type="Mesh"><Attributes><Attribute z:Id="i169"><AttributeType>filename</AttributeType><IsRequired>true</IsRequired><Value i:nil="true"/></Attribute></Attributes><ChildElements/><ElementName>mesh</ElementName><required>false</required><FilenameAttribute z:Ref="i169"/></URDFElement></ChildElements><ElementName>geometry</ElementName><required>true</required><Mesh z:Ref="i168"/></URDFElement></ChildElements><ElementName>collision</ElementName><required>false</required><Geometry z:Ref="i167"/><Origin z:Ref="i164"/></URDFElement><URDFElement z:Id="i170" i:type="Joint"><Attributes><Attribute z:Id="i171"><AttributeType>name</AttributeType><IsRequired>true</IsRequired><Value i:type="a:string" xmlns:a="http://www.w3.org/2001/XMLSchema">Lwheel</Value></Attribute><Attribute z:Id="i172"><AttributeType>type</AttributeType><IsRequired>true</IsRequired><Value i:type="a:string" xmlns:a="http://www.w3.org/2001/XMLSchema">continuous</Value></Attribute></Attributes><ChildElements><URDFElement z:Id="i173" i:type="Origin"><Attributes><Attribute z:Id="i174"><AttributeType>xyz</AttributeType><IsRequired>true</IsRequired><Value i:type="a:ArrayOfdouble" xmlns:a="http://schemas.microsoft.com/2003/10/Serialization/Arrays"><a:double>-0.00040439175433133832</a:double><a:double>0.10525110642810892</a:double><a:double>0.025000000000000827</a:double></Value></Attribute><Attribute z:Id="i175"><AttributeType>rpy</AttributeType><IsRequired>true</IsRequired><Value i:type="a:ArrayOfdouble" xmlns:a="http://schemas.microsoft.com/2003/10/Serialization/Arrays"><a:double>0</a:double><a:double>0</a:double><a:double>0</a:double></Value></Attribute></Attributes><ChildElements/><ElementName>origin</ElementName><required>false</required><RPYAttribute z:Ref="i175"/><XYZAttribute z:Ref="i174"/><isCustomized>false</isCustomized></URDFElement><URDFElement z:Id="i176" i:type="ParentLink"><Attributes><Attribute z:Id="i177"><AttributeType>link</AttributeType><IsRequired>true</IsRequired><Value i:type="a:string" xmlns:a="http://www.w3.org/2001/XMLSchema">base_link</Value></Attribute></Attributes><ChildElements/><ElementName>parent</ElementName><required>true</required><NameAttribute z:Ref="i177"/></URDFElement><URDFElement z:Id="i178" i:type="ChildLink"><Attributes><Attribute z:Id="i179"><AttributeType>link</AttributeType><IsRequired>true</IsRequired><Value i:type="a:string" xmlns:a="http://www.w3.org/2001/XMLSchema">L_wheel</Value></Attribute></Attributes><ChildElements/><ElementName>child</ElementName><required>true</required><NameAttribute z:Ref="i179"/></URDFElement><URDFElement z:Id="i180" i:type="Axis"><Attributes><Attribute z:Id="i181"><AttributeType>xyz</AttributeType><IsRequired>true</IsRequired><Value i:type="a:ArrayOfdouble" xmlns:a="http://schemas.microsoft.com/2003/10/Serialization/Arrays"><a:double>0</a:double><a:double>-1</a:double><a:double>0</a:double></Value></Attribute></Attributes><ChildElements/><ElementName>axis</ElementName><required>false</required><XYZAttribute z:Ref="i181"/></URDFElement><URDFElement z:Id="i182" i:type="Limit"><Attributes><Attribute z:Id="i183"><AttributeType>lower</AttributeType><IsRequired>false</IsRequired><Value i:nil="true"/></Attribute><Attribute z:Id="i184"><AttributeType>upper</AttributeType><IsRequired>false</IsRequired><Value i:nil="true"/></Attribute><Attribute z:Id="i185"><AttributeType>effort</AttributeType><IsRequired>true</IsRequired><Value i:nil="true"/></Attribute><Attribute z:Id="i186"><AttributeType>velocity</AttributeType><IsRequired>true</IsRequired><Value i:nil="true"/></Attribute></Attributes><ChildElements/><ElementName>limit</ElementName><required>false</required><EffortAttribute z:Ref="i185"/><LowerAttribute z:Ref="i183"/><UpperAttribute z:Ref="i184"/><VelocityAttribute z:Ref="i186"/></URDFElement><URDFElement z:Id="i187" i:type="Calibration"><Attributes><Attribute z:Id="i188"><AttributeType>rising</AttributeType><IsRequired>false</IsRequired><Value i:nil="true"/></Attribute><Attribute z:Id="i189"><AttributeType>falling</AttributeType><IsRequired>false</IsRequired><Value i:nil="true"/></Attribute></Attributes><ChildElements/><ElementName>calibration</ElementName><required>false</required><FallingAttribute z:Ref="i189"/><RisingAttribute z:Ref="i188"/></URDFElement><URDFElement z:Id="i190" i:type="Dynamics"><Attributes><Attribute z:Id="i191"><AttributeType>damping</AttributeType><IsRequired>false</IsRequired><Value i:nil="true"/></Attribute><Attribute z:Id="i192"><AttributeType>friction</AttributeType><IsRequired>false</IsRequired><Value i:nil="true"/></Attribute></Attributes><ChildElements/><ElementName>dynamics</ElementName><required>false</required><DampingAttribute z:Ref="i191"/><FrictionAttribute z:Ref="i192"/></URDFElement><URDFElement z:Id="i193" i:type="SafetyController"><Attributes><Attribute z:Id="i194"><AttributeType>soft_upper_limit</AttributeType><IsRequired>false</IsRequired><Value i:nil="true"/></Attribute><Attribute z:Id="i195"><AttributeType>soft_lower_limit</AttributeType><IsRequired>false</IsRequired><Value i:nil="true"/></Attribute><Attribute z:Id="i196"><AttributeType>k_position</AttributeType><IsRequired>false</IsRequired><Value i:nil="true"/></Attribute><Attribute z:Id="i197"><AttributeType>k_velocity</AttributeType><IsRequired>true</IsRequired><Value i:nil="true"/></Attribute></Attributes><ChildElements/><ElementName>safety_controller</ElementName><required>false</required><KPositionAttribute z:Ref="i196"/><KVelocityAttribute z:Ref="i197"/><SoftLowerAttribute z:Ref="i195"/><SoftUpperAttribute z:Ref="i194"/></URDFElement><URDFElement z:Id="i198" i:type="Mimic"><Attributes><Attribute z:Id="i199"><AttributeType>joint</AttributeType><IsRequired>true</IsRequired><Value i:nil="true"/></Attribute><Attribute z:Id="i200"><AttributeType>multiplier</AttributeType><IsRequired>false</IsRequired><Value i:nil="true"/></Attribute><Attribute z:Id="i201"><AttributeType>offset</AttributeType><IsRequired>false</IsRequired><Value i:nil="true"/></Attribute></Attributes><ChildElements/><ElementName>mimic</ElementName><required>false</required><JointNameAttribute z:Ref="i199"/><MultiplierAttribute z:Ref="i200"/><OffsetAttribute z:Ref="i201"/></URDFElement></ChildElements><ElementName>joint</ElementName><required>false</required><Axis z:Ref="i180"/><AxisName>Axis_wheel</AxisName><Calibration z:Ref="i187"/><Child z:Ref="i178"/><CoordinateSystemName>L_origin</CoordinateSystemName><Dynamics z:Ref="i190"/><Limit z:Ref="i182"/><Mimic z:Ref="i198"/><NameAttribute z:Ref="i171"/><Origin z:Ref="i173"/><Parent z:Ref="i176"/><Safety z:Ref="i193"/><TypeAttribute z:Ref="i172"/></URDFElement></ChildElements><ElementName>link</ElementName><required>true</required><Children/><Collision z:Ref="i163"/><Inertial z:Ref="i137"/><Joint z:Ref="i170"/><NameAttribute z:Ref="i136"/><Parent z:Ref="i1"/><STLQualityFine>false</STLQualityFine><SWComponentPIDs xmlns:a="http://schemas.microsoft.com/2003/10/Serialization/Arrays"><a:base64Binary>aEIAAAUAAAD//v8nYwBvAHAAcABlAHIAXwB3AGgAZQBlAGwAXwB3AGkAdABoAF8AYQBkAGEAcAB0AGUAcgBfAHAAYQByAHQALQAyAEAAQQBzAHMAZQBtADEABAAAABAAAAABAAAAAQAAAOoBAAA=</a:base64Binary></SWComponentPIDs><SWMainComponentPID i:nil="true"/><Visual z:Ref="i150"/><isFixedFrame>false</isFixedFrame><isIncomplete>false</isIncomplete></Link><Link z:Id="i202"><Attributes><Attribute z:Id="i203"><AttributeType>name</AttributeType><IsRequired>true</IsRequired><Value i:type="a:string" xmlns:a="http://www.w3.org/2001/XMLSchema">Ball_front</Value></Attribute></Attributes><ChildElements><URDFElement z:Id="i204" i:type="Inertial"><Attributes/><ChildElements><URDFElement z:Id="i205" i:type="Origin"><Attributes><Attribute z:Id="i206"><AttributeType>xyz</AttributeType><IsRequired>true</IsRequired><Value i:type="a:ArrayOfdouble" xmlns:a="http://schemas.microsoft.com/2003/10/Serialization/Arrays"><a:double>4.3021142204224816E-16</a:double><a:double>-6.3696315145602561E-06</a:double><a:double>0.0054783181552000987</a:double></Value></Attribute><Attribute z:Id="i207"><AttributeType>rpy</AttributeType><IsRequired>true</IsRequired><Value i:type="a:ArrayOfdouble" xmlns:a="http://schemas.microsoft.com/2003/10/Serialization/Arrays"><a:double>0</a:double><a:double>0</a:double><a:double>0</a:double></Value></Attribute></Attributes><ChildElements/><ElementName>origin</ElementName><required>false</required><RPYAttribute z:Ref="i207"/><XYZAttribute z:Ref="i206"/><isCustomized>false</isCustomized></URDFElement><URDFElement z:Id="i208" i:type="Mass"><Attributes><Attribute z:Id="i209"><AttributeType>value</AttributeType><IsRequired>true</IsRequired><Value i:type="a:double" xmlns:a="http://www.w3.org/2001/XMLSchema">0.0051732918664278843</Value></Attribute></Attributes><ChildElements/><ElementName>mass</ElementName><required>false</required><ValueAttribute z:Ref="i209"/></URDFElement><URDFElement z:Id="i210" i:type="Inertia"><Attributes><Attribute z:Id="i211"><AttributeType>ixx</AttributeType><IsRequired>true</IsRequired><Value i:type="a:double" xmlns:a="http://www.w3.org/2001/XMLSchema">4.82436001286388E-07</Value></Attribute><Attribute z:Id="i212"><AttributeType>ixy</AttributeType><IsRequired>true</IsRequired><Value i:type="a:double" xmlns:a="http://www.w3.org/2001/XMLSchema">6.8036953124099755E-16</Value></Attribute><Attribute z:Id="i213"><AttributeType>ixz</AttributeType><IsRequired>true</IsRequired><Value i:type="a:double" xmlns:a="http://www.w3.org/2001/XMLSchema">7.4471771018533854E-23</Value></Attribute><Attribute z:Id="i214"><AttributeType>iyy</AttributeType><IsRequired>true</IsRequired><Value i:type="a:double" xmlns:a="http://www.w3.org/2001/XMLSchema">2.1717606375324104E-07</Value></Attribute><Attribute z:Id="i215"><AttributeType>iyz</AttributeType><IsRequired>true</IsRequired><Value i:type="a:double" xmlns:a="http://www.w3.org/2001/XMLSchema">2.5529250701518847E-10</Value></Attribute><Attribute z:Id="i216"><AttributeType>izz</AttributeType><IsRequired>true</IsRequired><Value i:type="a:double" xmlns:a="http://www.w3.org/2001/XMLSchema">5.286393882496393E-07</Value></Attribute></Attributes><ChildElements/><ElementName>inertia</ElementName><required>false</required><IxxAttribute z:Ref="i211"/><IxyAttribute z:Ref="i212"/><IxzAttribute z:Ref="i213"/><IyyAttribute z:Ref="i214"/><IyzAttribute z:Ref="i215"/><IzzAttribute z:Ref="i216"/></URDFElement></ChildElements><ElementName>inertial</ElementName><required>false</required><Inertia z:Ref="i210"/><Mass z:Ref="i208"/><Origin z:Ref="i205"/></URDFElement><URDFElement z:Id="i217" i:type="Visual"><Attributes/><ChildElements><URDFElement z:Id="i218" i:type="Origin"><Attributes><Attribute z:Id="i219"><AttributeType>xyz</AttributeType><IsRequired>true</IsRequired><Value i:type="a:ArrayOfdouble" xmlns:a="http://schemas.microsoft.com/2003/10/Serialization/Arrays"><a:double>0</a:double><a:double>0</a:double><a:double>0</a:double></Value></Attribute><Attribute z:Id="i220"><AttributeType>rpy</AttributeType><IsRequired>true</IsRequired><Value i:type="a:ArrayOfdouble" xmlns:a="http://schemas.microsoft.com/2003/10/Serialization/Arrays"><a:double>0</a:double><a:double>0</a:double><a:double>0</a:double></Value></Attribute></Attributes><ChildElements/><ElementName>origin</ElementName><required>false</required><RPYAttribute z:Ref="i220"/><XYZAttribute z:Ref="i219"/><isCustomized>false</isCustomized></URDFElement><URDFElement z:Id="i221" i:type="Geometry"><Attributes/><ChildElements><URDFElement z:Id="i222" i:type="Mesh"><Attributes><Attribute z:Id="i223"><AttributeType>filename</AttributeType><IsRequired>true</IsRequired><Value i:nil="true"/></Attribute></Attributes><ChildElements/><ElementName>mesh</ElementName><required>false</required><FilenameAttribute z:Ref="i223"/></URDFElement></ChildElements><ElementName>geometry</ElementName><required>true</required><Mesh z:Ref="i222"/></URDFElement><URDFElement z:Id="i224" i:type="Material"><Attributes><Attribute z:Id="i225"><AttributeType>name</AttributeType><IsRequired>true</IsRequired><Value i:type="a:string" xmlns:a="http://www.w3.org/2001/XMLSchema"/></Attribute></Attributes><ChildElements><URDFElement z:Id="i226" i:type="Color"><Attributes><Attribute z:Id="i227"><AttributeType>rgba</AttributeType><IsRequired>true</IsRequired><Value i:type="a:ArrayOfdouble" xmlns:a="http://schemas.microsoft.com/2003/10/Serialization/Arrays"><a:double>0.792156862745098</a:double><a:double>0.81960784313725488</a:double><a:double>0.93333333333333335</a:double><a:double>1</a:double></Value></Attribute></Attributes><ChildElements/><ElementName>color</ElementName><required>false</required><RGBAAttribute z:Ref="i227"/></URDFElement><URDFElement z:Id="i228" i:type="Texture"><Attributes><Attribute z:Id="i229"><AttributeType>filename</AttributeType><IsRequired>true</IsRequired><Value i:nil="true"/></Attribute></Attributes><ChildElements/><ElementName>texture</ElementName><required>false</required><FilenameAttribute z:Ref="i229"/><wFilename/></URDFElement></ChildElements><ElementName>material</ElementName><required>false</required><Color z:Ref="i226"/><NameAttribute z:Ref="i225"/><Texture z:Ref="i228"/></URDFElement></ChildElements><ElementName>visual</ElementName><required>false</required><Geometry z:Ref="i221"/><Material z:Ref="i224"/><Origin z:Ref="i218"/></URDFElement><URDFElement z:Id="i230" i:type="Collision"><Attributes/><ChildElements><URDFElement z:Id="i231" i:type="Origin"><Attributes><Attribute z:Id="i232"><AttributeType>xyz</AttributeType><IsRequired>true</IsRequired><Value i:type="a:ArrayOfdouble" xmlns:a="http://schemas.microsoft.com/2003/10/Serialization/Arrays"><a:double>0</a:double><a:double>0</a:double><a:double>0</a:double></Value></Attribute><Attribute z:Id="i233"><AttributeType>rpy</AttributeType><IsRequired>true</IsRequired><Value i:type="a:ArrayOfdouble" xmlns:a="http://schemas.microsoft.com/2003/10/Serialization/Arrays"><a:double>0</a:double><a:double>0</a:double><a:double>0</a:double></Value></Attribute></Attributes><ChildElements/><ElementName>origin</ElementName><required>false</required><RPYAttribute z:Ref="i233"/><XYZAttribute z:Ref="i232"/><isCustomized>false</isCustomized></URDFElement><URDFElement z:Id="i234" i:type="Geometry"><Attributes/><ChildElements><URDFElement z:Id="i235" i:type="Mesh"><Attributes><Attribute z:Id="i236"><AttributeType>filename</AttributeType><IsRequired>true</IsRequired><Value i:nil="true"/></Attribute></Attributes><ChildElements/><ElementName>mesh</ElementName><required>false</required><FilenameAttribute z:Ref="i236"/></URDFElement></ChildElements><ElementName>geometry</ElementName><required>true</required><Mesh z:Ref="i235"/></URDFElement></ChildElements><ElementName>collision</ElementName><required>false</required><Geometry z:Ref="i234"/><Origin z:Ref="i231"/></URDFElement><URDFElement z:Id="i237" i:type="Joint"><Attributes><Attribute z:Id="i238"><AttributeType>name</AttributeType><IsRequired>true</IsRequired><Value i:type="a:string" xmlns:a="http://www.w3.org/2001/XMLSchema">Ballfront</Value></Attribute><Attribute z:Id="i239"><AttributeType>type</AttributeType><IsRequired>true</IsRequired><Value i:type="a:string" xmlns:a="http://www.w3.org/2001/XMLSchema">fixed</Value></Attribute></Attributes><ChildElements><URDFElement z:Id="i240" i:type="Origin"><Attributes><Attribute z:Id="i241"><AttributeType>xyz</AttributeType><IsRequired>true</IsRequired><Value i:type="a:ArrayOfdouble" xmlns:a="http://schemas.microsoft.com/2003/10/Serialization/Arrays"><a:double>0.074595608245668021</a:double><a:double>-0.00018349405514948847</a:double><a:double>-0.00090000000000049069</a:double></Value></Attribute><Attribute z:Id="i242"><AttributeType>rpy</AttributeType><IsRequired>true</IsRequired><Value i:type="a:ArrayOfdouble" xmlns:a="http://schemas.microsoft.com/2003/10/Serialization/Arrays"><a:double>0</a:double><a:double>0</a:double><a:double>0</a:double></Value></Attribute></Attributes><ChildElements/><ElementName>origin</ElementName><required>false</required><RPYAttribute z:Ref="i242"/><XYZAttribute z:Ref="i241"/><isCustomized>false</isCustomized></URDFElement><URDFElement z:Id="i243" i:type="ParentLink"><Attributes><Attribute z:Id="i244"><AttributeType>link</AttributeType><IsRequired>true</IsRequired><Value i:type="a:string" xmlns:a="http://www.w3.org/2001/XMLSchema">base_link</Value></Attribute></Attributes><ChildElements/><ElementName>parent</ElementName><required>true</required><NameAttribute z:Ref="i244"/></URDFElement><URDFElement z:Id="i245" i:type="ChildLink"><Attributes><Attribute z:Id="i246"><AttributeType>link</AttributeType><IsRequired>true</IsRequired><Value i:type="a:string" xmlns:a="http://www.w3.org/2001/XMLSchema">Ball_front</Value></Attribute></Attributes><ChildElements/><ElementName>child</ElementName><required>true</required><NameAttribute z:Ref="i246"/></URDFElement><URDFElement z:Id="i247" i:type="Axis"><Attributes><Attribute z:Id="i248"><AttributeType>xyz</AttributeType><IsRequired>true</IsRequired><Value i:type="a:ArrayOfdouble" xmlns:a="http://schemas.microsoft.com/2003/10/Serialization/Arrays"><a:double>0</a:double><a:double>0</a:double><a:double>0</a:double></Value></Attribute></Attributes><ChildElements/><ElementName>axis</ElementName><required>false</required><XYZAttribute z:Ref="i248"/></URDFElement><URDFElement z:Id="i249" i:type="Limit"><Attributes><Attribute z:Id="i250"><AttributeType>lower</AttributeType><IsRequired>false</IsRequired><Value i:nil="true"/></Attribute><Attribute z:Id="i251"><AttributeType>upper</AttributeType><IsRequired>false</IsRequired><Value i:nil="true"/></Attribute><Attribute z:Id="i252"><AttributeType>effort</AttributeType><IsRequired>true</IsRequired><Value i:nil="true"/></Attribute><Attribute z:Id="i253"><AttributeType>velocity</AttributeType><IsRequired>true</IsRequired><Value i:nil="true"/></Attribute></Attributes><ChildElements/><ElementName>limit</ElementName><required>false</required><EffortAttribute z:Ref="i252"/><LowerAttribute z:Ref="i250"/><UpperAttribute z:Ref="i251"/><VelocityAttribute z:Ref="i253"/></URDFElement><URDFElement z:Id="i254" i:type="Calibration"><Attributes><Attribute z:Id="i255"><AttributeType>rising</AttributeType><IsRequired>false</IsRequired><Value i:nil="true"/></Attribute><Attribute z:Id="i256"><AttributeType>falling</AttributeType><IsRequired>false</IsRequired><Value i:nil="true"/></Attribute></Attributes><ChildElements/><ElementName>calibration</ElementName><required>false</required><FallingAttribute z:Ref="i256"/><RisingAttribute z:Ref="i255"/></URDFElement><URDFElement z:Id="i257" i:type="Dynamics"><Attributes><Attribute z:Id="i258"><AttributeType>damping</AttributeType><IsRequired>false</IsRequired><Value i:nil="true"/></Attribute><Attribute z:Id="i259"><AttributeType>friction</AttributeType><IsRequired>false</IsRequired><Value i:nil="true"/></Attribute></Attributes><ChildElements/><ElementName>dynamics</ElementName><required>false</required><DampingAttribute z:Ref="i258"/><FrictionAttribute z:Ref="i259"/></URDFElement><URDFElement z:Id="i260" i:type="SafetyController"><Attributes><Attribute z:Id="i261"><AttributeType>soft_upper_limit</AttributeType><IsRequired>false</IsRequired><Value i:nil="true"/></Attribute><Attribute z:Id="i262"><AttributeType>soft_lower_limit</AttributeType><IsRequired>false</IsRequired><Value i:nil="true"/></Attribute><Attribute z:Id="i263"><AttributeType>k_position</AttributeType><IsRequired>false</IsRequired><Value i:nil="true"/></Attribute><Attribute z:Id="i264"><AttributeType>k_velocity</AttributeType><IsRequired>true</IsRequired><Value i:nil="true"/></Attribute></Attributes><ChildElements/><ElementName>safety_controller</ElementName><required>false</required><KPositionAttribute z:Ref="i263"/><KVelocityAttribute z:Ref="i264"/><SoftLowerAttribute z:Ref="i262"/><SoftUpperAttribute z:Ref="i261"/></URDFElement><URDFElement z:Id="i265" i:type="Mimic"><Attributes><Attribute z:Id="i266"><AttributeType>joint</AttributeType><IsRequired>true</IsRequired><Value i:nil="true"/></Attribute><Attribute z:Id="i267"><AttributeType>multiplier</AttributeType><IsRequired>false</IsRequired><Value i:nil="true"/></Attribute><Attribute z:Id="i268"><AttributeType>offset</AttributeType><IsRequired>false</IsRequired><Value i:nil="true"/></Attribute></Attributes><ChildElements/><ElementName>mimic</ElementName><required>false</required><JointNameAttribute z:Ref="i266"/><MultiplierAttribute z:Ref="i267"/><OffsetAttribute z:Ref="i268"/></URDFElement></ChildElements><ElementName>joint</ElementName><required>false</required><Axis z:Ref="i247"/><AxisName>Axis_Ballfront</AxisName><Calibration z:Ref="i254"/><Child z:Ref="i245"/><CoordinateSystemName>Front_origin</CoordinateSystemName><Dynamics z:Ref="i257"/><Limit z:Ref="i249"/><Mimic z:Ref="i265"/><NameAttribute z:Ref="i238"/><Origin z:Ref="i240"/><Parent z:Ref="i243"/><Safety z:Ref="i260"/><TypeAttribute z:Ref="i239"/></URDFElement></ChildElements><ElementName>link</ElementName><required>true</required><Children/><Collision z:Ref="i230"/><Inertial z:Ref="i204"/><Joint z:Ref="i237"/><NameAttribute z:Ref="i203"/><Parent z:Ref="i1"/><STLQualityFine>false</STLQualityFine><SWComponentPIDs xmlns:a="http://schemas.microsoft.com/2003/10/Serialization/Arrays"><a:base64Binary>aEIAAAUAAAD//v8uVwA0ADIAMAAgAFUAbgBpAHYAZQByAHMAYQBsACAAUwB0AGUAZQBsACAAQgBhAGwAbAAgAEMAYQBzAHQAZQByAF8AcABhAHIAdAAtADEAQABBAHMAcwBlAG0AMQAEAAAAEAAAAAEAAAABAAAAxQEAAA==</a:base64Binary><a:base64Binary>aEIAAAUAAAD//v8VVwA0ADIAMABfAHMAcABhAGMAZQByAC0AMQAxAEAAQQBzAHMAZQBtADEABAAAABAAAAABAAAAAQAAAIkBAAA=</a:base64Binary><a:base64Binary>aEIAAAUAAAD//v8VVwA0ADIAMABfAHMAcABhAGMAZQByAC0AMQAyAEAAQQBzAHMAZQBtADEABAAAABAAAAABAAAAAQAAAIwBAAA=</a:base64Binary></SWComponentPIDs><SWMainComponentPID i:nil="true"/><Visual z:Ref="i217"/><isFixedFrame>false</isFixedFrame><isIncomplete>false</isIncomplete></Link><Link z:Id="i269"><Attributes><Attribute z:Id="i270"><AttributeType>name</AttributeType><IsRequired>true</IsRequired><Value i:type="a:string" xmlns:a="http://www.w3.org/2001/XMLSchema">Ball_back</Value></Attribute></Attributes><ChildElements><URDFElement z:Id="i271" i:type="Inertial"><Attributes/><ChildElements><URDFElement z:Id="i272" i:type="Origin"><Attributes><Attribute z:Id="i273"><AttributeType>xyz</AttributeType><IsRequired>true</IsRequired><Value i:type="a:ArrayOfdouble" xmlns:a="http://schemas.microsoft.com/2003/10/Serialization/Arrays"><a:double>4.4408920985006262E-16</a:double><a:double>-6.3696315145550519E-06</a:double><a:double>0.0054783181552000987</a:double></Value></Attribute><Attribute z:Id="i274"><AttributeType>rpy</AttributeType><IsRequired>true</IsRequired><Value i:type="a:ArrayOfdouble" xmlns:a="http://schemas.microsoft.com/2003/10/Serialization/Arrays"><a:double>0</a:double><a:double>0</a:double><a:double>0</a:double></Value></Attribute></Attributes><ChildElements/><ElementName>origin</ElementName><required>false</required><RPYAttribute z:Ref="i274"/><XYZAttribute z:Ref="i273"/><isCustomized>false</isCustomized></URDFElement><URDFElement z:Id="i275" i:type="Mass"><Attributes><Attribute z:Id="i276"><AttributeType>value</AttributeType><IsRequired>true</IsRequired><Value i:type="a:double" xmlns:a="http://www.w3.org/2001/XMLSchema">0.0051732918664278808</Value></Attribute></Attributes><ChildElements/><ElementName>mass</ElementName><required>false</required><ValueAttribute z:Ref="i276"/></URDFElement><URDFElement z:Id="i277" i:type="Inertia"><Attributes><Attribute z:Id="i278"><AttributeType>ixx</AttributeType><IsRequired>true</IsRequired><Value i:type="a:double" xmlns:a="http://www.w3.org/2001/XMLSchema">4.8243600128638784E-07</Value></Attribute><Attribute z:Id="i279"><AttributeType>ixy</AttributeType><IsRequired>true</IsRequired><Value i:type="a:double" xmlns:a="http://www.w3.org/2001/XMLSchema">6.8036947997631588E-16</Value></Attribute><Attribute z:Id="i280"><AttributeType>ixz</AttributeType><IsRequired>true</IsRequired><Value i:type="a:double" xmlns:a="http://www.w3.org/2001/XMLSchema">3.0818740879903815E-23</Value></Attribute><Attribute z:Id="i281"><AttributeType>iyy</AttributeType><IsRequired>true</IsRequired><Value i:type="a:double" xmlns:a="http://www.w3.org/2001/XMLSchema">2.1717606375324102E-07</Value></Attribute><Attribute z:Id="i282"><AttributeType>iyz</AttributeType><IsRequired>true</IsRequired><Value i:type="a:double" xmlns:a="http://www.w3.org/2001/XMLSchema">2.5529250701531565E-10</Value></Attribute><Attribute z:Id="i283"><AttributeType>izz</AttributeType><IsRequired>true</IsRequired><Value i:type="a:double" xmlns:a="http://www.w3.org/2001/XMLSchema">5.2863938824963941E-07</Value></Attribute></Attributes><ChildElements/><ElementName>inertia</ElementName><required>false</required><IxxAttribute z:Ref="i278"/><IxyAttribute z:Ref="i279"/><IxzAttribute z:Ref="i280"/><IyyAttribute z:Ref="i281"/><IyzAttribute z:Ref="i282"/><IzzAttribute z:Ref="i283"/></URDFElement></ChildElements><ElementName>inertial</ElementName><required>false</required><Inertia z:Ref="i277"/><Mass z:Ref="i275"/><Origin z:Ref="i272"/></URDFElement><URDFElement z:Id="i284" i:type="Visual"><Attributes/><ChildElements><URDFElement z:Id="i285" i:type="Origin"><Attributes><Attribute z:Id="i286"><AttributeType>xyz</AttributeType><IsRequired>true</IsRequired><Value i:type="a:ArrayOfdouble" xmlns:a="http://schemas.microsoft.com/2003/10/Serialization/Arrays"><a:double>0</a:double><a:double>0</a:double><a:double>0</a:double></Value></Attribute><Attribute z:Id="i287"><AttributeType>rpy</AttributeType><IsRequired>true</IsRequired><Value i:type="a:ArrayOfdouble" xmlns:a="http://schemas.microsoft.com/2003/10/Serialization/Arrays"><a:double>0</a:double><a:double>0</a:double><a:double>0</a:double></Value></Attribute></Attributes><ChildElements/><ElementName>origin</ElementName><required>false</required><RPYAttribute z:Ref="i287"/><XYZAttribute z:Ref="i286"/><isCustomized>false</isCustomized></URDFElement><URDFElement z:Id="i288" i:type="Geometry"><Attributes/><ChildElements><URDFElement z:Id="i289" i:type="Mesh"><Attributes><Attribute z:Id="i290"><AttributeType>filename</AttributeType><IsRequired>true</IsRequired><Value i:nil="true"/></Attribute></Attributes><ChildElements/><ElementName>mesh</ElementName><required>false</required><FilenameAttribute z:Ref="i290"/></URDFElement></ChildElements><ElementName>geometry</ElementName><required>true</required><Mesh z:Ref="i289"/></URDFElement><URDFElement z:Id="i291" i:type="Material"><Attributes><Attribute z:Id="i292"><AttributeType>name</AttributeType><IsRequired>true</IsRequired><Value i:type="a:string" xmlns:a="http://www.w3.org/2001/XMLSchema"/></Attribute></Attributes><ChildElements><URDFElement z:Id="i293" i:type="Color"><Attributes><Attribute z:Id="i294"><AttributeType>rgba</AttributeType><IsRequired>true</IsRequired><Value i:type="a:ArrayOfdouble" xmlns:a="http://schemas.microsoft.com/2003/10/Serialization/Arrays"><a:double>0.792156862745098</a:double><a:double>0.81960784313725488</a:double><a:double>0.93333333333333335</a:double><a:double>1</a:double></Value></Attribute></Attributes><ChildElements/><ElementName>color</ElementName><required>false</required><RGBAAttribute z:Ref="i294"/></URDFElement><URDFElement z:Id="i295" i:type="Texture"><Attributes><Attribute z:Id="i296"><AttributeType>filename</AttributeType><IsRequired>true</IsRequired><Value i:nil="true"/></Attribute></Attributes><ChildElements/><ElementName>texture</ElementName><required>false</required><FilenameAttribute z:Ref="i296"/><wFilename/></URDFElement></ChildElements><ElementName>material</ElementName><required>false</required><Color z:Ref="i293"/><NameAttribute z:Ref="i292"/><Texture z:Ref="i295"/></URDFElement></ChildElements><ElementName>visual</ElementName><required>false</required><Geometry z:Ref="i288"/><Material z:Ref="i291"/><Origin z:Ref="i285"/></URDFElement><URDFElement z:Id="i297" i:type="Collision"><Attributes/><ChildElements><URDFElement z:Id="i298" i:type="Origin"><Attributes><Attribute z:Id="i299"><AttributeType>xyz</AttributeType><IsRequired>true</IsRequired><Value i:type="a:ArrayOfdouble" xmlns:a="http://schemas.microsoft.com/2003/10/Serialization/Arrays"><a:double>0</a:double><a:double>0</a:double><a:double>0</a:double></Value></Attribute><Attribute z:Id="i300"><AttributeType>rpy</AttributeType><IsRequired>true</IsRequired><Value i:type="a:ArrayOfdouble" xmlns:a="http://schemas.microsoft.com/2003/10/Serialization/Arrays"><a:double>0</a:double><a:double>0</a:double><a:double>0</a:double></Value></Attribute></Attributes><ChildElements/><ElementName>origin</ElementName><required>false</required><RPYAttribute z:Ref="i300"/><XYZAttribute z:Ref="i299"/><isCustomized>false</isCustomized></URDFElement><URDFElement z:Id="i301" i:type="Geometry"><Attributes/><ChildElements><URDFElement z:Id="i302" i:type="Mesh"><Attributes><Attribute z:Id="i303"><AttributeType>filename</AttributeType><IsRequired>true</IsRequired><Value i:nil="true"/></Attribute></Attributes><ChildElements/><ElementName>mesh</ElementName><required>false</required><FilenameAttribute z:Ref="i303"/></URDFElement></ChildElements><ElementName>geometry</ElementName><required>true</required><Mesh z:Ref="i302"/></URDFElement></ChildElements><ElementName>collision</ElementName><required>false</required><Geometry z:Ref="i301"/><Origin z:Ref="i298"/></URDFElement><URDFElement z:Id="i304" i:type="Joint"><Attributes><Attribute z:Id="i305"><AttributeType>name</AttributeType><IsRequired>true</IsRequired><Value i:type="a:string" xmlns:a="http://www.w3.org/2001/XMLSchema">Ballback</Value></Attribute><Attribute z:Id="i306"><AttributeType>type</AttributeType><IsRequired>true</IsRequired><Value i:type="a:string" xmlns:a="http://www.w3.org/2001/XMLSchema">fixed</Value></Attribute></Attributes><ChildElements><URDFElement z:Id="i307" i:type="Origin"><Attributes><Attribute z:Id="i308"><AttributeType>xyz</AttributeType><IsRequired>true</IsRequired><Value i:type="a:ArrayOfdouble" xmlns:a="http://schemas.microsoft.com/2003/10/Serialization/Arrays"><a:double>-0.07540439175433207</a:double><a:double>-0.00018349405514943296</a:double><a:double>-0.00090000000000049069</a:double></Value></Attribute><Attribute z:Id="i309"><AttributeType>rpy</AttributeType><IsRequired>true</IsRequired><Value i:type="a:ArrayOfdouble" xmlns:a="http://schemas.microsoft.com/2003/10/Serialization/Arrays"><a:double>0</a:double><a:double>0</a:double><a:double>0</a:double></Value></Attribute></Attributes><ChildElements/><ElementName>origin</ElementName><required>false</required><RPYAttribute z:Ref="i309"/><XYZAttribute z:Ref="i308"/><isCustomized>false</isCustomized></URDFElement><URDFElement z:Id="i310" i:type="ParentLink"><Attributes><Attribute z:Id="i311"><AttributeType>link</AttributeType><IsRequired>true</IsRequired><Value i:type="a:string" xmlns:a="http://www.w3.org/2001/XMLSchema">base_link</Value></Attribute></Attributes><ChildElements/><ElementName>parent</ElementName><required>true</required><NameAttribute z:Ref="i311"/></URDFElement><URDFElement z:Id="i312" i:type="ChildLink"><Attributes><Attribute z:Id="i313"><AttributeType>link</AttributeType><IsRequired>true</IsRequired><Value i:type="a:string" xmlns:a="http://www.w3.org/2001/XMLSchema">Ball_back</Value></Attribute></Attributes><ChildElements/><ElementName>child</ElementName><required>true</required><NameAttribute z:Ref="i313"/></URDFElement><URDFElement z:Id="i314" i:type="Axis"><Attributes><Attribute z:Id="i315"><AttributeType>xyz</AttributeType><IsRequired>true</IsRequired><Value i:type="a:ArrayOfdouble" xmlns:a="http://schemas.microsoft.com/2003/10/Serialization/Arrays"><a:double>0</a:double><a:double>0</a:double><a:double>0</a:double></Value></Attribute></Attributes><ChildElements/><ElementName>axis</ElementName><required>false</required><XYZAttribute z:Ref="i315"/></URDFElement><URDFElement z:Id="i316" i:type="Limit"><Attributes><Attribute z:Id="i317"><AttributeType>lower</AttributeType><IsRequired>false</IsRequired><Value i:nil="true"/></Attribute><Attribute z:Id="i318"><AttributeType>upper</AttributeType><IsRequired>false</IsRequired><Value i:nil="true"/></Attribute><Attribute z:Id="i319"><AttributeType>effort</AttributeType><IsRequired>true</IsRequired><Value i:nil="true"/></Attribute><Attribute z:Id="i320"><AttributeType>velocity</AttributeType><IsRequired>true</IsRequired><Value i:nil="true"/></Attribute></Attributes><ChildElements/><ElementName>limit</ElementName><required>false</required><EffortAttribute z:Ref="i319"/><LowerAttribute z:Ref="i317"/><UpperAttribute z:Ref="i318"/><VelocityAttribute z:Ref="i320"/></URDFElement><URDFElement z:Id="i321" i:type="Calibration"><Attributes><Attribute z:Id="i322"><AttributeType>rising</AttributeType><IsRequired>false</IsRequired><Value i:nil="true"/></Attribute><Attribute z:Id="i323"><AttributeType>falling</AttributeType><IsRequired>false</IsRequired><Value i:nil="true"/></Attribute></Attributes><ChildElements/><ElementName>calibration</ElementName><required>false</required><FallingAttribute z:Ref="i323"/><RisingAttribute z:Ref="i322"/></URDFElement><URDFElement z:Id="i324" i:type="Dynamics"><Attributes><Attribute z:Id="i325"><AttributeType>damping</AttributeType><IsRequired>false</IsRequired><Value i:nil="true"/></Attribute><Attribute z:Id="i326"><AttributeType>friction</AttributeType><IsRequired>false</IsRequired><Value i:nil="true"/></Attribute></Attributes><ChildElements/><ElementName>dynamics</ElementName><required>false</required><DampingAttribute z:Ref="i325"/><FrictionAttribute z:Ref="i326"/></URDFElement><URDFElement z:Id="i327" i:type="SafetyController"><Attributes><Attribute z:Id="i328"><AttributeType>soft_upper_limit</AttributeType><IsRequired>false</IsRequired><Value i:nil="true"/></Attribute><Attribute z:Id="i329"><AttributeType>soft_lower_limit</AttributeType><IsRequired>false</IsRequired><Value i:nil="true"/></Attribute><Attribute z:Id="i330"><AttributeType>k_position</AttributeType><IsRequired>false</IsRequired><Value i:nil="true"/></Attribute><Attribute z:Id="i331"><AttributeType>k_velocity</AttributeType><IsRequired>true</IsRequired><Value i:nil="true"/></Attribute></Attributes><ChildElements/><ElementName>safety_controller</ElementName><required>false</required><KPositionAttribute z:Ref="i330"/><KVelocityAttribute z:Ref="i331"/><SoftLowerAttribute z:Ref="i329"/><SoftUpperAttribute z:Ref="i328"/></URDFElement><URDFElement z:Id="i332" i:type="Mimic"><Attributes><Attribute z:Id="i333"><AttributeType>joint</AttributeType><IsRequired>true</IsRequired><Value i:nil="true"/></Attribute><Attribute z:Id="i334"><AttributeType>multiplier</AttributeType><IsRequired>false</IsRequired><Value i:nil="true"/></Attribute><Attribute z:Id="i335"><AttributeType>offset</AttributeType><IsRequired>false</IsRequired><Value i:nil="true"/></Attribute></Attributes><ChildElements/><ElementName>mimic</ElementName><required>false</required><JointNameAttribute z:Ref="i333"/><MultiplierAttribute z:Ref="i334"/><OffsetAttribute z:Ref="i335"/></URDFElement></ChildElements><ElementName>joint</ElementName><required>false</required><Axis z:Ref="i314"/><AxisName>Axis_Ballback</AxisName><Calibration z:Ref="i321"/><Child z:Ref="i312"/><CoordinateSystemName>Back_origin</CoordinateSystemName><Dynamics z:Ref="i324"/><Limit z:Ref="i316"/><Mimic z:Ref="i332"/><NameAttribute z:Ref="i305"/><Origin z:Ref="i307"/><Parent z:Ref="i310"/><Safety z:Ref="i327"/><TypeAttribute z:Ref="i306"/></URDFElement></ChildElements><ElementName>link</ElementName><required>true</required><Children/><Collision z:Ref="i297"/><Inertial z:Ref="i271"/><Joint z:Ref="i304"/><NameAttribute z:Ref="i270"/><Parent z:Ref="i1"/><STLQualityFine>false</STLQualityFine><SWComponentPIDs xmlns:a="http://schemas.microsoft.com/2003/10/Serialization/Arrays"><a:base64Binary>aEIAAAUAAAD//v8uVwA0ADIAMAAgAFUAbgBpAHYAZQByAHMAYQBsACAAUwB0AGUAZQBsACAAQgBhAGwAbAAgAEMAYQBzAHQAZQByAF8AcABhAHIAdAAtADIAQABBAHMAcwBlAG0AMQAEAAAAEAAAAAEAAAABAAAA1AEAAA==</a:base64Binary><a:base64Binary>aEIAAAUAAAD//v8VVwA0ADIAMABfAHMAcABhAGMAZQByAC0AMQAzAEAAQQBzAHMAZQBtADEABAAAABAAAAABAAAAAQAAALABAAA=</a:base64Binary><a:base64Binary>aEIAAAUAAAD//v8VVwA0ADIAMABfAHMAcABhAGMAZQByAC0AMQA0AEAAQQBzAHMAZQBtADEABAAAABAAAAABAAAAAQAAALMBAAA=</a:base64Binary></SWComponentPIDs><SWMainComponentPID i:nil="true"/><Visual z:Ref="i284"/><isFixedFrame>false</isFixedFrame><isIncomplete>false</isIncomplete></Link><Link z:Id="i336"><Attributes><Attribute z:Id="i337"><AttributeType>name</AttributeType><IsRequired>true</IsRequired><Value i:type="a:string" xmlns:a="http://www.w3.org/2001/XMLSchema">Lidar</Value></Attribute></Attributes><ChildElements><URDFElement z:Id="i338" i:type="Inertial"><Attributes/><ChildElements><URDFElement z:Id="i339" i:type="Origin"><Attributes><Attribute z:Id="i340"><AttributeType>xyz</AttributeType><IsRequired>true</IsRequired><Value i:type="a:ArrayOfdouble" xmlns:a="http://schemas.microsoft.com/2003/10/Serialization/Arrays"><a:double>0.014841507975136892</a:double><a:double>0.00032514886472106985</a:double><a:double>-0.021153620814164303</a:double></Value></Attribute><Attribute z:Id="i341"><AttributeType>rpy</AttributeType><IsRequired>true</IsRequired><Value i:type="a:ArrayOfdouble" xmlns:a="http://schemas.microsoft.com/2003/10/Serialization/Arrays"><a:double>0</a:double><a:double>0</a:double><a:double>0</a:double></Value></Attribute></Attributes><ChildElements/><ElementName>origin</ElementName><required>false</required><RPYAttribute z:Ref="i341"/><XYZAttribute z:Ref="i340"/><isCustomized>false</isCustomized></URDFElement><URDFElement z:Id="i342" i:type="Mass"><Attributes><Attribute z:Id="i343"><AttributeType>value</AttributeType><IsRequired>true</IsRequired><Value i:type="a:double" xmlns:a="http://www.w3.org/2001/XMLSchema">0.031240912686132945</Value></Attribute></Attributes><ChildElements/><ElementName>mass</ElementName><required>false</required><ValueAttribute z:Ref="i343"/></URDFElement><URDFElement z:Id="i344" i:type="Inertia"><Attributes><Attribute z:Id="i345"><AttributeType>ixx</AttributeType><IsRequired>true</IsRequired><Value i:type="a:double" xmlns:a="http://www.w3.org/2001/XMLSchema">8.8777123437312462E-06</Value></Attribute><Attribute z:Id="i346"><AttributeType>ixy</AttributeType><IsRequired>true</IsRequired><Value i:type="a:double" xmlns:a="http://www.w3.org/2001/XMLSchema">-1.3131458506388292E-07</Value></Attribute><Attribute z:Id="i347"><AttributeType>ixz</AttributeType><IsRequired>true</IsRequired><Value i:type="a:double" xmlns:a="http://www.w3.org/2001/XMLSchema">1.1330956162686753E-07</Value></Attribute><Attribute z:Id="i348"><AttributeType>iyy</AttributeType><IsRequired>true</IsRequired><Value i:type="a:double" xmlns:a="http://www.w3.org/2001/XMLSchema">1.4493553041837992E-05</Value></Attribute><Attribute z:Id="i349"><AttributeType>iyz</AttributeType><IsRequired>true</IsRequired><Value i:type="a:double" xmlns:a="http://www.w3.org/2001/XMLSchema">3.3673144047220935E-08</Value></Attribute><Attribute z:Id="i350"><AttributeType>izz</AttributeType><IsRequired>true</IsRequired><Value i:type="a:double" xmlns:a="http://www.w3.org/2001/XMLSchema">2.2528909807592927E-05</Value></Attribute></Attributes><ChildElements/><ElementName>inertia</ElementName><required>false</required><IxxAttribute z:Ref="i345"/><IxyAttribute z:Ref="i346"/><IxzAttribute z:Ref="i347"/><IyyAttribute z:Ref="i348"/><IyzAttribute z:Ref="i349"/><IzzAttribute z:Ref="i350"/></URDFElement></ChildElements><ElementName>inertial</ElementName><required>false</required><Inertia z:Ref="i344"/><Mass z:Ref="i342"/><Origin z:Ref="i339"/></URDFElement><URDFElement z:Id="i351" i:type="Visual"><Attributes/><ChildElements><URDFElement z:Id="i352" i:type="Origin"><Attributes><Attribute z:Id="i353"><AttributeType>xyz</AttributeType><IsRequired>true</IsRequired><Value i:type="a:ArrayOfdouble" xmlns:a="http://schemas.microsoft.com/2003/10/Serialization/Arrays"><a:double>0</a:double><a:double>0</a:double><a:double>0</a:double></Value></Attribute><Attribute z:Id="i354"><AttributeType>rpy</AttributeType><IsRequired>true</IsRequired><Value i:type="a:ArrayOfdouble" xmlns:a="http://schemas.microsoft.com/2003/10/Serialization/Arrays"><a:double>0</a:double><a:double>0</a:double><a:double>0</a:double></Value></Attribute></Attributes><ChildElements/><ElementName>origin</ElementName><required>false</required><RPYAttribute z:Ref="i354"/><XYZAttribute z:Ref="i353"/><isCustomized>false</isCustomized></URDFElement><URDFElement z:Id="i355" i:type="Geometry"><Attributes/><ChildElements><URDFElement z:Id="i356" i:type="Mesh"><Attributes><Attribute z:Id="i357"><AttributeType>filename</AttributeType><IsRequired>true</IsRequired><Value i:nil="true"/></Attribute></Attributes><ChildElements/><ElementName>mesh</ElementName><required>false</required><FilenameAttribute z:Ref="i357"/></URDFElement></ChildElements><ElementName>geometry</ElementName><required>true</required><Mesh z:Ref="i356"/></URDFElement><URDFElement z:Id="i358" i:type="Material"><Attributes><Attribute z:Id="i359"><AttributeType>name</AttributeType><IsRequired>true</IsRequired><Value i:type="a:string" xmlns:a="http://www.w3.org/2001/XMLSchema"/></Attribute></Attributes><ChildElements><URDFElement z:Id="i360" i:type="Color"><Attributes><Attribute z:Id="i361"><AttributeType>rgba</AttributeType><IsRequired>true</IsRequired><Value i:type="a:ArrayOfdouble" xmlns:a="http://schemas.microsoft.com/2003/10/Serialization/Arrays"><a:double>0.792156862745098</a:double><a:double>0.81960784313725488</a:double><a:double>0.93333333333333335</a:double><a:double>1</a:double></Value></Attribute></Attributes><ChildElements/><ElementName>color</ElementName><required>false</required><RGBAAttribute z:Ref="i361"/></URDFElement><URDFElement z:Id="i362" i:type="Texture"><Attributes><Attribute z:Id="i363"><AttributeType>filename</AttributeType><IsRequired>true</IsRequired><Value i:nil="true"/></Attribute></Attributes><ChildElements/><ElementName>texture</ElementName><required>false</required><FilenameAttribute z:Ref="i363"/><wFilename/></URDFElement></ChildElements><ElementName>material</ElementName><required>false</required><Color z:Ref="i360"/><NameAttribute z:Ref="i359"/><Texture z:Ref="i362"/></URDFElement></ChildElements><ElementName>visual</ElementName><required>false</required><Geometry z:Ref="i355"/><Material z:Ref="i358"/><Origin z:Ref="i352"/></URDFElement><URDFElement z:Id="i364" i:type="Collision"><Attributes/><ChildElements><URDFElement z:Id="i365" i:type="Origin"><Attributes><Attribute z:Id="i366"><AttributeType>xyz</AttributeType><IsRequired>true</IsRequired><Value i:type="a:ArrayOfdouble" xmlns:a="http://schemas.microsoft.com/2003/10/Serialization/Arrays"><a:double>0</a:double><a:double>0</a:double><a:double>0</a:double></Value></Attribute><Attribute z:Id="i367"><AttributeType>rpy</AttributeType><IsRequired>true</IsRequired><Value i:type="a:ArrayOfdouble" xmlns:a="http://schemas.microsoft.com/2003/10/Serialization/Arrays"><a:double>0</a:double><a:double>0</a:double><a:double>0</a:double></Value></Attribute></Attributes><ChildElements/><ElementName>origin</ElementName><required>false</required><RPYAttribute z:Ref="i367"/><XYZAttribute z:Ref="i366"/><isCustomized>false</isCustomized></URDFElement><URDFElement z:Id="i368" i:type="Geometry"><Attributes/><ChildElements><URDFElement z:Id="i369" i:type="Mesh"><Attributes><Attribute z:Id="i370"><AttributeType>filename</AttributeType><IsRequired>true</IsRequired><Value i:nil="true"/></Attribute></Attributes><ChildElements/><ElementName>mesh</ElementName><required>false</required><FilenameAttribute z:Ref="i370"/></URDFElement></ChildElements><ElementName>geometry</ElementName><required>true</required><Mesh z:Ref="i369"/></URDFElement></ChildElements><ElementName>collision</ElementName><required>false</required><Geometry z:Ref="i368"/><Origin z:Ref="i365"/></URDFElement><URDFElement z:Id="i371" i:type="Joint"><Attributes><Attribute z:Id="i372"><AttributeType>name</AttributeType><IsRequired>true</IsRequired><Value i:type="a:string" xmlns:a="http://www.w3.org/2001/XMLSchema">Lidar</Value></Attribute><Attribute z:Id="i373"><AttributeType>type</AttributeType><IsRequired>true</IsRequired><Value i:type="a:string" xmlns:a="http://www.w3.org/2001/XMLSchema">continuous</Value></Attribute></Attributes><ChildElements><URDFElement z:Id="i374" i:type="Origin"><Attributes><Attribute z:Id="i375"><AttributeType>xyz</AttributeType><IsRequired>true</IsRequired><Value i:type="a:ArrayOfdouble" xmlns:a="http://schemas.microsoft.com/2003/10/Serialization/Arrays"><a:double>-0.0068640499973873781</a:double><a:double>-0.00013029331516768022</a:double><a:double>0.1721</a:double></Value></Attribute><Attribute z:Id="i376"><AttributeType>rpy</AttributeType><IsRequired>true</IsRequired><Value i:type="a:ArrayOfdouble" xmlns:a="http://schemas.microsoft.com/2003/10/Serialization/Arrays"><a:double>0</a:double><a:double>0</a:double><a:double>0</a:double></Value></Attribute></Attributes><ChildElements/><ElementName>origin</ElementName><required>false</required><RPYAttribute z:Ref="i376"/><XYZAttribute z:Ref="i375"/><isCustomized>false</isCustomized></URDFElement><URDFElement z:Id="i377" i:type="ParentLink"><Attributes><Attribute z:Id="i378"><AttributeType>link</AttributeType><IsRequired>true</IsRequired><Value i:type="a:string" xmlns:a="http://www.w3.org/2001/XMLSchema">base_link</Value></Attribute></Attributes><ChildElements/><ElementName>parent</ElementName><required>true</required><NameAttribute z:Ref="i378"/></URDFElement><URDFElement z:Id="i379" i:type="ChildLink"><Attributes><Attribute z:Id="i380"><AttributeType>link</AttributeType><IsRequired>true</IsRequired><Value i:type="a:string" xmlns:a="http://www.w3.org/2001/XMLSchema">Lidar</Value></Attribute></Attributes><ChildElements/><ElementName>child</ElementName><required>true</required><NameAttribute z:Ref="i380"/></URDFElement><URDFElement z:Id="i381" i:type="Axis"><Attributes><Attribute z:Id="i382"><AttributeType>xyz</AttributeType><IsRequired>true</IsRequired><Value i:type="a:ArrayOfdouble" xmlns:a="http://schemas.microsoft.com/2003/10/Serialization/Arrays"><a:double>0</a:double><a:double>0</a:double><a:double>1</a:double></Value></Attribute></Attributes><ChildElements/><ElementName>axis</ElementName><required>false</required><XYZAttribute z:Ref="i382"/></URDFElement><URDFElement z:Id="i383" i:type="Limit"><Attributes><Attribute z:Id="i384"><AttributeType>lower</AttributeType><IsRequired>false</IsRequired><Value i:nil="true"/></Attribute><Attribute z:Id="i385"><AttributeType>upper</AttributeType><IsRequired>false</IsRequired><Value i:nil="true"/></Attribute><Attribute z:Id="i386"><AttributeType>effort</AttributeType><IsRequired>true</IsRequired><Value i:nil="true"/></Attribute><Attribute z:Id="i387"><AttributeType>velocity</AttributeType><IsRequired>true</IsRequired><Value i:nil="true"/></Attribute></Attributes><ChildElements/><ElementName>limit</ElementName><required>false</required><EffortAttribute z:Ref="i386"/><LowerAttribute z:Ref="i384"/><UpperAttribute z:Ref="i385"/><VelocityAttribute z:Ref="i387"/></URDFElement><URDFElement z:Id="i388" i:type="Calibration"><Attributes><Attribute z:Id="i389"><AttributeType>rising</AttributeType><IsRequired>false</IsRequired><Value i:nil="true"/></Attribute><Attribute z:Id="i390"><AttributeType>falling</AttributeType><IsRequired>false</IsRequired><Value i:nil="true"/></Attribute></Attributes><ChildElements/><ElementName>calibration</ElementName><required>false</required><FallingAttribute z:Ref="i390"/><RisingAttribute z:Ref="i389"/></URDFElement><URDFElement z:Id="i391" i:type="Dynamics"><Attributes><Attribute z:Id="i392"><AttributeType>damping</AttributeType><IsRequired>false</IsRequired><Value i:nil="true"/></Attribute><Attribute z:Id="i393"><AttributeType>friction</AttributeType><IsRequired>false</IsRequired><Value i:nil="true"/></Attribute></Attributes><ChildElements/><ElementName>dynamics</ElementName><required>false</required><DampingAttribute z:Ref="i392"/><FrictionAttribute z:Ref="i393"/></URDFElement><URDFElement z:Id="i394" i:type="SafetyController"><Attributes><Attribute z:Id="i395"><AttributeType>soft_upper_limit</AttributeType><IsRequired>false</IsRequired><Value i:nil="true"/></Attribute><Attribute z:Id="i396"><AttributeType>soft_lower_limit</AttributeType><IsRequired>false</IsRequired><Value i:nil="true"/></Attribute><Attribute z:Id="i397"><AttributeType>k_position</AttributeType><IsRequired>false</IsRequired><Value i:nil="true"/></Attribute><Attribute z:Id="i398"><AttributeType>k_velocity</AttributeType><IsRequired>true</IsRequired><Value i:nil="true"/></Attribute></Attributes><ChildElements/><ElementName>safety_controller</ElementName><required>false</required><KPositionAttribute z:Ref="i397"/><KVelocityAttribute z:Ref="i398"/><SoftLowerAttribute z:Ref="i396"/><SoftUpperAttribute z:Ref="i395"/></URDFElement><URDFElement z:Id="i399" i:type="Mimic"><Attributes><Attribute z:Id="i400"><AttributeType>joint</AttributeType><IsRequired>true</IsRequired><Value i:nil="true"/></Attribute><Attribute z:Id="i401"><AttributeType>multiplier</AttributeType><IsRequired>false</IsRequired><Value i:nil="true"/></Attribute><Attribute z:Id="i402"><AttributeType>offset</AttributeType><IsRequired>false</IsRequired><Value i:nil="true"/></Attribute></Attributes><ChildElements/><ElementName>mimic</ElementName><required>false</required><JointNameAttribute z:Ref="i400"/><MultiplierAttribute z:Ref="i401"/><OffsetAttribute z:Ref="i402"/></URDFElement></ChildElements><ElementName>joint</ElementName><required>false</required><Axis z:Ref="i381"/><AxisName>lidar_axis</AxisName><Calibration z:Ref="i388"/><Child z:Ref="i379"/><CoordinateSystemName>lidar_origin</CoordinateSystemName><Dynamics z:Ref="i391"/><Limit z:Ref="i383"/><Mimic z:Ref="i399"/><NameAttribute z:Ref="i372"/><Origin z:Ref="i374"/><Parent z:Ref="i377"/><Safety z:Ref="i394"/><TypeAttribute z:Ref="i373"/></URDFElement></ChildElements><ElementName>link</ElementName><required>true</required><Children/><Collision z:Ref="i364"/><Inertial z:Ref="i338"/><Joint z:Ref="i371"/><NameAttribute z:Ref="i337"/><Parent z:Ref="i1"/><STLQualityFine>false</STLQualityFine><SWComponentPIDs xmlns:a="http://schemas.microsoft.com/2003/10/Serialization/Arrays"><a:base64Binary>aEIAAAUAAAD//v8WWAAzAF8ATABpAGQAYQByAF8AcABhAHIAdAAtADEAQABBAHMAcwBlAG0AMQAEAAAAEAAAAAEAAAABAAAAAAIAAA==</a:base64Binary></SWComponentPIDs><SWMainComponentPID i:nil="true"/><Visual z:Ref="i351"/><isFixedFrame>false</isFixedFrame><isIncomplete>false</isIncomplete></Link><Link z:Id="i403"><Attributes><Attribute z:Id="i404"><AttributeType>name</AttributeType><IsRequired>true</IsRequired><Value i:type="a:string" xmlns:a="http://www.w3.org/2001/XMLSchema">imu_link</Value></Attribute></Attributes><ChildElements><URDFElement z:Id="i405" i:type="Inertial"><Attributes/><ChildElements><URDFElement z:Id="i406" i:type="Origin"><Attributes><Attribute z:Id="i407"><AttributeType>xyz</AttributeType><IsRequired>true</IsRequired><Value i:type="a:ArrayOfdouble" xmlns:a="http://schemas.microsoft.com/2003/10/Serialization/Arrays"><a:double>-0.0023881254577059249</a:double><a:double>-0.00015720661935611849</a:double><a:double>-0.0022906513677181523</a:double></Value></Attribute><Attribute z:Id="i408"><AttributeType>rpy</AttributeType><IsRequired>true</IsRequired><Value i:type="a:ArrayOfdouble" xmlns:a="http://schemas.microsoft.com/2003/10/Serialization/Arrays"><a:double>0</a:double><a:double>0</a:double><a:double>0</a:double></Value></Attribute></Attributes><ChildElements/><ElementName>origin</ElementName><required>false</required><RPYAttribute z:Ref="i408"/><XYZAttribute z:Ref="i407"/><isCustomized>false</isCustomized></URDFElement><URDFElement z:Id="i409" i:type="Mass"><Attributes><Attribute z:Id="i410"><AttributeType>value</AttributeType><IsRequired>true</IsRequired><Value i:type="a:double" xmlns:a="http://www.w3.org/2001/XMLSchema">0.00067387693895371633</Value></Attribute></Attributes><ChildElements/><ElementName>mass</ElementName><required>false</required><ValueAttribute z:Ref="i410"/></URDFElement><URDFElement z:Id="i411" i:type="Inertia"><Attributes><Attribute z:Id="i412"><AttributeType>ixx</AttributeType><IsRequired>true</IsRequired><Value i:type="a:double" xmlns:a="http://www.w3.org/2001/XMLSchema">2.192972647974984E-08</Value></Attribute><Attribute z:Id="i413"><AttributeType>ixy</AttributeType><IsRequired>true</IsRequired><Value i:type="a:double" xmlns:a="http://www.w3.org/2001/XMLSchema">-2.8297776906535545E-14</Value></Attribute><Attribute z:Id="i414"><AttributeType>ixz</AttributeType><IsRequired>true</IsRequired><Value i:type="a:double" xmlns:a="http://www.w3.org/2001/XMLSchema">-2.6953030967516435E-14</Value></Attribute><Attribute z:Id="i415"><AttributeType>iyy</AttributeType><IsRequired>true</IsRequired><Value i:type="a:double" xmlns:a="http://www.w3.org/2001/XMLSchema">9.3345918426693768E-09</Value></Attribute><Attribute z:Id="i416"><AttributeType>iyz</AttributeType><IsRequired>true</IsRequired><Value i:type="a:double" xmlns:a="http://www.w3.org/2001/XMLSchema">-1.1632652646648228E-14</Value></Attribute><Attribute z:Id="i417"><AttributeType>izz</AttributeType><IsRequired>true</IsRequired><Value i:type="a:double" xmlns:a="http://www.w3.org/2001/XMLSchema">2.9883497839707469E-08</Value></Attribute></Attributes><ChildElements/><ElementName>inertia</ElementName><required>false</required><IxxAttribute z:Ref="i412"/><IxyAttribute z:Ref="i413"/><IxzAttribute z:Ref="i414"/><IyyAttribute z:Ref="i415"/><IyzAttribute z:Ref="i416"/><IzzAttribute z:Ref="i417"/></URDFElement></ChildElements><ElementName>inertial</ElementName><required>false</required><Inertia z:Ref="i411"/><Mass z:Ref="i409"/><Origin z:Ref="i406"/></URDFElement><URDFElement z:Id="i418" i:type="Visual"><Attributes/><ChildElements><URDFElement z:Id="i419" i:type="Origin"><Attributes><Attribute z:Id="i420"><AttributeType>xyz</AttributeType><IsRequired>true</IsRequired><Value i:type="a:ArrayOfdouble" xmlns:a="http://schemas.microsoft.com/2003/10/Serialization/Arrays"><a:double>0</a:double><a:double>0</a:double><a:double>0</a:double></Value></Attribute><Attribute z:Id="i421"><AttributeType>rpy</AttributeType><IsRequired>true</IsRequired><Value i:type="a:ArrayOfdouble" xmlns:a="http://schemas.microsoft.com/2003/10/Serialization/Arrays"><a:double>0</a:double><a:double>0</a:double><a:double>0</a:double></Value></Attribute></Attributes><ChildElements/><ElementName>origin</ElementName><required>false</required><RPYAttribute z:Ref="i421"/><XYZAttribute z:Ref="i420"/><isCustomized>false</isCustomized></URDFElement><URDFElement z:Id="i422" i:type="Geometry"><Attributes/><ChildElements><URDFElement z:Id="i423" i:type="Mesh"><Attributes><Attribute z:Id="i424"><AttributeType>filename</AttributeType><IsRequired>true</IsRequired><Value i:nil="true"/></Attribute></Attributes><ChildElements/><ElementName>mesh</ElementName><required>false</required><FilenameAttribute z:Ref="i424"/></URDFElement></ChildElements><ElementName>geometry</ElementName><required>true</required><Mesh z:Ref="i423"/></URDFElement><URDFElement z:Id="i425" i:type="Material"><Attributes><Attribute z:Id="i426"><AttributeType>name</AttributeType><IsRequired>true</IsRequired><Value i:type="a:string" xmlns:a="http://www.w3.org/2001/XMLSchema"/></Attribute></Attributes><ChildElements><URDFElement z:Id="i427" i:type="Color"><Attributes><Attribute z:Id="i428"><AttributeType>rgba</AttributeType><IsRequired>true</IsRequired><Value i:type="a:ArrayOfdouble" xmlns:a="http://schemas.microsoft.com/2003/10/Serialization/Arrays"><a:double>0.792156862745098</a:double><a:double>0.81960784313725488</a:double><a:double>0.93333333333333335</a:double><a:double>1</a:double></Value></Attribute></Attributes><ChildElements/><ElementName>color</ElementName><required>false</required><RGBAAttribute z:Ref="i428"/></URDFElement><URDFElement z:Id="i429" i:type="Texture"><Attributes><Attribute z:Id="i430"><AttributeType>filename</AttributeType><IsRequired>true</IsRequired><Value i:nil="true"/></Attribute></Attributes><ChildElements/><ElementName>texture</ElementName><required>false</required><FilenameAttribute z:Ref="i430"/><wFilename/></URDFElement></ChildElements><ElementName>material</ElementName><required>false</required><Color z:Ref="i427"/><NameAttribute z:Ref="i426"/><Texture z:Ref="i429"/></URDFElement></ChildElements><ElementName>visual</ElementName><required>false</required><Geometry z:Ref="i422"/><Material z:Ref="i425"/><Origin z:Ref="i419"/></URDFElement><URDFElement z:Id="i431" i:type="Collision"><Attributes/><ChildElements><URDFElement z:Id="i432" i:type="Origin"><Attributes><Attribute z:Id="i433"><AttributeType>xyz</AttributeType><IsRequired>true</IsRequired><Value i:type="a:ArrayOfdouble" xmlns:a="http://schemas.microsoft.com/2003/10/Serialization/Arrays"><a:double>0</a:double><a:double>0</a:double><a:double>0</a:double></Value></Attribute><Attribute z:Id="i434"><AttributeType>rpy</AttributeType><IsRequired>true</IsRequired><Value i:type="a:ArrayOfdouble" xmlns:a="http://schemas.microsoft.com/2003/10/Serialization/Arrays"><a:double>0</a:double><a:double>0</a:double><a:double>0</a:double></Value></Attribute></Attributes><ChildElements/><ElementName>origin</ElementName><required>false</required><RPYAttribute z:Ref="i434"/><XYZAttribute z:Ref="i433"/><isCustomized>false</isCustomized></URDFElement><URDFElement z:Id="i435" i:type="Geometry"><Attributes/><ChildElements><URDFElement z:Id="i436" i:type="Mesh"><Attributes><Attribute z:Id="i437"><AttributeType>filename</AttributeType><IsRequired>true</IsRequired><Value i:nil="true"/></Attribute></Attributes><ChildElements/><ElementName>mesh</ElementName><required>false</required><FilenameAttribute z:Ref="i437"/></URDFElement></ChildElements><ElementName>geometry</ElementName><required>true</required><Mesh z:Ref="i436"/></URDFElement></ChildElements><ElementName>collision</ElementName><required>false</required><Geometry z:Ref="i435"/><Origin z:Ref="i432"/></URDFElement><URDFElement z:Id="i438" i:type="Joint"><Attributes><Attribute z:Id="i439"><AttributeType>name</AttributeType><IsRequired>true</IsRequired><Value i:type="a:string" xmlns:a="http://www.w3.org/2001/XMLSchema">imu</Value></Attribute><Attribute z:Id="i440"><AttributeType>type</AttributeType><IsRequired>true</IsRequired><Value i:type="a:string" xmlns:a="http://www.w3.org/2001/XMLSchema">fixed</Value></Attribute></Attributes><ChildElements><URDFElement z:Id="i441" i:type="Origin"><Attributes><Attribute z:Id="i442"><AttributeType>xyz</AttributeType><IsRequired>true</IsRequired><Value i:type="a:ArrayOfdouble" xmlns:a="http://schemas.microsoft.com/2003/10/Serialization/Arrays"><a:double>-0.00494016789724259</a:double><a:double>-0.036990916273756426</a:double><a:double>0.11451999998799492</a:double></Value></Attribute><Attribute z:Id="i443"><AttributeType>rpy</AttributeType><IsRequired>true</IsRequired><Value i:type="a:ArrayOfdouble" xmlns:a="http://schemas.microsoft.com/2003/10/Serialization/Arrays"><a:double>0</a:double><a:double>0</a:double><a:double>0</a:double></Value></Attribute></Attributes><ChildElements/><ElementName>origin</ElementName><required>false</required><RPYAttribute z:Ref="i443"/><XYZAttribute z:Ref="i442"/><isCustomized>false</isCustomized></URDFElement><URDFElement z:Id="i444" i:type="ParentLink"><Attributes><Attribute z:Id="i445"><AttributeType>link</AttributeType><IsRequired>true</IsRequired><Value i:type="a:string" xmlns:a="http://www.w3.org/2001/XMLSchema">base_link</Value></Attribute></Attributes><ChildElements/><ElementName>parent</ElementName><required>true</required><NameAttribute z:Ref="i445"/></URDFElement><URDFElement z:Id="i446" i:type="ChildLink"><Attributes><Attribute z:Id="i447"><AttributeType>link</AttributeType><IsRequired>true</IsRequired><Value i:type="a:string" xmlns:a="http://www.w3.org/2001/XMLSchema">imu_link</Value></Attribute></Attributes><ChildElements/><ElementName>child</ElementName><required>true</required><NameAttribute z:Ref="i447"/></URDFElement><URDFElement z:Id="i448" i:type="Axis"><Attributes><Attribute z:Id="i449"><AttributeType>xyz</AttributeType><IsRequired>true</IsRequired><Value i:type="a:ArrayOfdouble" xmlns:a="http://schemas.microsoft.com/2003/10/Serialization/Arrays"><a:double>0</a:double><a:double>0</a:double><a:double>0</a:double></Value></Attribute></Attributes><ChildElements/><ElementName>axis</ElementName><required>false</required><XYZAttribute z:Ref="i449"/></URDFElement><URDFElement z:Id="i450" i:type="Limit"><Attributes><Attribute z:Id="i451"><AttributeType>lower</AttributeType><IsRequired>false</IsRequired><Value i:nil="true"/></Attribute><Attribute z:Id="i452"><AttributeType>upper</AttributeType><IsRequired>false</IsRequired><Value i:nil="true"/></Attribute><Attribute z:Id="i453"><AttributeType>effort</AttributeType><IsRequired>true</IsRequired><Value i:nil="true"/></Attribute><Attribute z:Id="i454"><AttributeType>velocity</AttributeType><IsRequired>true</IsRequired><Value i:nil="true"/></Attribute></Attributes><ChildElements/><ElementName>limit</ElementName><required>false</required><EffortAttribute z:Ref="i453"/><LowerAttribute z:Ref="i451"/><UpperAttribute z:Ref="i452"/><VelocityAttribute z:Ref="i454"/></URDFElement><URDFElement z:Id="i455" i:type="Calibration"><Attributes><Attribute z:Id="i456"><AttributeType>rising</AttributeType><IsRequired>false</IsRequired><Value i:nil="true"/></Attribute><Attribute z:Id="i457"><AttributeType>falling</AttributeType><IsRequired>false</IsRequired><Value i:nil="true"/></Attribute></Attributes><ChildElements/><ElementName>calibration</ElementName><required>false</required><FallingAttribute z:Ref="i457"/><RisingAttribute z:Ref="i456"/></URDFElement><URDFElement z:Id="i458" i:type="Dynamics"><Attributes><Attribute z:Id="i459"><AttributeType>damping</AttributeType><IsRequired>false</IsRequired><Value i:nil="true"/></Attribute><Attribute z:Id="i460"><AttributeType>friction</AttributeType><IsRequired>false</IsRequired><Value i:nil="true"/></Attribute></Attributes><ChildElements/><ElementName>dynamics</ElementName><required>false</required><DampingAttribute z:Ref="i459"/><FrictionAttribute z:Ref="i460"/></URDFElement><URDFElement z:Id="i461" i:type="SafetyController"><Attributes><Attribute z:Id="i462"><AttributeType>soft_upper_limit</AttributeType><IsRequired>false</IsRequired><Value i:nil="true"/></Attribute><Attribute z:Id="i463"><AttributeType>soft_lower_limit</AttributeType><IsRequired>false</IsRequired><Value i:nil="true"/></Attribute><Attribute z:Id="i464"><AttributeType>k_position</AttributeType><IsRequired>false</IsRequired><Value i:nil="true"/></Attribute><Attribute z:Id="i465"><AttributeType>k_velocity</AttributeType><IsRequired>true</IsRequired><Value i:nil="true"/></Attribute></Attributes><ChildElements/><ElementName>safety_controller</ElementName><required>false</required><KPositionAttribute z:Ref="i464"/><KVelocityAttribute z:Ref="i465"/><SoftLowerAttribute z:Ref="i463"/><SoftUpperAttribute z:Ref="i462"/></URDFElement><URDFElement z:Id="i466" i:type="Mimic"><Attributes><Attribute z:Id="i467"><AttributeType>joint</AttributeType><IsRequired>true</IsRequired><Value i:nil="true"/></Attribute><Attribute z:Id="i468"><AttributeType>multiplier</AttributeType><IsRequired>false</IsRequired><Value i:nil="true"/></Attribute><Attribute z:Id="i469"><AttributeType>offset</AttributeType><IsRequired>false</IsRequired><Value i:nil="true"/></Attribute></Attributes><ChildElements/><ElementName>mimic</ElementName><required>false</required><JointNameAttribute z:Ref="i467"/><MultiplierAttribute z:Ref="i468"/><OffsetAttribute z:Ref="i469"/></URDFElement></ChildElements><ElementName>joint</ElementName><required>false</required><Axis z:Ref="i448"/><AxisName>Axis_imu</AxisName><Calibration z:Ref="i455"/><Child z:Ref="i446"/><CoordinateSystemName>imu_origin</CoordinateSystemName><Dynamics z:Ref="i458"/><Limit z:Ref="i450"/><Mimic z:Ref="i466"/><NameAttribute z:Ref="i439"/><Origin z:Ref="i441"/><Parent z:Ref="i444"/><Safety z:Ref="i461"/><TypeAttribute z:Ref="i440"/></URDFElement></ChildElements><ElementName>link</ElementName><required>true</required><Children/><Collision z:Ref="i431"/><Inertial z:Ref="i405"/><Joint z:Ref="i438"/><NameAttribute z:Ref="i404"/><Parent z:Ref="i1"/><STLQualityFine>false</STLQualityFine><SWComponentPIDs xmlns:a="http://schemas.microsoft.com/2003/10/Serialization/Arrays"><a:base64Binary>aEIAAAUAAAD//v8VTQBQAFUANgAwADUAMABfAG4AdQBkAGUALQAxAEAAQQBzAHMAZQBtADEABAAAABAAAAABAAAAAQAAAPwBAAA=</a:base64Binary></SWComponentPIDs><SWMainComponentPID i:nil="true"/><Visual z:Ref="i418"/><isFixedFrame>false</isFixedFrame><isIncomplete>false</isIncomplete></Link></Children><Collision z:Ref="i29"/><Inertial z:Ref="i3"/><Joint z:Ref="i36"/><NameAttribute z:Ref="i2"/><Parent i:nil="true"/><STLQualityFine>false</STLQualityFine><SWComponentPIDs xmlns:a="http://schemas.microsoft.com/2003/10/Serialization/Arrays"><a:base64Binary>aEIAAAUAAAD//v8ScgBiAG8AdABfAGIAYQBzAGUALQAxAEAAQQBzAHMAZQBtADEABAAAABAAAAABAAAAAQAAABgAAAA=</a:base64Binary><a:base64Binary>aEIAAAUAAAD//v8sYwB1AG0ATQBvAHQAbwByAC0AMgBAAEEAcwBzAGUAbQAxAC8ASgBHAEEAMgA1AC0AMwA3ADEALQBtAG8AdQBuAHQALQAxAEAAYwB1AG0ATQBvAHQAbwByAAQAAAAQAAAAAQAAAAIAAAAdAAAAHAAAAA==</a:base64Binary><a:base64Binary>aEIAAAUAAAD//v83YwB1AG0ATQBvAHQAbwByAC0AMgBAAEEAcwBzAGUAbQAxAC8ASgBHAEEAMgA1AC0AMwA3ADEAXwAxADIAVgBEAEMAXwAyADUAMABSAFAATQAuAHMAdABwAC0AMQBAAGMAdQBtAE0AbwB0AG8AcgAEAAAAEAAAAAEAAAACAAAAHQAAABkAAAA=</a:base64Binary><a:base64Binary>aEIAAAUAAAD//v8sYwB1AG0ATQBvAHQAbwByAC0AMQBAAEEAcwBzAGUAbQAxAC8ASgBHAEEAMgA1AC0AMwA3ADEALQBtAG8AdQBuAHQALQAxAEAAYwB1AG0ATQBvAHQAbwByAAQAAAAQAAAAAQAAAAIAAAAZAAAAHAAAAA==</a:base64Binary><a:base64Binary>aEIAAAUAAAD//v83YwB1AG0ATQBvAHQAbwByAC0AMQBAAEEAcwBzAGUAbQAxAC8ASgBHAEEAMgA1AC0AMwA3ADEAXwAxADIAVgBEAEMAXwAyADUAMABSAFAATQAuAHMAdABwAC0AMQBAAGMAdQBtAE0AbwB0AG8AcgAEAAAAEAAAAAEAAAACAAAAGQAAABkAAAA=</a:base64Binary><a:base64Binary>aEIAAAUAAAD//v8UcgBiAG8AdABfAGwAYQB5AGUAcgAxAC0AMgBAAEEAcwBzAGUAbQAxAAQAAAAQAAAAAQAAAAEAAABtAAAA</a:base64Binary><a:base64Binary>aEIAAAUAAAD//v8tQQBiAHMAdABhAG4AZABoAGEAbAB0AGUAcgAgAE0AMwAgAEkARwAtAEEARwAgADMAMABtAG0AKwA2AG0AbQAgAHAAYQByAHQALQA3AEAAQQBzAHMAZQBtADEABAAAABAAAAABAAAAAQAAAEEBAAA=</a:base64Binary><a:base64Binary>aEIAAAUAAAD//v8tQQBiAHMAdABhAG4AZABoAGEAbAB0AGUAcgAgAE0AMwAgAEkARwAtAEEARwAgADMAMABtAG0AKwA2AG0AbQAgAHAAYQByAHQALQA4AEAAQQBzAHMAZQBtADEABAAAABAAAAABAAAAAQAAAEQBAAA=</a:base64Binary><a:base64Binary>aEIAAAUAAAD//v8UcgBiAG8AdABfAGwAYQB5AGUAcgAzAC0AMQBAAEEAcwBzAGUAbQAxAAQAAAAQAAAAAQAAAAEAAABxAAAA</a:base64Binary><a:base64Binary>aEIAAAUAAAD//v8tQQBiAHMAdABhAG4AZABoAGEAbAB0AGUAcgAgAE0AMwAgAEkARwAtAEEARwAgADMAMABtAG0AKwA2AG0AbQAgAHAAYQByAHQALQAzAEAAQQBzAHMAZQBtADEABAAAABAAAAABAAAAAQAAADIBAAA=</a:base64Binary><a:base64Binary>aEIAAAUAAAD//v8UcgBiAG8AdABfAGwAYQB5AGUAcgAyAC0AMQBAAEEAcwBzAGUAbQAxAAQAAAAQAAAAAQAAAAEAAACCAAAA</a:base64Binary><a:base64Binary>aEIAAAUAAAD//v8tQQBiAHMAdABhAG4AZABoAGEAbAB0AGUAcgAgAE0AMwAgAEkARwAtAEEARwAgADMAMABtAG0AKwA2AG0AbQAgAHAAYQByAHQALQA0AEAAQQBzAHMAZQBtADEABAAAABAAAAABAAAAAQAAADUBAAA=</a:base64Binary><a:base64Binary>aEIAAAUAAAD//v8tQQBiAHMAdABhAG4AZABoAGEAbAB0AGUAcgAgAE0AMwAgAEkARwAtAEEARwAgADUAMABtAG0AKwA2AG0AbQAgAHAAYQByAHQALQAzAEAAQQBzAHMAZQBtADEABAAAABAAAAABAAAAAQAAACABAAA=</a:base64Binary><a:base64Binary>aEIAAAUAAAD//v8tQQBiAHMAdABhAG4AZABoAGEAbAB0AGUAcgAgAE0AMwAgAEkARwAtAEEARwAgADUAMABtAG0AKwA2AG0AbQAgAHAAYQByAHQALQAyAEAAQQBzAHMAZQBtADEABAAAABAAAAABAAAAAQAAAB0BAAA=</a:base64Binary><a:base64Binary>aEIAAAUAAAD//v8tQQBiAHMAdABhAG4AZABoAGEAbAB0AGUAcgAgAE0AMwAgAEkARwAtAEEARwAgADUAMABtAG0AKwA2AG0AbQAgAHAAYQByAHQALQAxAEAAQQBzAHMAZQBtADEABAAAABAAAAABAAAAAQAAABoBAAA=</a:base64Binary><a:base64Binary>aEIAAAUAAAD//v8tQQBiAHMAdABhAG4AZABoAGEAbAB0AGUAcgAgAE0AMwAgAEkARwAtAEEARwAgADMAMABtAG0AKwA2AG0AbQAgAHAAYQByAHQALQAyAEAAQQBzAHMAZQBtADEABAAAABAAAAABAAAAAQAAAC8BAAA=</a:base64Binary><a:base64Binary>aEIAAAUAAAD//v8tQQBiAHMAdABhAG4AZABoAGEAbAB0AGUAcgAgAE0AMwAgAEkARwAtAEEARwAgADMAMABtAG0AKwA2AG0AbQAgAHAAYQByAHQALQA2AEAAQQBzAHMAZQBtADEABAAAABAAAAABAAAAAQAAAD4BAAA=</a:base64Binary><a:base64Binary>aEIAAAUAAAD//v8tQQBiAHMAdABhAG4AZABoAGEAbAB0AGUAcgAgAE0AMwAgAEkARwAtAEEARwAgADUAMABtAG0AKwA2AG0AbQAgAHAAYQByAHQALQA0AEAAQQBzAHMAZQBtADEABAAAABAAAAABAAAAAQAAACMBAAA=</a:base64Binary><a:base64Binary>aEIAAAUAAAD//v8tQQBiAHMAdABhAG4AZABoAGEAbAB0AGUAcgAgAE0AMwAgAEkARwAtAEEARwAgADMAMABtAG0AKwA2AG0AbQAgAHAAYQByAHQALQAxAEAAQQBzAHMAZQBtADEABAAAABAAAAABAAAAAQAAACkBAAA=</a:base64Binary><a:base64Binary>aEIAAAUAAAD//v8tQQBiAHMAdABhAG4AZABoAGEAbAB0AGUAcgAgAE0AMwAgAEkARwAtAEEARwAgADMAMABtAG0AKwA2AG0AbQAgAHAAYQByAHQALQA1AEAAQQBzAHMAZQBtADEABAAAABAAAAABAAAAAQAAADsBAAA=</a:base64Binary><a:base64Binary>aEIAAAUAAAD//v8UcgBiAG8AdABfAHcAYQBzAGgAZQByAC0ANQBAAEEAcwBzAGUAbQAxAAQAAAAQAAAAAQAAAAEAAADqAAAA</a:base64Binary><a:base64Binary>aEIAAAUAAAD//v8TTAAyADkAOABOAF8AcABhAHIAdAAtADEAQABBAHMAcwBlAG0AMQAEAAAAEAAAAAEAAAABAAAA6QAAAA==</a:base64Binary><a:base64Binary>aEIAAAUAAAD//v8UcgBiAG8AdABfAHcAYQBzAGgAZQByAC0ANgBAAEEAcwBzAGUAbQAxAAQAAAAQAAAAAQAAAAEAAADtAAAA</a:base64Binary><a:base64Binary>aEIAAAUAAAD//v8UcgBiAG8AdABfAHcAYQBzAGgAZQByAC0ANwBAAEEAcwBzAGUAbQAxAAQAAAAQAAAAAQAAAAEAAADwAAAA</a:base64Binary><a:base64Binary>aEIAAAUAAAD//v8VcgBiAG8AdABfAHcAYQBzAGgAZQByAC0AMQA0AEAAQQBzAHMAZQBtADEABAAAABAAAAABAAAAAQAAAFQBAAA=</a:base64Binary><a:base64Binary>aEIAAAUAAAD//v8VcgBiAG8AdABfAHcAYQBzAGgAZQByAC0AMQAxAEAAQQBzAHMAZQBtADEABAAAABAAAAABAAAAAQAAAEsBAAA=</a:base64Binary><a:base64Binary>aEIAAAUAAAD//v8hTABUAEMAIAAzADcAOAAwACAATQB1AGQAdQBsAGUAIAB2ADEAMQAgAHAAYQByAHQALQAxAEAAQQBzAHMAZQBtADEABAAAABAAAAABAAAAAQAAAEoBAAA=</a:base64Binary><a:base64Binary>aEIAAAUAAAD//v8VcgBiAG8AdABfAHcAYQBzAGgAZQByAC0AMQAwAEAAQQBzAHMAZQBtADEABAAAABAAAAABAAAAAQAAAPcAAAA=</a:base64Binary><a:base64Binary>aEIAAAUAAAD//v8VcgBiAG8AdABfAHcAYQBzAGgAZQByAC0AMQAzAEAAQQBzAHMAZQBtADEABAAAABAAAAABAAAAAQAAAFEBAAA=</a:base64Binary><a:base64Binary>aEIAAAUAAAD//v8VcgBiAG8AdABfAHcAYQBzAGgAZQByAC0AMQAyAEAAQQBzAHMAZQBtADEABAAAABAAAAABAAAAAQAAAE4BAAA=</a:base64Binary><a:base64Binary>aEIAAAUAAAD//v8tYQBiAHMAdABhAG4AZABoAGEAbAB0AGUAcgAgAG0AMwAgAGkAZwAtAGEAZwAgADIAMABtAG0AKwA2AG0AbQAgAHAAYQByAHQALQAxAEAAQQBzAHMAZQBtADEABAAAABAAAAABAAAAAQAAAPYBAAA=</a:base64Binary><a:base64Binary>aEIAAAUAAAD//v8tYQBiAHMAdABhAG4AZABoAGEAbAB0AGUAcgAgAG0AMwAgAGkAZwAtAGEAZwAgADIAMABtAG0AKwA2AG0AbQAgAHAAYQByAHQALQAyAEAAQQBzAHMAZQBtADEABAAAABAAAAABAAAAAQAAAPkBAAA=</a:base64Binary></SWComponentPIDs><SWMainComponentPID i:nil="true"/><Visual z:Ref="i16"/><isFixedFrame>false</isFixedFrame><isIncomplete>false</isIncomplete></Link>
2025-04-28 06:57:39,579 INFO  ExportPropertyManager.cs: 1142 - AfterClose called. This method no longer throws an Exception. It just silently does nothing. Ok, except for this logging message
2025-04-28 06:57:43,884 INFO  SwAddin.cs: 294 - Assembly export called for file assem1
2025-04-28 06:57:43,885 INFO  SwAddin.cs: 299 - Save is required
2025-04-28 06:57:43,885 INFO  SwAddin.cs: 313 - Saving assembly
2025-04-28 06:57:46,194 INFO  SwAddin.cs: 316 - Opening property manager
2025-04-28 06:57:46,195 INFO  ExportHelperExtension.cs: 1125 - Retrieving features of type [CoordSys] from assem1
2025-04-28 06:57:46,198 INFO  ExportHelperExtension.cs: 1136 - Found 202 in assem1
2025-04-28 06:57:46,203 INFO  ExportHelperExtension.cs: 1145 - Found 7 features of type [CoordSys] in assem1
2025-04-28 06:57:46,207 INFO  ExportHelperExtension.cs: 1148 - Proceeding through assembly components
2025-04-28 06:57:46,208 INFO  ExportHelperExtension.cs: 1160 - 49 components to check
2025-04-28 06:57:46,210 INFO  ExportHelperExtension.cs: 1125 - Retrieving features of type [CoordSys] from abstandhalter m2,5 ig-ag 20mm+6mm part-3
2025-04-28 06:57:46,210 INFO  ExportHelperExtension.cs: 1136 - Found 36 in abstandhalter m2,5 ig-ag 20mm+6mm part-3
2025-04-28 06:57:46,211 INFO  ExportHelperExtension.cs: 1145 - Found 0 features of type [CoordSys] in abstandhalter m2,5 ig-ag 20mm+6mm part-3
2025-04-28 06:57:46,213 INFO  ExportHelperExtension.cs: 1125 - Retrieving features of type [CoordSys] from abstandhalter m3 ig-ag 20mm+6mm part-2
2025-04-28 06:57:46,214 INFO  ExportHelperExtension.cs: 1136 - Found 36 in abstandhalter m3 ig-ag 20mm+6mm part-2
2025-04-28 06:57:46,215 INFO  ExportHelperExtension.cs: 1145 - Found 0 features of type [CoordSys] in abstandhalter m3 ig-ag 20mm+6mm part-2
2025-04-28 06:57:46,216 INFO  ExportHelperExtension.cs: 1125 - Retrieving features of type [CoordSys] from abstandhalter m3 ig-ag 20mm+6mm part-1
2025-04-28 06:57:46,217 INFO  ExportHelperExtension.cs: 1136 - Found 36 in abstandhalter m3 ig-ag 20mm+6mm part-1
2025-04-28 06:57:46,218 INFO  ExportHelperExtension.cs: 1145 - Found 0 features of type [CoordSys] in abstandhalter m3 ig-ag 20mm+6mm part-1
2025-04-28 06:57:46,219 INFO  ExportHelperExtension.cs: 1125 - Retrieving features of type [CoordSys] from Abstandhalter M3 IG-AG 30mm+6mm part-7
2025-04-28 06:57:46,220 INFO  ExportHelperExtension.cs: 1136 - Found 36 in Abstandhalter M3 IG-AG 30mm+6mm part-7
2025-04-28 06:57:46,223 INFO  ExportHelperExtension.cs: 1145 - Found 0 features of type [CoordSys] in Abstandhalter M3 IG-AG 30mm+6mm part-7
2025-04-28 06:57:46,224 INFO  ExportHelperExtension.cs: 1125 - Retrieving features of type [CoordSys] from Abstandhalter M3 IG-AG 30mm+6mm part-5
2025-04-28 06:57:46,299 INFO  ExportHelperExtension.cs: 1136 - Found 36 in Abstandhalter M3 IG-AG 30mm+6mm part-5
2025-04-28 06:57:46,301 INFO  ExportHelperExtension.cs: 1145 - Found 0 features of type [CoordSys] in Abstandhalter M3 IG-AG 30mm+6mm part-5
2025-04-28 06:57:46,304 INFO  ExportHelperExtension.cs: 1125 - Retrieving features of type [CoordSys] from abstandhalter m2,5 ig-ag 20mm+6mm part-1
2025-04-28 06:57:46,307 INFO  ExportHelperExtension.cs: 1136 - Found 36 in abstandhalter m2,5 ig-ag 20mm+6mm part-1
2025-04-28 06:57:46,308 INFO  ExportHelperExtension.cs: 1145 - Found 0 features of type [CoordSys] in abstandhalter m2,5 ig-ag 20mm+6mm part-1
2025-04-28 06:57:46,309 INFO  ExportHelperExtension.cs: 1125 - Retrieving features of type [CoordSys] from Abstandhalter M3 IG-AG 30mm+6mm part-6
2025-04-28 06:57:46,310 INFO  ExportHelperExtension.cs: 1136 - Found 36 in Abstandhalter M3 IG-AG 30mm+6mm part-6
2025-04-28 06:57:46,311 INFO  ExportHelperExtension.cs: 1145 - Found 0 features of type [CoordSys] in Abstandhalter M3 IG-AG 30mm+6mm part-6
2025-04-28 06:57:46,312 INFO  ExportHelperExtension.cs: 1125 - Retrieving features of type [CoordSys] from abstandhalter m2,5 ig-ag 20mm+6mm part-2
2025-04-28 06:57:46,313 INFO  ExportHelperExtension.cs: 1136 - Found 36 in abstandhalter m2,5 ig-ag 20mm+6mm part-2
2025-04-28 06:57:46,314 INFO  ExportHelperExtension.cs: 1145 - Found 0 features of type [CoordSys] in abstandhalter m2,5 ig-ag 20mm+6mm part-2
2025-04-28 06:57:46,315 INFO  ExportHelperExtension.cs: 1125 - Retrieving features of type [CoordSys] from Abstandhalter M3 IG-AG 30mm+6mm part-8
2025-04-28 06:57:46,316 INFO  ExportHelperExtension.cs: 1136 - Found 36 in Abstandhalter M3 IG-AG 30mm+6mm part-8
2025-04-28 06:57:46,318 INFO  ExportHelperExtension.cs: 1145 - Found 0 features of type [CoordSys] in Abstandhalter M3 IG-AG 30mm+6mm part-8
2025-04-28 06:57:46,319 INFO  ExportHelperExtension.cs: 1125 - Retrieving features of type [CoordSys] from abstandhalter m2,5 ig-ag 20mm+6mm part-4
2025-04-28 06:57:46,319 INFO  ExportHelperExtension.cs: 1136 - Found 36 in abstandhalter m2,5 ig-ag 20mm+6mm part-4
2025-04-28 06:57:46,322 INFO  ExportHelperExtension.cs: 1145 - Found 0 features of type [CoordSys] in abstandhalter m2,5 ig-ag 20mm+6mm part-4
2025-04-28 06:57:46,323 INFO  ExportHelperExtension.cs: 1125 - Retrieving features of type [CoordSys] from Abstandhalter M3 IG-AG 50mm+6mm part-2
2025-04-28 06:57:46,324 INFO  ExportHelperExtension.cs: 1136 - Found 36 in Abstandhalter M3 IG-AG 50mm+6mm part-2
2025-04-28 06:57:46,325 INFO  ExportHelperExtension.cs: 1145 - Found 0 features of type [CoordSys] in Abstandhalter M3 IG-AG 50mm+6mm part-2
2025-04-28 06:57:46,326 INFO  ExportHelperExtension.cs: 1125 - Retrieving features of type [CoordSys] from Abstandhalter M3 IG-AG 30mm+6mm part-1
2025-04-28 06:57:46,326 INFO  ExportHelperExtension.cs: 1136 - Found 36 in Abstandhalter M3 IG-AG 30mm+6mm part-1
2025-04-28 06:57:46,326 INFO  ExportHelperExtension.cs: 1145 - Found 0 features of type [CoordSys] in Abstandhalter M3 IG-AG 30mm+6mm part-1
2025-04-28 06:57:46,326 INFO  ExportHelperExtension.cs: 1125 - Retrieving features of type [CoordSys] from Abstandhalter M3 IG-AG 30mm+6mm part-3
2025-04-28 06:57:46,329 INFO  ExportHelperExtension.cs: 1136 - Found 36 in Abstandhalter M3 IG-AG 30mm+6mm part-3
2025-04-28 06:57:46,329 INFO  ExportHelperExtension.cs: 1145 - Found 0 features of type [CoordSys] in Abstandhalter M3 IG-AG 30mm+6mm part-3
2025-04-28 06:57:46,330 INFO  ExportHelperExtension.cs: 1125 - Retrieving features of type [CoordSys] from Abstandhalter M3 IG-AG 30mm+6mm part-4
2025-04-28 06:57:46,331 INFO  ExportHelperExtension.cs: 1136 - Found 36 in Abstandhalter M3 IG-AG 30mm+6mm part-4
2025-04-28 06:57:46,332 INFO  ExportHelperExtension.cs: 1145 - Found 0 features of type [CoordSys] in Abstandhalter M3 IG-AG 30mm+6mm part-4
2025-04-28 06:57:46,334 INFO  ExportHelperExtension.cs: 1125 - Retrieving features of type [CoordSys] from Abstandhalter M3 IG-AG 50mm+6mm part-3
2025-04-28 06:57:46,334 INFO  ExportHelperExtension.cs: 1136 - Found 36 in Abstandhalter M3 IG-AG 50mm+6mm part-3
2025-04-28 06:57:46,335 INFO  ExportHelperExtension.cs: 1145 - Found 0 features of type [CoordSys] in Abstandhalter M3 IG-AG 50mm+6mm part-3
2025-04-28 06:57:46,335 INFO  ExportHelperExtension.cs: 1125 - Retrieving features of type [CoordSys] from Abstandhalter M3 IG-AG 50mm+6mm part-4
2025-04-28 06:57:46,335 INFO  ExportHelperExtension.cs: 1136 - Found 36 in Abstandhalter M3 IG-AG 50mm+6mm part-4
2025-04-28 06:57:46,336 INFO  ExportHelperExtension.cs: 1145 - Found 0 features of type [CoordSys] in Abstandhalter M3 IG-AG 50mm+6mm part-4
2025-04-28 06:57:46,337 INFO  ExportHelperExtension.cs: 1125 - Retrieving features of type [CoordSys] from Abstandhalter M3 IG-AG 30mm+6mm part-2
2025-04-28 06:57:46,337 INFO  ExportHelperExtension.cs: 1136 - Found 36 in Abstandhalter M3 IG-AG 30mm+6mm part-2
2025-04-28 06:57:46,337 INFO  ExportHelperExtension.cs: 1145 - Found 0 features of type [CoordSys] in Abstandhalter M3 IG-AG 30mm+6mm part-2
2025-04-28 06:57:46,340 INFO  ExportHelperExtension.cs: 1125 - Retrieving features of type [CoordSys] from rbot_layer2-1
2025-04-28 06:57:46,340 INFO  ExportHelperExtension.cs: 1136 - Found 28 in rbot_layer2-1
2025-04-28 06:57:46,340 INFO  ExportHelperExtension.cs: 1145 - Found 0 features of type [CoordSys] in rbot_layer2-1
2025-04-28 06:57:46,341 INFO  ExportHelperExtension.cs: 1125 - Retrieving features of type [CoordSys] from Raspberry Pi 4 Model B.STEP-1
2025-04-28 06:57:46,341 INFO  ExportHelperExtension.cs: 1136 - Found 41 in Raspberry Pi 4 Model B.STEP-1
2025-04-28 06:57:46,342 INFO  ExportHelperExtension.cs: 1145 - Found 0 features of type [CoordSys] in Raspberry Pi 4 Model B.STEP-1
2025-04-28 06:57:46,343 INFO  ExportHelperExtension.cs: 1125 - Retrieving features of type [CoordSys] from Abstandhalter M3 IG-AG 50mm+6mm part-1
2025-04-28 06:57:46,343 INFO  ExportHelperExtension.cs: 1136 - Found 36 in Abstandhalter M3 IG-AG 50mm+6mm part-1
2025-04-28 06:57:46,344 INFO  ExportHelperExtension.cs: 1145 - Found 0 features of type [CoordSys] in Abstandhalter M3 IG-AG 50mm+6mm part-1
2025-04-28 06:57:46,344 INFO  ExportHelperExtension.cs: 1125 - Retrieving features of type [RefAxis] from assem1
2025-04-28 06:57:46,345 INFO  ExportHelperExtension.cs: 1136 - Found 202 in assem1
2025-04-28 06:57:46,346 INFO  ExportHelperExtension.cs: 1145 - Found 2 features of type [RefAxis] in assem1
2025-04-28 06:57:46,347 INFO  ExportHelperExtension.cs: 1148 - Proceeding through assembly components
2025-04-28 06:57:46,348 INFO  ExportHelperExtension.cs: 1160 - 49 components to check
2025-04-28 06:57:46,348 INFO  ExportHelperExtension.cs: 1125 - Retrieving features of type [RefAxis] from abstandhalter m2,5 ig-ag 20mm+6mm part-3
2025-04-28 06:57:46,349 INFO  ExportHelperExtension.cs: 1136 - Found 36 in abstandhalter m2,5 ig-ag 20mm+6mm part-3
2025-04-28 06:57:46,349 INFO  ExportHelperExtension.cs: 1145 - Found 0 features of type [RefAxis] in abstandhalter m2,5 ig-ag 20mm+6mm part-3
2025-04-28 06:57:46,350 INFO  ExportHelperExtension.cs: 1125 - Retrieving features of type [RefAxis] from abstandhalter m3 ig-ag 20mm+6mm part-2
2025-04-28 06:57:46,350 INFO  ExportHelperExtension.cs: 1136 - Found 36 in abstandhalter m3 ig-ag 20mm+6mm part-2
2025-04-28 06:57:46,351 INFO  ExportHelperExtension.cs: 1145 - Found 0 features of type [RefAxis] in abstandhalter m3 ig-ag 20mm+6mm part-2
2025-04-28 06:57:46,352 INFO  ExportHelperExtension.cs: 1125 - Retrieving features of type [RefAxis] from abstandhalter m3 ig-ag 20mm+6mm part-1
2025-04-28 06:57:46,353 INFO  ExportHelperExtension.cs: 1136 - Found 36 in abstandhalter m3 ig-ag 20mm+6mm part-1
2025-04-28 06:57:46,353 INFO  ExportHelperExtension.cs: 1145 - Found 0 features of type [RefAxis] in abstandhalter m3 ig-ag 20mm+6mm part-1
2025-04-28 06:57:46,354 INFO  ExportHelperExtension.cs: 1125 - Retrieving features of type [RefAxis] from Abstandhalter M3 IG-AG 30mm+6mm part-7
2025-04-28 06:57:46,354 INFO  ExportHelperExtension.cs: 1136 - Found 36 in Abstandhalter M3 IG-AG 30mm+6mm part-7
2025-04-28 06:57:46,356 INFO  ExportHelperExtension.cs: 1145 - Found 0 features of type [RefAxis] in Abstandhalter M3 IG-AG 30mm+6mm part-7
2025-04-28 06:57:46,356 INFO  ExportHelperExtension.cs: 1125 - Retrieving features of type [RefAxis] from Abstandhalter M3 IG-AG 30mm+6mm part-5
2025-04-28 06:57:46,357 INFO  ExportHelperExtension.cs: 1136 - Found 36 in Abstandhalter M3 IG-AG 30mm+6mm part-5
2025-04-28 06:57:46,357 INFO  ExportHelperExtension.cs: 1145 - Found 0 features of type [RefAxis] in Abstandhalter M3 IG-AG 30mm+6mm part-5
2025-04-28 06:57:46,357 INFO  ExportHelperExtension.cs: 1125 - Retrieving features of type [RefAxis] from abstandhalter m2,5 ig-ag 20mm+6mm part-1
2025-04-28 06:57:46,358 INFO  ExportHelperExtension.cs: 1136 - Found 36 in abstandhalter m2,5 ig-ag 20mm+6mm part-1
2025-04-28 06:57:46,358 INFO  ExportHelperExtension.cs: 1145 - Found 0 features of type [RefAxis] in abstandhalter m2,5 ig-ag 20mm+6mm part-1
2025-04-28 06:57:46,358 INFO  ExportHelperExtension.cs: 1125 - Retrieving features of type [RefAxis] from Abstandhalter M3 IG-AG 30mm+6mm part-6
2025-04-28 06:57:46,359 INFO  ExportHelperExtension.cs: 1136 - Found 36 in Abstandhalter M3 IG-AG 30mm+6mm part-6
2025-04-28 06:57:46,360 INFO  ExportHelperExtension.cs: 1145 - Found 0 features of type [RefAxis] in Abstandhalter M3 IG-AG 30mm+6mm part-6
2025-04-28 06:57:46,361 INFO  ExportHelperExtension.cs: 1125 - Retrieving features of type [RefAxis] from abstandhalter m2,5 ig-ag 20mm+6mm part-2
2025-04-28 06:57:46,361 INFO  ExportHelperExtension.cs: 1136 - Found 36 in abstandhalter m2,5 ig-ag 20mm+6mm part-2
2025-04-28 06:57:46,362 INFO  ExportHelperExtension.cs: 1145 - Found 0 features of type [RefAxis] in abstandhalter m2,5 ig-ag 20mm+6mm part-2
2025-04-28 06:57:46,362 INFO  ExportHelperExtension.cs: 1125 - Retrieving features of type [RefAxis] from Abstandhalter M3 IG-AG 30mm+6mm part-8
2025-04-28 06:57:46,363 INFO  ExportHelperExtension.cs: 1136 - Found 36 in Abstandhalter M3 IG-AG 30mm+6mm part-8
2025-04-28 06:57:46,364 INFO  ExportHelperExtension.cs: 1145 - Found 0 features of type [RefAxis] in Abstandhalter M3 IG-AG 30mm+6mm part-8
2025-04-28 06:57:46,364 INFO  ExportHelperExtension.cs: 1125 - Retrieving features of type [RefAxis] from abstandhalter m2,5 ig-ag 20mm+6mm part-4
2025-04-28 06:57:46,382 INFO  ExportHelperExtension.cs: 1136 - Found 36 in abstandhalter m2,5 ig-ag 20mm+6mm part-4
2025-04-28 06:57:46,383 INFO  ExportHelperExtension.cs: 1145 - Found 0 features of type [RefAxis] in abstandhalter m2,5 ig-ag 20mm+6mm part-4
2025-04-28 06:57:46,383 INFO  ExportHelperExtension.cs: 1125 - Retrieving features of type [RefAxis] from Abstandhalter M3 IG-AG 50mm+6mm part-2
2025-04-28 06:57:46,383 INFO  ExportHelperExtension.cs: 1136 - Found 36 in Abstandhalter M3 IG-AG 50mm+6mm part-2
2025-04-28 06:57:46,383 INFO  ExportHelperExtension.cs: 1145 - Found 0 features of type [RefAxis] in Abstandhalter M3 IG-AG 50mm+6mm part-2
2025-04-28 06:57:46,383 INFO  ExportHelperExtension.cs: 1125 - Retrieving features of type [RefAxis] from Abstandhalter M3 IG-AG 30mm+6mm part-1
2025-04-28 06:57:46,385 INFO  ExportHelperExtension.cs: 1136 - Found 36 in Abstandhalter M3 IG-AG 30mm+6mm part-1
2025-04-28 06:57:46,386 INFO  ExportHelperExtension.cs: 1145 - Found 0 features of type [RefAxis] in Abstandhalter M3 IG-AG 30mm+6mm part-1
2025-04-28 06:57:46,386 INFO  ExportHelperExtension.cs: 1125 - Retrieving features of type [RefAxis] from Abstandhalter M3 IG-AG 30mm+6mm part-3
2025-04-28 06:57:46,387 INFO  ExportHelperExtension.cs: 1136 - Found 36 in Abstandhalter M3 IG-AG 30mm+6mm part-3
2025-04-28 06:57:46,387 INFO  ExportHelperExtension.cs: 1145 - Found 0 features of type [RefAxis] in Abstandhalter M3 IG-AG 30mm+6mm part-3
2025-04-28 06:57:46,387 INFO  ExportHelperExtension.cs: 1125 - Retrieving features of type [RefAxis] from Abstandhalter M3 IG-AG 30mm+6mm part-4
2025-04-28 06:57:46,388 INFO  ExportHelperExtension.cs: 1136 - Found 36 in Abstandhalter M3 IG-AG 30mm+6mm part-4
2025-04-28 06:57:46,388 INFO  ExportHelperExtension.cs: 1145 - Found 0 features of type [RefAxis] in Abstandhalter M3 IG-AG 30mm+6mm part-4
2025-04-28 06:57:46,388 INFO  ExportHelperExtension.cs: 1125 - Retrieving features of type [RefAxis] from Abstandhalter M3 IG-AG 50mm+6mm part-3
2025-04-28 06:57:46,388 INFO  ExportHelperExtension.cs: 1136 - Found 36 in Abstandhalter M3 IG-AG 50mm+6mm part-3
2025-04-28 06:57:46,388 INFO  ExportHelperExtension.cs: 1145 - Found 0 features of type [RefAxis] in Abstandhalter M3 IG-AG 50mm+6mm part-3
2025-04-28 06:57:46,388 INFO  ExportHelperExtension.cs: 1125 - Retrieving features of type [RefAxis] from Abstandhalter M3 IG-AG 50mm+6mm part-4
2025-04-28 06:57:46,391 INFO  ExportHelperExtension.cs: 1136 - Found 36 in Abstandhalter M3 IG-AG 50mm+6mm part-4
2025-04-28 06:57:46,391 INFO  ExportHelperExtension.cs: 1145 - Found 0 features of type [RefAxis] in Abstandhalter M3 IG-AG 50mm+6mm part-4
2025-04-28 06:57:46,391 INFO  ExportHelperExtension.cs: 1125 - Retrieving features of type [RefAxis] from Abstandhalter M3 IG-AG 30mm+6mm part-2
2025-04-28 06:57:46,391 INFO  ExportHelperExtension.cs: 1136 - Found 36 in Abstandhalter M3 IG-AG 30mm+6mm part-2
2025-04-28 06:57:46,391 INFO  ExportHelperExtension.cs: 1145 - Found 0 features of type [RefAxis] in Abstandhalter M3 IG-AG 30mm+6mm part-2
2025-04-28 06:57:46,393 INFO  ExportHelperExtension.cs: 1125 - Retrieving features of type [RefAxis] from rbot_layer2-1
2025-04-28 06:57:46,394 INFO  ExportHelperExtension.cs: 1136 - Found 28 in rbot_layer2-1
2025-04-28 06:57:46,394 INFO  ExportHelperExtension.cs: 1145 - Found 0 features of type [RefAxis] in rbot_layer2-1
2025-04-28 06:57:46,394 INFO  ExportHelperExtension.cs: 1125 - Retrieving features of type [RefAxis] from Raspberry Pi 4 Model B.STEP-1
2025-04-28 06:57:46,396 INFO  ExportHelperExtension.cs: 1136 - Found 41 in Raspberry Pi 4 Model B.STEP-1
2025-04-28 06:57:46,396 INFO  ExportHelperExtension.cs: 1145 - Found 0 features of type [RefAxis] in Raspberry Pi 4 Model B.STEP-1
2025-04-28 06:57:46,396 INFO  ExportHelperExtension.cs: 1125 - Retrieving features of type [RefAxis] from Abstandhalter M3 IG-AG 50mm+6mm part-1
2025-04-28 06:57:46,396 INFO  ExportHelperExtension.cs: 1136 - Found 36 in Abstandhalter M3 IG-AG 50mm+6mm part-1
2025-04-28 06:57:46,396 INFO  ExportHelperExtension.cs: 1145 - Found 0 features of type [RefAxis] in Abstandhalter M3 IG-AG 50mm+6mm part-1
2025-04-28 06:57:46,438 INFO  SwAddin.cs: 339 - Loading config tree
2025-04-28 06:57:46,439 INFO  ConfigurationSerialization.cs: 276 - URDF Configuration found
<Link z:Id="i1" xmlns="http://schemas.datacontract.org/2004/07/SW2URDF" xmlns:i="http://www.w3.org/2001/XMLSchema-instance" xmlns:z="http://schemas.microsoft.com/2003/10/Serialization/"><Attributes><Attribute z:Id="i2"><AttributeType>name</AttributeType><IsRequired>true</IsRequired><Value i:type="a:string" xmlns:a="http://www.w3.org/2001/XMLSchema">base_link</Value></Attribute></Attributes><ChildElements><URDFElement z:Id="i3" i:type="Inertial"><Attributes/><ChildElements><URDFElement z:Id="i4" i:type="Origin"><Attributes><Attribute z:Id="i5"><AttributeType>xyz</AttributeType><IsRequired>true</IsRequired><Value i:type="a:ArrayOfdouble" xmlns:a="http://schemas.microsoft.com/2003/10/Serialization/Arrays"><a:double>-0.00029960019977723611</a:double><a:double>-0.0007640618822739656</a:double><a:double>0.053754497718263156</a:double></Value></Attribute><Attribute z:Id="i6"><AttributeType>rpy</AttributeType><IsRequired>true</IsRequired><Value i:type="a:ArrayOfdouble" xmlns:a="http://schemas.microsoft.com/2003/10/Serialization/Arrays"><a:double>0</a:double><a:double>0</a:double><a:double>0</a:double></Value></Attribute></Attributes><ChildElements/><ElementName>origin</ElementName><required>false</required><RPYAttribute z:Ref="i6"/><XYZAttribute z:Ref="i5"/><isCustomized>false</isCustomized></URDFElement><URDFElement z:Id="i7" i:type="Mass"><Attributes><Attribute z:Id="i8"><AttributeType>value</AttributeType><IsRequired>true</IsRequired><Value i:type="a:double" xmlns:a="http://www.w3.org/2001/XMLSchema">0.47490204978631079</Value></Attribute></Attributes><ChildElements/><ElementName>mass</ElementName><required>false</required><ValueAttribute z:Ref="i8"/></URDFElement><URDFElement z:Id="i9" i:type="Inertia"><Attributes><Attribute z:Id="i10"><AttributeType>ixx</AttributeType><IsRequired>true</IsRequired><Value i:type="a:double" xmlns:a="http://www.w3.org/2001/XMLSchema">0.00092332986447731739</Value></Attribute><Attribute z:Id="i11"><AttributeType>ixy</AttributeType><IsRequired>true</IsRequired><Value i:type="a:double" xmlns:a="http://www.w3.org/2001/XMLSchema">-4.4322108794823523E-08</Value></Attribute><Attribute z:Id="i12"><AttributeType>ixz</AttributeType><IsRequired>true</IsRequired><Value i:type="a:double" xmlns:a="http://www.w3.org/2001/XMLSchema">-2.4999349307871503E-07</Value></Attribute><Attribute z:Id="i13"><AttributeType>iyy</AttributeType><IsRequired>true</IsRequired><Value i:type="a:double" xmlns:a="http://www.w3.org/2001/XMLSchema">0.0007996491749280325</Value></Attribute><Attribute z:Id="i14"><AttributeType>iyz</AttributeType><IsRequired>true</IsRequired><Value i:type="a:double" xmlns:a="http://www.w3.org/2001/XMLSchema">-3.8965322840190954E-09</Value></Attribute><Attribute z:Id="i15"><AttributeType>izz</AttributeType><IsRequired>true</IsRequired><Value i:type="a:double" xmlns:a="http://www.w3.org/2001/XMLSchema">0.0017130145824619603</Value></Attribute></Attributes><ChildElements/><ElementName>inertia</ElementName><required>false</required><IxxAttribute z:Ref="i10"/><IxyAttribute z:Ref="i11"/><IxzAttribute z:Ref="i12"/><IyyAttribute z:Ref="i13"/><IyzAttribute z:Ref="i14"/><IzzAttribute z:Ref="i15"/></URDFElement></ChildElements><ElementName>inertial</ElementName><required>false</required><Inertia z:Ref="i9"/><Mass z:Ref="i7"/><Origin z:Ref="i4"/></URDFElement><URDFElement z:Id="i16" i:type="Visual"><Attributes/><ChildElements><URDFElement z:Id="i17" i:type="Origin"><Attributes><Attribute z:Id="i18"><AttributeType>xyz</AttributeType><IsRequired>true</IsRequired><Value i:type="a:ArrayOfdouble" xmlns:a="http://schemas.microsoft.com/2003/10/Serialization/Arrays"><a:double>0</a:double><a:double>0</a:double><a:double>0</a:double></Value></Attribute><Attribute z:Id="i19"><AttributeType>rpy</AttributeType><IsRequired>true</IsRequired><Value i:type="a:ArrayOfdouble" xmlns:a="http://schemas.microsoft.com/2003/10/Serialization/Arrays"><a:double>0</a:double><a:double>0</a:double><a:double>0</a:double></Value></Attribute></Attributes><ChildElements/><ElementName>origin</ElementName><required>false</required><RPYAttribute z:Ref="i19"/><XYZAttribute z:Ref="i18"/><isCustomized>false</isCustomized></URDFElement><URDFElement z:Id="i20" i:type="Geometry"><Attributes/><ChildElements><URDFElement z:Id="i21" i:type="Mesh"><Attributes><Attribute z:Id="i22"><AttributeType>filename</AttributeType><IsRequired>true</IsRequired><Value i:nil="true"/></Attribute></Attributes><ChildElements/><ElementName>mesh</ElementName><required>false</required><FilenameAttribute z:Ref="i22"/></URDFElement></ChildElements><ElementName>geometry</ElementName><required>true</required><Mesh z:Ref="i21"/></URDFElement><URDFElement z:Id="i23" i:type="Material"><Attributes><Attribute z:Id="i24"><AttributeType>name</AttributeType><IsRequired>true</IsRequired><Value i:type="a:string" xmlns:a="http://www.w3.org/2001/XMLSchema"/></Attribute></Attributes><ChildElements><URDFElement z:Id="i25" i:type="Color"><Attributes><Attribute z:Id="i26"><AttributeType>rgba</AttributeType><IsRequired>true</IsRequired><Value i:type="a:ArrayOfdouble" xmlns:a="http://schemas.microsoft.com/2003/10/Serialization/Arrays"><a:double>0.792156862745098</a:double><a:double>0.81960784313725488</a:double><a:double>0.93333333333333335</a:double><a:double>1</a:double></Value></Attribute></Attributes><ChildElements/><ElementName>color</ElementName><required>false</required><RGBAAttribute z:Ref="i26"/></URDFElement><URDFElement z:Id="i27" i:type="Texture"><Attributes><Attribute z:Id="i28"><AttributeType>filename</AttributeType><IsRequired>true</IsRequired><Value i:nil="true"/></Attribute></Attributes><ChildElements/><ElementName>texture</ElementName><required>false</required><FilenameAttribute z:Ref="i28"/><wFilename/></URDFElement></ChildElements><ElementName>material</ElementName><required>false</required><Color z:Ref="i25"/><NameAttribute z:Ref="i24"/><Texture z:Ref="i27"/></URDFElement></ChildElements><ElementName>visual</ElementName><required>false</required><Geometry z:Ref="i20"/><Material z:Ref="i23"/><Origin z:Ref="i17"/></URDFElement><URDFElement z:Id="i29" i:type="Collision"><Attributes/><ChildElements><URDFElement z:Id="i30" i:type="Origin"><Attributes><Attribute z:Id="i31"><AttributeType>xyz</AttributeType><IsRequired>true</IsRequired><Value i:type="a:ArrayOfdouble" xmlns:a="http://schemas.microsoft.com/2003/10/Serialization/Arrays"><a:double>0</a:double><a:double>0</a:double><a:double>0</a:double></Value></Attribute><Attribute z:Id="i32"><AttributeType>rpy</AttributeType><IsRequired>true</IsRequired><Value i:type="a:ArrayOfdouble" xmlns:a="http://schemas.microsoft.com/2003/10/Serialization/Arrays"><a:double>0</a:double><a:double>0</a:double><a:double>0</a:double></Value></Attribute></Attributes><ChildElements/><ElementName>origin</ElementName><required>false</required><RPYAttribute z:Ref="i32"/><XYZAttribute z:Ref="i31"/><isCustomized>false</isCustomized></URDFElement><URDFElement z:Id="i33" i:type="Geometry"><Attributes/><ChildElements><URDFElement z:Id="i34" i:type="Mesh"><Attributes><Attribute z:Id="i35"><AttributeType>filename</AttributeType><IsRequired>true</IsRequired><Value i:nil="true"/></Attribute></Attributes><ChildElements/><ElementName>mesh</ElementName><required>false</required><FilenameAttribute z:Ref="i35"/></URDFElement></ChildElements><ElementName>geometry</ElementName><required>true</required><Mesh z:Ref="i34"/></URDFElement></ChildElements><ElementName>collision</ElementName><required>false</required><Geometry z:Ref="i33"/><Origin z:Ref="i30"/></URDFElement><URDFElement z:Id="i36" i:type="Joint"><Attributes><Attribute z:Id="i37"><AttributeType>name</AttributeType><IsRequired>true</IsRequired><Value i:type="a:string" xmlns:a="http://www.w3.org/2001/XMLSchema"/></Attribute><Attribute z:Id="i38"><AttributeType>type</AttributeType><IsRequired>true</IsRequired><Value i:type="a:string" xmlns:a="http://www.w3.org/2001/XMLSchema"/></Attribute></Attributes><ChildElements><URDFElement z:Id="i39" i:type="Origin"><Attributes><Attribute z:Id="i40"><AttributeType>xyz</AttributeType><IsRequired>true</IsRequired><Value i:type="a:ArrayOfdouble" xmlns:a="http://schemas.microsoft.com/2003/10/Serialization/Arrays"><a:double>0</a:double><a:double>0</a:double><a:double>0</a:double></Value></Attribute><Attribute z:Id="i41"><AttributeType>rpy</AttributeType><IsRequired>true</IsRequired><Value i:type="a:ArrayOfdouble" xmlns:a="http://schemas.microsoft.com/2003/10/Serialization/Arrays"><a:double>0</a:double><a:double>0</a:double><a:double>0</a:double></Value></Attribute></Attributes><ChildElements/><ElementName>origin</ElementName><required>false</required><RPYAttribute z:Ref="i41"/><XYZAttribute z:Ref="i40"/><isCustomized>false</isCustomized></URDFElement><URDFElement z:Id="i42" i:type="ParentLink"><Attributes><Attribute z:Id="i43"><AttributeType>link</AttributeType><IsRequired>true</IsRequired><Value i:type="a:string" xmlns:a="http://www.w3.org/2001/XMLSchema"/></Attribute></Attributes><ChildElements/><ElementName>parent</ElementName><required>true</required><NameAttribute z:Ref="i43"/></URDFElement><URDFElement z:Id="i44" i:type="ChildLink"><Attributes><Attribute z:Id="i45"><AttributeType>link</AttributeType><IsRequired>true</IsRequired><Value i:type="a:string" xmlns:a="http://www.w3.org/2001/XMLSchema"/></Attribute></Attributes><ChildElements/><ElementName>child</ElementName><required>true</required><NameAttribute z:Ref="i45"/></URDFElement><URDFElement z:Id="i46" i:type="Axis"><Attributes><Attribute z:Id="i47"><AttributeType>xyz</AttributeType><IsRequired>true</IsRequired><Value i:type="a:ArrayOfdouble" xmlns:a="http://schemas.microsoft.com/2003/10/Serialization/Arrays"><a:double>0</a:double><a:double>0</a:double><a:double>0</a:double></Value></Attribute></Attributes><ChildElements/><ElementName>axis</ElementName><required>false</required><XYZAttribute z:Ref="i47"/></URDFElement><URDFElement z:Id="i48" i:type="Limit"><Attributes><Attribute z:Id="i49"><AttributeType>lower</AttributeType><IsRequired>false</IsRequired><Value i:nil="true"/></Attribute><Attribute z:Id="i50"><AttributeType>upper</AttributeType><IsRequired>false</IsRequired><Value i:nil="true"/></Attribute><Attribute z:Id="i51"><AttributeType>effort</AttributeType><IsRequired>true</IsRequired><Value i:nil="true"/></Attribute><Attribute z:Id="i52"><AttributeType>velocity</AttributeType><IsRequired>true</IsRequired><Value i:nil="true"/></Attribute></Attributes><ChildElements/><ElementName>limit</ElementName><required>false</required><EffortAttribute z:Ref="i51"/><LowerAttribute z:Ref="i49"/><UpperAttribute z:Ref="i50"/><VelocityAttribute z:Ref="i52"/></URDFElement><URDFElement z:Id="i53" i:type="Calibration"><Attributes><Attribute z:Id="i54"><AttributeType>rising</AttributeType><IsRequired>false</IsRequired><Value i:nil="true"/></Attribute><Attribute z:Id="i55"><AttributeType>falling</AttributeType><IsRequired>false</IsRequired><Value i:nil="true"/></Attribute></Attributes><ChildElements/><ElementName>calibration</ElementName><required>false</required><FallingAttribute z:Ref="i55"/><RisingAttribute z:Ref="i54"/></URDFElement><URDFElement z:Id="i56" i:type="Dynamics"><Attributes><Attribute z:Id="i57"><AttributeType>damping</AttributeType><IsRequired>false</IsRequired><Value i:nil="true"/></Attribute><Attribute z:Id="i58"><AttributeType>friction</AttributeType><IsRequired>false</IsRequired><Value i:nil="true"/></Attribute></Attributes><ChildElements/><ElementName>dynamics</ElementName><required>false</required><DampingAttribute z:Ref="i57"/><FrictionAttribute z:Ref="i58"/></URDFElement><URDFElement z:Id="i59" i:type="SafetyController"><Attributes><Attribute z:Id="i60"><AttributeType>soft_upper_limit</AttributeType><IsRequired>false</IsRequired><Value i:nil="true"/></Attribute><Attribute z:Id="i61"><AttributeType>soft_lower_limit</AttributeType><IsRequired>false</IsRequired><Value i:nil="true"/></Attribute><Attribute z:Id="i62"><AttributeType>k_position</AttributeType><IsRequired>false</IsRequired><Value i:nil="true"/></Attribute><Attribute z:Id="i63"><AttributeType>k_velocity</AttributeType><IsRequired>true</IsRequired><Value i:nil="true"/></Attribute></Attributes><ChildElements/><ElementName>safety_controller</ElementName><required>false</required><KPositionAttribute z:Ref="i62"/><KVelocityAttribute z:Ref="i63"/><SoftLowerAttribute z:Ref="i61"/><SoftUpperAttribute z:Ref="i60"/></URDFElement><URDFElement z:Id="i64" i:type="Mimic"><Attributes><Attribute z:Id="i65"><AttributeType>joint</AttributeType><IsRequired>true</IsRequired><Value i:nil="true"/></Attribute><Attribute z:Id="i66"><AttributeType>multiplier</AttributeType><IsRequired>false</IsRequired><Value i:nil="true"/></Attribute><Attribute z:Id="i67"><AttributeType>offset</AttributeType><IsRequired>false</IsRequired><Value i:nil="true"/></Attribute></Attributes><ChildElements/><ElementName>mimic</ElementName><required>false</required><JointNameAttribute z:Ref="i65"/><MultiplierAttribute z:Ref="i66"/><OffsetAttribute z:Ref="i67"/></URDFElement></ChildElements><ElementName>joint</ElementName><required>false</required><Axis z:Ref="i46"/><AxisName/><Calibration z:Ref="i53"/><Child z:Ref="i44"/><CoordinateSystemName>Base_origin</CoordinateSystemName><Dynamics z:Ref="i56"/><Limit z:Ref="i48"/><Mimic z:Ref="i64"/><NameAttribute z:Ref="i37"/><Origin z:Ref="i39"/><Parent z:Ref="i42"/><Safety z:Ref="i59"/><TypeAttribute z:Ref="i38"/></URDFElement></ChildElements><ElementName>link</ElementName><required>true</required><Children><Link z:Id="i68"><Attributes><Attribute z:Id="i69"><AttributeType>name</AttributeType><IsRequired>true</IsRequired><Value i:type="a:string" xmlns:a="http://www.w3.org/2001/XMLSchema">R_wheel_link</Value></Attribute></Attributes><ChildElements><URDFElement z:Id="i70" i:type="Inertial"><Attributes/><ChildElements><URDFElement z:Id="i71" i:type="Origin"><Attributes><Attribute z:Id="i72"><AttributeType>xyz</AttributeType><IsRequired>true</IsRequired><Value i:type="a:ArrayOfdouble" xmlns:a="http://schemas.microsoft.com/2003/10/Serialization/Arrays"><a:double>5.7991489720886531E-05</a:double><a:double>0.0058199863971848814</a:double><a:double>-0.0008508372650005056</a:double></Value></Attribute><Attribute z:Id="i73"><AttributeType>rpy</AttributeType><IsRequired>true</IsRequired><Value i:type="a:ArrayOfdouble" xmlns:a="http://schemas.microsoft.com/2003/10/Serialization/Arrays"><a:double>0</a:double><a:double>0</a:double><a:double>0</a:double></Value></Attribute></Attributes><ChildElements/><ElementName>origin</ElementName><required>false</required><RPYAttribute z:Ref="i73"/><XYZAttribute z:Ref="i72"/><isCustomized>false</isCustomized></URDFElement><URDFElement z:Id="i74" i:type="Mass"><Attributes><Attribute z:Id="i75"><AttributeType>value</AttributeType><IsRequired>true</IsRequired><Value i:type="a:double" xmlns:a="http://www.w3.org/2001/XMLSchema">0.041955149555898893</Value></Attribute></Attributes><ChildElements/><ElementName>mass</ElementName><required>false</required><ValueAttribute z:Ref="i75"/></URDFElement><URDFElement z:Id="i76" i:type="Inertia"><Attributes><Attribute z:Id="i77"><AttributeType>ixx</AttributeType><IsRequired>true</IsRequired><Value i:type="a:double" xmlns:a="http://www.w3.org/2001/XMLSchema">1.8373507938030858E-05</Value></Attribute><Attribute z:Id="i78"><AttributeType>ixy</AttributeType><IsRequired>true</IsRequired><Value i:type="a:double" xmlns:a="http://www.w3.org/2001/XMLSchema">-1.8161867336403867E-11</Value></Attribute><Attribute z:Id="i79"><AttributeType>ixz</AttributeType><IsRequired>true</IsRequired><Value i:type="a:double" xmlns:a="http://www.w3.org/2001/XMLSchema">-2.1106704777050554E-09</Value></Attribute><Attribute z:Id="i80"><AttributeType>iyy</AttributeType><IsRequired>true</IsRequired><Value i:type="a:double" xmlns:a="http://www.w3.org/2001/XMLSchema">3.0919329148918272E-05</Value></Attribute><Attribute z:Id="i81"><AttributeType>iyz</AttributeType><IsRequired>true</IsRequired><Value i:type="a:double" xmlns:a="http://www.w3.org/2001/XMLSchema">4.3006717639984455E-10</Value></Attribute><Attribute z:Id="i82"><AttributeType>izz</AttributeType><IsRequired>true</IsRequired><Value i:type="a:double" xmlns:a="http://www.w3.org/2001/XMLSchema">1.8408240459889539E-05</Value></Attribute></Attributes><ChildElements/><ElementName>inertia</ElementName><required>false</required><IxxAttribute z:Ref="i77"/><IxyAttribute z:Ref="i78"/><IxzAttribute z:Ref="i79"/><IyyAttribute z:Ref="i80"/><IyzAttribute z:Ref="i81"/><IzzAttribute z:Ref="i82"/></URDFElement></ChildElements><ElementName>inertial</ElementName><required>false</required><Inertia z:Ref="i76"/><Mass z:Ref="i74"/><Origin z:Ref="i71"/></URDFElement><URDFElement z:Id="i83" i:type="Visual"><Attributes/><ChildElements><URDFElement z:Id="i84" i:type="Origin"><Attributes><Attribute z:Id="i85"><AttributeType>xyz</AttributeType><IsRequired>true</IsRequired><Value i:type="a:ArrayOfdouble" xmlns:a="http://schemas.microsoft.com/2003/10/Serialization/Arrays"><a:double>0</a:double><a:double>0</a:double><a:double>0</a:double></Value></Attribute><Attribute z:Id="i86"><AttributeType>rpy</AttributeType><IsRequired>true</IsRequired><Value i:type="a:ArrayOfdouble" xmlns:a="http://schemas.microsoft.com/2003/10/Serialization/Arrays"><a:double>0</a:double><a:double>0</a:double><a:double>0</a:double></Value></Attribute></Attributes><ChildElements/><ElementName>origin</ElementName><required>false</required><RPYAttribute z:Ref="i86"/><XYZAttribute z:Ref="i85"/><isCustomized>false</isCustomized></URDFElement><URDFElement z:Id="i87" i:type="Geometry"><Attributes/><ChildElements><URDFElement z:Id="i88" i:type="Mesh"><Attributes><Attribute z:Id="i89"><AttributeType>filename</AttributeType><IsRequired>true</IsRequired><Value i:nil="true"/></Attribute></Attributes><ChildElements/><ElementName>mesh</ElementName><required>false</required><FilenameAttribute z:Ref="i89"/></URDFElement></ChildElements><ElementName>geometry</ElementName><required>true</required><Mesh z:Ref="i88"/></URDFElement><URDFElement z:Id="i90" i:type="Material"><Attributes><Attribute z:Id="i91"><AttributeType>name</AttributeType><IsRequired>true</IsRequired><Value i:type="a:string" xmlns:a="http://www.w3.org/2001/XMLSchema"/></Attribute></Attributes><ChildElements><URDFElement z:Id="i92" i:type="Color"><Attributes><Attribute z:Id="i93"><AttributeType>rgba</AttributeType><IsRequired>true</IsRequired><Value i:type="a:ArrayOfdouble" xmlns:a="http://schemas.microsoft.com/2003/10/Serialization/Arrays"><a:double>0.792156862745098</a:double><a:double>0.81960784313725488</a:double><a:double>0.93333333333333335</a:double><a:double>1</a:double></Value></Attribute></Attributes><ChildElements/><ElementName>color</ElementName><required>false</required><RGBAAttribute z:Ref="i93"/></URDFElement><URDFElement z:Id="i94" i:type="Texture"><Attributes><Attribute z:Id="i95"><AttributeType>filename</AttributeType><IsRequired>true</IsRequired><Value i:nil="true"/></Attribute></Attributes><ChildElements/><ElementName>texture</ElementName><required>false</required><FilenameAttribute z:Ref="i95"/><wFilename/></URDFElement></ChildElements><ElementName>material</ElementName><required>false</required><Color z:Ref="i92"/><NameAttribute z:Ref="i91"/><Texture z:Ref="i94"/></URDFElement></ChildElements><ElementName>visual</ElementName><required>false</required><Geometry z:Ref="i87"/><Material z:Ref="i90"/><Origin z:Ref="i84"/></URDFElement><URDFElement z:Id="i96" i:type="Collision"><Attributes/><ChildElements><URDFElement z:Id="i97" i:type="Origin"><Attributes><Attribute z:Id="i98"><AttributeType>xyz</AttributeType><IsRequired>true</IsRequired><Value i:type="a:ArrayOfdouble" xmlns:a="http://schemas.microsoft.com/2003/10/Serialization/Arrays"><a:double>0</a:double><a:double>0</a:double><a:double>0</a:double></Value></Attribute><Attribute z:Id="i99"><AttributeType>rpy</AttributeType><IsRequired>true</IsRequired><Value i:type="a:ArrayOfdouble" xmlns:a="http://schemas.microsoft.com/2003/10/Serialization/Arrays"><a:double>0</a:double><a:double>0</a:double><a:double>0</a:double></Value></Attribute></Attributes><ChildElements/><ElementName>origin</ElementName><required>false</required><RPYAttribute z:Ref="i99"/><XYZAttribute z:Ref="i98"/><isCustomized>false</isCustomized></URDFElement><URDFElement z:Id="i100" i:type="Geometry"><Attributes/><ChildElements><URDFElement z:Id="i101" i:type="Mesh"><Attributes><Attribute z:Id="i102"><AttributeType>filename</AttributeType><IsRequired>true</IsRequired><Value i:nil="true"/></Attribute></Attributes><ChildElements/><ElementName>mesh</ElementName><required>false</required><FilenameAttribute z:Ref="i102"/></URDFElement></ChildElements><ElementName>geometry</ElementName><required>true</required><Mesh z:Ref="i101"/></URDFElement></ChildElements><ElementName>collision</ElementName><required>false</required><Geometry z:Ref="i100"/><Origin z:Ref="i97"/></URDFElement><URDFElement z:Id="i103" i:type="Joint"><Attributes><Attribute z:Id="i104"><AttributeType>name</AttributeType><IsRequired>true</IsRequired><Value i:type="a:string" xmlns:a="http://www.w3.org/2001/XMLSchema">Rwheel_joint</Value></Attribute><Attribute z:Id="i105"><AttributeType>type</AttributeType><IsRequired>true</IsRequired><Value i:type="a:string" xmlns:a="http://www.w3.org/2001/XMLSchema">continuous</Value></Attribute></Attributes><ChildElements><URDFElement z:Id="i106" i:type="Origin"><Attributes><Attribute z:Id="i107"><AttributeType>xyz</AttributeType><IsRequired>true</IsRequired><Value i:type="a:ArrayOfdouble" xmlns:a="http://schemas.microsoft.com/2003/10/Serialization/Arrays"><a:double>-0.00040439175433133571</a:double><a:double>-0.10525110642810885</a:double><a:double>0.025000000000000112</a:double></Value></Attribute><Attribute z:Id="i108"><AttributeType>rpy</AttributeType><IsRequired>true</IsRequired><Value i:type="a:ArrayOfdouble" xmlns:a="http://schemas.microsoft.com/2003/10/Serialization/Arrays"><a:double>0</a:double><a:double>0</a:double><a:double>0</a:double></Value></Attribute></Attributes><ChildElements/><ElementName>origin</ElementName><required>false</required><RPYAttribute z:Ref="i108"/><XYZAttribute z:Ref="i107"/><isCustomized>false</isCustomized></URDFElement><URDFElement z:Id="i109" i:type="ParentLink"><Attributes><Attribute z:Id="i110"><AttributeType>link</AttributeType><IsRequired>true</IsRequired><Value i:type="a:string" xmlns:a="http://www.w3.org/2001/XMLSchema">base_link</Value></Attribute></Attributes><ChildElements/><ElementName>parent</ElementName><required>true</required><NameAttribute z:Ref="i110"/></URDFElement><URDFElement z:Id="i111" i:type="ChildLink"><Attributes><Attribute z:Id="i112"><AttributeType>link</AttributeType><IsRequired>true</IsRequired><Value i:type="a:string" xmlns:a="http://www.w3.org/2001/XMLSchema">R_wheel</Value></Attribute></Attributes><ChildElements/><ElementName>child</ElementName><required>true</required><NameAttribute z:Ref="i112"/></URDFElement><URDFElement z:Id="i113" i:type="Axis"><Attributes><Attribute z:Id="i114"><AttributeType>xyz</AttributeType><IsRequired>true</IsRequired><Value i:type="a:ArrayOfdouble" xmlns:a="http://schemas.microsoft.com/2003/10/Serialization/Arrays"><a:double>0</a:double><a:double>-1</a:double><a:double>0</a:double></Value></Attribute></Attributes><ChildElements/><ElementName>axis</ElementName><required>false</required><XYZAttribute z:Ref="i114"/></URDFElement><URDFElement z:Id="i115" i:type="Limit"><Attributes><Attribute z:Id="i116"><AttributeType>lower</AttributeType><IsRequired>false</IsRequired><Value i:nil="true"/></Attribute><Attribute z:Id="i117"><AttributeType>upper</AttributeType><IsRequired>false</IsRequired><Value i:nil="true"/></Attribute><Attribute z:Id="i118"><AttributeType>effort</AttributeType><IsRequired>true</IsRequired><Value i:nil="true"/></Attribute><Attribute z:Id="i119"><AttributeType>velocity</AttributeType><IsRequired>true</IsRequired><Value i:nil="true"/></Attribute></Attributes><ChildElements/><ElementName>limit</ElementName><required>false</required><EffortAttribute z:Ref="i118"/><LowerAttribute z:Ref="i116"/><UpperAttribute z:Ref="i117"/><VelocityAttribute z:Ref="i119"/></URDFElement><URDFElement z:Id="i120" i:type="Calibration"><Attributes><Attribute z:Id="i121"><AttributeType>rising</AttributeType><IsRequired>false</IsRequired><Value i:nil="true"/></Attribute><Attribute z:Id="i122"><AttributeType>falling</AttributeType><IsRequired>false</IsRequired><Value i:nil="true"/></Attribute></Attributes><ChildElements/><ElementName>calibration</ElementName><required>false</required><FallingAttribute z:Ref="i122"/><RisingAttribute z:Ref="i121"/></URDFElement><URDFElement z:Id="i123" i:type="Dynamics"><Attributes><Attribute z:Id="i124"><AttributeType>damping</AttributeType><IsRequired>false</IsRequired><Value i:nil="true"/></Attribute><Attribute z:Id="i125"><AttributeType>friction</AttributeType><IsRequired>false</IsRequired><Value i:nil="true"/></Attribute></Attributes><ChildElements/><ElementName>dynamics</ElementName><required>false</required><DampingAttribute z:Ref="i124"/><FrictionAttribute z:Ref="i125"/></URDFElement><URDFElement z:Id="i126" i:type="SafetyController"><Attributes><Attribute z:Id="i127"><AttributeType>soft_upper_limit</AttributeType><IsRequired>false</IsRequired><Value i:nil="true"/></Attribute><Attribute z:Id="i128"><AttributeType>soft_lower_limit</AttributeType><IsRequired>false</IsRequired><Value i:nil="true"/></Attribute><Attribute z:Id="i129"><AttributeType>k_position</AttributeType><IsRequired>false</IsRequired><Value i:nil="true"/></Attribute><Attribute z:Id="i130"><AttributeType>k_velocity</AttributeType><IsRequired>true</IsRequired><Value i:nil="true"/></Attribute></Attributes><ChildElements/><ElementName>safety_controller</ElementName><required>false</required><KPositionAttribute z:Ref="i129"/><KVelocityAttribute z:Ref="i130"/><SoftLowerAttribute z:Ref="i128"/><SoftUpperAttribute z:Ref="i127"/></URDFElement><URDFElement z:Id="i131" i:type="Mimic"><Attributes><Attribute z:Id="i132"><AttributeType>joint</AttributeType><IsRequired>true</IsRequired><Value i:nil="true"/></Attribute><Attribute z:Id="i133"><AttributeType>multiplier</AttributeType><IsRequired>false</IsRequired><Value i:nil="true"/></Attribute><Attribute z:Id="i134"><AttributeType>offset</AttributeType><IsRequired>false</IsRequired><Value i:nil="true"/></Attribute></Attributes><ChildElements/><ElementName>mimic</ElementName><required>false</required><JointNameAttribute z:Ref="i132"/><MultiplierAttribute z:Ref="i133"/><OffsetAttribute z:Ref="i134"/></URDFElement></ChildElements><ElementName>joint</ElementName><required>false</required><Axis z:Ref="i113"/><AxisName>Axis_wheel</AxisName><Calibration z:Ref="i120"/><Child z:Ref="i111"/><CoordinateSystemName>R_origin</CoordinateSystemName><Dynamics z:Ref="i123"/><Limit z:Ref="i115"/><Mimic z:Ref="i131"/><NameAttribute z:Ref="i104"/><Origin z:Ref="i106"/><Parent z:Ref="i109"/><Safety z:Ref="i126"/><TypeAttribute z:Ref="i105"/></URDFElement></ChildElements><ElementName>link</ElementName><required>true</required><Children/><Collision z:Ref="i96"/><Inertial z:Ref="i70"/><Joint z:Ref="i103"/><NameAttribute z:Ref="i69"/><Parent z:Ref="i1"/><STLQualityFine>false</STLQualityFine><SWComponentPIDs xmlns:a="http://schemas.microsoft.com/2003/10/Serialization/Arrays"><a:base64Binary>aEIAAAUAAAD//v8nYwBvAHAAcABlAHIAXwB3AGgAZQBlAGwAXwB3AGkAdABoAF8AYQBkAGEAcAB0AGUAcgBfAHAAYQByAHQALQAxAEAAYQBzAHMAZQBtADEABAAAABAAAAABAAAAAQAAAOcBAAA=</a:base64Binary></SWComponentPIDs><SWMainComponentPID i:nil="true"/><Visual z:Ref="i83"/><isFixedFrame>false</isFixedFrame><isIncomplete>false</isIncomplete></Link><Link z:Id="i135"><Attributes><Attribute z:Id="i136"><AttributeType>name</AttributeType><IsRequired>true</IsRequired><Value i:type="a:string" xmlns:a="http://www.w3.org/2001/XMLSchema">L_wheel_link</Value></Attribute></Attributes><ChildElements><URDFElement z:Id="i137" i:type="Inertial"><Attributes/><ChildElements><URDFElement z:Id="i138" i:type="Origin"><Attributes><Attribute z:Id="i139"><AttributeType>xyz</AttributeType><IsRequired>true</IsRequired><Value i:type="a:ArrayOfdouble" xmlns:a="http://schemas.microsoft.com/2003/10/Serialization/Arrays"><a:double>-0.00041032411340115663</a:double><a:double>-0.0058199863971911819</a:double><a:double>0.00074761031728983645</a:double></Value></Attribute><Attribute z:Id="i140"><AttributeType>rpy</AttributeType><IsRequired>true</IsRequired><Value i:type="a:ArrayOfdouble" xmlns:a="http://schemas.microsoft.com/2003/10/Serialization/Arrays"><a:double>0</a:double><a:double>0</a:double><a:double>0</a:double></Value></Attribute></Attributes><ChildElements/><ElementName>origin</ElementName><required>false</required><RPYAttribute z:Ref="i140"/><XYZAttribute z:Ref="i139"/><isCustomized>false</isCustomized></URDFElement><URDFElement z:Id="i141" i:type="Mass"><Attributes><Attribute z:Id="i142"><AttributeType>value</AttributeType><IsRequired>true</IsRequired><Value i:type="a:double" xmlns:a="http://www.w3.org/2001/XMLSchema">0.041955149555870666</Value></Attribute></Attributes><ChildElements/><ElementName>mass</ElementName><required>false</required><ValueAttribute z:Ref="i142"/></URDFElement><URDFElement z:Id="i143" i:type="Inertia"><Attributes><Attribute z:Id="i144"><AttributeType>ixx</AttributeType><IsRequired>true</IsRequired><Value i:type="a:double" xmlns:a="http://www.w3.org/2001/XMLSchema">1.8381704642724268E-05</Value></Attribute><Attribute z:Id="i145"><AttributeType>ixy</AttributeType><IsRequired>true</IsRequired><Value i:type="a:double" xmlns:a="http://www.w3.org/2001/XMLSchema">-2.1679157785034641E-10</Value></Attribute><Attribute z:Id="i146"><AttributeType>ixz</AttributeType><IsRequired>true</IsRequired><Value i:type="a:double" xmlns:a="http://www.w3.org/2001/XMLSchema">-1.4898361886727485E-08</Value></Attribute><Attribute z:Id="i147"><AttributeType>iyy</AttributeType><IsRequired>true</IsRequired><Value i:type="a:double" xmlns:a="http://www.w3.org/2001/XMLSchema">3.0919329148921755E-05</Value></Attribute><Attribute z:Id="i148"><AttributeType>iyz</AttributeType><IsRequired>true</IsRequired><Value i:type="a:double" xmlns:a="http://www.w3.org/2001/XMLSchema">3.7187230586482815E-10</Value></Attribute><Attribute z:Id="i149"><AttributeType>izz</AttributeType><IsRequired>true</IsRequired><Value i:type="a:double" xmlns:a="http://www.w3.org/2001/XMLSchema">1.8400043755197284E-05</Value></Attribute></Attributes><ChildElements/><ElementName>inertia</ElementName><required>false</required><IxxAttribute z:Ref="i144"/><IxyAttribute z:Ref="i145"/><IxzAttribute z:Ref="i146"/><IyyAttribute z:Ref="i147"/><IyzAttribute z:Ref="i148"/><IzzAttribute z:Ref="i149"/></URDFElement></ChildElements><ElementName>inertial</ElementName><required>false</required><Inertia z:Ref="i143"/><Mass z:Ref="i141"/><Origin z:Ref="i138"/></URDFElement><URDFElement z:Id="i150" i:type="Visual"><Attributes/><ChildElements><URDFElement z:Id="i151" i:type="Origin"><Attributes><Attribute z:Id="i152"><AttributeType>xyz</AttributeType><IsRequired>true</IsRequired><Value i:type="a:ArrayOfdouble" xmlns:a="http://schemas.microsoft.com/2003/10/Serialization/Arrays"><a:double>0</a:double><a:double>0</a:double><a:double>0</a:double></Value></Attribute><Attribute z:Id="i153"><AttributeType>rpy</AttributeType><IsRequired>true</IsRequired><Value i:type="a:ArrayOfdouble" xmlns:a="http://schemas.microsoft.com/2003/10/Serialization/Arrays"><a:double>0</a:double><a:double>0</a:double><a:double>0</a:double></Value></Attribute></Attributes><ChildElements/><ElementName>origin</ElementName><required>false</required><RPYAttribute z:Ref="i153"/><XYZAttribute z:Ref="i152"/><isCustomized>false</isCustomized></URDFElement><URDFElement z:Id="i154" i:type="Geometry"><Attributes/><ChildElements><URDFElement z:Id="i155" i:type="Mesh"><Attributes><Attribute z:Id="i156"><AttributeType>filename</AttributeType><IsRequired>true</IsRequired><Value i:nil="true"/></Attribute></Attributes><ChildElements/><ElementName>mesh</ElementName><required>false</required><FilenameAttribute z:Ref="i156"/></URDFElement></ChildElements><ElementName>geometry</ElementName><required>true</required><Mesh z:Ref="i155"/></URDFElement><URDFElement z:Id="i157" i:type="Material"><Attributes><Attribute z:Id="i158"><AttributeType>name</AttributeType><IsRequired>true</IsRequired><Value i:type="a:string" xmlns:a="http://www.w3.org/2001/XMLSchema"/></Attribute></Attributes><ChildElements><URDFElement z:Id="i159" i:type="Color"><Attributes><Attribute z:Id="i160"><AttributeType>rgba</AttributeType><IsRequired>true</IsRequired><Value i:type="a:ArrayOfdouble" xmlns:a="http://schemas.microsoft.com/2003/10/Serialization/Arrays"><a:double>0.792156862745098</a:double><a:double>0.81960784313725488</a:double><a:double>0.93333333333333335</a:double><a:double>1</a:double></Value></Attribute></Attributes><ChildElements/><ElementName>color</ElementName><required>false</required><RGBAAttribute z:Ref="i160"/></URDFElement><URDFElement z:Id="i161" i:type="Texture"><Attributes><Attribute z:Id="i162"><AttributeType>filename</AttributeType><IsRequired>true</IsRequired><Value i:nil="true"/></Attribute></Attributes><ChildElements/><ElementName>texture</ElementName><required>false</required><FilenameAttribute z:Ref="i162"/><wFilename/></URDFElement></ChildElements><ElementName>material</ElementName><required>false</required><Color z:Ref="i159"/><NameAttribute z:Ref="i158"/><Texture z:Ref="i161"/></URDFElement></ChildElements><ElementName>visual</ElementName><required>false</required><Geometry z:Ref="i154"/><Material z:Ref="i157"/><Origin z:Ref="i151"/></URDFElement><URDFElement z:Id="i163" i:type="Collision"><Attributes/><ChildElements><URDFElement z:Id="i164" i:type="Origin"><Attributes><Attribute z:Id="i165"><AttributeType>xyz</AttributeType><IsRequired>true</IsRequired><Value i:type="a:ArrayOfdouble" xmlns:a="http://schemas.microsoft.com/2003/10/Serialization/Arrays"><a:double>0</a:double><a:double>0</a:double><a:double>0</a:double></Value></Attribute><Attribute z:Id="i166"><AttributeType>rpy</AttributeType><IsRequired>true</IsRequired><Value i:type="a:ArrayOfdouble" xmlns:a="http://schemas.microsoft.com/2003/10/Serialization/Arrays"><a:double>0</a:double><a:double>0</a:double><a:double>0</a:double></Value></Attribute></Attributes><ChildElements/><ElementName>origin</ElementName><required>false</required><RPYAttribute z:Ref="i166"/><XYZAttribute z:Ref="i165"/><isCustomized>false</isCustomized></URDFElement><URDFElement z:Id="i167" i:type="Geometry"><Attributes/><ChildElements><URDFElement z:Id="i168" i:type="Mesh"><Attributes><Attribute z:Id="i169"><AttributeType>filename</AttributeType><IsRequired>true</IsRequired><Value i:nil="true"/></Attribute></Attributes><ChildElements/><ElementName>mesh</ElementName><required>false</required><FilenameAttribute z:Ref="i169"/></URDFElement></ChildElements><ElementName>geometry</ElementName><required>true</required><Mesh z:Ref="i168"/></URDFElement></ChildElements><ElementName>collision</ElementName><required>false</required><Geometry z:Ref="i167"/><Origin z:Ref="i164"/></URDFElement><URDFElement z:Id="i170" i:type="Joint"><Attributes><Attribute z:Id="i171"><AttributeType>name</AttributeType><IsRequired>true</IsRequired><Value i:type="a:string" xmlns:a="http://www.w3.org/2001/XMLSchema">Lwheel_joint</Value></Attribute><Attribute z:Id="i172"><AttributeType>type</AttributeType><IsRequired>true</IsRequired><Value i:type="a:string" xmlns:a="http://www.w3.org/2001/XMLSchema">continuous</Value></Attribute></Attributes><ChildElements><URDFElement z:Id="i173" i:type="Origin"><Attributes><Attribute z:Id="i174"><AttributeType>xyz</AttributeType><IsRequired>true</IsRequired><Value i:type="a:ArrayOfdouble" xmlns:a="http://schemas.microsoft.com/2003/10/Serialization/Arrays"><a:double>-0.00040439175433133832</a:double><a:double>0.10525110642810892</a:double><a:double>0.025000000000000827</a:double></Value></Attribute><Attribute z:Id="i175"><AttributeType>rpy</AttributeType><IsRequired>true</IsRequired><Value i:type="a:ArrayOfdouble" xmlns:a="http://schemas.microsoft.com/2003/10/Serialization/Arrays"><a:double>0</a:double><a:double>0</a:double><a:double>0</a:double></Value></Attribute></Attributes><ChildElements/><ElementName>origin</ElementName><required>false</required><RPYAttribute z:Ref="i175"/><XYZAttribute z:Ref="i174"/><isCustomized>false</isCustomized></URDFElement><URDFElement z:Id="i176" i:type="ParentLink"><Attributes><Attribute z:Id="i177"><AttributeType>link</AttributeType><IsRequired>true</IsRequired><Value i:type="a:string" xmlns:a="http://www.w3.org/2001/XMLSchema">base_link</Value></Attribute></Attributes><ChildElements/><ElementName>parent</ElementName><required>true</required><NameAttribute z:Ref="i177"/></URDFElement><URDFElement z:Id="i178" i:type="ChildLink"><Attributes><Attribute z:Id="i179"><AttributeType>link</AttributeType><IsRequired>true</IsRequired><Value i:type="a:string" xmlns:a="http://www.w3.org/2001/XMLSchema">L_wheel</Value></Attribute></Attributes><ChildElements/><ElementName>child</ElementName><required>true</required><NameAttribute z:Ref="i179"/></URDFElement><URDFElement z:Id="i180" i:type="Axis"><Attributes><Attribute z:Id="i181"><AttributeType>xyz</AttributeType><IsRequired>true</IsRequired><Value i:type="a:ArrayOfdouble" xmlns:a="http://schemas.microsoft.com/2003/10/Serialization/Arrays"><a:double>0</a:double><a:double>-1</a:double><a:double>0</a:double></Value></Attribute></Attributes><ChildElements/><ElementName>axis</ElementName><required>false</required><XYZAttribute z:Ref="i181"/></URDFElement><URDFElement z:Id="i182" i:type="Limit"><Attributes><Attribute z:Id="i183"><AttributeType>lower</AttributeType><IsRequired>false</IsRequired><Value i:nil="true"/></Attribute><Attribute z:Id="i184"><AttributeType>upper</AttributeType><IsRequired>false</IsRequired><Value i:nil="true"/></Attribute><Attribute z:Id="i185"><AttributeType>effort</AttributeType><IsRequired>true</IsRequired><Value i:nil="true"/></Attribute><Attribute z:Id="i186"><AttributeType>velocity</AttributeType><IsRequired>true</IsRequired><Value i:nil="true"/></Attribute></Attributes><ChildElements/><ElementName>limit</ElementName><required>false</required><EffortAttribute z:Ref="i185"/><LowerAttribute z:Ref="i183"/><UpperAttribute z:Ref="i184"/><VelocityAttribute z:Ref="i186"/></URDFElement><URDFElement z:Id="i187" i:type="Calibration"><Attributes><Attribute z:Id="i188"><AttributeType>rising</AttributeType><IsRequired>false</IsRequired><Value i:nil="true"/></Attribute><Attribute z:Id="i189"><AttributeType>falling</AttributeType><IsRequired>false</IsRequired><Value i:nil="true"/></Attribute></Attributes><ChildElements/><ElementName>calibration</ElementName><required>false</required><FallingAttribute z:Ref="i189"/><RisingAttribute z:Ref="i188"/></URDFElement><URDFElement z:Id="i190" i:type="Dynamics"><Attributes><Attribute z:Id="i191"><AttributeType>damping</AttributeType><IsRequired>false</IsRequired><Value i:nil="true"/></Attribute><Attribute z:Id="i192"><AttributeType>friction</AttributeType><IsRequired>false</IsRequired><Value i:nil="true"/></Attribute></Attributes><ChildElements/><ElementName>dynamics</ElementName><required>false</required><DampingAttribute z:Ref="i191"/><FrictionAttribute z:Ref="i192"/></URDFElement><URDFElement z:Id="i193" i:type="SafetyController"><Attributes><Attribute z:Id="i194"><AttributeType>soft_upper_limit</AttributeType><IsRequired>false</IsRequired><Value i:nil="true"/></Attribute><Attribute z:Id="i195"><AttributeType>soft_lower_limit</AttributeType><IsRequired>false</IsRequired><Value i:nil="true"/></Attribute><Attribute z:Id="i196"><AttributeType>k_position</AttributeType><IsRequired>false</IsRequired><Value i:nil="true"/></Attribute><Attribute z:Id="i197"><AttributeType>k_velocity</AttributeType><IsRequired>true</IsRequired><Value i:nil="true"/></Attribute></Attributes><ChildElements/><ElementName>safety_controller</ElementName><required>false</required><KPositionAttribute z:Ref="i196"/><KVelocityAttribute z:Ref="i197"/><SoftLowerAttribute z:Ref="i195"/><SoftUpperAttribute z:Ref="i194"/></URDFElement><URDFElement z:Id="i198" i:type="Mimic"><Attributes><Attribute z:Id="i199"><AttributeType>joint</AttributeType><IsRequired>true</IsRequired><Value i:nil="true"/></Attribute><Attribute z:Id="i200"><AttributeType>multiplier</AttributeType><IsRequired>false</IsRequired><Value i:nil="true"/></Attribute><Attribute z:Id="i201"><AttributeType>offset</AttributeType><IsRequired>false</IsRequired><Value i:nil="true"/></Attribute></Attributes><ChildElements/><ElementName>mimic</ElementName><required>false</required><JointNameAttribute z:Ref="i199"/><MultiplierAttribute z:Ref="i200"/><OffsetAttribute z:Ref="i201"/></URDFElement></ChildElements><ElementName>joint</ElementName><required>false</required><Axis z:Ref="i180"/><AxisName>Axis_wheel</AxisName><Calibration z:Ref="i187"/><Child z:Ref="i178"/><CoordinateSystemName>L_origin</CoordinateSystemName><Dynamics z:Ref="i190"/><Limit z:Ref="i182"/><Mimic z:Ref="i198"/><NameAttribute z:Ref="i171"/><Origin z:Ref="i173"/><Parent z:Ref="i176"/><Safety z:Ref="i193"/><TypeAttribute z:Ref="i172"/></URDFElement></ChildElements><ElementName>link</ElementName><required>true</required><Children/><Collision z:Ref="i163"/><Inertial z:Ref="i137"/><Joint z:Ref="i170"/><NameAttribute z:Ref="i136"/><Parent z:Ref="i1"/><STLQualityFine>false</STLQualityFine><SWComponentPIDs xmlns:a="http://schemas.microsoft.com/2003/10/Serialization/Arrays"><a:base64Binary>aEIAAAUAAAD//v8nYwBvAHAAcABlAHIAXwB3AGgAZQBlAGwAXwB3AGkAdABoAF8AYQBkAGEAcAB0AGUAcgBfAHAAYQByAHQALQAyAEAAYQBzAHMAZQBtADEABAAAABAAAAABAAAAAQAAAOoBAAA=</a:base64Binary></SWComponentPIDs><SWMainComponentPID i:nil="true"/><Visual z:Ref="i150"/><isFixedFrame>false</isFixedFrame><isIncomplete>false</isIncomplete></Link><Link z:Id="i202"><Attributes><Attribute z:Id="i203"><AttributeType>name</AttributeType><IsRequired>true</IsRequired><Value i:type="a:string" xmlns:a="http://www.w3.org/2001/XMLSchema">Ball_front_link</Value></Attribute></Attributes><ChildElements><URDFElement z:Id="i204" i:type="Inertial"><Attributes/><ChildElements><URDFElement z:Id="i205" i:type="Origin"><Attributes><Attribute z:Id="i206"><AttributeType>xyz</AttributeType><IsRequired>true</IsRequired><Value i:type="a:ArrayOfdouble" xmlns:a="http://schemas.microsoft.com/2003/10/Serialization/Arrays"><a:double>4.3021142204224816E-16</a:double><a:double>-6.3696315145602561E-06</a:double><a:double>0.0054783181552000987</a:double></Value></Attribute><Attribute z:Id="i207"><AttributeType>rpy</AttributeType><IsRequired>true</IsRequired><Value i:type="a:ArrayOfdouble" xmlns:a="http://schemas.microsoft.com/2003/10/Serialization/Arrays"><a:double>0</a:double><a:double>0</a:double><a:double>0</a:double></Value></Attribute></Attributes><ChildElements/><ElementName>origin</ElementName><required>false</required><RPYAttribute z:Ref="i207"/><XYZAttribute z:Ref="i206"/><isCustomized>false</isCustomized></URDFElement><URDFElement z:Id="i208" i:type="Mass"><Attributes><Attribute z:Id="i209"><AttributeType>value</AttributeType><IsRequired>true</IsRequired><Value i:type="a:double" xmlns:a="http://www.w3.org/2001/XMLSchema">0.0051732918664278843</Value></Attribute></Attributes><ChildElements/><ElementName>mass</ElementName><required>false</required><ValueAttribute z:Ref="i209"/></URDFElement><URDFElement z:Id="i210" i:type="Inertia"><Attributes><Attribute z:Id="i211"><AttributeType>ixx</AttributeType><IsRequired>true</IsRequired><Value i:type="a:double" xmlns:a="http://www.w3.org/2001/XMLSchema">4.82436001286388E-07</Value></Attribute><Attribute z:Id="i212"><AttributeType>ixy</AttributeType><IsRequired>true</IsRequired><Value i:type="a:double" xmlns:a="http://www.w3.org/2001/XMLSchema">6.8036953124099755E-16</Value></Attribute><Attribute z:Id="i213"><AttributeType>ixz</AttributeType><IsRequired>true</IsRequired><Value i:type="a:double" xmlns:a="http://www.w3.org/2001/XMLSchema">7.4471771018533854E-23</Value></Attribute><Attribute z:Id="i214"><AttributeType>iyy</AttributeType><IsRequired>true</IsRequired><Value i:type="a:double" xmlns:a="http://www.w3.org/2001/XMLSchema">2.1717606375324104E-07</Value></Attribute><Attribute z:Id="i215"><AttributeType>iyz</AttributeType><IsRequired>true</IsRequired><Value i:type="a:double" xmlns:a="http://www.w3.org/2001/XMLSchema">2.5529250701518847E-10</Value></Attribute><Attribute z:Id="i216"><AttributeType>izz</AttributeType><IsRequired>true</IsRequired><Value i:type="a:double" xmlns:a="http://www.w3.org/2001/XMLSchema">5.286393882496393E-07</Value></Attribute></Attributes><ChildElements/><ElementName>inertia</ElementName><required>false</required><IxxAttribute z:Ref="i211"/><IxyAttribute z:Ref="i212"/><IxzAttribute z:Ref="i213"/><IyyAttribute z:Ref="i214"/><IyzAttribute z:Ref="i215"/><IzzAttribute z:Ref="i216"/></URDFElement></ChildElements><ElementName>inertial</ElementName><required>false</required><Inertia z:Ref="i210"/><Mass z:Ref="i208"/><Origin z:Ref="i205"/></URDFElement><URDFElement z:Id="i217" i:type="Visual"><Attributes/><ChildElements><URDFElement z:Id="i218" i:type="Origin"><Attributes><Attribute z:Id="i219"><AttributeType>xyz</AttributeType><IsRequired>true</IsRequired><Value i:type="a:ArrayOfdouble" xmlns:a="http://schemas.microsoft.com/2003/10/Serialization/Arrays"><a:double>0</a:double><a:double>0</a:double><a:double>0</a:double></Value></Attribute><Attribute z:Id="i220"><AttributeType>rpy</AttributeType><IsRequired>true</IsRequired><Value i:type="a:ArrayOfdouble" xmlns:a="http://schemas.microsoft.com/2003/10/Serialization/Arrays"><a:double>0</a:double><a:double>0</a:double><a:double>0</a:double></Value></Attribute></Attributes><ChildElements/><ElementName>origin</ElementName><required>false</required><RPYAttribute z:Ref="i220"/><XYZAttribute z:Ref="i219"/><isCustomized>false</isCustomized></URDFElement><URDFElement z:Id="i221" i:type="Geometry"><Attributes/><ChildElements><URDFElement z:Id="i222" i:type="Mesh"><Attributes><Attribute z:Id="i223"><AttributeType>filename</AttributeType><IsRequired>true</IsRequired><Value i:nil="true"/></Attribute></Attributes><ChildElements/><ElementName>mesh</ElementName><required>false</required><FilenameAttribute z:Ref="i223"/></URDFElement></ChildElements><ElementName>geometry</ElementName><required>true</required><Mesh z:Ref="i222"/></URDFElement><URDFElement z:Id="i224" i:type="Material"><Attributes><Attribute z:Id="i225"><AttributeType>name</AttributeType><IsRequired>true</IsRequired><Value i:type="a:string" xmlns:a="http://www.w3.org/2001/XMLSchema"/></Attribute></Attributes><ChildElements><URDFElement z:Id="i226" i:type="Color"><Attributes><Attribute z:Id="i227"><AttributeType>rgba</AttributeType><IsRequired>true</IsRequired><Value i:type="a:ArrayOfdouble" xmlns:a="http://schemas.microsoft.com/2003/10/Serialization/Arrays"><a:double>0.792156862745098</a:double><a:double>0.81960784313725488</a:double><a:double>0.93333333333333335</a:double><a:double>1</a:double></Value></Attribute></Attributes><ChildElements/><ElementName>color</ElementName><required>false</required><RGBAAttribute z:Ref="i227"/></URDFElement><URDFElement z:Id="i228" i:type="Texture"><Attributes><Attribute z:Id="i229"><AttributeType>filename</AttributeType><IsRequired>true</IsRequired><Value i:nil="true"/></Attribute></Attributes><ChildElements/><ElementName>texture</ElementName><required>false</required><FilenameAttribute z:Ref="i229"/><wFilename/></URDFElement></ChildElements><ElementName>material</ElementName><required>false</required><Color z:Ref="i226"/><NameAttribute z:Ref="i225"/><Texture z:Ref="i228"/></URDFElement></ChildElements><ElementName>visual</ElementName><required>false</required><Geometry z:Ref="i221"/><Material z:Ref="i224"/><Origin z:Ref="i218"/></URDFElement><URDFElement z:Id="i230" i:type="Collision"><Attributes/><ChildElements><URDFElement z:Id="i231" i:type="Origin"><Attributes><Attribute z:Id="i232"><AttributeType>xyz</AttributeType><IsRequired>true</IsRequired><Value i:type="a:ArrayOfdouble" xmlns:a="http://schemas.microsoft.com/2003/10/Serialization/Arrays"><a:double>0</a:double><a:double>0</a:double><a:double>0</a:double></Value></Attribute><Attribute z:Id="i233"><AttributeType>rpy</AttributeType><IsRequired>true</IsRequired><Value i:type="a:ArrayOfdouble" xmlns:a="http://schemas.microsoft.com/2003/10/Serialization/Arrays"><a:double>0</a:double><a:double>0</a:double><a:double>0</a:double></Value></Attribute></Attributes><ChildElements/><ElementName>origin</ElementName><required>false</required><RPYAttribute z:Ref="i233"/><XYZAttribute z:Ref="i232"/><isCustomized>false</isCustomized></URDFElement><URDFElement z:Id="i234" i:type="Geometry"><Attributes/><ChildElements><URDFElement z:Id="i235" i:type="Mesh"><Attributes><Attribute z:Id="i236"><AttributeType>filename</AttributeType><IsRequired>true</IsRequired><Value i:nil="true"/></Attribute></Attributes><ChildElements/><ElementName>mesh</ElementName><required>false</required><FilenameAttribute z:Ref="i236"/></URDFElement></ChildElements><ElementName>geometry</ElementName><required>true</required><Mesh z:Ref="i235"/></URDFElement></ChildElements><ElementName>collision</ElementName><required>false</required><Geometry z:Ref="i234"/><Origin z:Ref="i231"/></URDFElement><URDFElement z:Id="i237" i:type="Joint"><Attributes><Attribute z:Id="i238"><AttributeType>name</AttributeType><IsRequired>true</IsRequired><Value i:type="a:string" xmlns:a="http://www.w3.org/2001/XMLSchema">Ballfront_joint</Value></Attribute><Attribute z:Id="i239"><AttributeType>type</AttributeType><IsRequired>true</IsRequired><Value i:type="a:string" xmlns:a="http://www.w3.org/2001/XMLSchema">fixed</Value></Attribute></Attributes><ChildElements><URDFElement z:Id="i240" i:type="Origin"><Attributes><Attribute z:Id="i241"><AttributeType>xyz</AttributeType><IsRequired>true</IsRequired><Value i:type="a:ArrayOfdouble" xmlns:a="http://schemas.microsoft.com/2003/10/Serialization/Arrays"><a:double>0.074595608245668021</a:double><a:double>-0.00018349405514948847</a:double><a:double>-0.00090000000000049069</a:double></Value></Attribute><Attribute z:Id="i242"><AttributeType>rpy</AttributeType><IsRequired>true</IsRequired><Value i:type="a:ArrayOfdouble" xmlns:a="http://schemas.microsoft.com/2003/10/Serialization/Arrays"><a:double>0</a:double><a:double>0</a:double><a:double>0</a:double></Value></Attribute></Attributes><ChildElements/><ElementName>origin</ElementName><required>false</required><RPYAttribute z:Ref="i242"/><XYZAttribute z:Ref="i241"/><isCustomized>false</isCustomized></URDFElement><URDFElement z:Id="i243" i:type="ParentLink"><Attributes><Attribute z:Id="i244"><AttributeType>link</AttributeType><IsRequired>true</IsRequired><Value i:type="a:string" xmlns:a="http://www.w3.org/2001/XMLSchema">base_link</Value></Attribute></Attributes><ChildElements/><ElementName>parent</ElementName><required>true</required><NameAttribute z:Ref="i244"/></URDFElement><URDFElement z:Id="i245" i:type="ChildLink"><Attributes><Attribute z:Id="i246"><AttributeType>link</AttributeType><IsRequired>true</IsRequired><Value i:type="a:string" xmlns:a="http://www.w3.org/2001/XMLSchema">Ball_front</Value></Attribute></Attributes><ChildElements/><ElementName>child</ElementName><required>true</required><NameAttribute z:Ref="i246"/></URDFElement><URDFElement z:Id="i247" i:type="Axis"><Attributes><Attribute z:Id="i248"><AttributeType>xyz</AttributeType><IsRequired>true</IsRequired><Value i:type="a:ArrayOfdouble" xmlns:a="http://schemas.microsoft.com/2003/10/Serialization/Arrays"><a:double>0</a:double><a:double>0</a:double><a:double>0</a:double></Value></Attribute></Attributes><ChildElements/><ElementName>axis</ElementName><required>false</required><XYZAttribute z:Ref="i248"/></URDFElement><URDFElement z:Id="i249" i:type="Limit"><Attributes><Attribute z:Id="i250"><AttributeType>lower</AttributeType><IsRequired>false</IsRequired><Value i:nil="true"/></Attribute><Attribute z:Id="i251"><AttributeType>upper</AttributeType><IsRequired>false</IsRequired><Value i:nil="true"/></Attribute><Attribute z:Id="i252"><AttributeType>effort</AttributeType><IsRequired>true</IsRequired><Value i:nil="true"/></Attribute><Attribute z:Id="i253"><AttributeType>velocity</AttributeType><IsRequired>true</IsRequired><Value i:nil="true"/></Attribute></Attributes><ChildElements/><ElementName>limit</ElementName><required>false</required><EffortAttribute z:Ref="i252"/><LowerAttribute z:Ref="i250"/><UpperAttribute z:Ref="i251"/><VelocityAttribute z:Ref="i253"/></URDFElement><URDFElement z:Id="i254" i:type="Calibration"><Attributes><Attribute z:Id="i255"><AttributeType>rising</AttributeType><IsRequired>false</IsRequired><Value i:nil="true"/></Attribute><Attribute z:Id="i256"><AttributeType>falling</AttributeType><IsRequired>false</IsRequired><Value i:nil="true"/></Attribute></Attributes><ChildElements/><ElementName>calibration</ElementName><required>false</required><FallingAttribute z:Ref="i256"/><RisingAttribute z:Ref="i255"/></URDFElement><URDFElement z:Id="i257" i:type="Dynamics"><Attributes><Attribute z:Id="i258"><AttributeType>damping</AttributeType><IsRequired>false</IsRequired><Value i:nil="true"/></Attribute><Attribute z:Id="i259"><AttributeType>friction</AttributeType><IsRequired>false</IsRequired><Value i:nil="true"/></Attribute></Attributes><ChildElements/><ElementName>dynamics</ElementName><required>false</required><DampingAttribute z:Ref="i258"/><FrictionAttribute z:Ref="i259"/></URDFElement><URDFElement z:Id="i260" i:type="SafetyController"><Attributes><Attribute z:Id="i261"><AttributeType>soft_upper_limit</AttributeType><IsRequired>false</IsRequired><Value i:nil="true"/></Attribute><Attribute z:Id="i262"><AttributeType>soft_lower_limit</AttributeType><IsRequired>false</IsRequired><Value i:nil="true"/></Attribute><Attribute z:Id="i263"><AttributeType>k_position</AttributeType><IsRequired>false</IsRequired><Value i:nil="true"/></Attribute><Attribute z:Id="i264"><AttributeType>k_velocity</AttributeType><IsRequired>true</IsRequired><Value i:nil="true"/></Attribute></Attributes><ChildElements/><ElementName>safety_controller</ElementName><required>false</required><KPositionAttribute z:Ref="i263"/><KVelocityAttribute z:Ref="i264"/><SoftLowerAttribute z:Ref="i262"/><SoftUpperAttribute z:Ref="i261"/></URDFElement><URDFElement z:Id="i265" i:type="Mimic"><Attributes><Attribute z:Id="i266"><AttributeType>joint</AttributeType><IsRequired>true</IsRequired><Value i:nil="true"/></Attribute><Attribute z:Id="i267"><AttributeType>multiplier</AttributeType><IsRequired>false</IsRequired><Value i:nil="true"/></Attribute><Attribute z:Id="i268"><AttributeType>offset</AttributeType><IsRequired>false</IsRequired><Value i:nil="true"/></Attribute></Attributes><ChildElements/><ElementName>mimic</ElementName><required>false</required><JointNameAttribute z:Ref="i266"/><MultiplierAttribute z:Ref="i267"/><OffsetAttribute z:Ref="i268"/></URDFElement></ChildElements><ElementName>joint</ElementName><required>false</required><Axis z:Ref="i247"/><AxisName>Automatically Generate</AxisName><Calibration z:Ref="i254"/><Child z:Ref="i245"/><CoordinateSystemName>Front_origin</CoordinateSystemName><Dynamics z:Ref="i257"/><Limit z:Ref="i249"/><Mimic z:Ref="i265"/><NameAttribute z:Ref="i238"/><Origin z:Ref="i240"/><Parent z:Ref="i243"/><Safety z:Ref="i260"/><TypeAttribute z:Ref="i239"/></URDFElement></ChildElements><ElementName>link</ElementName><required>true</required><Children/><Collision z:Ref="i230"/><Inertial z:Ref="i204"/><Joint z:Ref="i237"/><NameAttribute z:Ref="i203"/><Parent z:Ref="i1"/><STLQualityFine>false</STLQualityFine><SWComponentPIDs xmlns:a="http://schemas.microsoft.com/2003/10/Serialization/Arrays"><a:base64Binary>aEIAAAUAAAD//v8uVwA0ADIAMAAgAFUAbgBpAHYAZQByAHMAYQBsACAAUwB0AGUAZQBsACAAQgBhAGwAbAAgAEMAYQBzAHQAZQByAF8AcABhAHIAdAAtADEAQABhAHMAcwBlAG0AMQAEAAAAEAAAAAEAAAABAAAAxQEAAA==</a:base64Binary><a:base64Binary>aEIAAAUAAAD//v8VVwA0ADIAMABfAHMAcABhAGMAZQByAC0AMQAxAEAAYQBzAHMAZQBtADEABAAAABAAAAABAAAAAQAAAIkBAAA=</a:base64Binary><a:base64Binary>aEIAAAUAAAD//v8VVwA0ADIAMABfAHMAcABhAGMAZQByAC0AMQAyAEAAYQBzAHMAZQBtADEABAAAABAAAAABAAAAAQAAAIwBAAA=</a:base64Binary></SWComponentPIDs><SWMainComponentPID i:nil="true"/><Visual z:Ref="i217"/><isFixedFrame>false</isFixedFrame><isIncomplete>false</isIncomplete></Link><Link z:Id="i269"><Attributes><Attribute z:Id="i270"><AttributeType>name</AttributeType><IsRequired>true</IsRequired><Value i:type="a:string" xmlns:a="http://www.w3.org/2001/XMLSchema">Ball_back_link</Value></Attribute></Attributes><ChildElements><URDFElement z:Id="i271" i:type="Inertial"><Attributes/><ChildElements><URDFElement z:Id="i272" i:type="Origin"><Attributes><Attribute z:Id="i273"><AttributeType>xyz</AttributeType><IsRequired>true</IsRequired><Value i:type="a:ArrayOfdouble" xmlns:a="http://schemas.microsoft.com/2003/10/Serialization/Arrays"><a:double>4.4408920985006262E-16</a:double><a:double>-6.3696315145550519E-06</a:double><a:double>0.0054783181552000987</a:double></Value></Attribute><Attribute z:Id="i274"><AttributeType>rpy</AttributeType><IsRequired>true</IsRequired><Value i:type="a:ArrayOfdouble" xmlns:a="http://schemas.microsoft.com/2003/10/Serialization/Arrays"><a:double>0</a:double><a:double>0</a:double><a:double>0</a:double></Value></Attribute></Attributes><ChildElements/><ElementName>origin</ElementName><required>false</required><RPYAttribute z:Ref="i274"/><XYZAttribute z:Ref="i273"/><isCustomized>false</isCustomized></URDFElement><URDFElement z:Id="i275" i:type="Mass"><Attributes><Attribute z:Id="i276"><AttributeType>value</AttributeType><IsRequired>true</IsRequired><Value i:type="a:double" xmlns:a="http://www.w3.org/2001/XMLSchema">0.0051732918664278808</Value></Attribute></Attributes><ChildElements/><ElementName>mass</ElementName><required>false</required><ValueAttribute z:Ref="i276"/></URDFElement><URDFElement z:Id="i277" i:type="Inertia"><Attributes><Attribute z:Id="i278"><AttributeType>ixx</AttributeType><IsRequired>true</IsRequired><Value i:type="a:double" xmlns:a="http://www.w3.org/2001/XMLSchema">4.8243600128638784E-07</Value></Attribute><Attribute z:Id="i279"><AttributeType>ixy</AttributeType><IsRequired>true</IsRequired><Value i:type="a:double" xmlns:a="http://www.w3.org/2001/XMLSchema">6.8036947997631588E-16</Value></Attribute><Attribute z:Id="i280"><AttributeType>ixz</AttributeType><IsRequired>true</IsRequired><Value i:type="a:double" xmlns:a="http://www.w3.org/2001/XMLSchema">3.0818740879903815E-23</Value></Attribute><Attribute z:Id="i281"><AttributeType>iyy</AttributeType><IsRequired>true</IsRequired><Value i:type="a:double" xmlns:a="http://www.w3.org/2001/XMLSchema">2.1717606375324102E-07</Value></Attribute><Attribute z:Id="i282"><AttributeType>iyz</AttributeType><IsRequired>true</IsRequired><Value i:type="a:double" xmlns:a="http://www.w3.org/2001/XMLSchema">2.5529250701531565E-10</Value></Attribute><Attribute z:Id="i283"><AttributeType>izz</AttributeType><IsRequired>true</IsRequired><Value i:type="a:double" xmlns:a="http://www.w3.org/2001/XMLSchema">5.2863938824963941E-07</Value></Attribute></Attributes><ChildElements/><ElementName>inertia</ElementName><required>false</required><IxxAttribute z:Ref="i278"/><IxyAttribute z:Ref="i279"/><IxzAttribute z:Ref="i280"/><IyyAttribute z:Ref="i281"/><IyzAttribute z:Ref="i282"/><IzzAttribute z:Ref="i283"/></URDFElement></ChildElements><ElementName>inertial</ElementName><required>false</required><Inertia z:Ref="i277"/><Mass z:Ref="i275"/><Origin z:Ref="i272"/></URDFElement><URDFElement z:Id="i284" i:type="Visual"><Attributes/><ChildElements><URDFElement z:Id="i285" i:type="Origin"><Attributes><Attribute z:Id="i286"><AttributeType>xyz</AttributeType><IsRequired>true</IsRequired><Value i:type="a:ArrayOfdouble" xmlns:a="http://schemas.microsoft.com/2003/10/Serialization/Arrays"><a:double>0</a:double><a:double>0</a:double><a:double>0</a:double></Value></Attribute><Attribute z:Id="i287"><AttributeType>rpy</AttributeType><IsRequired>true</IsRequired><Value i:type="a:ArrayOfdouble" xmlns:a="http://schemas.microsoft.com/2003/10/Serialization/Arrays"><a:double>0</a:double><a:double>0</a:double><a:double>0</a:double></Value></Attribute></Attributes><ChildElements/><ElementName>origin</ElementName><required>false</required><RPYAttribute z:Ref="i287"/><XYZAttribute z:Ref="i286"/><isCustomized>false</isCustomized></URDFElement><URDFElement z:Id="i288" i:type="Geometry"><Attributes/><ChildElements><URDFElement z:Id="i289" i:type="Mesh"><Attributes><Attribute z:Id="i290"><AttributeType>filename</AttributeType><IsRequired>true</IsRequired><Value i:nil="true"/></Attribute></Attributes><ChildElements/><ElementName>mesh</ElementName><required>false</required><FilenameAttribute z:Ref="i290"/></URDFElement></ChildElements><ElementName>geometry</ElementName><required>true</required><Mesh z:Ref="i289"/></URDFElement><URDFElement z:Id="i291" i:type="Material"><Attributes><Attribute z:Id="i292"><AttributeType>name</AttributeType><IsRequired>true</IsRequired><Value i:type="a:string" xmlns:a="http://www.w3.org/2001/XMLSchema"/></Attribute></Attributes><ChildElements><URDFElement z:Id="i293" i:type="Color"><Attributes><Attribute z:Id="i294"><AttributeType>rgba</AttributeType><IsRequired>true</IsRequired><Value i:type="a:ArrayOfdouble" xmlns:a="http://schemas.microsoft.com/2003/10/Serialization/Arrays"><a:double>0.792156862745098</a:double><a:double>0.81960784313725488</a:double><a:double>0.93333333333333335</a:double><a:double>1</a:double></Value></Attribute></Attributes><ChildElements/><ElementName>color</ElementName><required>false</required><RGBAAttribute z:Ref="i294"/></URDFElement><URDFElement z:Id="i295" i:type="Texture"><Attributes><Attribute z:Id="i296"><AttributeType>filename</AttributeType><IsRequired>true</IsRequired><Value i:nil="true"/></Attribute></Attributes><ChildElements/><ElementName>texture</ElementName><required>false</required><FilenameAttribute z:Ref="i296"/><wFilename/></URDFElement></ChildElements><ElementName>material</ElementName><required>false</required><Color z:Ref="i293"/><NameAttribute z:Ref="i292"/><Texture z:Ref="i295"/></URDFElement></ChildElements><ElementName>visual</ElementName><required>false</required><Geometry z:Ref="i288"/><Material z:Ref="i291"/><Origin z:Ref="i285"/></URDFElement><URDFElement z:Id="i297" i:type="Collision"><Attributes/><ChildElements><URDFElement z:Id="i298" i:type="Origin"><Attributes><Attribute z:Id="i299"><AttributeType>xyz</AttributeType><IsRequired>true</IsRequired><Value i:type="a:ArrayOfdouble" xmlns:a="http://schemas.microsoft.com/2003/10/Serialization/Arrays"><a:double>0</a:double><a:double>0</a:double><a:double>0</a:double></Value></Attribute><Attribute z:Id="i300"><AttributeType>rpy</AttributeType><IsRequired>true</IsRequired><Value i:type="a:ArrayOfdouble" xmlns:a="http://schemas.microsoft.com/2003/10/Serialization/Arrays"><a:double>0</a:double><a:double>0</a:double><a:double>0</a:double></Value></Attribute></Attributes><ChildElements/><ElementName>origin</ElementName><required>false</required><RPYAttribute z:Ref="i300"/><XYZAttribute z:Ref="i299"/><isCustomized>false</isCustomized></URDFElement><URDFElement z:Id="i301" i:type="Geometry"><Attributes/><ChildElements><URDFElement z:Id="i302" i:type="Mesh"><Attributes><Attribute z:Id="i303"><AttributeType>filename</AttributeType><IsRequired>true</IsRequired><Value i:nil="true"/></Attribute></Attributes><ChildElements/><ElementName>mesh</ElementName><required>false</required><FilenameAttribute z:Ref="i303"/></URDFElement></ChildElements><ElementName>geometry</ElementName><required>true</required><Mesh z:Ref="i302"/></URDFElement></ChildElements><ElementName>collision</ElementName><required>false</required><Geometry z:Ref="i301"/><Origin z:Ref="i298"/></URDFElement><URDFElement z:Id="i304" i:type="Joint"><Attributes><Attribute z:Id="i305"><AttributeType>name</AttributeType><IsRequired>true</IsRequired><Value i:type="a:string" xmlns:a="http://www.w3.org/2001/XMLSchema">Ballback_joint</Value></Attribute><Attribute z:Id="i306"><AttributeType>type</AttributeType><IsRequired>true</IsRequired><Value i:type="a:string" xmlns:a="http://www.w3.org/2001/XMLSchema">fixed</Value></Attribute></Attributes><ChildElements><URDFElement z:Id="i307" i:type="Origin"><Attributes><Attribute z:Id="i308"><AttributeType>xyz</AttributeType><IsRequired>true</IsRequired><Value i:type="a:ArrayOfdouble" xmlns:a="http://schemas.microsoft.com/2003/10/Serialization/Arrays"><a:double>-0.07540439175433207</a:double><a:double>-0.00018349405514943296</a:double><a:double>-0.00090000000000049069</a:double></Value></Attribute><Attribute z:Id="i309"><AttributeType>rpy</AttributeType><IsRequired>true</IsRequired><Value i:type="a:ArrayOfdouble" xmlns:a="http://schemas.microsoft.com/2003/10/Serialization/Arrays"><a:double>0</a:double><a:double>0</a:double><a:double>0</a:double></Value></Attribute></Attributes><ChildElements/><ElementName>origin</ElementName><required>false</required><RPYAttribute z:Ref="i309"/><XYZAttribute z:Ref="i308"/><isCustomized>false</isCustomized></URDFElement><URDFElement z:Id="i310" i:type="ParentLink"><Attributes><Attribute z:Id="i311"><AttributeType>link</AttributeType><IsRequired>true</IsRequired><Value i:type="a:string" xmlns:a="http://www.w3.org/2001/XMLSchema">base_link</Value></Attribute></Attributes><ChildElements/><ElementName>parent</ElementName><required>true</required><NameAttribute z:Ref="i311"/></URDFElement><URDFElement z:Id="i312" i:type="ChildLink"><Attributes><Attribute z:Id="i313"><AttributeType>link</AttributeType><IsRequired>true</IsRequired><Value i:type="a:string" xmlns:a="http://www.w3.org/2001/XMLSchema">Ball_back</Value></Attribute></Attributes><ChildElements/><ElementName>child</ElementName><required>true</required><NameAttribute z:Ref="i313"/></URDFElement><URDFElement z:Id="i314" i:type="Axis"><Attributes><Attribute z:Id="i315"><AttributeType>xyz</AttributeType><IsRequired>true</IsRequired><Value i:type="a:ArrayOfdouble" xmlns:a="http://schemas.microsoft.com/2003/10/Serialization/Arrays"><a:double>0</a:double><a:double>0</a:double><a:double>0</a:double></Value></Attribute></Attributes><ChildElements/><ElementName>axis</ElementName><required>false</required><XYZAttribute z:Ref="i315"/></URDFElement><URDFElement z:Id="i316" i:type="Limit"><Attributes><Attribute z:Id="i317"><AttributeType>lower</AttributeType><IsRequired>false</IsRequired><Value i:nil="true"/></Attribute><Attribute z:Id="i318"><AttributeType>upper</AttributeType><IsRequired>false</IsRequired><Value i:nil="true"/></Attribute><Attribute z:Id="i319"><AttributeType>effort</AttributeType><IsRequired>true</IsRequired><Value i:nil="true"/></Attribute><Attribute z:Id="i320"><AttributeType>velocity</AttributeType><IsRequired>true</IsRequired><Value i:nil="true"/></Attribute></Attributes><ChildElements/><ElementName>limit</ElementName><required>false</required><EffortAttribute z:Ref="i319"/><LowerAttribute z:Ref="i317"/><UpperAttribute z:Ref="i318"/><VelocityAttribute z:Ref="i320"/></URDFElement><URDFElement z:Id="i321" i:type="Calibration"><Attributes><Attribute z:Id="i322"><AttributeType>rising</AttributeType><IsRequired>false</IsRequired><Value i:nil="true"/></Attribute><Attribute z:Id="i323"><AttributeType>falling</AttributeType><IsRequired>false</IsRequired><Value i:nil="true"/></Attribute></Attributes><ChildElements/><ElementName>calibration</ElementName><required>false</required><FallingAttribute z:Ref="i323"/><RisingAttribute z:Ref="i322"/></URDFElement><URDFElement z:Id="i324" i:type="Dynamics"><Attributes><Attribute z:Id="i325"><AttributeType>damping</AttributeType><IsRequired>false</IsRequired><Value i:nil="true"/></Attribute><Attribute z:Id="i326"><AttributeType>friction</AttributeType><IsRequired>false</IsRequired><Value i:nil="true"/></Attribute></Attributes><ChildElements/><ElementName>dynamics</ElementName><required>false</required><DampingAttribute z:Ref="i325"/><FrictionAttribute z:Ref="i326"/></URDFElement><URDFElement z:Id="i327" i:type="SafetyController"><Attributes><Attribute z:Id="i328"><AttributeType>soft_upper_limit</AttributeType><IsRequired>false</IsRequired><Value i:nil="true"/></Attribute><Attribute z:Id="i329"><AttributeType>soft_lower_limit</AttributeType><IsRequired>false</IsRequired><Value i:nil="true"/></Attribute><Attribute z:Id="i330"><AttributeType>k_position</AttributeType><IsRequired>false</IsRequired><Value i:nil="true"/></Attribute><Attribute z:Id="i331"><AttributeType>k_velocity</AttributeType><IsRequired>true</IsRequired><Value i:nil="true"/></Attribute></Attributes><ChildElements/><ElementName>safety_controller</ElementName><required>false</required><KPositionAttribute z:Ref="i330"/><KVelocityAttribute z:Ref="i331"/><SoftLowerAttribute z:Ref="i329"/><SoftUpperAttribute z:Ref="i328"/></URDFElement><URDFElement z:Id="i332" i:type="Mimic"><Attributes><Attribute z:Id="i333"><AttributeType>joint</AttributeType><IsRequired>true</IsRequired><Value i:nil="true"/></Attribute><Attribute z:Id="i334"><AttributeType>multiplier</AttributeType><IsRequired>false</IsRequired><Value i:nil="true"/></Attribute><Attribute z:Id="i335"><AttributeType>offset</AttributeType><IsRequired>false</IsRequired><Value i:nil="true"/></Attribute></Attributes><ChildElements/><ElementName>mimic</ElementName><required>false</required><JointNameAttribute z:Ref="i333"/><MultiplierAttribute z:Ref="i334"/><OffsetAttribute z:Ref="i335"/></URDFElement></ChildElements><ElementName>joint</ElementName><required>false</required><Axis z:Ref="i314"/><AxisName>Automatically Generate</AxisName><Calibration z:Ref="i321"/><Child z:Ref="i312"/><CoordinateSystemName>Back_origin</CoordinateSystemName><Dynamics z:Ref="i324"/><Limit z:Ref="i316"/><Mimic z:Ref="i332"/><NameAttribute z:Ref="i305"/><Origin z:Ref="i307"/><Parent z:Ref="i310"/><Safety z:Ref="i327"/><TypeAttribute z:Ref="i306"/></URDFElement></ChildElements><ElementName>link</ElementName><required>true</required><Children/><Collision z:Ref="i297"/><Inertial z:Ref="i271"/><Joint z:Ref="i304"/><NameAttribute z:Ref="i270"/><Parent z:Ref="i1"/><STLQualityFine>false</STLQualityFine><SWComponentPIDs xmlns:a="http://schemas.microsoft.com/2003/10/Serialization/Arrays"><a:base64Binary>aEIAAAUAAAD//v8uVwA0ADIAMAAgAFUAbgBpAHYAZQByAHMAYQBsACAAUwB0AGUAZQBsACAAQgBhAGwAbAAgAEMAYQBzAHQAZQByAF8AcABhAHIAdAAtADIAQABhAHMAcwBlAG0AMQAEAAAAEAAAAAEAAAABAAAA1AEAAA==</a:base64Binary><a:base64Binary>aEIAAAUAAAD//v8VVwA0ADIAMABfAHMAcABhAGMAZQByAC0AMQAzAEAAYQBzAHMAZQBtADEABAAAABAAAAABAAAAAQAAALABAAA=</a:base64Binary><a:base64Binary>aEIAAAUAAAD//v8VVwA0ADIAMABfAHMAcABhAGMAZQByAC0AMQA0AEAAYQBzAHMAZQBtADEABAAAABAAAAABAAAAAQAAALMBAAA=</a:base64Binary></SWComponentPIDs><SWMainComponentPID i:nil="true"/><Visual z:Ref="i284"/><isFixedFrame>false</isFixedFrame><isIncomplete>false</isIncomplete></Link><Link z:Id="i336"><Attributes><Attribute z:Id="i337"><AttributeType>name</AttributeType><IsRequired>true</IsRequired><Value i:type="a:string" xmlns:a="http://www.w3.org/2001/XMLSchema">Lidar_link</Value></Attribute></Attributes><ChildElements><URDFElement z:Id="i338" i:type="Inertial"><Attributes/><ChildElements><URDFElement z:Id="i339" i:type="Origin"><Attributes><Attribute z:Id="i340"><AttributeType>xyz</AttributeType><IsRequired>true</IsRequired><Value i:type="a:ArrayOfdouble" xmlns:a="http://schemas.microsoft.com/2003/10/Serialization/Arrays"><a:double>0.014841507975136892</a:double><a:double>0.00032514886472106985</a:double><a:double>-0.021153620814164303</a:double></Value></Attribute><Attribute z:Id="i341"><AttributeType>rpy</AttributeType><IsRequired>true</IsRequired><Value i:type="a:ArrayOfdouble" xmlns:a="http://schemas.microsoft.com/2003/10/Serialization/Arrays"><a:double>0</a:double><a:double>0</a:double><a:double>0</a:double></Value></Attribute></Attributes><ChildElements/><ElementName>origin</ElementName><required>false</required><RPYAttribute z:Ref="i341"/><XYZAttribute z:Ref="i340"/><isCustomized>false</isCustomized></URDFElement><URDFElement z:Id="i342" i:type="Mass"><Attributes><Attribute z:Id="i343"><AttributeType>value</AttributeType><IsRequired>true</IsRequired><Value i:type="a:double" xmlns:a="http://www.w3.org/2001/XMLSchema">0.031240912686132945</Value></Attribute></Attributes><ChildElements/><ElementName>mass</ElementName><required>false</required><ValueAttribute z:Ref="i343"/></URDFElement><URDFElement z:Id="i344" i:type="Inertia"><Attributes><Attribute z:Id="i345"><AttributeType>ixx</AttributeType><IsRequired>true</IsRequired><Value i:type="a:double" xmlns:a="http://www.w3.org/2001/XMLSchema">8.8777123437312462E-06</Value></Attribute><Attribute z:Id="i346"><AttributeType>ixy</AttributeType><IsRequired>true</IsRequired><Value i:type="a:double" xmlns:a="http://www.w3.org/2001/XMLSchema">-1.3131458506388292E-07</Value></Attribute><Attribute z:Id="i347"><AttributeType>ixz</AttributeType><IsRequired>true</IsRequired><Value i:type="a:double" xmlns:a="http://www.w3.org/2001/XMLSchema">1.1330956162686753E-07</Value></Attribute><Attribute z:Id="i348"><AttributeType>iyy</AttributeType><IsRequired>true</IsRequired><Value i:type="a:double" xmlns:a="http://www.w3.org/2001/XMLSchema">1.4493553041837992E-05</Value></Attribute><Attribute z:Id="i349"><AttributeType>iyz</AttributeType><IsRequired>true</IsRequired><Value i:type="a:double" xmlns:a="http://www.w3.org/2001/XMLSchema">3.3673144047220935E-08</Value></Attribute><Attribute z:Id="i350"><AttributeType>izz</AttributeType><IsRequired>true</IsRequired><Value i:type="a:double" xmlns:a="http://www.w3.org/2001/XMLSchema">2.2528909807592927E-05</Value></Attribute></Attributes><ChildElements/><ElementName>inertia</ElementName><required>false</required><IxxAttribute z:Ref="i345"/><IxyAttribute z:Ref="i346"/><IxzAttribute z:Ref="i347"/><IyyAttribute z:Ref="i348"/><IyzAttribute z:Ref="i349"/><IzzAttribute z:Ref="i350"/></URDFElement></ChildElements><ElementName>inertial</ElementName><required>false</required><Inertia z:Ref="i344"/><Mass z:Ref="i342"/><Origin z:Ref="i339"/></URDFElement><URDFElement z:Id="i351" i:type="Visual"><Attributes/><ChildElements><URDFElement z:Id="i352" i:type="Origin"><Attributes><Attribute z:Id="i353"><AttributeType>xyz</AttributeType><IsRequired>true</IsRequired><Value i:type="a:ArrayOfdouble" xmlns:a="http://schemas.microsoft.com/2003/10/Serialization/Arrays"><a:double>0</a:double><a:double>0</a:double><a:double>0</a:double></Value></Attribute><Attribute z:Id="i354"><AttributeType>rpy</AttributeType><IsRequired>true</IsRequired><Value i:type="a:ArrayOfdouble" xmlns:a="http://schemas.microsoft.com/2003/10/Serialization/Arrays"><a:double>0</a:double><a:double>0</a:double><a:double>0</a:double></Value></Attribute></Attributes><ChildElements/><ElementName>origin</ElementName><required>false</required><RPYAttribute z:Ref="i354"/><XYZAttribute z:Ref="i353"/><isCustomized>false</isCustomized></URDFElement><URDFElement z:Id="i355" i:type="Geometry"><Attributes/><ChildElements><URDFElement z:Id="i356" i:type="Mesh"><Attributes><Attribute z:Id="i357"><AttributeType>filename</AttributeType><IsRequired>true</IsRequired><Value i:nil="true"/></Attribute></Attributes><ChildElements/><ElementName>mesh</ElementName><required>false</required><FilenameAttribute z:Ref="i357"/></URDFElement></ChildElements><ElementName>geometry</ElementName><required>true</required><Mesh z:Ref="i356"/></URDFElement><URDFElement z:Id="i358" i:type="Material"><Attributes><Attribute z:Id="i359"><AttributeType>name</AttributeType><IsRequired>true</IsRequired><Value i:type="a:string" xmlns:a="http://www.w3.org/2001/XMLSchema"/></Attribute></Attributes><ChildElements><URDFElement z:Id="i360" i:type="Color"><Attributes><Attribute z:Id="i361"><AttributeType>rgba</AttributeType><IsRequired>true</IsRequired><Value i:type="a:ArrayOfdouble" xmlns:a="http://schemas.microsoft.com/2003/10/Serialization/Arrays"><a:double>0.792156862745098</a:double><a:double>0.81960784313725488</a:double><a:double>0.93333333333333335</a:double><a:double>1</a:double></Value></Attribute></Attributes><ChildElements/><ElementName>color</ElementName><required>false</required><RGBAAttribute z:Ref="i361"/></URDFElement><URDFElement z:Id="i362" i:type="Texture"><Attributes><Attribute z:Id="i363"><AttributeType>filename</AttributeType><IsRequired>true</IsRequired><Value i:nil="true"/></Attribute></Attributes><ChildElements/><ElementName>texture</ElementName><required>false</required><FilenameAttribute z:Ref="i363"/><wFilename/></URDFElement></ChildElements><ElementName>material</ElementName><required>false</required><Color z:Ref="i360"/><NameAttribute z:Ref="i359"/><Texture z:Ref="i362"/></URDFElement></ChildElements><ElementName>visual</ElementName><required>false</required><Geometry z:Ref="i355"/><Material z:Ref="i358"/><Origin z:Ref="i352"/></URDFElement><URDFElement z:Id="i364" i:type="Collision"><Attributes/><ChildElements><URDFElement z:Id="i365" i:type="Origin"><Attributes><Attribute z:Id="i366"><AttributeType>xyz</AttributeType><IsRequired>true</IsRequired><Value i:type="a:ArrayOfdouble" xmlns:a="http://schemas.microsoft.com/2003/10/Serialization/Arrays"><a:double>0</a:double><a:double>0</a:double><a:double>0</a:double></Value></Attribute><Attribute z:Id="i367"><AttributeType>rpy</AttributeType><IsRequired>true</IsRequired><Value i:type="a:ArrayOfdouble" xmlns:a="http://schemas.microsoft.com/2003/10/Serialization/Arrays"><a:double>0</a:double><a:double>0</a:double><a:double>0</a:double></Value></Attribute></Attributes><ChildElements/><ElementName>origin</ElementName><required>false</required><RPYAttribute z:Ref="i367"/><XYZAttribute z:Ref="i366"/><isCustomized>false</isCustomized></URDFElement><URDFElement z:Id="i368" i:type="Geometry"><Attributes/><ChildElements><URDFElement z:Id="i369" i:type="Mesh"><Attributes><Attribute z:Id="i370"><AttributeType>filename</AttributeType><IsRequired>true</IsRequired><Value i:nil="true"/></Attribute></Attributes><ChildElements/><ElementName>mesh</ElementName><required>false</required><FilenameAttribute z:Ref="i370"/></URDFElement></ChildElements><ElementName>geometry</ElementName><required>true</required><Mesh z:Ref="i369"/></URDFElement></ChildElements><ElementName>collision</ElementName><required>false</required><Geometry z:Ref="i368"/><Origin z:Ref="i365"/></URDFElement><URDFElement z:Id="i371" i:type="Joint"><Attributes><Attribute z:Id="i372"><AttributeType>name</AttributeType><IsRequired>true</IsRequired><Value i:type="a:string" xmlns:a="http://www.w3.org/2001/XMLSchema">Lidar_joint</Value></Attribute><Attribute z:Id="i373"><AttributeType>type</AttributeType><IsRequired>true</IsRequired><Value i:type="a:string" xmlns:a="http://www.w3.org/2001/XMLSchema">continuous</Value></Attribute></Attributes><ChildElements><URDFElement z:Id="i374" i:type="Origin"><Attributes><Attribute z:Id="i375"><AttributeType>xyz</AttributeType><IsRequired>true</IsRequired><Value i:type="a:ArrayOfdouble" xmlns:a="http://schemas.microsoft.com/2003/10/Serialization/Arrays"><a:double>-0.0068640499973873781</a:double><a:double>-0.00013029331516768022</a:double><a:double>0.1721</a:double></Value></Attribute><Attribute z:Id="i376"><AttributeType>rpy</AttributeType><IsRequired>true</IsRequired><Value i:type="a:ArrayOfdouble" xmlns:a="http://schemas.microsoft.com/2003/10/Serialization/Arrays"><a:double>0</a:double><a:double>0</a:double><a:double>0</a:double></Value></Attribute></Attributes><ChildElements/><ElementName>origin</ElementName><required>false</required><RPYAttribute z:Ref="i376"/><XYZAttribute z:Ref="i375"/><isCustomized>false</isCustomized></URDFElement><URDFElement z:Id="i377" i:type="ParentLink"><Attributes><Attribute z:Id="i378"><AttributeType>link</AttributeType><IsRequired>true</IsRequired><Value i:type="a:string" xmlns:a="http://www.w3.org/2001/XMLSchema">base_link</Value></Attribute></Attributes><ChildElements/><ElementName>parent</ElementName><required>true</required><NameAttribute z:Ref="i378"/></URDFElement><URDFElement z:Id="i379" i:type="ChildLink"><Attributes><Attribute z:Id="i380"><AttributeType>link</AttributeType><IsRequired>true</IsRequired><Value i:type="a:string" xmlns:a="http://www.w3.org/2001/XMLSchema">Lidar</Value></Attribute></Attributes><ChildElements/><ElementName>child</ElementName><required>true</required><NameAttribute z:Ref="i380"/></URDFElement><URDFElement z:Id="i381" i:type="Axis"><Attributes><Attribute z:Id="i382"><AttributeType>xyz</AttributeType><IsRequired>true</IsRequired><Value i:type="a:ArrayOfdouble" xmlns:a="http://schemas.microsoft.com/2003/10/Serialization/Arrays"><a:double>0</a:double><a:double>0</a:double><a:double>1</a:double></Value></Attribute></Attributes><ChildElements/><ElementName>axis</ElementName><required>false</required><XYZAttribute z:Ref="i382"/></URDFElement><URDFElement z:Id="i383" i:type="Limit"><Attributes><Attribute z:Id="i384"><AttributeType>lower</AttributeType><IsRequired>false</IsRequired><Value i:nil="true"/></Attribute><Attribute z:Id="i385"><AttributeType>upper</AttributeType><IsRequired>false</IsRequired><Value i:nil="true"/></Attribute><Attribute z:Id="i386"><AttributeType>effort</AttributeType><IsRequired>true</IsRequired><Value i:nil="true"/></Attribute><Attribute z:Id="i387"><AttributeType>velocity</AttributeType><IsRequired>true</IsRequired><Value i:nil="true"/></Attribute></Attributes><ChildElements/><ElementName>limit</ElementName><required>false</required><EffortAttribute z:Ref="i386"/><LowerAttribute z:Ref="i384"/><UpperAttribute z:Ref="i385"/><VelocityAttribute z:Ref="i387"/></URDFElement><URDFElement z:Id="i388" i:type="Calibration"><Attributes><Attribute z:Id="i389"><AttributeType>rising</AttributeType><IsRequired>false</IsRequired><Value i:nil="true"/></Attribute><Attribute z:Id="i390"><AttributeType>falling</AttributeType><IsRequired>false</IsRequired><Value i:nil="true"/></Attribute></Attributes><ChildElements/><ElementName>calibration</ElementName><required>false</required><FallingAttribute z:Ref="i390"/><RisingAttribute z:Ref="i389"/></URDFElement><URDFElement z:Id="i391" i:type="Dynamics"><Attributes><Attribute z:Id="i392"><AttributeType>damping</AttributeType><IsRequired>false</IsRequired><Value i:nil="true"/></Attribute><Attribute z:Id="i393"><AttributeType>friction</AttributeType><IsRequired>false</IsRequired><Value i:nil="true"/></Attribute></Attributes><ChildElements/><ElementName>dynamics</ElementName><required>false</required><DampingAttribute z:Ref="i392"/><FrictionAttribute z:Ref="i393"/></URDFElement><URDFElement z:Id="i394" i:type="SafetyController"><Attributes><Attribute z:Id="i395"><AttributeType>soft_upper_limit</AttributeType><IsRequired>false</IsRequired><Value i:nil="true"/></Attribute><Attribute z:Id="i396"><AttributeType>soft_lower_limit</AttributeType><IsRequired>false</IsRequired><Value i:nil="true"/></Attribute><Attribute z:Id="i397"><AttributeType>k_position</AttributeType><IsRequired>false</IsRequired><Value i:nil="true"/></Attribute><Attribute z:Id="i398"><AttributeType>k_velocity</AttributeType><IsRequired>true</IsRequired><Value i:nil="true"/></Attribute></Attributes><ChildElements/><ElementName>safety_controller</ElementName><required>false</required><KPositionAttribute z:Ref="i397"/><KVelocityAttribute z:Ref="i398"/><SoftLowerAttribute z:Ref="i396"/><SoftUpperAttribute z:Ref="i395"/></URDFElement><URDFElement z:Id="i399" i:type="Mimic"><Attributes><Attribute z:Id="i400"><AttributeType>joint</AttributeType><IsRequired>true</IsRequired><Value i:nil="true"/></Attribute><Attribute z:Id="i401"><AttributeType>multiplier</AttributeType><IsRequired>false</IsRequired><Value i:nil="true"/></Attribute><Attribute z:Id="i402"><AttributeType>offset</AttributeType><IsRequired>false</IsRequired><Value i:nil="true"/></Attribute></Attributes><ChildElements/><ElementName>mimic</ElementName><required>false</required><JointNameAttribute z:Ref="i400"/><MultiplierAttribute z:Ref="i401"/><OffsetAttribute z:Ref="i402"/></URDFElement></ChildElements><ElementName>joint</ElementName><required>false</required><Axis z:Ref="i381"/><AxisName>lidar_axis</AxisName><Calibration z:Ref="i388"/><Child z:Ref="i379"/><CoordinateSystemName>lidar_origin</CoordinateSystemName><Dynamics z:Ref="i391"/><Limit z:Ref="i383"/><Mimic z:Ref="i399"/><NameAttribute z:Ref="i372"/><Origin z:Ref="i374"/><Parent z:Ref="i377"/><Safety z:Ref="i394"/><TypeAttribute z:Ref="i373"/></URDFElement></ChildElements><ElementName>link</ElementName><required>true</required><Children/><Collision z:Ref="i364"/><Inertial z:Ref="i338"/><Joint z:Ref="i371"/><NameAttribute z:Ref="i337"/><Parent z:Ref="i1"/><STLQualityFine>false</STLQualityFine><SWComponentPIDs xmlns:a="http://schemas.microsoft.com/2003/10/Serialization/Arrays"><a:base64Binary>aEIAAAUAAAD//v8WWAAzAF8ATABpAGQAYQByAF8AcABhAHIAdAAtADEAQABhAHMAcwBlAG0AMQAEAAAAEAAAAAEAAAABAAAAAAIAAA==</a:base64Binary></SWComponentPIDs><SWMainComponentPID i:nil="true"/><Visual z:Ref="i351"/><isFixedFrame>false</isFixedFrame><isIncomplete>false</isIncomplete></Link><Link z:Id="i403"><Attributes><Attribute z:Id="i404"><AttributeType>name</AttributeType><IsRequired>true</IsRequired><Value i:type="a:string" xmlns:a="http://www.w3.org/2001/XMLSchema">imu_link</Value></Attribute></Attributes><ChildElements><URDFElement z:Id="i405" i:type="Inertial"><Attributes/><ChildElements><URDFElement z:Id="i406" i:type="Origin"><Attributes><Attribute z:Id="i407"><AttributeType>xyz</AttributeType><IsRequired>true</IsRequired><Value i:type="a:ArrayOfdouble" xmlns:a="http://schemas.microsoft.com/2003/10/Serialization/Arrays"><a:double>-0.0023881254577059249</a:double><a:double>-0.00015720661935611849</a:double><a:double>-0.0022906513677181523</a:double></Value></Attribute><Attribute z:Id="i408"><AttributeType>rpy</AttributeType><IsRequired>true</IsRequired><Value i:type="a:ArrayOfdouble" xmlns:a="http://schemas.microsoft.com/2003/10/Serialization/Arrays"><a:double>0</a:double><a:double>0</a:double><a:double>0</a:double></Value></Attribute></Attributes><ChildElements/><ElementName>origin</ElementName><required>false</required><RPYAttribute z:Ref="i408"/><XYZAttribute z:Ref="i407"/><isCustomized>false</isCustomized></URDFElement><URDFElement z:Id="i409" i:type="Mass"><Attributes><Attribute z:Id="i410"><AttributeType>value</AttributeType><IsRequired>true</IsRequired><Value i:type="a:double" xmlns:a="http://www.w3.org/2001/XMLSchema">0.00067387693895371633</Value></Attribute></Attributes><ChildElements/><ElementName>mass</ElementName><required>false</required><ValueAttribute z:Ref="i410"/></URDFElement><URDFElement z:Id="i411" i:type="Inertia"><Attributes><Attribute z:Id="i412"><AttributeType>ixx</AttributeType><IsRequired>true</IsRequired><Value i:type="a:double" xmlns:a="http://www.w3.org/2001/XMLSchema">2.192972647974984E-08</Value></Attribute><Attribute z:Id="i413"><AttributeType>ixy</AttributeType><IsRequired>true</IsRequired><Value i:type="a:double" xmlns:a="http://www.w3.org/2001/XMLSchema">-2.8297776906535545E-14</Value></Attribute><Attribute z:Id="i414"><AttributeType>ixz</AttributeType><IsRequired>true</IsRequired><Value i:type="a:double" xmlns:a="http://www.w3.org/2001/XMLSchema">-2.6953030967516435E-14</Value></Attribute><Attribute z:Id="i415"><AttributeType>iyy</AttributeType><IsRequired>true</IsRequired><Value i:type="a:double" xmlns:a="http://www.w3.org/2001/XMLSchema">9.3345918426693768E-09</Value></Attribute><Attribute z:Id="i416"><AttributeType>iyz</AttributeType><IsRequired>true</IsRequired><Value i:type="a:double" xmlns:a="http://www.w3.org/2001/XMLSchema">-1.1632652646648228E-14</Value></Attribute><Attribute z:Id="i417"><AttributeType>izz</AttributeType><IsRequired>true</IsRequired><Value i:type="a:double" xmlns:a="http://www.w3.org/2001/XMLSchema">2.9883497839707469E-08</Value></Attribute></Attributes><ChildElements/><ElementName>inertia</ElementName><required>false</required><IxxAttribute z:Ref="i412"/><IxyAttribute z:Ref="i413"/><IxzAttribute z:Ref="i414"/><IyyAttribute z:Ref="i415"/><IyzAttribute z:Ref="i416"/><IzzAttribute z:Ref="i417"/></URDFElement></ChildElements><ElementName>inertial</ElementName><required>false</required><Inertia z:Ref="i411"/><Mass z:Ref="i409"/><Origin z:Ref="i406"/></URDFElement><URDFElement z:Id="i418" i:type="Visual"><Attributes/><ChildElements><URDFElement z:Id="i419" i:type="Origin"><Attributes><Attribute z:Id="i420"><AttributeType>xyz</AttributeType><IsRequired>true</IsRequired><Value i:type="a:ArrayOfdouble" xmlns:a="http://schemas.microsoft.com/2003/10/Serialization/Arrays"><a:double>0</a:double><a:double>0</a:double><a:double>0</a:double></Value></Attribute><Attribute z:Id="i421"><AttributeType>rpy</AttributeType><IsRequired>true</IsRequired><Value i:type="a:ArrayOfdouble" xmlns:a="http://schemas.microsoft.com/2003/10/Serialization/Arrays"><a:double>0</a:double><a:double>0</a:double><a:double>0</a:double></Value></Attribute></Attributes><ChildElements/><ElementName>origin</ElementName><required>false</required><RPYAttribute z:Ref="i421"/><XYZAttribute z:Ref="i420"/><isCustomized>false</isCustomized></URDFElement><URDFElement z:Id="i422" i:type="Geometry"><Attributes/><ChildElements><URDFElement z:Id="i423" i:type="Mesh"><Attributes><Attribute z:Id="i424"><AttributeType>filename</AttributeType><IsRequired>true</IsRequired><Value i:nil="true"/></Attribute></Attributes><ChildElements/><ElementName>mesh</ElementName><required>false</required><FilenameAttribute z:Ref="i424"/></URDFElement></ChildElements><ElementName>geometry</ElementName><required>true</required><Mesh z:Ref="i423"/></URDFElement><URDFElement z:Id="i425" i:type="Material"><Attributes><Attribute z:Id="i426"><AttributeType>name</AttributeType><IsRequired>true</IsRequired><Value i:type="a:string" xmlns:a="http://www.w3.org/2001/XMLSchema"/></Attribute></Attributes><ChildElements><URDFElement z:Id="i427" i:type="Color"><Attributes><Attribute z:Id="i428"><AttributeType>rgba</AttributeType><IsRequired>true</IsRequired><Value i:type="a:ArrayOfdouble" xmlns:a="http://schemas.microsoft.com/2003/10/Serialization/Arrays"><a:double>0.792156862745098</a:double><a:double>0.81960784313725488</a:double><a:double>0.93333333333333335</a:double><a:double>1</a:double></Value></Attribute></Attributes><ChildElements/><ElementName>color</ElementName><required>false</required><RGBAAttribute z:Ref="i428"/></URDFElement><URDFElement z:Id="i429" i:type="Texture"><Attributes><Attribute z:Id="i430"><AttributeType>filename</AttributeType><IsRequired>true</IsRequired><Value i:nil="true"/></Attribute></Attributes><ChildElements/><ElementName>texture</ElementName><required>false</required><FilenameAttribute z:Ref="i430"/><wFilename/></URDFElement></ChildElements><ElementName>material</ElementName><required>false</required><Color z:Ref="i427"/><NameAttribute z:Ref="i426"/><Texture z:Ref="i429"/></URDFElement></ChildElements><ElementName>visual</ElementName><required>false</required><Geometry z:Ref="i422"/><Material z:Ref="i425"/><Origin z:Ref="i419"/></URDFElement><URDFElement z:Id="i431" i:type="Collision"><Attributes/><ChildElements><URDFElement z:Id="i432" i:type="Origin"><Attributes><Attribute z:Id="i433"><AttributeType>xyz</AttributeType><IsRequired>true</IsRequired><Value i:type="a:ArrayOfdouble" xmlns:a="http://schemas.microsoft.com/2003/10/Serialization/Arrays"><a:double>0</a:double><a:double>0</a:double><a:double>0</a:double></Value></Attribute><Attribute z:Id="i434"><AttributeType>rpy</AttributeType><IsRequired>true</IsRequired><Value i:type="a:ArrayOfdouble" xmlns:a="http://schemas.microsoft.com/2003/10/Serialization/Arrays"><a:double>0</a:double><a:double>0</a:double><a:double>0</a:double></Value></Attribute></Attributes><ChildElements/><ElementName>origin</ElementName><required>false</required><RPYAttribute z:Ref="i434"/><XYZAttribute z:Ref="i433"/><isCustomized>false</isCustomized></URDFElement><URDFElement z:Id="i435" i:type="Geometry"><Attributes/><ChildElements><URDFElement z:Id="i436" i:type="Mesh"><Attributes><Attribute z:Id="i437"><AttributeType>filename</AttributeType><IsRequired>true</IsRequired><Value i:nil="true"/></Attribute></Attributes><ChildElements/><ElementName>mesh</ElementName><required>false</required><FilenameAttribute z:Ref="i437"/></URDFElement></ChildElements><ElementName>geometry</ElementName><required>true</required><Mesh z:Ref="i436"/></URDFElement></ChildElements><ElementName>collision</ElementName><required>false</required><Geometry z:Ref="i435"/><Origin z:Ref="i432"/></URDFElement><URDFElement z:Id="i438" i:type="Joint"><Attributes><Attribute z:Id="i439"><AttributeType>name</AttributeType><IsRequired>true</IsRequired><Value i:type="a:string" xmlns:a="http://www.w3.org/2001/XMLSchema">imu_joint</Value></Attribute><Attribute z:Id="i440"><AttributeType>type</AttributeType><IsRequired>true</IsRequired><Value i:type="a:string" xmlns:a="http://www.w3.org/2001/XMLSchema">fixed</Value></Attribute></Attributes><ChildElements><URDFElement z:Id="i441" i:type="Origin"><Attributes><Attribute z:Id="i442"><AttributeType>xyz</AttributeType><IsRequired>true</IsRequired><Value i:type="a:ArrayOfdouble" xmlns:a="http://schemas.microsoft.com/2003/10/Serialization/Arrays"><a:double>-0.00494016789724259</a:double><a:double>-0.036990916273756426</a:double><a:double>0.11451999998799492</a:double></Value></Attribute><Attribute z:Id="i443"><AttributeType>rpy</AttributeType><IsRequired>true</IsRequired><Value i:type="a:ArrayOfdouble" xmlns:a="http://schemas.microsoft.com/2003/10/Serialization/Arrays"><a:double>0</a:double><a:double>0</a:double><a:double>0</a:double></Value></Attribute></Attributes><ChildElements/><ElementName>origin</ElementName><required>false</required><RPYAttribute z:Ref="i443"/><XYZAttribute z:Ref="i442"/><isCustomized>false</isCustomized></URDFElement><URDFElement z:Id="i444" i:type="ParentLink"><Attributes><Attribute z:Id="i445"><AttributeType>link</AttributeType><IsRequired>true</IsRequired><Value i:type="a:string" xmlns:a="http://www.w3.org/2001/XMLSchema">base_link</Value></Attribute></Attributes><ChildElements/><ElementName>parent</ElementName><required>true</required><NameAttribute z:Ref="i445"/></URDFElement><URDFElement z:Id="i446" i:type="ChildLink"><Attributes><Attribute z:Id="i447"><AttributeType>link</AttributeType><IsRequired>true</IsRequired><Value i:type="a:string" xmlns:a="http://www.w3.org/2001/XMLSchema">imu_link</Value></Attribute></Attributes><ChildElements/><ElementName>child</ElementName><required>true</required><NameAttribute z:Ref="i447"/></URDFElement><URDFElement z:Id="i448" i:type="Axis"><Attributes><Attribute z:Id="i449"><AttributeType>xyz</AttributeType><IsRequired>true</IsRequired><Value i:type="a:ArrayOfdouble" xmlns:a="http://schemas.microsoft.com/2003/10/Serialization/Arrays"><a:double>0</a:double><a:double>0</a:double><a:double>0</a:double></Value></Attribute></Attributes><ChildElements/><ElementName>axis</ElementName><required>false</required><XYZAttribute z:Ref="i449"/></URDFElement><URDFElement z:Id="i450" i:type="Limit"><Attributes><Attribute z:Id="i451"><AttributeType>lower</AttributeType><IsRequired>false</IsRequired><Value i:nil="true"/></Attribute><Attribute z:Id="i452"><AttributeType>upper</AttributeType><IsRequired>false</IsRequired><Value i:nil="true"/></Attribute><Attribute z:Id="i453"><AttributeType>effort</AttributeType><IsRequired>true</IsRequired><Value i:nil="true"/></Attribute><Attribute z:Id="i454"><AttributeType>velocity</AttributeType><IsRequired>true</IsRequired><Value i:nil="true"/></Attribute></Attributes><ChildElements/><ElementName>limit</ElementName><required>false</required><EffortAttribute z:Ref="i453"/><LowerAttribute z:Ref="i451"/><UpperAttribute z:Ref="i452"/><VelocityAttribute z:Ref="i454"/></URDFElement><URDFElement z:Id="i455" i:type="Calibration"><Attributes><Attribute z:Id="i456"><AttributeType>rising</AttributeType><IsRequired>false</IsRequired><Value i:nil="true"/></Attribute><Attribute z:Id="i457"><AttributeType>falling</AttributeType><IsRequired>false</IsRequired><Value i:nil="true"/></Attribute></Attributes><ChildElements/><ElementName>calibration</ElementName><required>false</required><FallingAttribute z:Ref="i457"/><RisingAttribute z:Ref="i456"/></URDFElement><URDFElement z:Id="i458" i:type="Dynamics"><Attributes><Attribute z:Id="i459"><AttributeType>damping</AttributeType><IsRequired>false</IsRequired><Value i:nil="true"/></Attribute><Attribute z:Id="i460"><AttributeType>friction</AttributeType><IsRequired>false</IsRequired><Value i:nil="true"/></Attribute></Attributes><ChildElements/><ElementName>dynamics</ElementName><required>false</required><DampingAttribute z:Ref="i459"/><FrictionAttribute z:Ref="i460"/></URDFElement><URDFElement z:Id="i461" i:type="SafetyController"><Attributes><Attribute z:Id="i462"><AttributeType>soft_upper_limit</AttributeType><IsRequired>false</IsRequired><Value i:nil="true"/></Attribute><Attribute z:Id="i463"><AttributeType>soft_lower_limit</AttributeType><IsRequired>false</IsRequired><Value i:nil="true"/></Attribute><Attribute z:Id="i464"><AttributeType>k_position</AttributeType><IsRequired>false</IsRequired><Value i:nil="true"/></Attribute><Attribute z:Id="i465"><AttributeType>k_velocity</AttributeType><IsRequired>true</IsRequired><Value i:nil="true"/></Attribute></Attributes><ChildElements/><ElementName>safety_controller</ElementName><required>false</required><KPositionAttribute z:Ref="i464"/><KVelocityAttribute z:Ref="i465"/><SoftLowerAttribute z:Ref="i463"/><SoftUpperAttribute z:Ref="i462"/></URDFElement><URDFElement z:Id="i466" i:type="Mimic"><Attributes><Attribute z:Id="i467"><AttributeType>joint</AttributeType><IsRequired>true</IsRequired><Value i:nil="true"/></Attribute><Attribute z:Id="i468"><AttributeType>multiplier</AttributeType><IsRequired>false</IsRequired><Value i:nil="true"/></Attribute><Attribute z:Id="i469"><AttributeType>offset</AttributeType><IsRequired>false</IsRequired><Value i:nil="true"/></Attribute></Attributes><ChildElements/><ElementName>mimic</ElementName><required>false</required><JointNameAttribute z:Ref="i467"/><MultiplierAttribute z:Ref="i468"/><OffsetAttribute z:Ref="i469"/></URDFElement></ChildElements><ElementName>joint</ElementName><required>false</required><Axis z:Ref="i448"/><AxisName>Automatically Generate</AxisName><Calibration z:Ref="i455"/><Child z:Ref="i446"/><CoordinateSystemName>imu_origin</CoordinateSystemName><Dynamics z:Ref="i458"/><Limit z:Ref="i450"/><Mimic z:Ref="i466"/><NameAttribute z:Ref="i439"/><Origin z:Ref="i441"/><Parent z:Ref="i444"/><Safety z:Ref="i461"/><TypeAttribute z:Ref="i440"/></URDFElement></ChildElements><ElementName>link</ElementName><required>true</required><Children/><Collision z:Ref="i431"/><Inertial z:Ref="i405"/><Joint z:Ref="i438"/><NameAttribute z:Ref="i404"/><Parent z:Ref="i1"/><STLQualityFine>false</STLQualityFine><SWComponentPIDs xmlns:a="http://schemas.microsoft.com/2003/10/Serialization/Arrays"><a:base64Binary>aEIAAAUAAAD//v8VTQBQAFUANgAwADUAMABfAG4AdQBkAGUALQAxAEAAYQBzAHMAZQBtADEABAAAABAAAAABAAAAAQAAAPwBAAA=</a:base64Binary></SWComponentPIDs><SWMainComponentPID i:nil="true"/><Visual z:Ref="i418"/><isFixedFrame>false</isFixedFrame><isIncomplete>false</isIncomplete></Link></Children><Collision z:Ref="i29"/><Inertial z:Ref="i3"/><Joint z:Ref="i36"/><NameAttribute z:Ref="i2"/><Parent i:nil="true"/><STLQualityFine>false</STLQualityFine><SWComponentPIDs xmlns:a="http://schemas.microsoft.com/2003/10/Serialization/Arrays"><a:base64Binary>aEIAAAUAAAD//v8ScgBiAG8AdABfAGIAYQBzAGUALQAxAEAAYQBzAHMAZQBtADEABAAAABAAAAABAAAAAQAAABgAAAA=</a:base64Binary><a:base64Binary>aEIAAAUAAAD//v8sYwB1AG0ATQBvAHQAbwByAC0AMgBAAGEAcwBzAGUAbQAxAC8ASgBHAEEAMgA1AC0AMwA3ADEALQBtAG8AdQBuAHQALQAxAEAAYwB1AG0ATQBvAHQAbwByAAQAAAAQAAAAAQAAAAIAAAAdAAAAHAAAAA==</a:base64Binary><a:base64Binary>aEIAAAUAAAD//v83YwB1AG0ATQBvAHQAbwByAC0AMgBAAGEAcwBzAGUAbQAxAC8ASgBHAEEAMgA1AC0AMwA3ADEAXwAxADIAVgBEAEMAXwAyADUAMABSAFAATQAuAHMAdABwAC0AMQBAAGMAdQBtAE0AbwB0AG8AcgAEAAAAEAAAAAEAAAACAAAAHQAAABkAAAA=</a:base64Binary><a:base64Binary>aEIAAAUAAAD//v8sYwB1AG0ATQBvAHQAbwByAC0AMQBAAGEAcwBzAGUAbQAxAC8ASgBHAEEAMgA1AC0AMwA3ADEALQBtAG8AdQBuAHQALQAxAEAAYwB1AG0ATQBvAHQAbwByAAQAAAAQAAAAAQAAAAIAAAAZAAAAHAAAAA==</a:base64Binary><a:base64Binary>aEIAAAUAAAD//v83YwB1AG0ATQBvAHQAbwByAC0AMQBAAGEAcwBzAGUAbQAxAC8ASgBHAEEAMgA1AC0AMwA3ADEAXwAxADIAVgBEAEMAXwAyADUAMABSAFAATQAuAHMAdABwAC0AMQBAAGMAdQBtAE0AbwB0AG8AcgAEAAAAEAAAAAEAAAACAAAAGQAAABkAAAA=</a:base64Binary><a:base64Binary>aEIAAAUAAAD//v8UcgBiAG8AdABfAGwAYQB5AGUAcgAxAC0AMgBAAGEAcwBzAGUAbQAxAAQAAAAQAAAAAQAAAAEAAABtAAAA</a:base64Binary><a:base64Binary>aEIAAAUAAAD//v8tQQBiAHMAdABhAG4AZABoAGEAbAB0AGUAcgAgAE0AMwAgAEkARwAtAEEARwAgADMAMABtAG0AKwA2AG0AbQAgAHAAYQByAHQALQA3AEAAYQBzAHMAZQBtADEABAAAABAAAAABAAAAAQAAAEEBAAA=</a:base64Binary><a:base64Binary>aEIAAAUAAAD//v8tQQBiAHMAdABhAG4AZABoAGEAbAB0AGUAcgAgAE0AMwAgAEkARwAtAEEARwAgADMAMABtAG0AKwA2AG0AbQAgAHAAYQByAHQALQA4AEAAYQBzAHMAZQBtADEABAAAABAAAAABAAAAAQAAAEQBAAA=</a:base64Binary><a:base64Binary>aEIAAAUAAAD//v8UcgBiAG8AdABfAGwAYQB5AGUAcgAzAC0AMQBAAGEAcwBzAGUAbQAxAAQAAAAQAAAAAQAAAAEAAABxAAAA</a:base64Binary><a:base64Binary>aEIAAAUAAAD//v8tQQBiAHMAdABhAG4AZABoAGEAbAB0AGUAcgAgAE0AMwAgAEkARwAtAEEARwAgADMAMABtAG0AKwA2AG0AbQAgAHAAYQByAHQALQAzAEAAYQBzAHMAZQBtADEABAAAABAAAAABAAAAAQAAADIBAAA=</a:base64Binary><a:base64Binary>aEIAAAUAAAD//v8UcgBiAG8AdABfAGwAYQB5AGUAcgAyAC0AMQBAAGEAcwBzAGUAbQAxAAQAAAAQAAAAAQAAAAEAAACCAAAA</a:base64Binary><a:base64Binary>aEIAAAUAAAD//v8tQQBiAHMAdABhAG4AZABoAGEAbAB0AGUAcgAgAE0AMwAgAEkARwAtAEEARwAgADMAMABtAG0AKwA2AG0AbQAgAHAAYQByAHQALQA0AEAAYQBzAHMAZQBtADEABAAAABAAAAABAAAAAQAAADUBAAA=</a:base64Binary><a:base64Binary>aEIAAAUAAAD//v8tQQBiAHMAdABhAG4AZABoAGEAbAB0AGUAcgAgAE0AMwAgAEkARwAtAEEARwAgADUAMABtAG0AKwA2AG0AbQAgAHAAYQByAHQALQAzAEAAYQBzAHMAZQBtADEABAAAABAAAAABAAAAAQAAACABAAA=</a:base64Binary><a:base64Binary>aEIAAAUAAAD//v8tQQBiAHMAdABhAG4AZABoAGEAbAB0AGUAcgAgAE0AMwAgAEkARwAtAEEARwAgADUAMABtAG0AKwA2AG0AbQAgAHAAYQByAHQALQAyAEAAYQBzAHMAZQBtADEABAAAABAAAAABAAAAAQAAAB0BAAA=</a:base64Binary><a:base64Binary>aEIAAAUAAAD//v8tQQBiAHMAdABhAG4AZABoAGEAbAB0AGUAcgAgAE0AMwAgAEkARwAtAEEARwAgADUAMABtAG0AKwA2AG0AbQAgAHAAYQByAHQALQAxAEAAYQBzAHMAZQBtADEABAAAABAAAAABAAAAAQAAABoBAAA=</a:base64Binary><a:base64Binary>aEIAAAUAAAD//v8tQQBiAHMAdABhAG4AZABoAGEAbAB0AGUAcgAgAE0AMwAgAEkARwAtAEEARwAgADMAMABtAG0AKwA2AG0AbQAgAHAAYQByAHQALQAyAEAAYQBzAHMAZQBtADEABAAAABAAAAABAAAAAQAAAC8BAAA=</a:base64Binary><a:base64Binary>aEIAAAUAAAD//v8tQQBiAHMAdABhAG4AZABoAGEAbAB0AGUAcgAgAE0AMwAgAEkARwAtAEEARwAgADMAMABtAG0AKwA2AG0AbQAgAHAAYQByAHQALQA2AEAAYQBzAHMAZQBtADEABAAAABAAAAABAAAAAQAAAD4BAAA=</a:base64Binary><a:base64Binary>aEIAAAUAAAD//v8tQQBiAHMAdABhAG4AZABoAGEAbAB0AGUAcgAgAE0AMwAgAEkARwAtAEEARwAgADUAMABtAG0AKwA2AG0AbQAgAHAAYQByAHQALQA0AEAAYQBzAHMAZQBtADEABAAAABAAAAABAAAAAQAAACMBAAA=</a:base64Binary><a:base64Binary>aEIAAAUAAAD//v8tQQBiAHMAdABhAG4AZABoAGEAbAB0AGUAcgAgAE0AMwAgAEkARwAtAEEARwAgADMAMABtAG0AKwA2AG0AbQAgAHAAYQByAHQALQAxAEAAYQBzAHMAZQBtADEABAAAABAAAAABAAAAAQAAACkBAAA=</a:base64Binary><a:base64Binary>aEIAAAUAAAD//v8tQQBiAHMAdABhAG4AZABoAGEAbAB0AGUAcgAgAE0AMwAgAEkARwAtAEEARwAgADMAMABtAG0AKwA2AG0AbQAgAHAAYQByAHQALQA1AEAAYQBzAHMAZQBtADEABAAAABAAAAABAAAAAQAAADsBAAA=</a:base64Binary><a:base64Binary>aEIAAAUAAAD//v8UcgBiAG8AdABfAHcAYQBzAGgAZQByAC0ANQBAAGEAcwBzAGUAbQAxAAQAAAAQAAAAAQAAAAEAAADqAAAA</a:base64Binary><a:base64Binary>aEIAAAUAAAD//v8TTAAyADkAOABOAF8AcABhAHIAdAAtADEAQABhAHMAcwBlAG0AMQAEAAAAEAAAAAEAAAABAAAA6QAAAA==</a:base64Binary><a:base64Binary>aEIAAAUAAAD//v8UcgBiAG8AdABfAHcAYQBzAGgAZQByAC0ANgBAAGEAcwBzAGUAbQAxAAQAAAAQAAAAAQAAAAEAAADtAAAA</a:base64Binary><a:base64Binary>aEIAAAUAAAD//v8UcgBiAG8AdABfAHcAYQBzAGgAZQByAC0ANwBAAGEAcwBzAGUAbQAxAAQAAAAQAAAAAQAAAAEAAADwAAAA</a:base64Binary><a:base64Binary>aEIAAAUAAAD//v8VcgBiAG8AdABfAHcAYQBzAGgAZQByAC0AMQA0AEAAYQBzAHMAZQBtADEABAAAABAAAAABAAAAAQAAAFQBAAA=</a:base64Binary><a:base64Binary>aEIAAAUAAAD//v8VcgBiAG8AdABfAHcAYQBzAGgAZQByAC0AMQAxAEAAYQBzAHMAZQBtADEABAAAABAAAAABAAAAAQAAAEsBAAA=</a:base64Binary><a:base64Binary>aEIAAAUAAAD//v8hTABUAEMAIAAzADcAOAAwACAATQB1AGQAdQBsAGUAIAB2ADEAMQAgAHAAYQByAHQALQAxAEAAYQBzAHMAZQBtADEABAAAABAAAAABAAAAAQAAAEoBAAA=</a:base64Binary><a:base64Binary>aEIAAAUAAAD//v8VcgBiAG8AdABfAHcAYQBzAGgAZQByAC0AMQAwAEAAYQBzAHMAZQBtADEABAAAABAAAAABAAAAAQAAAPcAAAA=</a:base64Binary><a:base64Binary>aEIAAAUAAAD//v8VcgBiAG8AdABfAHcAYQBzAGgAZQByAC0AMQAzAEAAYQBzAHMAZQBtADEABAAAABAAAAABAAAAAQAAAFEBAAA=</a:base64Binary><a:base64Binary>aEIAAAUAAAD//v8VcgBiAG8AdABfAHcAYQBzAGgAZQByAC0AMQAyAEAAYQBzAHMAZQBtADEABAAAABAAAAABAAAAAQAAAE4BAAA=</a:base64Binary><a:base64Binary>aEIAAAUAAAD//v8tYQBiAHMAdABhAG4AZABoAGEAbAB0AGUAcgAgAG0AMwAgAGkAZwAtAGEAZwAgADIAMABtAG0AKwA2AG0AbQAgAHAAYQByAHQALQAxAEAAYQBzAHMAZQBtADEABAAAABAAAAABAAAAAQAAAPYBAAA=</a:base64Binary><a:base64Binary>aEIAAAUAAAD//v8tYQBiAHMAdABhAG4AZABoAGEAbAB0AGUAcgAgAG0AMwAgAGkAZwAtAGEAZwAgADIAMABtAG0AKwA2AG0AbQAgAHAAYQByAHQALQAyAEAAYQBzAHMAZQBtADEABAAAABAAAAABAAAAAQAAAPkBAAA=</a:base64Binary></SWComponentPIDs><SWMainComponentPID i:nil="true"/><Visual z:Ref="i16"/><isFixedFrame>false</isFixedFrame><isIncomplete>false</isIncomplete></Link>
2025-04-28 06:57:46,442 INFO  LinkNode.cs: 35 - Building node base_link
2025-04-28 06:57:46,443 INFO  LinkNode.cs: 35 - Building node R_wheel_link
2025-04-28 06:57:46,443 INFO  LinkNode.cs: 35 - Building node L_wheel_link
2025-04-28 06:57:46,444 INFO  LinkNode.cs: 35 - Building node Ball_front_link
2025-04-28 06:57:46,444 INFO  LinkNode.cs: 35 - Building node Ball_back_link
2025-04-28 06:57:46,444 INFO  LinkNode.cs: 35 - Building node Lidar_link
2025-04-28 06:57:46,445 INFO  LinkNode.cs: 35 - Building node imu_link
2025-04-28 06:57:46,445 INFO  CommonSwOperations.cs: 221 - Loading SolidWorks components for base_link from C:\Users\Duc\OneDrive\3. STUDY\UNIVERSITY\4th YEAR - sem 1\PROJ ON ROBOOTIC\model3D\OldModel\assem1.SLDASM
2025-04-28 06:57:46,445 INFO  CommonSwOperations.cs: 245 - Loading component with PID hB     ???r b o t _ b a s e - 1 @ a s s e m 1                
2025-04-28 06:57:46,446 INFO  CommonSwOperations.cs: 254 - Successfully loaded component C:\Users\Duc\OneDrive\3. STUDY\UNIVERSITY\4th YEAR - sem 1\PROJ ON ROBOOTIC\model3D\OldModel\rbot_base.SLDPRT
2025-04-28 06:57:46,446 INFO  CommonSwOperations.cs: 245 - Loading component with PID hB     ???,c u m M o t o r - 2 @ a s s e m 1 / J G A 2 5 - 3 7 1 - m o u n t - 1 @ c u m M o t o r                   
2025-04-28 06:57:46,447 INFO  CommonSwOperations.cs: 254 - Successfully loaded component C:\Users\Duc\OneDrive\3. STUDY\UNIVERSITY\4th YEAR - sem 1\PROJ ON ROBOOTIC\model3D\OldModel\JGA25-371-mount.SLDPRT
2025-04-28 06:57:46,447 INFO  CommonSwOperations.cs: 245 - Loading component with PID hB     ???7c u m M o t o r - 2 @ a s s e m 1 / J G A 2 5 - 3 7 1 _ 1 2 V D C _ 2 5 0 R P M . s t p - 1 @ c u m M o t o r                   
2025-04-28 06:57:46,447 INFO  CommonSwOperations.cs: 254 - Successfully loaded component C:\Users\Duc\OneDrive\3. STUDY\UNIVERSITY\4th YEAR - sem 1\PROJ ON ROBOOTIC\model3D\OldModel\JGA25-371_12VDC_250RPM.stp.SLDPRT
2025-04-28 06:57:46,448 INFO  CommonSwOperations.cs: 245 - Loading component with PID hB     ???,c u m M o t o r - 1 @ a s s e m 1 / J G A 2 5 - 3 7 1 - m o u n t - 1 @ c u m M o t o r                   
2025-04-28 06:57:46,448 INFO  CommonSwOperations.cs: 254 - Successfully loaded component C:\Users\Duc\OneDrive\3. STUDY\UNIVERSITY\4th YEAR - sem 1\PROJ ON ROBOOTIC\model3D\OldModel\JGA25-371-mount.SLDPRT
2025-04-28 06:57:46,448 INFO  CommonSwOperations.cs: 245 - Loading component with PID hB     ???7c u m M o t o r - 1 @ a s s e m 1 / J G A 2 5 - 3 7 1 _ 1 2 V D C _ 2 5 0 R P M . s t p - 1 @ c u m M o t o r                   
2025-04-28 06:57:46,449 INFO  CommonSwOperations.cs: 254 - Successfully loaded component C:\Users\Duc\OneDrive\3. STUDY\UNIVERSITY\4th YEAR - sem 1\PROJ ON ROBOOTIC\model3D\OldModel\JGA25-371_12VDC_250RPM.stp.SLDPRT
2025-04-28 06:57:46,449 INFO  CommonSwOperations.cs: 245 - Loading component with PID hB     ???r b o t _ l a y e r 1 - 2 @ a s s e m 1             m   
2025-04-28 06:57:46,450 INFO  CommonSwOperations.cs: 254 - Successfully loaded component C:\Users\Duc\OneDrive\3. STUDY\UNIVERSITY\4th YEAR - sem 1\PROJ ON ROBOOTIC\model3D\OldModel\rbot_layer1.SLDPRT
2025-04-28 06:57:46,450 INFO  CommonSwOperations.cs: 245 - Loading component with PID hB     ???-A b s t a n d h a l t e r   M 3   I G - A G   3 0 m m + 6 m m   p a r t - 7 @ a s s e m 1             A  
2025-04-28 06:57:46,450 INFO  CommonSwOperations.cs: 254 - Successfully loaded component C:\Users\Duc\OneDrive\3. STUDY\UNIVERSITY\4th YEAR - sem 1\PROJ ON ROBOOTIC\model3D\OldModel\STANDOFF PART\Abstandhalter M3 IG-AG 30mm+6mm part.SLDPRT
2025-04-28 06:57:46,451 INFO  CommonSwOperations.cs: 245 - Loading component with PID hB     ???-A b s t a n d h a l t e r   M 3   I G - A G   3 0 m m + 6 m m   p a r t - 8 @ a s s e m 1             D  
2025-04-28 06:57:46,451 INFO  CommonSwOperations.cs: 254 - Successfully loaded component C:\Users\Duc\OneDrive\3. STUDY\UNIVERSITY\4th YEAR - sem 1\PROJ ON ROBOOTIC\model3D\OldModel\STANDOFF PART\Abstandhalter M3 IG-AG 30mm+6mm part.SLDPRT
2025-04-28 06:57:46,452 INFO  CommonSwOperations.cs: 245 - Loading component with PID hB     ???r b o t _ l a y e r 3 - 1 @ a s s e m 1             q   
2025-04-28 06:57:46,452 INFO  CommonSwOperations.cs: 254 - Successfully loaded component C:\Users\Duc\OneDrive\3. STUDY\UNIVERSITY\4th YEAR - sem 1\PROJ ON ROBOOTIC\model3D\OldModel\rbot_layer3.SLDPRT
2025-04-28 06:57:46,452 INFO  CommonSwOperations.cs: 245 - Loading component with PID hB     ???-A b s t a n d h a l t e r   M 3   I G - A G   3 0 m m + 6 m m   p a r t - 3 @ a s s e m 1             2  
2025-04-28 06:57:46,453 INFO  CommonSwOperations.cs: 254 - Successfully loaded component C:\Users\Duc\OneDrive\3. STUDY\UNIVERSITY\4th YEAR - sem 1\PROJ ON ROBOOTIC\model3D\OldModel\STANDOFF PART\Abstandhalter M3 IG-AG 30mm+6mm part.SLDPRT
2025-04-28 06:57:46,453 INFO  CommonSwOperations.cs: 245 - Loading component with PID hB     ???r b o t _ l a y e r 2 - 1 @ a s s e m 1             ?   
2025-04-28 06:57:46,454 INFO  CommonSwOperations.cs: 254 - Successfully loaded component C:\Users\Duc\OneDrive\3. STUDY\UNIVERSITY\4th YEAR - sem 1\PROJ ON ROBOOTIC\model3D\OldModel\rbot_layer2.SLDPRT
2025-04-28 06:57:46,454 INFO  CommonSwOperations.cs: 245 - Loading component with PID hB     ???-A b s t a n d h a l t e r   M 3   I G - A G   3 0 m m + 6 m m   p a r t - 4 @ a s s e m 1             5  
2025-04-28 06:57:46,455 INFO  CommonSwOperations.cs: 254 - Successfully loaded component C:\Users\Duc\OneDrive\3. STUDY\UNIVERSITY\4th YEAR - sem 1\PROJ ON ROBOOTIC\model3D\OldModel\STANDOFF PART\Abstandhalter M3 IG-AG 30mm+6mm part.SLDPRT
2025-04-28 06:57:46,455 INFO  CommonSwOperations.cs: 245 - Loading component with PID hB     ???-A b s t a n d h a l t e r   M 3   I G - A G   5 0 m m + 6 m m   p a r t - 3 @ a s s e m 1                
2025-04-28 06:57:46,456 INFO  CommonSwOperations.cs: 254 - Successfully loaded component C:\Users\Duc\OneDrive\3. STUDY\UNIVERSITY\4th YEAR - sem 1\PROJ ON ROBOOTIC\model3D\OldModel\STANDOFF PART\Abstandhalter M3 IG-AG 50mm+6mm part.SLDPRT
2025-04-28 06:57:46,456 INFO  CommonSwOperations.cs: 245 - Loading component with PID hB     ???-A b s t a n d h a l t e r   M 3   I G - A G   5 0 m m + 6 m m   p a r t - 2 @ a s s e m 1               
2025-04-28 06:57:46,456 INFO  CommonSwOperations.cs: 254 - Successfully loaded component C:\Users\Duc\OneDrive\3. STUDY\UNIVERSITY\4th YEAR - sem 1\PROJ ON ROBOOTIC\model3D\OldModel\STANDOFF PART\Abstandhalter M3 IG-AG 50mm+6mm part.SLDPRT
2025-04-28 06:57:46,458 INFO  CommonSwOperations.cs: 245 - Loading component with PID hB     ???-A b s t a n d h a l t e r   M 3   I G - A G   5 0 m m + 6 m m   p a r t - 1 @ a s s e m 1               
2025-04-28 06:57:46,460 INFO  CommonSwOperations.cs: 254 - Successfully loaded component C:\Users\Duc\OneDrive\3. STUDY\UNIVERSITY\4th YEAR - sem 1\PROJ ON ROBOOTIC\model3D\OldModel\STANDOFF PART\Abstandhalter M3 IG-AG 50mm+6mm part.SLDPRT
2025-04-28 06:57:46,460 INFO  CommonSwOperations.cs: 245 - Loading component with PID hB     ???-A b s t a n d h a l t e r   M 3   I G - A G   3 0 m m + 6 m m   p a r t - 2 @ a s s e m 1             /  
2025-04-28 06:57:46,460 INFO  CommonSwOperations.cs: 254 - Successfully loaded component C:\Users\Duc\OneDrive\3. STUDY\UNIVERSITY\4th YEAR - sem 1\PROJ ON ROBOOTIC\model3D\OldModel\STANDOFF PART\Abstandhalter M3 IG-AG 30mm+6mm part.SLDPRT
2025-04-28 06:57:46,460 INFO  CommonSwOperations.cs: 245 - Loading component with PID hB     ???-A b s t a n d h a l t e r   M 3   I G - A G   3 0 m m + 6 m m   p a r t - 6 @ a s s e m 1             >  
2025-04-28 06:57:46,460 INFO  CommonSwOperations.cs: 254 - Successfully loaded component C:\Users\Duc\OneDrive\3. STUDY\UNIVERSITY\4th YEAR - sem 1\PROJ ON ROBOOTIC\model3D\OldModel\STANDOFF PART\Abstandhalter M3 IG-AG 30mm+6mm part.SLDPRT
2025-04-28 06:57:46,460 INFO  CommonSwOperations.cs: 245 - Loading component with PID hB     ???-A b s t a n d h a l t e r   M 3   I G - A G   5 0 m m + 6 m m   p a r t - 4 @ a s s e m 1             #  
2025-04-28 06:57:46,463 INFO  CommonSwOperations.cs: 254 - Successfully loaded component C:\Users\Duc\OneDrive\3. STUDY\UNIVERSITY\4th YEAR - sem 1\PROJ ON ROBOOTIC\model3D\OldModel\STANDOFF PART\Abstandhalter M3 IG-AG 50mm+6mm part.SLDPRT
2025-04-28 06:57:46,463 INFO  CommonSwOperations.cs: 245 - Loading component with PID hB     ???-A b s t a n d h a l t e r   M 3   I G - A G   3 0 m m + 6 m m   p a r t - 1 @ a s s e m 1             )  
2025-04-28 06:57:46,463 INFO  CommonSwOperations.cs: 254 - Successfully loaded component C:\Users\Duc\OneDrive\3. STUDY\UNIVERSITY\4th YEAR - sem 1\PROJ ON ROBOOTIC\model3D\OldModel\STANDOFF PART\Abstandhalter M3 IG-AG 30mm+6mm part.SLDPRT
2025-04-28 06:57:46,463 INFO  CommonSwOperations.cs: 245 - Loading component with PID hB     ???-A b s t a n d h a l t e r   M 3   I G - A G   3 0 m m + 6 m m   p a r t - 5 @ a s s e m 1             ;  
2025-04-28 06:57:46,463 INFO  CommonSwOperations.cs: 254 - Successfully loaded component C:\Users\Duc\OneDrive\3. STUDY\UNIVERSITY\4th YEAR - sem 1\PROJ ON ROBOOTIC\model3D\OldModel\STANDOFF PART\Abstandhalter M3 IG-AG 30mm+6mm part.SLDPRT
2025-04-28 06:57:46,463 INFO  CommonSwOperations.cs: 245 - Loading component with PID hB     ???r b o t _ w a s h e r - 5 @ a s s e m 1             ?   
2025-04-28 06:57:46,465 INFO  CommonSwOperations.cs: 254 - Successfully loaded component C:\Users\Duc\OneDrive\3. STUDY\UNIVERSITY\4th YEAR - sem 1\PROJ ON ROBOOTIC\model3D\OldModel\rbot_washer.SLDPRT
2025-04-28 06:57:46,465 INFO  CommonSwOperations.cs: 245 - Loading component with PID hB     ???L 2 9 8 N _ p a r t - 1 @ a s s e m 1             ?   
2025-04-28 06:57:46,465 INFO  CommonSwOperations.cs: 254 - Successfully loaded component C:\Users\Duc\OneDrive\3. STUDY\UNIVERSITY\4th YEAR - sem 1\PROJ ON ROBOOTIC\model3D\OldModel\l298n-20.snapshot.1\L298N_part.SLDPRT
2025-04-28 06:57:46,465 INFO  CommonSwOperations.cs: 245 - Loading component with PID hB     ???r b o t _ w a s h e r - 6 @ a s s e m 1             ?   
2025-04-28 06:57:46,465 INFO  CommonSwOperations.cs: 254 - Successfully loaded component C:\Users\Duc\OneDrive\3. STUDY\UNIVERSITY\4th YEAR - sem 1\PROJ ON ROBOOTIC\model3D\OldModel\rbot_washer.SLDPRT
2025-04-28 06:57:46,465 INFO  CommonSwOperations.cs: 245 - Loading component with PID hB     ???r b o t _ w a s h e r - 7 @ a s s e m 1             ?   
2025-04-28 06:57:46,468 INFO  CommonSwOperations.cs: 254 - Successfully loaded component C:\Users\Duc\OneDrive\3. STUDY\UNIVERSITY\4th YEAR - sem 1\PROJ ON ROBOOTIC\model3D\OldModel\rbot_washer.SLDPRT
2025-04-28 06:57:46,468 INFO  CommonSwOperations.cs: 245 - Loading component with PID hB     ???r b o t _ w a s h e r - 1 4 @ a s s e m 1             T  
2025-04-28 06:57:46,468 INFO  CommonSwOperations.cs: 254 - Successfully loaded component C:\Users\Duc\OneDrive\3. STUDY\UNIVERSITY\4th YEAR - sem 1\PROJ ON ROBOOTIC\model3D\OldModel\rbot_washer.SLDPRT
2025-04-28 06:57:46,468 INFO  CommonSwOperations.cs: 245 - Loading component with PID hB     ???r b o t _ w a s h e r - 1 1 @ a s s e m 1             K  
2025-04-28 06:57:46,468 INFO  CommonSwOperations.cs: 254 - Successfully loaded component C:\Users\Duc\OneDrive\3. STUDY\UNIVERSITY\4th YEAR - sem 1\PROJ ON ROBOOTIC\model3D\OldModel\rbot_washer.SLDPRT
2025-04-28 06:57:46,468 INFO  CommonSwOperations.cs: 245 - Loading component with PID hB     ???!L T C   3 7 8 0   M u d u l e   v 1 1   p a r t - 1 @ a s s e m 1             J  
2025-04-28 06:57:46,468 INFO  CommonSwOperations.cs: 254 - Successfully loaded component C:\Users\Duc\OneDrive\3. STUDY\UNIVERSITY\4th YEAR - sem 1\PROJ ON ROBOOTIC\model3D\OldModel\ltc3780-step-up-and-step-down-regulator-module-1.snapshot.4\LTC 3780 Mudule v11 part.SLDPRT
2025-04-28 06:57:46,470 INFO  CommonSwOperations.cs: 245 - Loading component with PID hB     ???r b o t _ w a s h e r - 1 0 @ a s s e m 1             ?   
2025-04-28 06:57:46,470 INFO  CommonSwOperations.cs: 254 - Successfully loaded component C:\Users\Duc\OneDrive\3. STUDY\UNIVERSITY\4th YEAR - sem 1\PROJ ON ROBOOTIC\model3D\OldModel\rbot_washer.SLDPRT
2025-04-28 06:57:46,470 INFO  CommonSwOperations.cs: 245 - Loading component with PID hB     ???r b o t _ w a s h e r - 1 3 @ a s s e m 1             Q  
2025-04-28 06:57:46,470 INFO  CommonSwOperations.cs: 254 - Successfully loaded component C:\Users\Duc\OneDrive\3. STUDY\UNIVERSITY\4th YEAR - sem 1\PROJ ON ROBOOTIC\model3D\OldModel\rbot_washer.SLDPRT
2025-04-28 06:57:46,470 INFO  CommonSwOperations.cs: 245 - Loading component with PID hB     ???r b o t _ w a s h e r - 1 2 @ a s s e m 1             N  
2025-04-28 06:57:46,470 INFO  CommonSwOperations.cs: 254 - Successfully loaded component C:\Users\Duc\OneDrive\3. STUDY\UNIVERSITY\4th YEAR - sem 1\PROJ ON ROBOOTIC\model3D\OldModel\rbot_washer.SLDPRT
2025-04-28 06:57:46,473 INFO  CommonSwOperations.cs: 245 - Loading component with PID hB     ???-a b s t a n d h a l t e r   m 3   i g - a g   2 0 m m + 6 m m   p a r t - 1 @ a s s e m 1             ?  
2025-04-28 06:57:46,473 INFO  CommonSwOperations.cs: 254 - Successfully loaded component C:\Users\Duc\OneDrive\3. STUDY\UNIVERSITY\4th YEAR - sem 1\PROJ ON ROBOOTIC\model3D\OldModel\STANDOFF PART\abstandhalter m3 ig-ag 20mm+6mm part.SLDPRT
2025-04-28 06:57:46,473 INFO  CommonSwOperations.cs: 245 - Loading component with PID hB     ???-a b s t a n d h a l t e r   m 3   i g - a g   2 0 m m + 6 m m   p a r t - 2 @ a s s e m 1             ?  
2025-04-28 06:57:46,473 INFO  CommonSwOperations.cs: 254 - Successfully loaded component C:\Users\Duc\OneDrive\3. STUDY\UNIVERSITY\4th YEAR - sem 1\PROJ ON ROBOOTIC\model3D\OldModel\STANDOFF PART\abstandhalter m3 ig-ag 20mm+6mm part.SLDPRT
2025-04-28 06:57:46,473 INFO  CommonSwOperations.cs: 230 - Loaded 32 components for link base_link
2025-04-28 06:57:46,473 INFO  CommonSwOperations.cs: 221 - Loading SolidWorks components for R_wheel_link from C:\Users\Duc\OneDrive\3. STUDY\UNIVERSITY\4th YEAR - sem 1\PROJ ON ROBOOTIC\model3D\OldModel\assem1.SLDASM
2025-04-28 06:57:46,473 INFO  CommonSwOperations.cs: 245 - Loading component with PID hB     ???'c o p p e r _ w h e e l _ w i t h _ a d a p t e r _ p a r t - 1 @ a s s e m 1             ?  
2025-04-28 06:57:46,475 INFO  CommonSwOperations.cs: 254 - Successfully loaded component C:\Users\Duc\OneDrive\3. STUDY\UNIVERSITY\4th YEAR - sem 1\PROJ ON ROBOOTIC\model3D\OldModel\blue-wheel-for-hobby-robotics-1.snapshot.2\copper_wheel_with_adapter_part.SLDPRT
2025-04-28 06:57:46,475 INFO  CommonSwOperations.cs: 230 - Loaded 1 components for link R_wheel_link
2025-04-28 06:57:46,475 INFO  CommonSwOperations.cs: 221 - Loading SolidWorks components for L_wheel_link from C:\Users\Duc\OneDrive\3. STUDY\UNIVERSITY\4th YEAR - sem 1\PROJ ON ROBOOTIC\model3D\OldModel\assem1.SLDASM
2025-04-28 06:57:46,475 INFO  CommonSwOperations.cs: 245 - Loading component with PID hB     ???'c o p p e r _ w h e e l _ w i t h _ a d a p t e r _ p a r t - 2 @ a s s e m 1             ?  
2025-04-28 06:57:46,475 INFO  CommonSwOperations.cs: 254 - Successfully loaded component C:\Users\Duc\OneDrive\3. STUDY\UNIVERSITY\4th YEAR - sem 1\PROJ ON ROBOOTIC\model3D\OldModel\blue-wheel-for-hobby-robotics-1.snapshot.2\copper_wheel_with_adapter_part.SLDPRT
2025-04-28 06:57:46,475 INFO  CommonSwOperations.cs: 230 - Loaded 1 components for link L_wheel_link
2025-04-28 06:57:46,475 INFO  CommonSwOperations.cs: 221 - Loading SolidWorks components for Ball_front_link from C:\Users\Duc\OneDrive\3. STUDY\UNIVERSITY\4th YEAR - sem 1\PROJ ON ROBOOTIC\model3D\OldModel\assem1.SLDASM
2025-04-28 06:57:46,475 INFO  CommonSwOperations.cs: 245 - Loading component with PID hB     ???.W 4 2 0   U n i v e r s a l   S t e e l   B a l l   C a s t e r _ p a r t - 1 @ a s s e m 1             ?  
2025-04-28 06:57:46,478 INFO  CommonSwOperations.cs: 254 - Successfully loaded component C:\Users\Duc\OneDrive\3. STUDY\UNIVERSITY\4th YEAR - sem 1\PROJ ON ROBOOTIC\model3D\OldModel\w420-universal-steel-ball-caster-1.snapshot.3\W420 Universal Steel Ball Caster_part.SLDPRT
2025-04-28 06:57:46,478 INFO  CommonSwOperations.cs: 245 - Loading component with PID hB     ???W 4 2 0 _ s p a c e r - 1 1 @ a s s e m 1             ?  
2025-04-28 06:57:46,478 INFO  CommonSwOperations.cs: 254 - Successfully loaded component C:\Users\Duc\OneDrive\3. STUDY\UNIVERSITY\4th YEAR - sem 1\PROJ ON ROBOOTIC\model3D\OldModel\W420_spacer.SLDPRT
2025-04-28 06:57:46,478 INFO  CommonSwOperations.cs: 245 - Loading component with PID hB     ???W 4 2 0 _ s p a c e r - 1 2 @ a s s e m 1             ?  
2025-04-28 06:57:46,478 INFO  CommonSwOperations.cs: 254 - Successfully loaded component C:\Users\Duc\OneDrive\3. STUDY\UNIVERSITY\4th YEAR - sem 1\PROJ ON ROBOOTIC\model3D\OldModel\W420_spacer.SLDPRT
2025-04-28 06:57:46,478 INFO  CommonSwOperations.cs: 230 - Loaded 3 components for link Ball_front_link
2025-04-28 06:57:46,478 INFO  CommonSwOperations.cs: 221 - Loading SolidWorks components for Ball_back_link from C:\Users\Duc\OneDrive\3. STUDY\UNIVERSITY\4th YEAR - sem 1\PROJ ON ROBOOTIC\model3D\OldModel\assem1.SLDASM
2025-04-28 06:57:46,478 INFO  CommonSwOperations.cs: 245 - Loading component with PID hB     ???.W 4 2 0   U n i v e r s a l   S t e e l   B a l l   C a s t e r _ p a r t - 2 @ a s s e m 1             ?  
2025-04-28 06:57:46,480 INFO  CommonSwOperations.cs: 254 - Successfully loaded component C:\Users\Duc\OneDrive\3. STUDY\UNIVERSITY\4th YEAR - sem 1\PROJ ON ROBOOTIC\model3D\OldModel\w420-universal-steel-ball-caster-1.snapshot.3\W420 Universal Steel Ball Caster_part.SLDPRT
2025-04-28 06:57:46,480 INFO  CommonSwOperations.cs: 245 - Loading component with PID hB     ???W 4 2 0 _ s p a c e r - 1 3 @ a s s e m 1             ?  
2025-04-28 06:57:46,480 INFO  CommonSwOperations.cs: 254 - Successfully loaded component C:\Users\Duc\OneDrive\3. STUDY\UNIVERSITY\4th YEAR - sem 1\PROJ ON ROBOOTIC\model3D\OldModel\W420_spacer.SLDPRT
2025-04-28 06:57:46,480 INFO  CommonSwOperations.cs: 245 - Loading component with PID hB     ???W 4 2 0 _ s p a c e r - 1 4 @ a s s e m 1             ?  
2025-04-28 06:57:46,480 INFO  CommonSwOperations.cs: 254 - Successfully loaded component C:\Users\Duc\OneDrive\3. STUDY\UNIVERSITY\4th YEAR - sem 1\PROJ ON ROBOOTIC\model3D\OldModel\W420_spacer.SLDPRT
2025-04-28 06:57:46,480 INFO  CommonSwOperations.cs: 230 - Loaded 3 components for link Ball_back_link
2025-04-28 06:57:46,480 INFO  CommonSwOperations.cs: 221 - Loading SolidWorks components for Lidar_link from C:\Users\Duc\OneDrive\3. STUDY\UNIVERSITY\4th YEAR - sem 1\PROJ ON ROBOOTIC\model3D\OldModel\assem1.SLDASM
2025-04-28 06:57:46,480 INFO  CommonSwOperations.cs: 245 - Loading component with PID hB     ???X 3 _ L i d a r _ p a r t - 1 @ a s s e m 1                
2025-04-28 06:57:46,483 INFO  CommonSwOperations.cs: 254 - Successfully loaded component C:\Users\Duc\OneDrive\3. STUDY\UNIVERSITY\4th YEAR - sem 1\PROJ ON ROBOOTIC\model3D\OldModel\X3_Lidar_part.SLDPRT
2025-04-28 06:57:46,483 INFO  CommonSwOperations.cs: 230 - Loaded 1 components for link Lidar_link
2025-04-28 06:57:46,483 INFO  CommonSwOperations.cs: 221 - Loading SolidWorks components for imu_link from C:\Users\Duc\OneDrive\3. STUDY\UNIVERSITY\4th YEAR - sem 1\PROJ ON ROBOOTIC\model3D\OldModel\assem1.SLDASM
2025-04-28 06:57:46,483 INFO  CommonSwOperations.cs: 245 - Loading component with PID hB     ???M P U 6 0 5 0 _ n u d e - 1 @ a s s e m 1             ?  
2025-04-28 06:57:46,483 INFO  CommonSwOperations.cs: 254 - Successfully loaded component C:\Users\Duc\OneDrive\3. STUDY\UNIVERSITY\4th YEAR - sem 1\PROJ ON ROBOOTIC\model3D\OldModel\mpu6050-accelerometer-module-1.snapshot.3\MPU6050_nude.SLDPRT
2025-04-28 06:57:46,483 INFO  CommonSwOperations.cs: 230 - Loaded 1 components for link imu_link
2025-04-28 06:57:46,724 INFO  SwAddin.cs: 344 - Showing property manager
2025-04-28 06:57:51,617 INFO  ExportPropertyManager.cs: 422 - Configuration saved
2025-04-28 06:57:51,621 INFO  ConfigurationSerialization.cs: 276 - URDF Configuration found
<Link z:Id="i1" xmlns="http://schemas.datacontract.org/2004/07/SW2URDF" xmlns:i="http://www.w3.org/2001/XMLSchema-instance" xmlns:z="http://schemas.microsoft.com/2003/10/Serialization/"><Attributes><Attribute z:Id="i2"><AttributeType>name</AttributeType><IsRequired>true</IsRequired><Value i:type="a:string" xmlns:a="http://www.w3.org/2001/XMLSchema">base_link</Value></Attribute></Attributes><ChildElements><URDFElement z:Id="i3" i:type="Inertial"><Attributes/><ChildElements><URDFElement z:Id="i4" i:type="Origin"><Attributes><Attribute z:Id="i5"><AttributeType>xyz</AttributeType><IsRequired>true</IsRequired><Value i:type="a:ArrayOfdouble" xmlns:a="http://schemas.microsoft.com/2003/10/Serialization/Arrays"><a:double>-0.00029960019977723611</a:double><a:double>-0.0007640618822739656</a:double><a:double>0.053754497718263156</a:double></Value></Attribute><Attribute z:Id="i6"><AttributeType>rpy</AttributeType><IsRequired>true</IsRequired><Value i:type="a:ArrayOfdouble" xmlns:a="http://schemas.microsoft.com/2003/10/Serialization/Arrays"><a:double>0</a:double><a:double>0</a:double><a:double>0</a:double></Value></Attribute></Attributes><ChildElements/><ElementName>origin</ElementName><required>false</required><RPYAttribute z:Ref="i6"/><XYZAttribute z:Ref="i5"/><isCustomized>false</isCustomized></URDFElement><URDFElement z:Id="i7" i:type="Mass"><Attributes><Attribute z:Id="i8"><AttributeType>value</AttributeType><IsRequired>true</IsRequired><Value i:type="a:double" xmlns:a="http://www.w3.org/2001/XMLSchema">0.47490204978631079</Value></Attribute></Attributes><ChildElements/><ElementName>mass</ElementName><required>false</required><ValueAttribute z:Ref="i8"/></URDFElement><URDFElement z:Id="i9" i:type="Inertia"><Attributes><Attribute z:Id="i10"><AttributeType>ixx</AttributeType><IsRequired>true</IsRequired><Value i:type="a:double" xmlns:a="http://www.w3.org/2001/XMLSchema">0.00092332986447731739</Value></Attribute><Attribute z:Id="i11"><AttributeType>ixy</AttributeType><IsRequired>true</IsRequired><Value i:type="a:double" xmlns:a="http://www.w3.org/2001/XMLSchema">-4.4322108794823523E-08</Value></Attribute><Attribute z:Id="i12"><AttributeType>ixz</AttributeType><IsRequired>true</IsRequired><Value i:type="a:double" xmlns:a="http://www.w3.org/2001/XMLSchema">-2.4999349307871503E-07</Value></Attribute><Attribute z:Id="i13"><AttributeType>iyy</AttributeType><IsRequired>true</IsRequired><Value i:type="a:double" xmlns:a="http://www.w3.org/2001/XMLSchema">0.0007996491749280325</Value></Attribute><Attribute z:Id="i14"><AttributeType>iyz</AttributeType><IsRequired>true</IsRequired><Value i:type="a:double" xmlns:a="http://www.w3.org/2001/XMLSchema">-3.8965322840190954E-09</Value></Attribute><Attribute z:Id="i15"><AttributeType>izz</AttributeType><IsRequired>true</IsRequired><Value i:type="a:double" xmlns:a="http://www.w3.org/2001/XMLSchema">0.0017130145824619603</Value></Attribute></Attributes><ChildElements/><ElementName>inertia</ElementName><required>false</required><IxxAttribute z:Ref="i10"/><IxyAttribute z:Ref="i11"/><IxzAttribute z:Ref="i12"/><IyyAttribute z:Ref="i13"/><IyzAttribute z:Ref="i14"/><IzzAttribute z:Ref="i15"/></URDFElement></ChildElements><ElementName>inertial</ElementName><required>false</required><Inertia z:Ref="i9"/><Mass z:Ref="i7"/><Origin z:Ref="i4"/></URDFElement><URDFElement z:Id="i16" i:type="Visual"><Attributes/><ChildElements><URDFElement z:Id="i17" i:type="Origin"><Attributes><Attribute z:Id="i18"><AttributeType>xyz</AttributeType><IsRequired>true</IsRequired><Value i:type="a:ArrayOfdouble" xmlns:a="http://schemas.microsoft.com/2003/10/Serialization/Arrays"><a:double>0</a:double><a:double>0</a:double><a:double>0</a:double></Value></Attribute><Attribute z:Id="i19"><AttributeType>rpy</AttributeType><IsRequired>true</IsRequired><Value i:type="a:ArrayOfdouble" xmlns:a="http://schemas.microsoft.com/2003/10/Serialization/Arrays"><a:double>0</a:double><a:double>0</a:double><a:double>0</a:double></Value></Attribute></Attributes><ChildElements/><ElementName>origin</ElementName><required>false</required><RPYAttribute z:Ref="i19"/><XYZAttribute z:Ref="i18"/><isCustomized>false</isCustomized></URDFElement><URDFElement z:Id="i20" i:type="Geometry"><Attributes/><ChildElements><URDFElement z:Id="i21" i:type="Mesh"><Attributes><Attribute z:Id="i22"><AttributeType>filename</AttributeType><IsRequired>true</IsRequired><Value i:nil="true"/></Attribute></Attributes><ChildElements/><ElementName>mesh</ElementName><required>false</required><FilenameAttribute z:Ref="i22"/></URDFElement></ChildElements><ElementName>geometry</ElementName><required>true</required><Mesh z:Ref="i21"/></URDFElement><URDFElement z:Id="i23" i:type="Material"><Attributes><Attribute z:Id="i24"><AttributeType>name</AttributeType><IsRequired>true</IsRequired><Value i:type="a:string" xmlns:a="http://www.w3.org/2001/XMLSchema"/></Attribute></Attributes><ChildElements><URDFElement z:Id="i25" i:type="Color"><Attributes><Attribute z:Id="i26"><AttributeType>rgba</AttributeType><IsRequired>true</IsRequired><Value i:type="a:ArrayOfdouble" xmlns:a="http://schemas.microsoft.com/2003/10/Serialization/Arrays"><a:double>0.792156862745098</a:double><a:double>0.81960784313725488</a:double><a:double>0.93333333333333335</a:double><a:double>1</a:double></Value></Attribute></Attributes><ChildElements/><ElementName>color</ElementName><required>false</required><RGBAAttribute z:Ref="i26"/></URDFElement><URDFElement z:Id="i27" i:type="Texture"><Attributes><Attribute z:Id="i28"><AttributeType>filename</AttributeType><IsRequired>true</IsRequired><Value i:nil="true"/></Attribute></Attributes><ChildElements/><ElementName>texture</ElementName><required>false</required><FilenameAttribute z:Ref="i28"/><wFilename/></URDFElement></ChildElements><ElementName>material</ElementName><required>false</required><Color z:Ref="i25"/><NameAttribute z:Ref="i24"/><Texture z:Ref="i27"/></URDFElement></ChildElements><ElementName>visual</ElementName><required>false</required><Geometry z:Ref="i20"/><Material z:Ref="i23"/><Origin z:Ref="i17"/></URDFElement><URDFElement z:Id="i29" i:type="Collision"><Attributes/><ChildElements><URDFElement z:Id="i30" i:type="Origin"><Attributes><Attribute z:Id="i31"><AttributeType>xyz</AttributeType><IsRequired>true</IsRequired><Value i:type="a:ArrayOfdouble" xmlns:a="http://schemas.microsoft.com/2003/10/Serialization/Arrays"><a:double>0</a:double><a:double>0</a:double><a:double>0</a:double></Value></Attribute><Attribute z:Id="i32"><AttributeType>rpy</AttributeType><IsRequired>true</IsRequired><Value i:type="a:ArrayOfdouble" xmlns:a="http://schemas.microsoft.com/2003/10/Serialization/Arrays"><a:double>0</a:double><a:double>0</a:double><a:double>0</a:double></Value></Attribute></Attributes><ChildElements/><ElementName>origin</ElementName><required>false</required><RPYAttribute z:Ref="i32"/><XYZAttribute z:Ref="i31"/><isCustomized>false</isCustomized></URDFElement><URDFElement z:Id="i33" i:type="Geometry"><Attributes/><ChildElements><URDFElement z:Id="i34" i:type="Mesh"><Attributes><Attribute z:Id="i35"><AttributeType>filename</AttributeType><IsRequired>true</IsRequired><Value i:nil="true"/></Attribute></Attributes><ChildElements/><ElementName>mesh</ElementName><required>false</required><FilenameAttribute z:Ref="i35"/></URDFElement></ChildElements><ElementName>geometry</ElementName><required>true</required><Mesh z:Ref="i34"/></URDFElement></ChildElements><ElementName>collision</ElementName><required>false</required><Geometry z:Ref="i33"/><Origin z:Ref="i30"/></URDFElement><URDFElement z:Id="i36" i:type="Joint"><Attributes><Attribute z:Id="i37"><AttributeType>name</AttributeType><IsRequired>true</IsRequired><Value i:type="a:string" xmlns:a="http://www.w3.org/2001/XMLSchema"/></Attribute><Attribute z:Id="i38"><AttributeType>type</AttributeType><IsRequired>true</IsRequired><Value i:type="a:string" xmlns:a="http://www.w3.org/2001/XMLSchema"/></Attribute></Attributes><ChildElements><URDFElement z:Id="i39" i:type="Origin"><Attributes><Attribute z:Id="i40"><AttributeType>xyz</AttributeType><IsRequired>true</IsRequired><Value i:type="a:ArrayOfdouble" xmlns:a="http://schemas.microsoft.com/2003/10/Serialization/Arrays"><a:double>0</a:double><a:double>0</a:double><a:double>0</a:double></Value></Attribute><Attribute z:Id="i41"><AttributeType>rpy</AttributeType><IsRequired>true</IsRequired><Value i:type="a:ArrayOfdouble" xmlns:a="http://schemas.microsoft.com/2003/10/Serialization/Arrays"><a:double>0</a:double><a:double>0</a:double><a:double>0</a:double></Value></Attribute></Attributes><ChildElements/><ElementName>origin</ElementName><required>false</required><RPYAttribute z:Ref="i41"/><XYZAttribute z:Ref="i40"/><isCustomized>false</isCustomized></URDFElement><URDFElement z:Id="i42" i:type="ParentLink"><Attributes><Attribute z:Id="i43"><AttributeType>link</AttributeType><IsRequired>true</IsRequired><Value i:type="a:string" xmlns:a="http://www.w3.org/2001/XMLSchema"/></Attribute></Attributes><ChildElements/><ElementName>parent</ElementName><required>true</required><NameAttribute z:Ref="i43"/></URDFElement><URDFElement z:Id="i44" i:type="ChildLink"><Attributes><Attribute z:Id="i45"><AttributeType>link</AttributeType><IsRequired>true</IsRequired><Value i:type="a:string" xmlns:a="http://www.w3.org/2001/XMLSchema"/></Attribute></Attributes><ChildElements/><ElementName>child</ElementName><required>true</required><NameAttribute z:Ref="i45"/></URDFElement><URDFElement z:Id="i46" i:type="Axis"><Attributes><Attribute z:Id="i47"><AttributeType>xyz</AttributeType><IsRequired>true</IsRequired><Value i:type="a:ArrayOfdouble" xmlns:a="http://schemas.microsoft.com/2003/10/Serialization/Arrays"><a:double>0</a:double><a:double>0</a:double><a:double>0</a:double></Value></Attribute></Attributes><ChildElements/><ElementName>axis</ElementName><required>false</required><XYZAttribute z:Ref="i47"/></URDFElement><URDFElement z:Id="i48" i:type="Limit"><Attributes><Attribute z:Id="i49"><AttributeType>lower</AttributeType><IsRequired>false</IsRequired><Value i:nil="true"/></Attribute><Attribute z:Id="i50"><AttributeType>upper</AttributeType><IsRequired>false</IsRequired><Value i:nil="true"/></Attribute><Attribute z:Id="i51"><AttributeType>effort</AttributeType><IsRequired>true</IsRequired><Value i:nil="true"/></Attribute><Attribute z:Id="i52"><AttributeType>velocity</AttributeType><IsRequired>true</IsRequired><Value i:nil="true"/></Attribute></Attributes><ChildElements/><ElementName>limit</ElementName><required>false</required><EffortAttribute z:Ref="i51"/><LowerAttribute z:Ref="i49"/><UpperAttribute z:Ref="i50"/><VelocityAttribute z:Ref="i52"/></URDFElement><URDFElement z:Id="i53" i:type="Calibration"><Attributes><Attribute z:Id="i54"><AttributeType>rising</AttributeType><IsRequired>false</IsRequired><Value i:nil="true"/></Attribute><Attribute z:Id="i55"><AttributeType>falling</AttributeType><IsRequired>false</IsRequired><Value i:nil="true"/></Attribute></Attributes><ChildElements/><ElementName>calibration</ElementName><required>false</required><FallingAttribute z:Ref="i55"/><RisingAttribute z:Ref="i54"/></URDFElement><URDFElement z:Id="i56" i:type="Dynamics"><Attributes><Attribute z:Id="i57"><AttributeType>damping</AttributeType><IsRequired>false</IsRequired><Value i:nil="true"/></Attribute><Attribute z:Id="i58"><AttributeType>friction</AttributeType><IsRequired>false</IsRequired><Value i:nil="true"/></Attribute></Attributes><ChildElements/><ElementName>dynamics</ElementName><required>false</required><DampingAttribute z:Ref="i57"/><FrictionAttribute z:Ref="i58"/></URDFElement><URDFElement z:Id="i59" i:type="SafetyController"><Attributes><Attribute z:Id="i60"><AttributeType>soft_upper_limit</AttributeType><IsRequired>false</IsRequired><Value i:nil="true"/></Attribute><Attribute z:Id="i61"><AttributeType>soft_lower_limit</AttributeType><IsRequired>false</IsRequired><Value i:nil="true"/></Attribute><Attribute z:Id="i62"><AttributeType>k_position</AttributeType><IsRequired>false</IsRequired><Value i:nil="true"/></Attribute><Attribute z:Id="i63"><AttributeType>k_velocity</AttributeType><IsRequired>true</IsRequired><Value i:nil="true"/></Attribute></Attributes><ChildElements/><ElementName>safety_controller</ElementName><required>false</required><KPositionAttribute z:Ref="i62"/><KVelocityAttribute z:Ref="i63"/><SoftLowerAttribute z:Ref="i61"/><SoftUpperAttribute z:Ref="i60"/></URDFElement><URDFElement z:Id="i64" i:type="Mimic"><Attributes><Attribute z:Id="i65"><AttributeType>joint</AttributeType><IsRequired>true</IsRequired><Value i:nil="true"/></Attribute><Attribute z:Id="i66"><AttributeType>multiplier</AttributeType><IsRequired>false</IsRequired><Value i:nil="true"/></Attribute><Attribute z:Id="i67"><AttributeType>offset</AttributeType><IsRequired>false</IsRequired><Value i:nil="true"/></Attribute></Attributes><ChildElements/><ElementName>mimic</ElementName><required>false</required><JointNameAttribute z:Ref="i65"/><MultiplierAttribute z:Ref="i66"/><OffsetAttribute z:Ref="i67"/></URDFElement></ChildElements><ElementName>joint</ElementName><required>false</required><Axis z:Ref="i46"/><AxisName/><Calibration z:Ref="i53"/><Child z:Ref="i44"/><CoordinateSystemName>Base_origin</CoordinateSystemName><Dynamics z:Ref="i56"/><Limit z:Ref="i48"/><Mimic z:Ref="i64"/><NameAttribute z:Ref="i37"/><Origin z:Ref="i39"/><Parent z:Ref="i42"/><Safety z:Ref="i59"/><TypeAttribute z:Ref="i38"/></URDFElement></ChildElements><ElementName>link</ElementName><required>true</required><Children><Link z:Id="i68"><Attributes><Attribute z:Id="i69"><AttributeType>name</AttributeType><IsRequired>true</IsRequired><Value i:type="a:string" xmlns:a="http://www.w3.org/2001/XMLSchema">R_wheel_link</Value></Attribute></Attributes><ChildElements><URDFElement z:Id="i70" i:type="Inertial"><Attributes/><ChildElements><URDFElement z:Id="i71" i:type="Origin"><Attributes><Attribute z:Id="i72"><AttributeType>xyz</AttributeType><IsRequired>true</IsRequired><Value i:type="a:ArrayOfdouble" xmlns:a="http://schemas.microsoft.com/2003/10/Serialization/Arrays"><a:double>5.7991489720886531E-05</a:double><a:double>0.0058199863971848814</a:double><a:double>-0.0008508372650005056</a:double></Value></Attribute><Attribute z:Id="i73"><AttributeType>rpy</AttributeType><IsRequired>true</IsRequired><Value i:type="a:ArrayOfdouble" xmlns:a="http://schemas.microsoft.com/2003/10/Serialization/Arrays"><a:double>0</a:double><a:double>0</a:double><a:double>0</a:double></Value></Attribute></Attributes><ChildElements/><ElementName>origin</ElementName><required>false</required><RPYAttribute z:Ref="i73"/><XYZAttribute z:Ref="i72"/><isCustomized>false</isCustomized></URDFElement><URDFElement z:Id="i74" i:type="Mass"><Attributes><Attribute z:Id="i75"><AttributeType>value</AttributeType><IsRequired>true</IsRequired><Value i:type="a:double" xmlns:a="http://www.w3.org/2001/XMLSchema">0.041955149555898893</Value></Attribute></Attributes><ChildElements/><ElementName>mass</ElementName><required>false</required><ValueAttribute z:Ref="i75"/></URDFElement><URDFElement z:Id="i76" i:type="Inertia"><Attributes><Attribute z:Id="i77"><AttributeType>ixx</AttributeType><IsRequired>true</IsRequired><Value i:type="a:double" xmlns:a="http://www.w3.org/2001/XMLSchema">1.8373507938030858E-05</Value></Attribute><Attribute z:Id="i78"><AttributeType>ixy</AttributeType><IsRequired>true</IsRequired><Value i:type="a:double" xmlns:a="http://www.w3.org/2001/XMLSchema">-1.8161867336403867E-11</Value></Attribute><Attribute z:Id="i79"><AttributeType>ixz</AttributeType><IsRequired>true</IsRequired><Value i:type="a:double" xmlns:a="http://www.w3.org/2001/XMLSchema">-2.1106704777050554E-09</Value></Attribute><Attribute z:Id="i80"><AttributeType>iyy</AttributeType><IsRequired>true</IsRequired><Value i:type="a:double" xmlns:a="http://www.w3.org/2001/XMLSchema">3.0919329148918272E-05</Value></Attribute><Attribute z:Id="i81"><AttributeType>iyz</AttributeType><IsRequired>true</IsRequired><Value i:type="a:double" xmlns:a="http://www.w3.org/2001/XMLSchema">4.3006717639984455E-10</Value></Attribute><Attribute z:Id="i82"><AttributeType>izz</AttributeType><IsRequired>true</IsRequired><Value i:type="a:double" xmlns:a="http://www.w3.org/2001/XMLSchema">1.8408240459889539E-05</Value></Attribute></Attributes><ChildElements/><ElementName>inertia</ElementName><required>false</required><IxxAttribute z:Ref="i77"/><IxyAttribute z:Ref="i78"/><IxzAttribute z:Ref="i79"/><IyyAttribute z:Ref="i80"/><IyzAttribute z:Ref="i81"/><IzzAttribute z:Ref="i82"/></URDFElement></ChildElements><ElementName>inertial</ElementName><required>false</required><Inertia z:Ref="i76"/><Mass z:Ref="i74"/><Origin z:Ref="i71"/></URDFElement><URDFElement z:Id="i83" i:type="Visual"><Attributes/><ChildElements><URDFElement z:Id="i84" i:type="Origin"><Attributes><Attribute z:Id="i85"><AttributeType>xyz</AttributeType><IsRequired>true</IsRequired><Value i:type="a:ArrayOfdouble" xmlns:a="http://schemas.microsoft.com/2003/10/Serialization/Arrays"><a:double>0</a:double><a:double>0</a:double><a:double>0</a:double></Value></Attribute><Attribute z:Id="i86"><AttributeType>rpy</AttributeType><IsRequired>true</IsRequired><Value i:type="a:ArrayOfdouble" xmlns:a="http://schemas.microsoft.com/2003/10/Serialization/Arrays"><a:double>0</a:double><a:double>0</a:double><a:double>0</a:double></Value></Attribute></Attributes><ChildElements/><ElementName>origin</ElementName><required>false</required><RPYAttribute z:Ref="i86"/><XYZAttribute z:Ref="i85"/><isCustomized>false</isCustomized></URDFElement><URDFElement z:Id="i87" i:type="Geometry"><Attributes/><ChildElements><URDFElement z:Id="i88" i:type="Mesh"><Attributes><Attribute z:Id="i89"><AttributeType>filename</AttributeType><IsRequired>true</IsRequired><Value i:nil="true"/></Attribute></Attributes><ChildElements/><ElementName>mesh</ElementName><required>false</required><FilenameAttribute z:Ref="i89"/></URDFElement></ChildElements><ElementName>geometry</ElementName><required>true</required><Mesh z:Ref="i88"/></URDFElement><URDFElement z:Id="i90" i:type="Material"><Attributes><Attribute z:Id="i91"><AttributeType>name</AttributeType><IsRequired>true</IsRequired><Value i:type="a:string" xmlns:a="http://www.w3.org/2001/XMLSchema"/></Attribute></Attributes><ChildElements><URDFElement z:Id="i92" i:type="Color"><Attributes><Attribute z:Id="i93"><AttributeType>rgba</AttributeType><IsRequired>true</IsRequired><Value i:type="a:ArrayOfdouble" xmlns:a="http://schemas.microsoft.com/2003/10/Serialization/Arrays"><a:double>0.792156862745098</a:double><a:double>0.81960784313725488</a:double><a:double>0.93333333333333335</a:double><a:double>1</a:double></Value></Attribute></Attributes><ChildElements/><ElementName>color</ElementName><required>false</required><RGBAAttribute z:Ref="i93"/></URDFElement><URDFElement z:Id="i94" i:type="Texture"><Attributes><Attribute z:Id="i95"><AttributeType>filename</AttributeType><IsRequired>true</IsRequired><Value i:nil="true"/></Attribute></Attributes><ChildElements/><ElementName>texture</ElementName><required>false</required><FilenameAttribute z:Ref="i95"/><wFilename/></URDFElement></ChildElements><ElementName>material</ElementName><required>false</required><Color z:Ref="i92"/><NameAttribute z:Ref="i91"/><Texture z:Ref="i94"/></URDFElement></ChildElements><ElementName>visual</ElementName><required>false</required><Geometry z:Ref="i87"/><Material z:Ref="i90"/><Origin z:Ref="i84"/></URDFElement><URDFElement z:Id="i96" i:type="Collision"><Attributes/><ChildElements><URDFElement z:Id="i97" i:type="Origin"><Attributes><Attribute z:Id="i98"><AttributeType>xyz</AttributeType><IsRequired>true</IsRequired><Value i:type="a:ArrayOfdouble" xmlns:a="http://schemas.microsoft.com/2003/10/Serialization/Arrays"><a:double>0</a:double><a:double>0</a:double><a:double>0</a:double></Value></Attribute><Attribute z:Id="i99"><AttributeType>rpy</AttributeType><IsRequired>true</IsRequired><Value i:type="a:ArrayOfdouble" xmlns:a="http://schemas.microsoft.com/2003/10/Serialization/Arrays"><a:double>0</a:double><a:double>0</a:double><a:double>0</a:double></Value></Attribute></Attributes><ChildElements/><ElementName>origin</ElementName><required>false</required><RPYAttribute z:Ref="i99"/><XYZAttribute z:Ref="i98"/><isCustomized>false</isCustomized></URDFElement><URDFElement z:Id="i100" i:type="Geometry"><Attributes/><ChildElements><URDFElement z:Id="i101" i:type="Mesh"><Attributes><Attribute z:Id="i102"><AttributeType>filename</AttributeType><IsRequired>true</IsRequired><Value i:nil="true"/></Attribute></Attributes><ChildElements/><ElementName>mesh</ElementName><required>false</required><FilenameAttribute z:Ref="i102"/></URDFElement></ChildElements><ElementName>geometry</ElementName><required>true</required><Mesh z:Ref="i101"/></URDFElement></ChildElements><ElementName>collision</ElementName><required>false</required><Geometry z:Ref="i100"/><Origin z:Ref="i97"/></URDFElement><URDFElement z:Id="i103" i:type="Joint"><Attributes><Attribute z:Id="i104"><AttributeType>name</AttributeType><IsRequired>true</IsRequired><Value i:type="a:string" xmlns:a="http://www.w3.org/2001/XMLSchema">Rwheel_joint</Value></Attribute><Attribute z:Id="i105"><AttributeType>type</AttributeType><IsRequired>true</IsRequired><Value i:type="a:string" xmlns:a="http://www.w3.org/2001/XMLSchema">continuous</Value></Attribute></Attributes><ChildElements><URDFElement z:Id="i106" i:type="Origin"><Attributes><Attribute z:Id="i107"><AttributeType>xyz</AttributeType><IsRequired>true</IsRequired><Value i:type="a:ArrayOfdouble" xmlns:a="http://schemas.microsoft.com/2003/10/Serialization/Arrays"><a:double>-0.00040439175433133571</a:double><a:double>-0.10525110642810885</a:double><a:double>0.025000000000000112</a:double></Value></Attribute><Attribute z:Id="i108"><AttributeType>rpy</AttributeType><IsRequired>true</IsRequired><Value i:type="a:ArrayOfdouble" xmlns:a="http://schemas.microsoft.com/2003/10/Serialization/Arrays"><a:double>0</a:double><a:double>0</a:double><a:double>0</a:double></Value></Attribute></Attributes><ChildElements/><ElementName>origin</ElementName><required>false</required><RPYAttribute z:Ref="i108"/><XYZAttribute z:Ref="i107"/><isCustomized>false</isCustomized></URDFElement><URDFElement z:Id="i109" i:type="ParentLink"><Attributes><Attribute z:Id="i110"><AttributeType>link</AttributeType><IsRequired>true</IsRequired><Value i:type="a:string" xmlns:a="http://www.w3.org/2001/XMLSchema">base_link</Value></Attribute></Attributes><ChildElements/><ElementName>parent</ElementName><required>true</required><NameAttribute z:Ref="i110"/></URDFElement><URDFElement z:Id="i111" i:type="ChildLink"><Attributes><Attribute z:Id="i112"><AttributeType>link</AttributeType><IsRequired>true</IsRequired><Value i:type="a:string" xmlns:a="http://www.w3.org/2001/XMLSchema">R_wheel</Value></Attribute></Attributes><ChildElements/><ElementName>child</ElementName><required>true</required><NameAttribute z:Ref="i112"/></URDFElement><URDFElement z:Id="i113" i:type="Axis"><Attributes><Attribute z:Id="i114"><AttributeType>xyz</AttributeType><IsRequired>true</IsRequired><Value i:type="a:ArrayOfdouble" xmlns:a="http://schemas.microsoft.com/2003/10/Serialization/Arrays"><a:double>0</a:double><a:double>-1</a:double><a:double>0</a:double></Value></Attribute></Attributes><ChildElements/><ElementName>axis</ElementName><required>false</required><XYZAttribute z:Ref="i114"/></URDFElement><URDFElement z:Id="i115" i:type="Limit"><Attributes><Attribute z:Id="i116"><AttributeType>lower</AttributeType><IsRequired>false</IsRequired><Value i:nil="true"/></Attribute><Attribute z:Id="i117"><AttributeType>upper</AttributeType><IsRequired>false</IsRequired><Value i:nil="true"/></Attribute><Attribute z:Id="i118"><AttributeType>effort</AttributeType><IsRequired>true</IsRequired><Value i:nil="true"/></Attribute><Attribute z:Id="i119"><AttributeType>velocity</AttributeType><IsRequired>true</IsRequired><Value i:nil="true"/></Attribute></Attributes><ChildElements/><ElementName>limit</ElementName><required>false</required><EffortAttribute z:Ref="i118"/><LowerAttribute z:Ref="i116"/><UpperAttribute z:Ref="i117"/><VelocityAttribute z:Ref="i119"/></URDFElement><URDFElement z:Id="i120" i:type="Calibration"><Attributes><Attribute z:Id="i121"><AttributeType>rising</AttributeType><IsRequired>false</IsRequired><Value i:nil="true"/></Attribute><Attribute z:Id="i122"><AttributeType>falling</AttributeType><IsRequired>false</IsRequired><Value i:nil="true"/></Attribute></Attributes><ChildElements/><ElementName>calibration</ElementName><required>false</required><FallingAttribute z:Ref="i122"/><RisingAttribute z:Ref="i121"/></URDFElement><URDFElement z:Id="i123" i:type="Dynamics"><Attributes><Attribute z:Id="i124"><AttributeType>damping</AttributeType><IsRequired>false</IsRequired><Value i:nil="true"/></Attribute><Attribute z:Id="i125"><AttributeType>friction</AttributeType><IsRequired>false</IsRequired><Value i:nil="true"/></Attribute></Attributes><ChildElements/><ElementName>dynamics</ElementName><required>false</required><DampingAttribute z:Ref="i124"/><FrictionAttribute z:Ref="i125"/></URDFElement><URDFElement z:Id="i126" i:type="SafetyController"><Attributes><Attribute z:Id="i127"><AttributeType>soft_upper_limit</AttributeType><IsRequired>false</IsRequired><Value i:nil="true"/></Attribute><Attribute z:Id="i128"><AttributeType>soft_lower_limit</AttributeType><IsRequired>false</IsRequired><Value i:nil="true"/></Attribute><Attribute z:Id="i129"><AttributeType>k_position</AttributeType><IsRequired>false</IsRequired><Value i:nil="true"/></Attribute><Attribute z:Id="i130"><AttributeType>k_velocity</AttributeType><IsRequired>true</IsRequired><Value i:nil="true"/></Attribute></Attributes><ChildElements/><ElementName>safety_controller</ElementName><required>false</required><KPositionAttribute z:Ref="i129"/><KVelocityAttribute z:Ref="i130"/><SoftLowerAttribute z:Ref="i128"/><SoftUpperAttribute z:Ref="i127"/></URDFElement><URDFElement z:Id="i131" i:type="Mimic"><Attributes><Attribute z:Id="i132"><AttributeType>joint</AttributeType><IsRequired>true</IsRequired><Value i:nil="true"/></Attribute><Attribute z:Id="i133"><AttributeType>multiplier</AttributeType><IsRequired>false</IsRequired><Value i:nil="true"/></Attribute><Attribute z:Id="i134"><AttributeType>offset</AttributeType><IsRequired>false</IsRequired><Value i:nil="true"/></Attribute></Attributes><ChildElements/><ElementName>mimic</ElementName><required>false</required><JointNameAttribute z:Ref="i132"/><MultiplierAttribute z:Ref="i133"/><OffsetAttribute z:Ref="i134"/></URDFElement></ChildElements><ElementName>joint</ElementName><required>false</required><Axis z:Ref="i113"/><AxisName>Axis_wheel</AxisName><Calibration z:Ref="i120"/><Child z:Ref="i111"/><CoordinateSystemName>R_origin</CoordinateSystemName><Dynamics z:Ref="i123"/><Limit z:Ref="i115"/><Mimic z:Ref="i131"/><NameAttribute z:Ref="i104"/><Origin z:Ref="i106"/><Parent z:Ref="i109"/><Safety z:Ref="i126"/><TypeAttribute z:Ref="i105"/></URDFElement></ChildElements><ElementName>link</ElementName><required>true</required><Children/><Collision z:Ref="i96"/><Inertial z:Ref="i70"/><Joint z:Ref="i103"/><NameAttribute z:Ref="i69"/><Parent z:Ref="i1"/><STLQualityFine>false</STLQualityFine><SWComponentPIDs xmlns:a="http://schemas.microsoft.com/2003/10/Serialization/Arrays"><a:base64Binary>aEIAAAUAAAD//v8nYwBvAHAAcABlAHIAXwB3AGgAZQBlAGwAXwB3AGkAdABoAF8AYQBkAGEAcAB0AGUAcgBfAHAAYQByAHQALQAxAEAAYQBzAHMAZQBtADEABAAAABAAAAABAAAAAQAAAOcBAAA=</a:base64Binary></SWComponentPIDs><SWMainComponentPID i:nil="true"/><Visual z:Ref="i83"/><isFixedFrame>false</isFixedFrame><isIncomplete>false</isIncomplete></Link><Link z:Id="i135"><Attributes><Attribute z:Id="i136"><AttributeType>name</AttributeType><IsRequired>true</IsRequired><Value i:type="a:string" xmlns:a="http://www.w3.org/2001/XMLSchema">L_wheel_link</Value></Attribute></Attributes><ChildElements><URDFElement z:Id="i137" i:type="Inertial"><Attributes/><ChildElements><URDFElement z:Id="i138" i:type="Origin"><Attributes><Attribute z:Id="i139"><AttributeType>xyz</AttributeType><IsRequired>true</IsRequired><Value i:type="a:ArrayOfdouble" xmlns:a="http://schemas.microsoft.com/2003/10/Serialization/Arrays"><a:double>-0.00041032411340115663</a:double><a:double>-0.0058199863971911819</a:double><a:double>0.00074761031728983645</a:double></Value></Attribute><Attribute z:Id="i140"><AttributeType>rpy</AttributeType><IsRequired>true</IsRequired><Value i:type="a:ArrayOfdouble" xmlns:a="http://schemas.microsoft.com/2003/10/Serialization/Arrays"><a:double>0</a:double><a:double>0</a:double><a:double>0</a:double></Value></Attribute></Attributes><ChildElements/><ElementName>origin</ElementName><required>false</required><RPYAttribute z:Ref="i140"/><XYZAttribute z:Ref="i139"/><isCustomized>false</isCustomized></URDFElement><URDFElement z:Id="i141" i:type="Mass"><Attributes><Attribute z:Id="i142"><AttributeType>value</AttributeType><IsRequired>true</IsRequired><Value i:type="a:double" xmlns:a="http://www.w3.org/2001/XMLSchema">0.041955149555870666</Value></Attribute></Attributes><ChildElements/><ElementName>mass</ElementName><required>false</required><ValueAttribute z:Ref="i142"/></URDFElement><URDFElement z:Id="i143" i:type="Inertia"><Attributes><Attribute z:Id="i144"><AttributeType>ixx</AttributeType><IsRequired>true</IsRequired><Value i:type="a:double" xmlns:a="http://www.w3.org/2001/XMLSchema">1.8381704642724268E-05</Value></Attribute><Attribute z:Id="i145"><AttributeType>ixy</AttributeType><IsRequired>true</IsRequired><Value i:type="a:double" xmlns:a="http://www.w3.org/2001/XMLSchema">-2.1679157785034641E-10</Value></Attribute><Attribute z:Id="i146"><AttributeType>ixz</AttributeType><IsRequired>true</IsRequired><Value i:type="a:double" xmlns:a="http://www.w3.org/2001/XMLSchema">-1.4898361886727485E-08</Value></Attribute><Attribute z:Id="i147"><AttributeType>iyy</AttributeType><IsRequired>true</IsRequired><Value i:type="a:double" xmlns:a="http://www.w3.org/2001/XMLSchema">3.0919329148921755E-05</Value></Attribute><Attribute z:Id="i148"><AttributeType>iyz</AttributeType><IsRequired>true</IsRequired><Value i:type="a:double" xmlns:a="http://www.w3.org/2001/XMLSchema">3.7187230586482815E-10</Value></Attribute><Attribute z:Id="i149"><AttributeType>izz</AttributeType><IsRequired>true</IsRequired><Value i:type="a:double" xmlns:a="http://www.w3.org/2001/XMLSchema">1.8400043755197284E-05</Value></Attribute></Attributes><ChildElements/><ElementName>inertia</ElementName><required>false</required><IxxAttribute z:Ref="i144"/><IxyAttribute z:Ref="i145"/><IxzAttribute z:Ref="i146"/><IyyAttribute z:Ref="i147"/><IyzAttribute z:Ref="i148"/><IzzAttribute z:Ref="i149"/></URDFElement></ChildElements><ElementName>inertial</ElementName><required>false</required><Inertia z:Ref="i143"/><Mass z:Ref="i141"/><Origin z:Ref="i138"/></URDFElement><URDFElement z:Id="i150" i:type="Visual"><Attributes/><ChildElements><URDFElement z:Id="i151" i:type="Origin"><Attributes><Attribute z:Id="i152"><AttributeType>xyz</AttributeType><IsRequired>true</IsRequired><Value i:type="a:ArrayOfdouble" xmlns:a="http://schemas.microsoft.com/2003/10/Serialization/Arrays"><a:double>0</a:double><a:double>0</a:double><a:double>0</a:double></Value></Attribute><Attribute z:Id="i153"><AttributeType>rpy</AttributeType><IsRequired>true</IsRequired><Value i:type="a:ArrayOfdouble" xmlns:a="http://schemas.microsoft.com/2003/10/Serialization/Arrays"><a:double>0</a:double><a:double>0</a:double><a:double>0</a:double></Value></Attribute></Attributes><ChildElements/><ElementName>origin</ElementName><required>false</required><RPYAttribute z:Ref="i153"/><XYZAttribute z:Ref="i152"/><isCustomized>false</isCustomized></URDFElement><URDFElement z:Id="i154" i:type="Geometry"><Attributes/><ChildElements><URDFElement z:Id="i155" i:type="Mesh"><Attributes><Attribute z:Id="i156"><AttributeType>filename</AttributeType><IsRequired>true</IsRequired><Value i:nil="true"/></Attribute></Attributes><ChildElements/><ElementName>mesh</ElementName><required>false</required><FilenameAttribute z:Ref="i156"/></URDFElement></ChildElements><ElementName>geometry</ElementName><required>true</required><Mesh z:Ref="i155"/></URDFElement><URDFElement z:Id="i157" i:type="Material"><Attributes><Attribute z:Id="i158"><AttributeType>name</AttributeType><IsRequired>true</IsRequired><Value i:type="a:string" xmlns:a="http://www.w3.org/2001/XMLSchema"/></Attribute></Attributes><ChildElements><URDFElement z:Id="i159" i:type="Color"><Attributes><Attribute z:Id="i160"><AttributeType>rgba</AttributeType><IsRequired>true</IsRequired><Value i:type="a:ArrayOfdouble" xmlns:a="http://schemas.microsoft.com/2003/10/Serialization/Arrays"><a:double>0.792156862745098</a:double><a:double>0.81960784313725488</a:double><a:double>0.93333333333333335</a:double><a:double>1</a:double></Value></Attribute></Attributes><ChildElements/><ElementName>color</ElementName><required>false</required><RGBAAttribute z:Ref="i160"/></URDFElement><URDFElement z:Id="i161" i:type="Texture"><Attributes><Attribute z:Id="i162"><AttributeType>filename</AttributeType><IsRequired>true</IsRequired><Value i:nil="true"/></Attribute></Attributes><ChildElements/><ElementName>texture</ElementName><required>false</required><FilenameAttribute z:Ref="i162"/><wFilename/></URDFElement></ChildElements><ElementName>material</ElementName><required>false</required><Color z:Ref="i159"/><NameAttribute z:Ref="i158"/><Texture z:Ref="i161"/></URDFElement></ChildElements><ElementName>visual</ElementName><required>false</required><Geometry z:Ref="i154"/><Material z:Ref="i157"/><Origin z:Ref="i151"/></URDFElement><URDFElement z:Id="i163" i:type="Collision"><Attributes/><ChildElements><URDFElement z:Id="i164" i:type="Origin"><Attributes><Attribute z:Id="i165"><AttributeType>xyz</AttributeType><IsRequired>true</IsRequired><Value i:type="a:ArrayOfdouble" xmlns:a="http://schemas.microsoft.com/2003/10/Serialization/Arrays"><a:double>0</a:double><a:double>0</a:double><a:double>0</a:double></Value></Attribute><Attribute z:Id="i166"><AttributeType>rpy</AttributeType><IsRequired>true</IsRequired><Value i:type="a:ArrayOfdouble" xmlns:a="http://schemas.microsoft.com/2003/10/Serialization/Arrays"><a:double>0</a:double><a:double>0</a:double><a:double>0</a:double></Value></Attribute></Attributes><ChildElements/><ElementName>origin</ElementName><required>false</required><RPYAttribute z:Ref="i166"/><XYZAttribute z:Ref="i165"/><isCustomized>false</isCustomized></URDFElement><URDFElement z:Id="i167" i:type="Geometry"><Attributes/><ChildElements><URDFElement z:Id="i168" i:type="Mesh"><Attributes><Attribute z:Id="i169"><AttributeType>filename</AttributeType><IsRequired>true</IsRequired><Value i:nil="true"/></Attribute></Attributes><ChildElements/><ElementName>mesh</ElementName><required>false</required><FilenameAttribute z:Ref="i169"/></URDFElement></ChildElements><ElementName>geometry</ElementName><required>true</required><Mesh z:Ref="i168"/></URDFElement></ChildElements><ElementName>collision</ElementName><required>false</required><Geometry z:Ref="i167"/><Origin z:Ref="i164"/></URDFElement><URDFElement z:Id="i170" i:type="Joint"><Attributes><Attribute z:Id="i171"><AttributeType>name</AttributeType><IsRequired>true</IsRequired><Value i:type="a:string" xmlns:a="http://www.w3.org/2001/XMLSchema">Lwheel_joint</Value></Attribute><Attribute z:Id="i172"><AttributeType>type</AttributeType><IsRequired>true</IsRequired><Value i:type="a:string" xmlns:a="http://www.w3.org/2001/XMLSchema">continuous</Value></Attribute></Attributes><ChildElements><URDFElement z:Id="i173" i:type="Origin"><Attributes><Attribute z:Id="i174"><AttributeType>xyz</AttributeType><IsRequired>true</IsRequired><Value i:type="a:ArrayOfdouble" xmlns:a="http://schemas.microsoft.com/2003/10/Serialization/Arrays"><a:double>-0.00040439175433133832</a:double><a:double>0.10525110642810892</a:double><a:double>0.025000000000000827</a:double></Value></Attribute><Attribute z:Id="i175"><AttributeType>rpy</AttributeType><IsRequired>true</IsRequired><Value i:type="a:ArrayOfdouble" xmlns:a="http://schemas.microsoft.com/2003/10/Serialization/Arrays"><a:double>0</a:double><a:double>0</a:double><a:double>0</a:double></Value></Attribute></Attributes><ChildElements/><ElementName>origin</ElementName><required>false</required><RPYAttribute z:Ref="i175"/><XYZAttribute z:Ref="i174"/><isCustomized>false</isCustomized></URDFElement><URDFElement z:Id="i176" i:type="ParentLink"><Attributes><Attribute z:Id="i177"><AttributeType>link</AttributeType><IsRequired>true</IsRequired><Value i:type="a:string" xmlns:a="http://www.w3.org/2001/XMLSchema">base_link</Value></Attribute></Attributes><ChildElements/><ElementName>parent</ElementName><required>true</required><NameAttribute z:Ref="i177"/></URDFElement><URDFElement z:Id="i178" i:type="ChildLink"><Attributes><Attribute z:Id="i179"><AttributeType>link</AttributeType><IsRequired>true</IsRequired><Value i:type="a:string" xmlns:a="http://www.w3.org/2001/XMLSchema">L_wheel</Value></Attribute></Attributes><ChildElements/><ElementName>child</ElementName><required>true</required><NameAttribute z:Ref="i179"/></URDFElement><URDFElement z:Id="i180" i:type="Axis"><Attributes><Attribute z:Id="i181"><AttributeType>xyz</AttributeType><IsRequired>true</IsRequired><Value i:type="a:ArrayOfdouble" xmlns:a="http://schemas.microsoft.com/2003/10/Serialization/Arrays"><a:double>0</a:double><a:double>-1</a:double><a:double>0</a:double></Value></Attribute></Attributes><ChildElements/><ElementName>axis</ElementName><required>false</required><XYZAttribute z:Ref="i181"/></URDFElement><URDFElement z:Id="i182" i:type="Limit"><Attributes><Attribute z:Id="i183"><AttributeType>lower</AttributeType><IsRequired>false</IsRequired><Value i:nil="true"/></Attribute><Attribute z:Id="i184"><AttributeType>upper</AttributeType><IsRequired>false</IsRequired><Value i:nil="true"/></Attribute><Attribute z:Id="i185"><AttributeType>effort</AttributeType><IsRequired>true</IsRequired><Value i:nil="true"/></Attribute><Attribute z:Id="i186"><AttributeType>velocity</AttributeType><IsRequired>true</IsRequired><Value i:nil="true"/></Attribute></Attributes><ChildElements/><ElementName>limit</ElementName><required>false</required><EffortAttribute z:Ref="i185"/><LowerAttribute z:Ref="i183"/><UpperAttribute z:Ref="i184"/><VelocityAttribute z:Ref="i186"/></URDFElement><URDFElement z:Id="i187" i:type="Calibration"><Attributes><Attribute z:Id="i188"><AttributeType>rising</AttributeType><IsRequired>false</IsRequired><Value i:nil="true"/></Attribute><Attribute z:Id="i189"><AttributeType>falling</AttributeType><IsRequired>false</IsRequired><Value i:nil="true"/></Attribute></Attributes><ChildElements/><ElementName>calibration</ElementName><required>false</required><FallingAttribute z:Ref="i189"/><RisingAttribute z:Ref="i188"/></URDFElement><URDFElement z:Id="i190" i:type="Dynamics"><Attributes><Attribute z:Id="i191"><AttributeType>damping</AttributeType><IsRequired>false</IsRequired><Value i:nil="true"/></Attribute><Attribute z:Id="i192"><AttributeType>friction</AttributeType><IsRequired>false</IsRequired><Value i:nil="true"/></Attribute></Attributes><ChildElements/><ElementName>dynamics</ElementName><required>false</required><DampingAttribute z:Ref="i191"/><FrictionAttribute z:Ref="i192"/></URDFElement><URDFElement z:Id="i193" i:type="SafetyController"><Attributes><Attribute z:Id="i194"><AttributeType>soft_upper_limit</AttributeType><IsRequired>false</IsRequired><Value i:nil="true"/></Attribute><Attribute z:Id="i195"><AttributeType>soft_lower_limit</AttributeType><IsRequired>false</IsRequired><Value i:nil="true"/></Attribute><Attribute z:Id="i196"><AttributeType>k_position</AttributeType><IsRequired>false</IsRequired><Value i:nil="true"/></Attribute><Attribute z:Id="i197"><AttributeType>k_velocity</AttributeType><IsRequired>true</IsRequired><Value i:nil="true"/></Attribute></Attributes><ChildElements/><ElementName>safety_controller</ElementName><required>false</required><KPositionAttribute z:Ref="i196"/><KVelocityAttribute z:Ref="i197"/><SoftLowerAttribute z:Ref="i195"/><SoftUpperAttribute z:Ref="i194"/></URDFElement><URDFElement z:Id="i198" i:type="Mimic"><Attributes><Attribute z:Id="i199"><AttributeType>joint</AttributeType><IsRequired>true</IsRequired><Value i:nil="true"/></Attribute><Attribute z:Id="i200"><AttributeType>multiplier</AttributeType><IsRequired>false</IsRequired><Value i:nil="true"/></Attribute><Attribute z:Id="i201"><AttributeType>offset</AttributeType><IsRequired>false</IsRequired><Value i:nil="true"/></Attribute></Attributes><ChildElements/><ElementName>mimic</ElementName><required>false</required><JointNameAttribute z:Ref="i199"/><MultiplierAttribute z:Ref="i200"/><OffsetAttribute z:Ref="i201"/></URDFElement></ChildElements><ElementName>joint</ElementName><required>false</required><Axis z:Ref="i180"/><AxisName>Axis_wheel</AxisName><Calibration z:Ref="i187"/><Child z:Ref="i178"/><CoordinateSystemName>L_origin</CoordinateSystemName><Dynamics z:Ref="i190"/><Limit z:Ref="i182"/><Mimic z:Ref="i198"/><NameAttribute z:Ref="i171"/><Origin z:Ref="i173"/><Parent z:Ref="i176"/><Safety z:Ref="i193"/><TypeAttribute z:Ref="i172"/></URDFElement></ChildElements><ElementName>link</ElementName><required>true</required><Children/><Collision z:Ref="i163"/><Inertial z:Ref="i137"/><Joint z:Ref="i170"/><NameAttribute z:Ref="i136"/><Parent z:Ref="i1"/><STLQualityFine>false</STLQualityFine><SWComponentPIDs xmlns:a="http://schemas.microsoft.com/2003/10/Serialization/Arrays"><a:base64Binary>aEIAAAUAAAD//v8nYwBvAHAAcABlAHIAXwB3AGgAZQBlAGwAXwB3AGkAdABoAF8AYQBkAGEAcAB0AGUAcgBfAHAAYQByAHQALQAyAEAAYQBzAHMAZQBtADEABAAAABAAAAABAAAAAQAAAOoBAAA=</a:base64Binary></SWComponentPIDs><SWMainComponentPID i:nil="true"/><Visual z:Ref="i150"/><isFixedFrame>false</isFixedFrame><isIncomplete>false</isIncomplete></Link><Link z:Id="i202"><Attributes><Attribute z:Id="i203"><AttributeType>name</AttributeType><IsRequired>true</IsRequired><Value i:type="a:string" xmlns:a="http://www.w3.org/2001/XMLSchema">Ball_front_link</Value></Attribute></Attributes><ChildElements><URDFElement z:Id="i204" i:type="Inertial"><Attributes/><ChildElements><URDFElement z:Id="i205" i:type="Origin"><Attributes><Attribute z:Id="i206"><AttributeType>xyz</AttributeType><IsRequired>true</IsRequired><Value i:type="a:ArrayOfdouble" xmlns:a="http://schemas.microsoft.com/2003/10/Serialization/Arrays"><a:double>4.3021142204224816E-16</a:double><a:double>-6.3696315145602561E-06</a:double><a:double>0.0054783181552000987</a:double></Value></Attribute><Attribute z:Id="i207"><AttributeType>rpy</AttributeType><IsRequired>true</IsRequired><Value i:type="a:ArrayOfdouble" xmlns:a="http://schemas.microsoft.com/2003/10/Serialization/Arrays"><a:double>0</a:double><a:double>0</a:double><a:double>0</a:double></Value></Attribute></Attributes><ChildElements/><ElementName>origin</ElementName><required>false</required><RPYAttribute z:Ref="i207"/><XYZAttribute z:Ref="i206"/><isCustomized>false</isCustomized></URDFElement><URDFElement z:Id="i208" i:type="Mass"><Attributes><Attribute z:Id="i209"><AttributeType>value</AttributeType><IsRequired>true</IsRequired><Value i:type="a:double" xmlns:a="http://www.w3.org/2001/XMLSchema">0.0051732918664278843</Value></Attribute></Attributes><ChildElements/><ElementName>mass</ElementName><required>false</required><ValueAttribute z:Ref="i209"/></URDFElement><URDFElement z:Id="i210" i:type="Inertia"><Attributes><Attribute z:Id="i211"><AttributeType>ixx</AttributeType><IsRequired>true</IsRequired><Value i:type="a:double" xmlns:a="http://www.w3.org/2001/XMLSchema">4.82436001286388E-07</Value></Attribute><Attribute z:Id="i212"><AttributeType>ixy</AttributeType><IsRequired>true</IsRequired><Value i:type="a:double" xmlns:a="http://www.w3.org/2001/XMLSchema">6.8036953124099755E-16</Value></Attribute><Attribute z:Id="i213"><AttributeType>ixz</AttributeType><IsRequired>true</IsRequired><Value i:type="a:double" xmlns:a="http://www.w3.org/2001/XMLSchema">7.4471771018533854E-23</Value></Attribute><Attribute z:Id="i214"><AttributeType>iyy</AttributeType><IsRequired>true</IsRequired><Value i:type="a:double" xmlns:a="http://www.w3.org/2001/XMLSchema">2.1717606375324104E-07</Value></Attribute><Attribute z:Id="i215"><AttributeType>iyz</AttributeType><IsRequired>true</IsRequired><Value i:type="a:double" xmlns:a="http://www.w3.org/2001/XMLSchema">2.5529250701518847E-10</Value></Attribute><Attribute z:Id="i216"><AttributeType>izz</AttributeType><IsRequired>true</IsRequired><Value i:type="a:double" xmlns:a="http://www.w3.org/2001/XMLSchema">5.286393882496393E-07</Value></Attribute></Attributes><ChildElements/><ElementName>inertia</ElementName><required>false</required><IxxAttribute z:Ref="i211"/><IxyAttribute z:Ref="i212"/><IxzAttribute z:Ref="i213"/><IyyAttribute z:Ref="i214"/><IyzAttribute z:Ref="i215"/><IzzAttribute z:Ref="i216"/></URDFElement></ChildElements><ElementName>inertial</ElementName><required>false</required><Inertia z:Ref="i210"/><Mass z:Ref="i208"/><Origin z:Ref="i205"/></URDFElement><URDFElement z:Id="i217" i:type="Visual"><Attributes/><ChildElements><URDFElement z:Id="i218" i:type="Origin"><Attributes><Attribute z:Id="i219"><AttributeType>xyz</AttributeType><IsRequired>true</IsRequired><Value i:type="a:ArrayOfdouble" xmlns:a="http://schemas.microsoft.com/2003/10/Serialization/Arrays"><a:double>0</a:double><a:double>0</a:double><a:double>0</a:double></Value></Attribute><Attribute z:Id="i220"><AttributeType>rpy</AttributeType><IsRequired>true</IsRequired><Value i:type="a:ArrayOfdouble" xmlns:a="http://schemas.microsoft.com/2003/10/Serialization/Arrays"><a:double>0</a:double><a:double>0</a:double><a:double>0</a:double></Value></Attribute></Attributes><ChildElements/><ElementName>origin</ElementName><required>false</required><RPYAttribute z:Ref="i220"/><XYZAttribute z:Ref="i219"/><isCustomized>false</isCustomized></URDFElement><URDFElement z:Id="i221" i:type="Geometry"><Attributes/><ChildElements><URDFElement z:Id="i222" i:type="Mesh"><Attributes><Attribute z:Id="i223"><AttributeType>filename</AttributeType><IsRequired>true</IsRequired><Value i:nil="true"/></Attribute></Attributes><ChildElements/><ElementName>mesh</ElementName><required>false</required><FilenameAttribute z:Ref="i223"/></URDFElement></ChildElements><ElementName>geometry</ElementName><required>true</required><Mesh z:Ref="i222"/></URDFElement><URDFElement z:Id="i224" i:type="Material"><Attributes><Attribute z:Id="i225"><AttributeType>name</AttributeType><IsRequired>true</IsRequired><Value i:type="a:string" xmlns:a="http://www.w3.org/2001/XMLSchema"/></Attribute></Attributes><ChildElements><URDFElement z:Id="i226" i:type="Color"><Attributes><Attribute z:Id="i227"><AttributeType>rgba</AttributeType><IsRequired>true</IsRequired><Value i:type="a:ArrayOfdouble" xmlns:a="http://schemas.microsoft.com/2003/10/Serialization/Arrays"><a:double>0.792156862745098</a:double><a:double>0.81960784313725488</a:double><a:double>0.93333333333333335</a:double><a:double>1</a:double></Value></Attribute></Attributes><ChildElements/><ElementName>color</ElementName><required>false</required><RGBAAttribute z:Ref="i227"/></URDFElement><URDFElement z:Id="i228" i:type="Texture"><Attributes><Attribute z:Id="i229"><AttributeType>filename</AttributeType><IsRequired>true</IsRequired><Value i:nil="true"/></Attribute></Attributes><ChildElements/><ElementName>texture</ElementName><required>false</required><FilenameAttribute z:Ref="i229"/><wFilename/></URDFElement></ChildElements><ElementName>material</ElementName><required>false</required><Color z:Ref="i226"/><NameAttribute z:Ref="i225"/><Texture z:Ref="i228"/></URDFElement></ChildElements><ElementName>visual</ElementName><required>false</required><Geometry z:Ref="i221"/><Material z:Ref="i224"/><Origin z:Ref="i218"/></URDFElement><URDFElement z:Id="i230" i:type="Collision"><Attributes/><ChildElements><URDFElement z:Id="i231" i:type="Origin"><Attributes><Attribute z:Id="i232"><AttributeType>xyz</AttributeType><IsRequired>true</IsRequired><Value i:type="a:ArrayOfdouble" xmlns:a="http://schemas.microsoft.com/2003/10/Serialization/Arrays"><a:double>0</a:double><a:double>0</a:double><a:double>0</a:double></Value></Attribute><Attribute z:Id="i233"><AttributeType>rpy</AttributeType><IsRequired>true</IsRequired><Value i:type="a:ArrayOfdouble" xmlns:a="http://schemas.microsoft.com/2003/10/Serialization/Arrays"><a:double>0</a:double><a:double>0</a:double><a:double>0</a:double></Value></Attribute></Attributes><ChildElements/><ElementName>origin</ElementName><required>false</required><RPYAttribute z:Ref="i233"/><XYZAttribute z:Ref="i232"/><isCustomized>false</isCustomized></URDFElement><URDFElement z:Id="i234" i:type="Geometry"><Attributes/><ChildElements><URDFElement z:Id="i235" i:type="Mesh"><Attributes><Attribute z:Id="i236"><AttributeType>filename</AttributeType><IsRequired>true</IsRequired><Value i:nil="true"/></Attribute></Attributes><ChildElements/><ElementName>mesh</ElementName><required>false</required><FilenameAttribute z:Ref="i236"/></URDFElement></ChildElements><ElementName>geometry</ElementName><required>true</required><Mesh z:Ref="i235"/></URDFElement></ChildElements><ElementName>collision</ElementName><required>false</required><Geometry z:Ref="i234"/><Origin z:Ref="i231"/></URDFElement><URDFElement z:Id="i237" i:type="Joint"><Attributes><Attribute z:Id="i238"><AttributeType>name</AttributeType><IsRequired>true</IsRequired><Value i:type="a:string" xmlns:a="http://www.w3.org/2001/XMLSchema">Ballfront_joint</Value></Attribute><Attribute z:Id="i239"><AttributeType>type</AttributeType><IsRequired>true</IsRequired><Value i:type="a:string" xmlns:a="http://www.w3.org/2001/XMLSchema">fixed</Value></Attribute></Attributes><ChildElements><URDFElement z:Id="i240" i:type="Origin"><Attributes><Attribute z:Id="i241"><AttributeType>xyz</AttributeType><IsRequired>true</IsRequired><Value i:type="a:ArrayOfdouble" xmlns:a="http://schemas.microsoft.com/2003/10/Serialization/Arrays"><a:double>0.074595608245668021</a:double><a:double>-0.00018349405514948847</a:double><a:double>-0.00090000000000049069</a:double></Value></Attribute><Attribute z:Id="i242"><AttributeType>rpy</AttributeType><IsRequired>true</IsRequired><Value i:type="a:ArrayOfdouble" xmlns:a="http://schemas.microsoft.com/2003/10/Serialization/Arrays"><a:double>0</a:double><a:double>0</a:double><a:double>0</a:double></Value></Attribute></Attributes><ChildElements/><ElementName>origin</ElementName><required>false</required><RPYAttribute z:Ref="i242"/><XYZAttribute z:Ref="i241"/><isCustomized>false</isCustomized></URDFElement><URDFElement z:Id="i243" i:type="ParentLink"><Attributes><Attribute z:Id="i244"><AttributeType>link</AttributeType><IsRequired>true</IsRequired><Value i:type="a:string" xmlns:a="http://www.w3.org/2001/XMLSchema">base_link</Value></Attribute></Attributes><ChildElements/><ElementName>parent</ElementName><required>true</required><NameAttribute z:Ref="i244"/></URDFElement><URDFElement z:Id="i245" i:type="ChildLink"><Attributes><Attribute z:Id="i246"><AttributeType>link</AttributeType><IsRequired>true</IsRequired><Value i:type="a:string" xmlns:a="http://www.w3.org/2001/XMLSchema">Ball_front</Value></Attribute></Attributes><ChildElements/><ElementName>child</ElementName><required>true</required><NameAttribute z:Ref="i246"/></URDFElement><URDFElement z:Id="i247" i:type="Axis"><Attributes><Attribute z:Id="i248"><AttributeType>xyz</AttributeType><IsRequired>true</IsRequired><Value i:type="a:ArrayOfdouble" xmlns:a="http://schemas.microsoft.com/2003/10/Serialization/Arrays"><a:double>0</a:double><a:double>0</a:double><a:double>0</a:double></Value></Attribute></Attributes><ChildElements/><ElementName>axis</ElementName><required>false</required><XYZAttribute z:Ref="i248"/></URDFElement><URDFElement z:Id="i249" i:type="Limit"><Attributes><Attribute z:Id="i250"><AttributeType>lower</AttributeType><IsRequired>false</IsRequired><Value i:nil="true"/></Attribute><Attribute z:Id="i251"><AttributeType>upper</AttributeType><IsRequired>false</IsRequired><Value i:nil="true"/></Attribute><Attribute z:Id="i252"><AttributeType>effort</AttributeType><IsRequired>true</IsRequired><Value i:nil="true"/></Attribute><Attribute z:Id="i253"><AttributeType>velocity</AttributeType><IsRequired>true</IsRequired><Value i:nil="true"/></Attribute></Attributes><ChildElements/><ElementName>limit</ElementName><required>false</required><EffortAttribute z:Ref="i252"/><LowerAttribute z:Ref="i250"/><UpperAttribute z:Ref="i251"/><VelocityAttribute z:Ref="i253"/></URDFElement><URDFElement z:Id="i254" i:type="Calibration"><Attributes><Attribute z:Id="i255"><AttributeType>rising</AttributeType><IsRequired>false</IsRequired><Value i:nil="true"/></Attribute><Attribute z:Id="i256"><AttributeType>falling</AttributeType><IsRequired>false</IsRequired><Value i:nil="true"/></Attribute></Attributes><ChildElements/><ElementName>calibration</ElementName><required>false</required><FallingAttribute z:Ref="i256"/><RisingAttribute z:Ref="i255"/></URDFElement><URDFElement z:Id="i257" i:type="Dynamics"><Attributes><Attribute z:Id="i258"><AttributeType>damping</AttributeType><IsRequired>false</IsRequired><Value i:nil="true"/></Attribute><Attribute z:Id="i259"><AttributeType>friction</AttributeType><IsRequired>false</IsRequired><Value i:nil="true"/></Attribute></Attributes><ChildElements/><ElementName>dynamics</ElementName><required>false</required><DampingAttribute z:Ref="i258"/><FrictionAttribute z:Ref="i259"/></URDFElement><URDFElement z:Id="i260" i:type="SafetyController"><Attributes><Attribute z:Id="i261"><AttributeType>soft_upper_limit</AttributeType><IsRequired>false</IsRequired><Value i:nil="true"/></Attribute><Attribute z:Id="i262"><AttributeType>soft_lower_limit</AttributeType><IsRequired>false</IsRequired><Value i:nil="true"/></Attribute><Attribute z:Id="i263"><AttributeType>k_position</AttributeType><IsRequired>false</IsRequired><Value i:nil="true"/></Attribute><Attribute z:Id="i264"><AttributeType>k_velocity</AttributeType><IsRequired>true</IsRequired><Value i:nil="true"/></Attribute></Attributes><ChildElements/><ElementName>safety_controller</ElementName><required>false</required><KPositionAttribute z:Ref="i263"/><KVelocityAttribute z:Ref="i264"/><SoftLowerAttribute z:Ref="i262"/><SoftUpperAttribute z:Ref="i261"/></URDFElement><URDFElement z:Id="i265" i:type="Mimic"><Attributes><Attribute z:Id="i266"><AttributeType>joint</AttributeType><IsRequired>true</IsRequired><Value i:nil="true"/></Attribute><Attribute z:Id="i267"><AttributeType>multiplier</AttributeType><IsRequired>false</IsRequired><Value i:nil="true"/></Attribute><Attribute z:Id="i268"><AttributeType>offset</AttributeType><IsRequired>false</IsRequired><Value i:nil="true"/></Attribute></Attributes><ChildElements/><ElementName>mimic</ElementName><required>false</required><JointNameAttribute z:Ref="i266"/><MultiplierAttribute z:Ref="i267"/><OffsetAttribute z:Ref="i268"/></URDFElement></ChildElements><ElementName>joint</ElementName><required>false</required><Axis z:Ref="i247"/><AxisName>Automatically Generate</AxisName><Calibration z:Ref="i254"/><Child z:Ref="i245"/><CoordinateSystemName>Front_origin</CoordinateSystemName><Dynamics z:Ref="i257"/><Limit z:Ref="i249"/><Mimic z:Ref="i265"/><NameAttribute z:Ref="i238"/><Origin z:Ref="i240"/><Parent z:Ref="i243"/><Safety z:Ref="i260"/><TypeAttribute z:Ref="i239"/></URDFElement></ChildElements><ElementName>link</ElementName><required>true</required><Children/><Collision z:Ref="i230"/><Inertial z:Ref="i204"/><Joint z:Ref="i237"/><NameAttribute z:Ref="i203"/><Parent z:Ref="i1"/><STLQualityFine>false</STLQualityFine><SWComponentPIDs xmlns:a="http://schemas.microsoft.com/2003/10/Serialization/Arrays"><a:base64Binary>aEIAAAUAAAD//v8uVwA0ADIAMAAgAFUAbgBpAHYAZQByAHMAYQBsACAAUwB0AGUAZQBsACAAQgBhAGwAbAAgAEMAYQBzAHQAZQByAF8AcABhAHIAdAAtADEAQABhAHMAcwBlAG0AMQAEAAAAEAAAAAEAAAABAAAAxQEAAA==</a:base64Binary><a:base64Binary>aEIAAAUAAAD//v8VVwA0ADIAMABfAHMAcABhAGMAZQByAC0AMQAxAEAAYQBzAHMAZQBtADEABAAAABAAAAABAAAAAQAAAIkBAAA=</a:base64Binary><a:base64Binary>aEIAAAUAAAD//v8VVwA0ADIAMABfAHMAcABhAGMAZQByAC0AMQAyAEAAYQBzAHMAZQBtADEABAAAABAAAAABAAAAAQAAAIwBAAA=</a:base64Binary></SWComponentPIDs><SWMainComponentPID i:nil="true"/><Visual z:Ref="i217"/><isFixedFrame>false</isFixedFrame><isIncomplete>false</isIncomplete></Link><Link z:Id="i269"><Attributes><Attribute z:Id="i270"><AttributeType>name</AttributeType><IsRequired>true</IsRequired><Value i:type="a:string" xmlns:a="http://www.w3.org/2001/XMLSchema">Ball_back_link</Value></Attribute></Attributes><ChildElements><URDFElement z:Id="i271" i:type="Inertial"><Attributes/><ChildElements><URDFElement z:Id="i272" i:type="Origin"><Attributes><Attribute z:Id="i273"><AttributeType>xyz</AttributeType><IsRequired>true</IsRequired><Value i:type="a:ArrayOfdouble" xmlns:a="http://schemas.microsoft.com/2003/10/Serialization/Arrays"><a:double>4.4408920985006262E-16</a:double><a:double>-6.3696315145550519E-06</a:double><a:double>0.0054783181552000987</a:double></Value></Attribute><Attribute z:Id="i274"><AttributeType>rpy</AttributeType><IsRequired>true</IsRequired><Value i:type="a:ArrayOfdouble" xmlns:a="http://schemas.microsoft.com/2003/10/Serialization/Arrays"><a:double>0</a:double><a:double>0</a:double><a:double>0</a:double></Value></Attribute></Attributes><ChildElements/><ElementName>origin</ElementName><required>false</required><RPYAttribute z:Ref="i274"/><XYZAttribute z:Ref="i273"/><isCustomized>false</isCustomized></URDFElement><URDFElement z:Id="i275" i:type="Mass"><Attributes><Attribute z:Id="i276"><AttributeType>value</AttributeType><IsRequired>true</IsRequired><Value i:type="a:double" xmlns:a="http://www.w3.org/2001/XMLSchema">0.0051732918664278808</Value></Attribute></Attributes><ChildElements/><ElementName>mass</ElementName><required>false</required><ValueAttribute z:Ref="i276"/></URDFElement><URDFElement z:Id="i277" i:type="Inertia"><Attributes><Attribute z:Id="i278"><AttributeType>ixx</AttributeType><IsRequired>true</IsRequired><Value i:type="a:double" xmlns:a="http://www.w3.org/2001/XMLSchema">4.8243600128638784E-07</Value></Attribute><Attribute z:Id="i279"><AttributeType>ixy</AttributeType><IsRequired>true</IsRequired><Value i:type="a:double" xmlns:a="http://www.w3.org/2001/XMLSchema">6.8036947997631588E-16</Value></Attribute><Attribute z:Id="i280"><AttributeType>ixz</AttributeType><IsRequired>true</IsRequired><Value i:type="a:double" xmlns:a="http://www.w3.org/2001/XMLSchema">3.0818740879903815E-23</Value></Attribute><Attribute z:Id="i281"><AttributeType>iyy</AttributeType><IsRequired>true</IsRequired><Value i:type="a:double" xmlns:a="http://www.w3.org/2001/XMLSchema">2.1717606375324102E-07</Value></Attribute><Attribute z:Id="i282"><AttributeType>iyz</AttributeType><IsRequired>true</IsRequired><Value i:type="a:double" xmlns:a="http://www.w3.org/2001/XMLSchema">2.5529250701531565E-10</Value></Attribute><Attribute z:Id="i283"><AttributeType>izz</AttributeType><IsRequired>true</IsRequired><Value i:type="a:double" xmlns:a="http://www.w3.org/2001/XMLSchema">5.2863938824963941E-07</Value></Attribute></Attributes><ChildElements/><ElementName>inertia</ElementName><required>false</required><IxxAttribute z:Ref="i278"/><IxyAttribute z:Ref="i279"/><IxzAttribute z:Ref="i280"/><IyyAttribute z:Ref="i281"/><IyzAttribute z:Ref="i282"/><IzzAttribute z:Ref="i283"/></URDFElement></ChildElements><ElementName>inertial</ElementName><required>false</required><Inertia z:Ref="i277"/><Mass z:Ref="i275"/><Origin z:Ref="i272"/></URDFElement><URDFElement z:Id="i284" i:type="Visual"><Attributes/><ChildElements><URDFElement z:Id="i285" i:type="Origin"><Attributes><Attribute z:Id="i286"><AttributeType>xyz</AttributeType><IsRequired>true</IsRequired><Value i:type="a:ArrayOfdouble" xmlns:a="http://schemas.microsoft.com/2003/10/Serialization/Arrays"><a:double>0</a:double><a:double>0</a:double><a:double>0</a:double></Value></Attribute><Attribute z:Id="i287"><AttributeType>rpy</AttributeType><IsRequired>true</IsRequired><Value i:type="a:ArrayOfdouble" xmlns:a="http://schemas.microsoft.com/2003/10/Serialization/Arrays"><a:double>0</a:double><a:double>0</a:double><a:double>0</a:double></Value></Attribute></Attributes><ChildElements/><ElementName>origin</ElementName><required>false</required><RPYAttribute z:Ref="i287"/><XYZAttribute z:Ref="i286"/><isCustomized>false</isCustomized></URDFElement><URDFElement z:Id="i288" i:type="Geometry"><Attributes/><ChildElements><URDFElement z:Id="i289" i:type="Mesh"><Attributes><Attribute z:Id="i290"><AttributeType>filename</AttributeType><IsRequired>true</IsRequired><Value i:nil="true"/></Attribute></Attributes><ChildElements/><ElementName>mesh</ElementName><required>false</required><FilenameAttribute z:Ref="i290"/></URDFElement></ChildElements><ElementName>geometry</ElementName><required>true</required><Mesh z:Ref="i289"/></URDFElement><URDFElement z:Id="i291" i:type="Material"><Attributes><Attribute z:Id="i292"><AttributeType>name</AttributeType><IsRequired>true</IsRequired><Value i:type="a:string" xmlns:a="http://www.w3.org/2001/XMLSchema"/></Attribute></Attributes><ChildElements><URDFElement z:Id="i293" i:type="Color"><Attributes><Attribute z:Id="i294"><AttributeType>rgba</AttributeType><IsRequired>true</IsRequired><Value i:type="a:ArrayOfdouble" xmlns:a="http://schemas.microsoft.com/2003/10/Serialization/Arrays"><a:double>0.792156862745098</a:double><a:double>0.81960784313725488</a:double><a:double>0.93333333333333335</a:double><a:double>1</a:double></Value></Attribute></Attributes><ChildElements/><ElementName>color</ElementName><required>false</required><RGBAAttribute z:Ref="i294"/></URDFElement><URDFElement z:Id="i295" i:type="Texture"><Attributes><Attribute z:Id="i296"><AttributeType>filename</AttributeType><IsRequired>true</IsRequired><Value i:nil="true"/></Attribute></Attributes><ChildElements/><ElementName>texture</ElementName><required>false</required><FilenameAttribute z:Ref="i296"/><wFilename/></URDFElement></ChildElements><ElementName>material</ElementName><required>false</required><Color z:Ref="i293"/><NameAttribute z:Ref="i292"/><Texture z:Ref="i295"/></URDFElement></ChildElements><ElementName>visual</ElementName><required>false</required><Geometry z:Ref="i288"/><Material z:Ref="i291"/><Origin z:Ref="i285"/></URDFElement><URDFElement z:Id="i297" i:type="Collision"><Attributes/><ChildElements><URDFElement z:Id="i298" i:type="Origin"><Attributes><Attribute z:Id="i299"><AttributeType>xyz</AttributeType><IsRequired>true</IsRequired><Value i:type="a:ArrayOfdouble" xmlns:a="http://schemas.microsoft.com/2003/10/Serialization/Arrays"><a:double>0</a:double><a:double>0</a:double><a:double>0</a:double></Value></Attribute><Attribute z:Id="i300"><AttributeType>rpy</AttributeType><IsRequired>true</IsRequired><Value i:type="a:ArrayOfdouble" xmlns:a="http://schemas.microsoft.com/2003/10/Serialization/Arrays"><a:double>0</a:double><a:double>0</a:double><a:double>0</a:double></Value></Attribute></Attributes><ChildElements/><ElementName>origin</ElementName><required>false</required><RPYAttribute z:Ref="i300"/><XYZAttribute z:Ref="i299"/><isCustomized>false</isCustomized></URDFElement><URDFElement z:Id="i301" i:type="Geometry"><Attributes/><ChildElements><URDFElement z:Id="i302" i:type="Mesh"><Attributes><Attribute z:Id="i303"><AttributeType>filename</AttributeType><IsRequired>true</IsRequired><Value i:nil="true"/></Attribute></Attributes><ChildElements/><ElementName>mesh</ElementName><required>false</required><FilenameAttribute z:Ref="i303"/></URDFElement></ChildElements><ElementName>geometry</ElementName><required>true</required><Mesh z:Ref="i302"/></URDFElement></ChildElements><ElementName>collision</ElementName><required>false</required><Geometry z:Ref="i301"/><Origin z:Ref="i298"/></URDFElement><URDFElement z:Id="i304" i:type="Joint"><Attributes><Attribute z:Id="i305"><AttributeType>name</AttributeType><IsRequired>true</IsRequired><Value i:type="a:string" xmlns:a="http://www.w3.org/2001/XMLSchema">Ballback_joint</Value></Attribute><Attribute z:Id="i306"><AttributeType>type</AttributeType><IsRequired>true</IsRequired><Value i:type="a:string" xmlns:a="http://www.w3.org/2001/XMLSchema">fixed</Value></Attribute></Attributes><ChildElements><URDFElement z:Id="i307" i:type="Origin"><Attributes><Attribute z:Id="i308"><AttributeType>xyz</AttributeType><IsRequired>true</IsRequired><Value i:type="a:ArrayOfdouble" xmlns:a="http://schemas.microsoft.com/2003/10/Serialization/Arrays"><a:double>-0.07540439175433207</a:double><a:double>-0.00018349405514943296</a:double><a:double>-0.00090000000000049069</a:double></Value></Attribute><Attribute z:Id="i309"><AttributeType>rpy</AttributeType><IsRequired>true</IsRequired><Value i:type="a:ArrayOfdouble" xmlns:a="http://schemas.microsoft.com/2003/10/Serialization/Arrays"><a:double>0</a:double><a:double>0</a:double><a:double>0</a:double></Value></Attribute></Attributes><ChildElements/><ElementName>origin</ElementName><required>false</required><RPYAttribute z:Ref="i309"/><XYZAttribute z:Ref="i308"/><isCustomized>false</isCustomized></URDFElement><URDFElement z:Id="i310" i:type="ParentLink"><Attributes><Attribute z:Id="i311"><AttributeType>link</AttributeType><IsRequired>true</IsRequired><Value i:type="a:string" xmlns:a="http://www.w3.org/2001/XMLSchema">base_link</Value></Attribute></Attributes><ChildElements/><ElementName>parent</ElementName><required>true</required><NameAttribute z:Ref="i311"/></URDFElement><URDFElement z:Id="i312" i:type="ChildLink"><Attributes><Attribute z:Id="i313"><AttributeType>link</AttributeType><IsRequired>true</IsRequired><Value i:type="a:string" xmlns:a="http://www.w3.org/2001/XMLSchema">Ball_back</Value></Attribute></Attributes><ChildElements/><ElementName>child</ElementName><required>true</required><NameAttribute z:Ref="i313"/></URDFElement><URDFElement z:Id="i314" i:type="Axis"><Attributes><Attribute z:Id="i315"><AttributeType>xyz</AttributeType><IsRequired>true</IsRequired><Value i:type="a:ArrayOfdouble" xmlns:a="http://schemas.microsoft.com/2003/10/Serialization/Arrays"><a:double>0</a:double><a:double>0</a:double><a:double>0</a:double></Value></Attribute></Attributes><ChildElements/><ElementName>axis</ElementName><required>false</required><XYZAttribute z:Ref="i315"/></URDFElement><URDFElement z:Id="i316" i:type="Limit"><Attributes><Attribute z:Id="i317"><AttributeType>lower</AttributeType><IsRequired>false</IsRequired><Value i:nil="true"/></Attribute><Attribute z:Id="i318"><AttributeType>upper</AttributeType><IsRequired>false</IsRequired><Value i:nil="true"/></Attribute><Attribute z:Id="i319"><AttributeType>effort</AttributeType><IsRequired>true</IsRequired><Value i:nil="true"/></Attribute><Attribute z:Id="i320"><AttributeType>velocity</AttributeType><IsRequired>true</IsRequired><Value i:nil="true"/></Attribute></Attributes><ChildElements/><ElementName>limit</ElementName><required>false</required><EffortAttribute z:Ref="i319"/><LowerAttribute z:Ref="i317"/><UpperAttribute z:Ref="i318"/><VelocityAttribute z:Ref="i320"/></URDFElement><URDFElement z:Id="i321" i:type="Calibration"><Attributes><Attribute z:Id="i322"><AttributeType>rising</AttributeType><IsRequired>false</IsRequired><Value i:nil="true"/></Attribute><Attribute z:Id="i323"><AttributeType>falling</AttributeType><IsRequired>false</IsRequired><Value i:nil="true"/></Attribute></Attributes><ChildElements/><ElementName>calibration</ElementName><required>false</required><FallingAttribute z:Ref="i323"/><RisingAttribute z:Ref="i322"/></URDFElement><URDFElement z:Id="i324" i:type="Dynamics"><Attributes><Attribute z:Id="i325"><AttributeType>damping</AttributeType><IsRequired>false</IsRequired><Value i:nil="true"/></Attribute><Attribute z:Id="i326"><AttributeType>friction</AttributeType><IsRequired>false</IsRequired><Value i:nil="true"/></Attribute></Attributes><ChildElements/><ElementName>dynamics</ElementName><required>false</required><DampingAttribute z:Ref="i325"/><FrictionAttribute z:Ref="i326"/></URDFElement><URDFElement z:Id="i327" i:type="SafetyController"><Attributes><Attribute z:Id="i328"><AttributeType>soft_upper_limit</AttributeType><IsRequired>false</IsRequired><Value i:nil="true"/></Attribute><Attribute z:Id="i329"><AttributeType>soft_lower_limit</AttributeType><IsRequired>false</IsRequired><Value i:nil="true"/></Attribute><Attribute z:Id="i330"><AttributeType>k_position</AttributeType><IsRequired>false</IsRequired><Value i:nil="true"/></Attribute><Attribute z:Id="i331"><AttributeType>k_velocity</AttributeType><IsRequired>true</IsRequired><Value i:nil="true"/></Attribute></Attributes><ChildElements/><ElementName>safety_controller</ElementName><required>false</required><KPositionAttribute z:Ref="i330"/><KVelocityAttribute z:Ref="i331"/><SoftLowerAttribute z:Ref="i329"/><SoftUpperAttribute z:Ref="i328"/></URDFElement><URDFElement z:Id="i332" i:type="Mimic"><Attributes><Attribute z:Id="i333"><AttributeType>joint</AttributeType><IsRequired>true</IsRequired><Value i:nil="true"/></Attribute><Attribute z:Id="i334"><AttributeType>multiplier</AttributeType><IsRequired>false</IsRequired><Value i:nil="true"/></Attribute><Attribute z:Id="i335"><AttributeType>offset</AttributeType><IsRequired>false</IsRequired><Value i:nil="true"/></Attribute></Attributes><ChildElements/><ElementName>mimic</ElementName><required>false</required><JointNameAttribute z:Ref="i333"/><MultiplierAttribute z:Ref="i334"/><OffsetAttribute z:Ref="i335"/></URDFElement></ChildElements><ElementName>joint</ElementName><required>false</required><Axis z:Ref="i314"/><AxisName>Automatically Generate</AxisName><Calibration z:Ref="i321"/><Child z:Ref="i312"/><CoordinateSystemName>Back_origin</CoordinateSystemName><Dynamics z:Ref="i324"/><Limit z:Ref="i316"/><Mimic z:Ref="i332"/><NameAttribute z:Ref="i305"/><Origin z:Ref="i307"/><Parent z:Ref="i310"/><Safety z:Ref="i327"/><TypeAttribute z:Ref="i306"/></URDFElement></ChildElements><ElementName>link</ElementName><required>true</required><Children/><Collision z:Ref="i297"/><Inertial z:Ref="i271"/><Joint z:Ref="i304"/><NameAttribute z:Ref="i270"/><Parent z:Ref="i1"/><STLQualityFine>false</STLQualityFine><SWComponentPIDs xmlns:a="http://schemas.microsoft.com/2003/10/Serialization/Arrays"><a:base64Binary>aEIAAAUAAAD//v8uVwA0ADIAMAAgAFUAbgBpAHYAZQByAHMAYQBsACAAUwB0AGUAZQBsACAAQgBhAGwAbAAgAEMAYQBzAHQAZQByAF8AcABhAHIAdAAtADIAQABhAHMAcwBlAG0AMQAEAAAAEAAAAAEAAAABAAAA1AEAAA==</a:base64Binary><a:base64Binary>aEIAAAUAAAD//v8VVwA0ADIAMABfAHMAcABhAGMAZQByAC0AMQAzAEAAYQBzAHMAZQBtADEABAAAABAAAAABAAAAAQAAALABAAA=</a:base64Binary><a:base64Binary>aEIAAAUAAAD//v8VVwA0ADIAMABfAHMAcABhAGMAZQByAC0AMQA0AEAAYQBzAHMAZQBtADEABAAAABAAAAABAAAAAQAAALMBAAA=</a:base64Binary></SWComponentPIDs><SWMainComponentPID i:nil="true"/><Visual z:Ref="i284"/><isFixedFrame>false</isFixedFrame><isIncomplete>false</isIncomplete></Link><Link z:Id="i336"><Attributes><Attribute z:Id="i337"><AttributeType>name</AttributeType><IsRequired>true</IsRequired><Value i:type="a:string" xmlns:a="http://www.w3.org/2001/XMLSchema">Lidar_link</Value></Attribute></Attributes><ChildElements><URDFElement z:Id="i338" i:type="Inertial"><Attributes/><ChildElements><URDFElement z:Id="i339" i:type="Origin"><Attributes><Attribute z:Id="i340"><AttributeType>xyz</AttributeType><IsRequired>true</IsRequired><Value i:type="a:ArrayOfdouble" xmlns:a="http://schemas.microsoft.com/2003/10/Serialization/Arrays"><a:double>0.014841507975136892</a:double><a:double>0.00032514886472106985</a:double><a:double>-0.021153620814164303</a:double></Value></Attribute><Attribute z:Id="i341"><AttributeType>rpy</AttributeType><IsRequired>true</IsRequired><Value i:type="a:ArrayOfdouble" xmlns:a="http://schemas.microsoft.com/2003/10/Serialization/Arrays"><a:double>0</a:double><a:double>0</a:double><a:double>0</a:double></Value></Attribute></Attributes><ChildElements/><ElementName>origin</ElementName><required>false</required><RPYAttribute z:Ref="i341"/><XYZAttribute z:Ref="i340"/><isCustomized>false</isCustomized></URDFElement><URDFElement z:Id="i342" i:type="Mass"><Attributes><Attribute z:Id="i343"><AttributeType>value</AttributeType><IsRequired>true</IsRequired><Value i:type="a:double" xmlns:a="http://www.w3.org/2001/XMLSchema">0.031240912686132945</Value></Attribute></Attributes><ChildElements/><ElementName>mass</ElementName><required>false</required><ValueAttribute z:Ref="i343"/></URDFElement><URDFElement z:Id="i344" i:type="Inertia"><Attributes><Attribute z:Id="i345"><AttributeType>ixx</AttributeType><IsRequired>true</IsRequired><Value i:type="a:double" xmlns:a="http://www.w3.org/2001/XMLSchema">8.8777123437312462E-06</Value></Attribute><Attribute z:Id="i346"><AttributeType>ixy</AttributeType><IsRequired>true</IsRequired><Value i:type="a:double" xmlns:a="http://www.w3.org/2001/XMLSchema">-1.3131458506388292E-07</Value></Attribute><Attribute z:Id="i347"><AttributeType>ixz</AttributeType><IsRequired>true</IsRequired><Value i:type="a:double" xmlns:a="http://www.w3.org/2001/XMLSchema">1.1330956162686753E-07</Value></Attribute><Attribute z:Id="i348"><AttributeType>iyy</AttributeType><IsRequired>true</IsRequired><Value i:type="a:double" xmlns:a="http://www.w3.org/2001/XMLSchema">1.4493553041837992E-05</Value></Attribute><Attribute z:Id="i349"><AttributeType>iyz</AttributeType><IsRequired>true</IsRequired><Value i:type="a:double" xmlns:a="http://www.w3.org/2001/XMLSchema">3.3673144047220935E-08</Value></Attribute><Attribute z:Id="i350"><AttributeType>izz</AttributeType><IsRequired>true</IsRequired><Value i:type="a:double" xmlns:a="http://www.w3.org/2001/XMLSchema">2.2528909807592927E-05</Value></Attribute></Attributes><ChildElements/><ElementName>inertia</ElementName><required>false</required><IxxAttribute z:Ref="i345"/><IxyAttribute z:Ref="i346"/><IxzAttribute z:Ref="i347"/><IyyAttribute z:Ref="i348"/><IyzAttribute z:Ref="i349"/><IzzAttribute z:Ref="i350"/></URDFElement></ChildElements><ElementName>inertial</ElementName><required>false</required><Inertia z:Ref="i344"/><Mass z:Ref="i342"/><Origin z:Ref="i339"/></URDFElement><URDFElement z:Id="i351" i:type="Visual"><Attributes/><ChildElements><URDFElement z:Id="i352" i:type="Origin"><Attributes><Attribute z:Id="i353"><AttributeType>xyz</AttributeType><IsRequired>true</IsRequired><Value i:type="a:ArrayOfdouble" xmlns:a="http://schemas.microsoft.com/2003/10/Serialization/Arrays"><a:double>0</a:double><a:double>0</a:double><a:double>0</a:double></Value></Attribute><Attribute z:Id="i354"><AttributeType>rpy</AttributeType><IsRequired>true</IsRequired><Value i:type="a:ArrayOfdouble" xmlns:a="http://schemas.microsoft.com/2003/10/Serialization/Arrays"><a:double>0</a:double><a:double>0</a:double><a:double>0</a:double></Value></Attribute></Attributes><ChildElements/><ElementName>origin</ElementName><required>false</required><RPYAttribute z:Ref="i354"/><XYZAttribute z:Ref="i353"/><isCustomized>false</isCustomized></URDFElement><URDFElement z:Id="i355" i:type="Geometry"><Attributes/><ChildElements><URDFElement z:Id="i356" i:type="Mesh"><Attributes><Attribute z:Id="i357"><AttributeType>filename</AttributeType><IsRequired>true</IsRequired><Value i:nil="true"/></Attribute></Attributes><ChildElements/><ElementName>mesh</ElementName><required>false</required><FilenameAttribute z:Ref="i357"/></URDFElement></ChildElements><ElementName>geometry</ElementName><required>true</required><Mesh z:Ref="i356"/></URDFElement><URDFElement z:Id="i358" i:type="Material"><Attributes><Attribute z:Id="i359"><AttributeType>name</AttributeType><IsRequired>true</IsRequired><Value i:type="a:string" xmlns:a="http://www.w3.org/2001/XMLSchema"/></Attribute></Attributes><ChildElements><URDFElement z:Id="i360" i:type="Color"><Attributes><Attribute z:Id="i361"><AttributeType>rgba</AttributeType><IsRequired>true</IsRequired><Value i:type="a:ArrayOfdouble" xmlns:a="http://schemas.microsoft.com/2003/10/Serialization/Arrays"><a:double>0.792156862745098</a:double><a:double>0.81960784313725488</a:double><a:double>0.93333333333333335</a:double><a:double>1</a:double></Value></Attribute></Attributes><ChildElements/><ElementName>color</ElementName><required>false</required><RGBAAttribute z:Ref="i361"/></URDFElement><URDFElement z:Id="i362" i:type="Texture"><Attributes><Attribute z:Id="i363"><AttributeType>filename</AttributeType><IsRequired>true</IsRequired><Value i:nil="true"/></Attribute></Attributes><ChildElements/><ElementName>texture</ElementName><required>false</required><FilenameAttribute z:Ref="i363"/><wFilename/></URDFElement></ChildElements><ElementName>material</ElementName><required>false</required><Color z:Ref="i360"/><NameAttribute z:Ref="i359"/><Texture z:Ref="i362"/></URDFElement></ChildElements><ElementName>visual</ElementName><required>false</required><Geometry z:Ref="i355"/><Material z:Ref="i358"/><Origin z:Ref="i352"/></URDFElement><URDFElement z:Id="i364" i:type="Collision"><Attributes/><ChildElements><URDFElement z:Id="i365" i:type="Origin"><Attributes><Attribute z:Id="i366"><AttributeType>xyz</AttributeType><IsRequired>true</IsRequired><Value i:type="a:ArrayOfdouble" xmlns:a="http://schemas.microsoft.com/2003/10/Serialization/Arrays"><a:double>0</a:double><a:double>0</a:double><a:double>0</a:double></Value></Attribute><Attribute z:Id="i367"><AttributeType>rpy</AttributeType><IsRequired>true</IsRequired><Value i:type="a:ArrayOfdouble" xmlns:a="http://schemas.microsoft.com/2003/10/Serialization/Arrays"><a:double>0</a:double><a:double>0</a:double><a:double>0</a:double></Value></Attribute></Attributes><ChildElements/><ElementName>origin</ElementName><required>false</required><RPYAttribute z:Ref="i367"/><XYZAttribute z:Ref="i366"/><isCustomized>false</isCustomized></URDFElement><URDFElement z:Id="i368" i:type="Geometry"><Attributes/><ChildElements><URDFElement z:Id="i369" i:type="Mesh"><Attributes><Attribute z:Id="i370"><AttributeType>filename</AttributeType><IsRequired>true</IsRequired><Value i:nil="true"/></Attribute></Attributes><ChildElements/><ElementName>mesh</ElementName><required>false</required><FilenameAttribute z:Ref="i370"/></URDFElement></ChildElements><ElementName>geometry</ElementName><required>true</required><Mesh z:Ref="i369"/></URDFElement></ChildElements><ElementName>collision</ElementName><required>false</required><Geometry z:Ref="i368"/><Origin z:Ref="i365"/></URDFElement><URDFElement z:Id="i371" i:type="Joint"><Attributes><Attribute z:Id="i372"><AttributeType>name</AttributeType><IsRequired>true</IsRequired><Value i:type="a:string" xmlns:a="http://www.w3.org/2001/XMLSchema">Lidar_joint</Value></Attribute><Attribute z:Id="i373"><AttributeType>type</AttributeType><IsRequired>true</IsRequired><Value i:type="a:string" xmlns:a="http://www.w3.org/2001/XMLSchema">continuous</Value></Attribute></Attributes><ChildElements><URDFElement z:Id="i374" i:type="Origin"><Attributes><Attribute z:Id="i375"><AttributeType>xyz</AttributeType><IsRequired>true</IsRequired><Value i:type="a:ArrayOfdouble" xmlns:a="http://schemas.microsoft.com/2003/10/Serialization/Arrays"><a:double>-0.0068640499973873781</a:double><a:double>-0.00013029331516768022</a:double><a:double>0.1721</a:double></Value></Attribute><Attribute z:Id="i376"><AttributeType>rpy</AttributeType><IsRequired>true</IsRequired><Value i:type="a:ArrayOfdouble" xmlns:a="http://schemas.microsoft.com/2003/10/Serialization/Arrays"><a:double>0</a:double><a:double>0</a:double><a:double>0</a:double></Value></Attribute></Attributes><ChildElements/><ElementName>origin</ElementName><required>false</required><RPYAttribute z:Ref="i376"/><XYZAttribute z:Ref="i375"/><isCustomized>false</isCustomized></URDFElement><URDFElement z:Id="i377" i:type="ParentLink"><Attributes><Attribute z:Id="i378"><AttributeType>link</AttributeType><IsRequired>true</IsRequired><Value i:type="a:string" xmlns:a="http://www.w3.org/2001/XMLSchema">base_link</Value></Attribute></Attributes><ChildElements/><ElementName>parent</ElementName><required>true</required><NameAttribute z:Ref="i378"/></URDFElement><URDFElement z:Id="i379" i:type="ChildLink"><Attributes><Attribute z:Id="i380"><AttributeType>link</AttributeType><IsRequired>true</IsRequired><Value i:type="a:string" xmlns:a="http://www.w3.org/2001/XMLSchema">Lidar</Value></Attribute></Attributes><ChildElements/><ElementName>child</ElementName><required>true</required><NameAttribute z:Ref="i380"/></URDFElement><URDFElement z:Id="i381" i:type="Axis"><Attributes><Attribute z:Id="i382"><AttributeType>xyz</AttributeType><IsRequired>true</IsRequired><Value i:type="a:ArrayOfdouble" xmlns:a="http://schemas.microsoft.com/2003/10/Serialization/Arrays"><a:double>0</a:double><a:double>0</a:double><a:double>1</a:double></Value></Attribute></Attributes><ChildElements/><ElementName>axis</ElementName><required>false</required><XYZAttribute z:Ref="i382"/></URDFElement><URDFElement z:Id="i383" i:type="Limit"><Attributes><Attribute z:Id="i384"><AttributeType>lower</AttributeType><IsRequired>false</IsRequired><Value i:nil="true"/></Attribute><Attribute z:Id="i385"><AttributeType>upper</AttributeType><IsRequired>false</IsRequired><Value i:nil="true"/></Attribute><Attribute z:Id="i386"><AttributeType>effort</AttributeType><IsRequired>true</IsRequired><Value i:nil="true"/></Attribute><Attribute z:Id="i387"><AttributeType>velocity</AttributeType><IsRequired>true</IsRequired><Value i:nil="true"/></Attribute></Attributes><ChildElements/><ElementName>limit</ElementName><required>false</required><EffortAttribute z:Ref="i386"/><LowerAttribute z:Ref="i384"/><UpperAttribute z:Ref="i385"/><VelocityAttribute z:Ref="i387"/></URDFElement><URDFElement z:Id="i388" i:type="Calibration"><Attributes><Attribute z:Id="i389"><AttributeType>rising</AttributeType><IsRequired>false</IsRequired><Value i:nil="true"/></Attribute><Attribute z:Id="i390"><AttributeType>falling</AttributeType><IsRequired>false</IsRequired><Value i:nil="true"/></Attribute></Attributes><ChildElements/><ElementName>calibration</ElementName><required>false</required><FallingAttribute z:Ref="i390"/><RisingAttribute z:Ref="i389"/></URDFElement><URDFElement z:Id="i391" i:type="Dynamics"><Attributes><Attribute z:Id="i392"><AttributeType>damping</AttributeType><IsRequired>false</IsRequired><Value i:nil="true"/></Attribute><Attribute z:Id="i393"><AttributeType>friction</AttributeType><IsRequired>false</IsRequired><Value i:nil="true"/></Attribute></Attributes><ChildElements/><ElementName>dynamics</ElementName><required>false</required><DampingAttribute z:Ref="i392"/><FrictionAttribute z:Ref="i393"/></URDFElement><URDFElement z:Id="i394" i:type="SafetyController"><Attributes><Attribute z:Id="i395"><AttributeType>soft_upper_limit</AttributeType><IsRequired>false</IsRequired><Value i:nil="true"/></Attribute><Attribute z:Id="i396"><AttributeType>soft_lower_limit</AttributeType><IsRequired>false</IsRequired><Value i:nil="true"/></Attribute><Attribute z:Id="i397"><AttributeType>k_position</AttributeType><IsRequired>false</IsRequired><Value i:nil="true"/></Attribute><Attribute z:Id="i398"><AttributeType>k_velocity</AttributeType><IsRequired>true</IsRequired><Value i:nil="true"/></Attribute></Attributes><ChildElements/><ElementName>safety_controller</ElementName><required>false</required><KPositionAttribute z:Ref="i397"/><KVelocityAttribute z:Ref="i398"/><SoftLowerAttribute z:Ref="i396"/><SoftUpperAttribute z:Ref="i395"/></URDFElement><URDFElement z:Id="i399" i:type="Mimic"><Attributes><Attribute z:Id="i400"><AttributeType>joint</AttributeType><IsRequired>true</IsRequired><Value i:nil="true"/></Attribute><Attribute z:Id="i401"><AttributeType>multiplier</AttributeType><IsRequired>false</IsRequired><Value i:nil="true"/></Attribute><Attribute z:Id="i402"><AttributeType>offset</AttributeType><IsRequired>false</IsRequired><Value i:nil="true"/></Attribute></Attributes><ChildElements/><ElementName>mimic</ElementName><required>false</required><JointNameAttribute z:Ref="i400"/><MultiplierAttribute z:Ref="i401"/><OffsetAttribute z:Ref="i402"/></URDFElement></ChildElements><ElementName>joint</ElementName><required>false</required><Axis z:Ref="i381"/><AxisName>lidar_axis</AxisName><Calibration z:Ref="i388"/><Child z:Ref="i379"/><CoordinateSystemName>lidar_origin</CoordinateSystemName><Dynamics z:Ref="i391"/><Limit z:Ref="i383"/><Mimic z:Ref="i399"/><NameAttribute z:Ref="i372"/><Origin z:Ref="i374"/><Parent z:Ref="i377"/><Safety z:Ref="i394"/><TypeAttribute z:Ref="i373"/></URDFElement></ChildElements><ElementName>link</ElementName><required>true</required><Children/><Collision z:Ref="i364"/><Inertial z:Ref="i338"/><Joint z:Ref="i371"/><NameAttribute z:Ref="i337"/><Parent z:Ref="i1"/><STLQualityFine>false</STLQualityFine><SWComponentPIDs xmlns:a="http://schemas.microsoft.com/2003/10/Serialization/Arrays"><a:base64Binary>aEIAAAUAAAD//v8WWAAzAF8ATABpAGQAYQByAF8AcABhAHIAdAAtADEAQABhAHMAcwBlAG0AMQAEAAAAEAAAAAEAAAABAAAAAAIAAA==</a:base64Binary></SWComponentPIDs><SWMainComponentPID i:nil="true"/><Visual z:Ref="i351"/><isFixedFrame>false</isFixedFrame><isIncomplete>false</isIncomplete></Link><Link z:Id="i403"><Attributes><Attribute z:Id="i404"><AttributeType>name</AttributeType><IsRequired>true</IsRequired><Value i:type="a:string" xmlns:a="http://www.w3.org/2001/XMLSchema">imu_link</Value></Attribute></Attributes><ChildElements><URDFElement z:Id="i405" i:type="Inertial"><Attributes/><ChildElements><URDFElement z:Id="i406" i:type="Origin"><Attributes><Attribute z:Id="i407"><AttributeType>xyz</AttributeType><IsRequired>true</IsRequired><Value i:type="a:ArrayOfdouble" xmlns:a="http://schemas.microsoft.com/2003/10/Serialization/Arrays"><a:double>-0.0023881254577059249</a:double><a:double>-0.00015720661935611849</a:double><a:double>-0.0022906513677181523</a:double></Value></Attribute><Attribute z:Id="i408"><AttributeType>rpy</AttributeType><IsRequired>true</IsRequired><Value i:type="a:ArrayOfdouble" xmlns:a="http://schemas.microsoft.com/2003/10/Serialization/Arrays"><a:double>0</a:double><a:double>0</a:double><a:double>0</a:double></Value></Attribute></Attributes><ChildElements/><ElementName>origin</ElementName><required>false</required><RPYAttribute z:Ref="i408"/><XYZAttribute z:Ref="i407"/><isCustomized>false</isCustomized></URDFElement><URDFElement z:Id="i409" i:type="Mass"><Attributes><Attribute z:Id="i410"><AttributeType>value</AttributeType><IsRequired>true</IsRequired><Value i:type="a:double" xmlns:a="http://www.w3.org/2001/XMLSchema">0.00067387693895371633</Value></Attribute></Attributes><ChildElements/><ElementName>mass</ElementName><required>false</required><ValueAttribute z:Ref="i410"/></URDFElement><URDFElement z:Id="i411" i:type="Inertia"><Attributes><Attribute z:Id="i412"><AttributeType>ixx</AttributeType><IsRequired>true</IsRequired><Value i:type="a:double" xmlns:a="http://www.w3.org/2001/XMLSchema">2.192972647974984E-08</Value></Attribute><Attribute z:Id="i413"><AttributeType>ixy</AttributeType><IsRequired>true</IsRequired><Value i:type="a:double" xmlns:a="http://www.w3.org/2001/XMLSchema">-2.8297776906535545E-14</Value></Attribute><Attribute z:Id="i414"><AttributeType>ixz</AttributeType><IsRequired>true</IsRequired><Value i:type="a:double" xmlns:a="http://www.w3.org/2001/XMLSchema">-2.6953030967516435E-14</Value></Attribute><Attribute z:Id="i415"><AttributeType>iyy</AttributeType><IsRequired>true</IsRequired><Value i:type="a:double" xmlns:a="http://www.w3.org/2001/XMLSchema">9.3345918426693768E-09</Value></Attribute><Attribute z:Id="i416"><AttributeType>iyz</AttributeType><IsRequired>true</IsRequired><Value i:type="a:double" xmlns:a="http://www.w3.org/2001/XMLSchema">-1.1632652646648228E-14</Value></Attribute><Attribute z:Id="i417"><AttributeType>izz</AttributeType><IsRequired>true</IsRequired><Value i:type="a:double" xmlns:a="http://www.w3.org/2001/XMLSchema">2.9883497839707469E-08</Value></Attribute></Attributes><ChildElements/><ElementName>inertia</ElementName><required>false</required><IxxAttribute z:Ref="i412"/><IxyAttribute z:Ref="i413"/><IxzAttribute z:Ref="i414"/><IyyAttribute z:Ref="i415"/><IyzAttribute z:Ref="i416"/><IzzAttribute z:Ref="i417"/></URDFElement></ChildElements><ElementName>inertial</ElementName><required>false</required><Inertia z:Ref="i411"/><Mass z:Ref="i409"/><Origin z:Ref="i406"/></URDFElement><URDFElement z:Id="i418" i:type="Visual"><Attributes/><ChildElements><URDFElement z:Id="i419" i:type="Origin"><Attributes><Attribute z:Id="i420"><AttributeType>xyz</AttributeType><IsRequired>true</IsRequired><Value i:type="a:ArrayOfdouble" xmlns:a="http://schemas.microsoft.com/2003/10/Serialization/Arrays"><a:double>0</a:double><a:double>0</a:double><a:double>0</a:double></Value></Attribute><Attribute z:Id="i421"><AttributeType>rpy</AttributeType><IsRequired>true</IsRequired><Value i:type="a:ArrayOfdouble" xmlns:a="http://schemas.microsoft.com/2003/10/Serialization/Arrays"><a:double>0</a:double><a:double>0</a:double><a:double>0</a:double></Value></Attribute></Attributes><ChildElements/><ElementName>origin</ElementName><required>false</required><RPYAttribute z:Ref="i421"/><XYZAttribute z:Ref="i420"/><isCustomized>false</isCustomized></URDFElement><URDFElement z:Id="i422" i:type="Geometry"><Attributes/><ChildElements><URDFElement z:Id="i423" i:type="Mesh"><Attributes><Attribute z:Id="i424"><AttributeType>filename</AttributeType><IsRequired>true</IsRequired><Value i:nil="true"/></Attribute></Attributes><ChildElements/><ElementName>mesh</ElementName><required>false</required><FilenameAttribute z:Ref="i424"/></URDFElement></ChildElements><ElementName>geometry</ElementName><required>true</required><Mesh z:Ref="i423"/></URDFElement><URDFElement z:Id="i425" i:type="Material"><Attributes><Attribute z:Id="i426"><AttributeType>name</AttributeType><IsRequired>true</IsRequired><Value i:type="a:string" xmlns:a="http://www.w3.org/2001/XMLSchema"/></Attribute></Attributes><ChildElements><URDFElement z:Id="i427" i:type="Color"><Attributes><Attribute z:Id="i428"><AttributeType>rgba</AttributeType><IsRequired>true</IsRequired><Value i:type="a:ArrayOfdouble" xmlns:a="http://schemas.microsoft.com/2003/10/Serialization/Arrays"><a:double>0.792156862745098</a:double><a:double>0.81960784313725488</a:double><a:double>0.93333333333333335</a:double><a:double>1</a:double></Value></Attribute></Attributes><ChildElements/><ElementName>color</ElementName><required>false</required><RGBAAttribute z:Ref="i428"/></URDFElement><URDFElement z:Id="i429" i:type="Texture"><Attributes><Attribute z:Id="i430"><AttributeType>filename</AttributeType><IsRequired>true</IsRequired><Value i:nil="true"/></Attribute></Attributes><ChildElements/><ElementName>texture</ElementName><required>false</required><FilenameAttribute z:Ref="i430"/><wFilename/></URDFElement></ChildElements><ElementName>material</ElementName><required>false</required><Color z:Ref="i427"/><NameAttribute z:Ref="i426"/><Texture z:Ref="i429"/></URDFElement></ChildElements><ElementName>visual</ElementName><required>false</required><Geometry z:Ref="i422"/><Material z:Ref="i425"/><Origin z:Ref="i419"/></URDFElement><URDFElement z:Id="i431" i:type="Collision"><Attributes/><ChildElements><URDFElement z:Id="i432" i:type="Origin"><Attributes><Attribute z:Id="i433"><AttributeType>xyz</AttributeType><IsRequired>true</IsRequired><Value i:type="a:ArrayOfdouble" xmlns:a="http://schemas.microsoft.com/2003/10/Serialization/Arrays"><a:double>0</a:double><a:double>0</a:double><a:double>0</a:double></Value></Attribute><Attribute z:Id="i434"><AttributeType>rpy</AttributeType><IsRequired>true</IsRequired><Value i:type="a:ArrayOfdouble" xmlns:a="http://schemas.microsoft.com/2003/10/Serialization/Arrays"><a:double>0</a:double><a:double>0</a:double><a:double>0</a:double></Value></Attribute></Attributes><ChildElements/><ElementName>origin</ElementName><required>false</required><RPYAttribute z:Ref="i434"/><XYZAttribute z:Ref="i433"/><isCustomized>false</isCustomized></URDFElement><URDFElement z:Id="i435" i:type="Geometry"><Attributes/><ChildElements><URDFElement z:Id="i436" i:type="Mesh"><Attributes><Attribute z:Id="i437"><AttributeType>filename</AttributeType><IsRequired>true</IsRequired><Value i:nil="true"/></Attribute></Attributes><ChildElements/><ElementName>mesh</ElementName><required>false</required><FilenameAttribute z:Ref="i437"/></URDFElement></ChildElements><ElementName>geometry</ElementName><required>true</required><Mesh z:Ref="i436"/></URDFElement></ChildElements><ElementName>collision</ElementName><required>false</required><Geometry z:Ref="i435"/><Origin z:Ref="i432"/></URDFElement><URDFElement z:Id="i438" i:type="Joint"><Attributes><Attribute z:Id="i439"><AttributeType>name</AttributeType><IsRequired>true</IsRequired><Value i:type="a:string" xmlns:a="http://www.w3.org/2001/XMLSchema">imu_joint</Value></Attribute><Attribute z:Id="i440"><AttributeType>type</AttributeType><IsRequired>true</IsRequired><Value i:type="a:string" xmlns:a="http://www.w3.org/2001/XMLSchema">fixed</Value></Attribute></Attributes><ChildElements><URDFElement z:Id="i441" i:type="Origin"><Attributes><Attribute z:Id="i442"><AttributeType>xyz</AttributeType><IsRequired>true</IsRequired><Value i:type="a:ArrayOfdouble" xmlns:a="http://schemas.microsoft.com/2003/10/Serialization/Arrays"><a:double>-0.00494016789724259</a:double><a:double>-0.036990916273756426</a:double><a:double>0.11451999998799492</a:double></Value></Attribute><Attribute z:Id="i443"><AttributeType>rpy</AttributeType><IsRequired>true</IsRequired><Value i:type="a:ArrayOfdouble" xmlns:a="http://schemas.microsoft.com/2003/10/Serialization/Arrays"><a:double>0</a:double><a:double>0</a:double><a:double>0</a:double></Value></Attribute></Attributes><ChildElements/><ElementName>origin</ElementName><required>false</required><RPYAttribute z:Ref="i443"/><XYZAttribute z:Ref="i442"/><isCustomized>false</isCustomized></URDFElement><URDFElement z:Id="i444" i:type="ParentLink"><Attributes><Attribute z:Id="i445"><AttributeType>link</AttributeType><IsRequired>true</IsRequired><Value i:type="a:string" xmlns:a="http://www.w3.org/2001/XMLSchema">base_link</Value></Attribute></Attributes><ChildElements/><ElementName>parent</ElementName><required>true</required><NameAttribute z:Ref="i445"/></URDFElement><URDFElement z:Id="i446" i:type="ChildLink"><Attributes><Attribute z:Id="i447"><AttributeType>link</AttributeType><IsRequired>true</IsRequired><Value i:type="a:string" xmlns:a="http://www.w3.org/2001/XMLSchema">imu_link</Value></Attribute></Attributes><ChildElements/><ElementName>child</ElementName><required>true</required><NameAttribute z:Ref="i447"/></URDFElement><URDFElement z:Id="i448" i:type="Axis"><Attributes><Attribute z:Id="i449"><AttributeType>xyz</AttributeType><IsRequired>true</IsRequired><Value i:type="a:ArrayOfdouble" xmlns:a="http://schemas.microsoft.com/2003/10/Serialization/Arrays"><a:double>0</a:double><a:double>0</a:double><a:double>0</a:double></Value></Attribute></Attributes><ChildElements/><ElementName>axis</ElementName><required>false</required><XYZAttribute z:Ref="i449"/></URDFElement><URDFElement z:Id="i450" i:type="Limit"><Attributes><Attribute z:Id="i451"><AttributeType>lower</AttributeType><IsRequired>false</IsRequired><Value i:nil="true"/></Attribute><Attribute z:Id="i452"><AttributeType>upper</AttributeType><IsRequired>false</IsRequired><Value i:nil="true"/></Attribute><Attribute z:Id="i453"><AttributeType>effort</AttributeType><IsRequired>true</IsRequired><Value i:nil="true"/></Attribute><Attribute z:Id="i454"><AttributeType>velocity</AttributeType><IsRequired>true</IsRequired><Value i:nil="true"/></Attribute></Attributes><ChildElements/><ElementName>limit</ElementName><required>false</required><EffortAttribute z:Ref="i453"/><LowerAttribute z:Ref="i451"/><UpperAttribute z:Ref="i452"/><VelocityAttribute z:Ref="i454"/></URDFElement><URDFElement z:Id="i455" i:type="Calibration"><Attributes><Attribute z:Id="i456"><AttributeType>rising</AttributeType><IsRequired>false</IsRequired><Value i:nil="true"/></Attribute><Attribute z:Id="i457"><AttributeType>falling</AttributeType><IsRequired>false</IsRequired><Value i:nil="true"/></Attribute></Attributes><ChildElements/><ElementName>calibration</ElementName><required>false</required><FallingAttribute z:Ref="i457"/><RisingAttribute z:Ref="i456"/></URDFElement><URDFElement z:Id="i458" i:type="Dynamics"><Attributes><Attribute z:Id="i459"><AttributeType>damping</AttributeType><IsRequired>false</IsRequired><Value i:nil="true"/></Attribute><Attribute z:Id="i460"><AttributeType>friction</AttributeType><IsRequired>false</IsRequired><Value i:nil="true"/></Attribute></Attributes><ChildElements/><ElementName>dynamics</ElementName><required>false</required><DampingAttribute z:Ref="i459"/><FrictionAttribute z:Ref="i460"/></URDFElement><URDFElement z:Id="i461" i:type="SafetyController"><Attributes><Attribute z:Id="i462"><AttributeType>soft_upper_limit</AttributeType><IsRequired>false</IsRequired><Value i:nil="true"/></Attribute><Attribute z:Id="i463"><AttributeType>soft_lower_limit</AttributeType><IsRequired>false</IsRequired><Value i:nil="true"/></Attribute><Attribute z:Id="i464"><AttributeType>k_position</AttributeType><IsRequired>false</IsRequired><Value i:nil="true"/></Attribute><Attribute z:Id="i465"><AttributeType>k_velocity</AttributeType><IsRequired>true</IsRequired><Value i:nil="true"/></Attribute></Attributes><ChildElements/><ElementName>safety_controller</ElementName><required>false</required><KPositionAttribute z:Ref="i464"/><KVelocityAttribute z:Ref="i465"/><SoftLowerAttribute z:Ref="i463"/><SoftUpperAttribute z:Ref="i462"/></URDFElement><URDFElement z:Id="i466" i:type="Mimic"><Attributes><Attribute z:Id="i467"><AttributeType>joint</AttributeType><IsRequired>true</IsRequired><Value i:nil="true"/></Attribute><Attribute z:Id="i468"><AttributeType>multiplier</AttributeType><IsRequired>false</IsRequired><Value i:nil="true"/></Attribute><Attribute z:Id="i469"><AttributeType>offset</AttributeType><IsRequired>false</IsRequired><Value i:nil="true"/></Attribute></Attributes><ChildElements/><ElementName>mimic</ElementName><required>false</required><JointNameAttribute z:Ref="i467"/><MultiplierAttribute z:Ref="i468"/><OffsetAttribute z:Ref="i469"/></URDFElement></ChildElements><ElementName>joint</ElementName><required>false</required><Axis z:Ref="i448"/><AxisName>Automatically Generate</AxisName><Calibration z:Ref="i455"/><Child z:Ref="i446"/><CoordinateSystemName>imu_origin</CoordinateSystemName><Dynamics z:Ref="i458"/><Limit z:Ref="i450"/><Mimic z:Ref="i466"/><NameAttribute z:Ref="i439"/><Origin z:Ref="i441"/><Parent z:Ref="i444"/><Safety z:Ref="i461"/><TypeAttribute z:Ref="i440"/></URDFElement></ChildElements><ElementName>link</ElementName><required>true</required><Children/><Collision z:Ref="i431"/><Inertial z:Ref="i405"/><Joint z:Ref="i438"/><NameAttribute z:Ref="i404"/><Parent z:Ref="i1"/><STLQualityFine>false</STLQualityFine><SWComponentPIDs xmlns:a="http://schemas.microsoft.com/2003/10/Serialization/Arrays"><a:base64Binary>aEIAAAUAAAD//v8VTQBQAFUANgAwADUAMABfAG4AdQBkAGUALQAxAEAAYQBzAHMAZQBtADEABAAAABAAAAABAAAAAQAAAPwBAAA=</a:base64Binary></SWComponentPIDs><SWMainComponentPID i:nil="true"/><Visual z:Ref="i418"/><isFixedFrame>false</isFixedFrame><isIncomplete>false</isIncomplete></Link></Children><Collision z:Ref="i29"/><Inertial z:Ref="i3"/><Joint z:Ref="i36"/><NameAttribute z:Ref="i2"/><Parent i:nil="true"/><STLQualityFine>false</STLQualityFine><SWComponentPIDs xmlns:a="http://schemas.microsoft.com/2003/10/Serialization/Arrays"><a:base64Binary>aEIAAAUAAAD//v8ScgBiAG8AdABfAGIAYQBzAGUALQAxAEAAYQBzAHMAZQBtADEABAAAABAAAAABAAAAAQAAABgAAAA=</a:base64Binary><a:base64Binary>aEIAAAUAAAD//v8sYwB1AG0ATQBvAHQAbwByAC0AMgBAAGEAcwBzAGUAbQAxAC8ASgBHAEEAMgA1AC0AMwA3ADEALQBtAG8AdQBuAHQALQAxAEAAYwB1AG0ATQBvAHQAbwByAAQAAAAQAAAAAQAAAAIAAAAdAAAAHAAAAA==</a:base64Binary><a:base64Binary>aEIAAAUAAAD//v83YwB1AG0ATQBvAHQAbwByAC0AMgBAAGEAcwBzAGUAbQAxAC8ASgBHAEEAMgA1AC0AMwA3ADEAXwAxADIAVgBEAEMAXwAyADUAMABSAFAATQAuAHMAdABwAC0AMQBAAGMAdQBtAE0AbwB0AG8AcgAEAAAAEAAAAAEAAAACAAAAHQAAABkAAAA=</a:base64Binary><a:base64Binary>aEIAAAUAAAD//v8sYwB1AG0ATQBvAHQAbwByAC0AMQBAAGEAcwBzAGUAbQAxAC8ASgBHAEEAMgA1AC0AMwA3ADEALQBtAG8AdQBuAHQALQAxAEAAYwB1AG0ATQBvAHQAbwByAAQAAAAQAAAAAQAAAAIAAAAZAAAAHAAAAA==</a:base64Binary><a:base64Binary>aEIAAAUAAAD//v83YwB1AG0ATQBvAHQAbwByAC0AMQBAAGEAcwBzAGUAbQAxAC8ASgBHAEEAMgA1AC0AMwA3ADEAXwAxADIAVgBEAEMAXwAyADUAMABSAFAATQAuAHMAdABwAC0AMQBAAGMAdQBtAE0AbwB0AG8AcgAEAAAAEAAAAAEAAAACAAAAGQAAABkAAAA=</a:base64Binary><a:base64Binary>aEIAAAUAAAD//v8UcgBiAG8AdABfAGwAYQB5AGUAcgAxAC0AMgBAAGEAcwBzAGUAbQAxAAQAAAAQAAAAAQAAAAEAAABtAAAA</a:base64Binary><a:base64Binary>aEIAAAUAAAD//v8tQQBiAHMAdABhAG4AZABoAGEAbAB0AGUAcgAgAE0AMwAgAEkARwAtAEEARwAgADMAMABtAG0AKwA2AG0AbQAgAHAAYQByAHQALQA3AEAAYQBzAHMAZQBtADEABAAAABAAAAABAAAAAQAAAEEBAAA=</a:base64Binary><a:base64Binary>aEIAAAUAAAD//v8tQQBiAHMAdABhAG4AZABoAGEAbAB0AGUAcgAgAE0AMwAgAEkARwAtAEEARwAgADMAMABtAG0AKwA2AG0AbQAgAHAAYQByAHQALQA4AEAAYQBzAHMAZQBtADEABAAAABAAAAABAAAAAQAAAEQBAAA=</a:base64Binary><a:base64Binary>aEIAAAUAAAD//v8UcgBiAG8AdABfAGwAYQB5AGUAcgAzAC0AMQBAAGEAcwBzAGUAbQAxAAQAAAAQAAAAAQAAAAEAAABxAAAA</a:base64Binary><a:base64Binary>aEIAAAUAAAD//v8tQQBiAHMAdABhAG4AZABoAGEAbAB0AGUAcgAgAE0AMwAgAEkARwAtAEEARwAgADMAMABtAG0AKwA2AG0AbQAgAHAAYQByAHQALQAzAEAAYQBzAHMAZQBtADEABAAAABAAAAABAAAAAQAAADIBAAA=</a:base64Binary><a:base64Binary>aEIAAAUAAAD//v8UcgBiAG8AdABfAGwAYQB5AGUAcgAyAC0AMQBAAGEAcwBzAGUAbQAxAAQAAAAQAAAAAQAAAAEAAACCAAAA</a:base64Binary><a:base64Binary>aEIAAAUAAAD//v8tQQBiAHMAdABhAG4AZABoAGEAbAB0AGUAcgAgAE0AMwAgAEkARwAtAEEARwAgADMAMABtAG0AKwA2AG0AbQAgAHAAYQByAHQALQA0AEAAYQBzAHMAZQBtADEABAAAABAAAAABAAAAAQAAADUBAAA=</a:base64Binary><a:base64Binary>aEIAAAUAAAD//v8tQQBiAHMAdABhAG4AZABoAGEAbAB0AGUAcgAgAE0AMwAgAEkARwAtAEEARwAgADUAMABtAG0AKwA2AG0AbQAgAHAAYQByAHQALQAzAEAAYQBzAHMAZQBtADEABAAAABAAAAABAAAAAQAAACABAAA=</a:base64Binary><a:base64Binary>aEIAAAUAAAD//v8tQQBiAHMAdABhAG4AZABoAGEAbAB0AGUAcgAgAE0AMwAgAEkARwAtAEEARwAgADUAMABtAG0AKwA2AG0AbQAgAHAAYQByAHQALQAyAEAAYQBzAHMAZQBtADEABAAAABAAAAABAAAAAQAAAB0BAAA=</a:base64Binary><a:base64Binary>aEIAAAUAAAD//v8tQQBiAHMAdABhAG4AZABoAGEAbAB0AGUAcgAgAE0AMwAgAEkARwAtAEEARwAgADUAMABtAG0AKwA2AG0AbQAgAHAAYQByAHQALQAxAEAAYQBzAHMAZQBtADEABAAAABAAAAABAAAAAQAAABoBAAA=</a:base64Binary><a:base64Binary>aEIAAAUAAAD//v8tQQBiAHMAdABhAG4AZABoAGEAbAB0AGUAcgAgAE0AMwAgAEkARwAtAEEARwAgADMAMABtAG0AKwA2AG0AbQAgAHAAYQByAHQALQAyAEAAYQBzAHMAZQBtADEABAAAABAAAAABAAAAAQAAAC8BAAA=</a:base64Binary><a:base64Binary>aEIAAAUAAAD//v8tQQBiAHMAdABhAG4AZABoAGEAbAB0AGUAcgAgAE0AMwAgAEkARwAtAEEARwAgADMAMABtAG0AKwA2AG0AbQAgAHAAYQByAHQALQA2AEAAYQBzAHMAZQBtADEABAAAABAAAAABAAAAAQAAAD4BAAA=</a:base64Binary><a:base64Binary>aEIAAAUAAAD//v8tQQBiAHMAdABhAG4AZABoAGEAbAB0AGUAcgAgAE0AMwAgAEkARwAtAEEARwAgADUAMABtAG0AKwA2AG0AbQAgAHAAYQByAHQALQA0AEAAYQBzAHMAZQBtADEABAAAABAAAAABAAAAAQAAACMBAAA=</a:base64Binary><a:base64Binary>aEIAAAUAAAD//v8tQQBiAHMAdABhAG4AZABoAGEAbAB0AGUAcgAgAE0AMwAgAEkARwAtAEEARwAgADMAMABtAG0AKwA2AG0AbQAgAHAAYQByAHQALQAxAEAAYQBzAHMAZQBtADEABAAAABAAAAABAAAAAQAAACkBAAA=</a:base64Binary><a:base64Binary>aEIAAAUAAAD//v8tQQBiAHMAdABhAG4AZABoAGEAbAB0AGUAcgAgAE0AMwAgAEkARwAtAEEARwAgADMAMABtAG0AKwA2AG0AbQAgAHAAYQByAHQALQA1AEAAYQBzAHMAZQBtADEABAAAABAAAAABAAAAAQAAADsBAAA=</a:base64Binary><a:base64Binary>aEIAAAUAAAD//v8UcgBiAG8AdABfAHcAYQBzAGgAZQByAC0ANQBAAGEAcwBzAGUAbQAxAAQAAAAQAAAAAQAAAAEAAADqAAAA</a:base64Binary><a:base64Binary>aEIAAAUAAAD//v8TTAAyADkAOABOAF8AcABhAHIAdAAtADEAQABhAHMAcwBlAG0AMQAEAAAAEAAAAAEAAAABAAAA6QAAAA==</a:base64Binary><a:base64Binary>aEIAAAUAAAD//v8UcgBiAG8AdABfAHcAYQBzAGgAZQByAC0ANgBAAGEAcwBzAGUAbQAxAAQAAAAQAAAAAQAAAAEAAADtAAAA</a:base64Binary><a:base64Binary>aEIAAAUAAAD//v8UcgBiAG8AdABfAHcAYQBzAGgAZQByAC0ANwBAAGEAcwBzAGUAbQAxAAQAAAAQAAAAAQAAAAEAAADwAAAA</a:base64Binary><a:base64Binary>aEIAAAUAAAD//v8VcgBiAG8AdABfAHcAYQBzAGgAZQByAC0AMQA0AEAAYQBzAHMAZQBtADEABAAAABAAAAABAAAAAQAAAFQBAAA=</a:base64Binary><a:base64Binary>aEIAAAUAAAD//v8VcgBiAG8AdABfAHcAYQBzAGgAZQByAC0AMQAxAEAAYQBzAHMAZQBtADEABAAAABAAAAABAAAAAQAAAEsBAAA=</a:base64Binary><a:base64Binary>aEIAAAUAAAD//v8hTABUAEMAIAAzADcAOAAwACAATQB1AGQAdQBsAGUAIAB2ADEAMQAgAHAAYQByAHQALQAxAEAAYQBzAHMAZQBtADEABAAAABAAAAABAAAAAQAAAEoBAAA=</a:base64Binary><a:base64Binary>aEIAAAUAAAD//v8VcgBiAG8AdABfAHcAYQBzAGgAZQByAC0AMQAwAEAAYQBzAHMAZQBtADEABAAAABAAAAABAAAAAQAAAPcAAAA=</a:base64Binary><a:base64Binary>aEIAAAUAAAD//v8VcgBiAG8AdABfAHcAYQBzAGgAZQByAC0AMQAzAEAAYQBzAHMAZQBtADEABAAAABAAAAABAAAAAQAAAFEBAAA=</a:base64Binary><a:base64Binary>aEIAAAUAAAD//v8VcgBiAG8AdABfAHcAYQBzAGgAZQByAC0AMQAyAEAAYQBzAHMAZQBtADEABAAAABAAAAABAAAAAQAAAE4BAAA=</a:base64Binary><a:base64Binary>aEIAAAUAAAD//v8tYQBiAHMAdABhAG4AZABoAGEAbAB0AGUAcgAgAG0AMwAgAGkAZwAtAGEAZwAgADIAMABtAG0AKwA2AG0AbQAgAHAAYQByAHQALQAxAEAAYQBzAHMAZQBtADEABAAAABAAAAABAAAAAQAAAPYBAAA=</a:base64Binary><a:base64Binary>aEIAAAUAAAD//v8tYQBiAHMAdABhAG4AZABoAGEAbAB0AGUAcgAgAG0AMwAgAGkAZwAtAGEAZwAgADIAMABtAG0AKwA2AG0AbQAgAHAAYQByAHQALQAyAEAAYQBzAHMAZQBtADEABAAAABAAAAABAAAAAQAAAPkBAAA=</a:base64Binary></SWComponentPIDs><SWMainComponentPID i:nil="true"/><Visual z:Ref="i16"/><isFixedFrame>false</isFixedFrame><isIncomplete>false</isIncomplete></Link>
2025-04-28 06:57:54,542 INFO  ExportHelperExtension.cs: 347 - Creating joint R_wheel_link
2025-04-28 06:57:56,799 WARN  ExportHelperExtension.cs: 351 - Creating joint from parent base_link to child R_wheel_link failed
2025-04-28 06:57:57,810 INFO  ExportHelperExtension.cs: 347 - Creating joint L_wheel_link
2025-04-28 06:57:57,862 WARN  ExportHelperExtension.cs: 351 - Creating joint from parent base_link to child L_wheel_link failed
2025-04-28 06:57:58,873 INFO  ExportHelperExtension.cs: 347 - Creating joint Ball_front_link
2025-04-28 06:57:58,873 INFO  ExportHelperExtension.cs: 1397 - Fixing components for base_link
2025-04-28 06:57:58,873 INFO  ExportHelperExtension.cs: 1402 - Fixing 24
2025-04-28 06:57:58,873 INFO  ExportHelperExtension.cs: 1409 - Component 24 is already fixed
2025-04-28 06:57:58,873 INFO  ExportHelperExtension.cs: 1402 - Fixing 28
2025-04-28 06:57:58,873 INFO  ExportHelperExtension.cs: 1402 - Fixing 25
2025-04-28 06:57:58,873 INFO  ExportHelperExtension.cs: 1402 - Fixing 28
2025-04-28 06:57:58,873 INFO  ExportHelperExtension.cs: 1402 - Fixing 25
2025-04-28 06:57:58,873 INFO  ExportHelperExtension.cs: 1402 - Fixing 109
2025-04-28 06:57:58,873 INFO  ExportHelperExtension.cs: 1402 - Fixing 321
2025-04-28 06:57:58,873 INFO  ExportHelperExtension.cs: 1402 - Fixing 324
2025-04-28 06:57:58,873 INFO  ExportHelperExtension.cs: 1402 - Fixing 113
2025-04-28 06:57:58,873 INFO  ExportHelperExtension.cs: 1402 - Fixing 306
2025-04-28 06:57:58,873 INFO  ExportHelperExtension.cs: 1402 - Fixing 130
2025-04-28 06:57:58,873 INFO  ExportHelperExtension.cs: 1402 - Fixing 309
2025-04-28 06:57:58,873 INFO  ExportHelperExtension.cs: 1402 - Fixing 288
2025-04-28 06:57:58,873 INFO  ExportHelperExtension.cs: 1402 - Fixing 285
2025-04-28 06:57:58,873 INFO  ExportHelperExtension.cs: 1402 - Fixing 282
2025-04-28 06:57:58,873 INFO  ExportHelperExtension.cs: 1402 - Fixing 303
2025-04-28 06:57:58,873 INFO  ExportHelperExtension.cs: 1402 - Fixing 318
2025-04-28 06:57:58,873 INFO  ExportHelperExtension.cs: 1402 - Fixing 291
2025-04-28 06:57:58,873 INFO  ExportHelperExtension.cs: 1402 - Fixing 297
2025-04-28 06:57:58,889 INFO  ExportHelperExtension.cs: 1402 - Fixing 315
2025-04-28 06:57:58,889 INFO  ExportHelperExtension.cs: 1402 - Fixing 234
2025-04-28 06:57:58,889 INFO  ExportHelperExtension.cs: 1402 - Fixing 233
2025-04-28 06:57:58,889 INFO  ExportHelperExtension.cs: 1402 - Fixing 237
2025-04-28 06:57:58,889 INFO  ExportHelperExtension.cs: 1402 - Fixing 240
2025-04-28 06:57:58,889 INFO  ExportHelperExtension.cs: 1402 - Fixing 340
2025-04-28 06:57:58,889 INFO  ExportHelperExtension.cs: 1402 - Fixing 331
2025-04-28 06:57:58,889 INFO  ExportHelperExtension.cs: 1402 - Fixing 330
2025-04-28 06:57:58,889 INFO  ExportHelperExtension.cs: 1402 - Fixing 247
2025-04-28 06:57:58,889 INFO  ExportHelperExtension.cs: 1402 - Fixing 337
2025-04-28 06:57:58,889 INFO  ExportHelperExtension.cs: 1402 - Fixing 334
2025-04-28 06:57:58,889 INFO  ExportHelperExtension.cs: 1402 - Fixing 502
2025-04-28 06:57:58,889 INFO  ExportHelperExtension.cs: 1402 - Fixing 505
2025-04-28 06:58:00,193 INFO  ExportHelperExtension.cs: 832 - R1: 0, 0
2025-04-28 06:58:00,193 INFO  ExportHelperExtension.cs: 841 - R2: 0, 0
2025-04-28 06:58:00,193 INFO  ExportHelperExtension.cs: 849 - L1: 0
2025-04-28 06:58:00,193 INFO  ExportHelperExtension.cs: 857 - L2: 0
2025-04-28 06:58:00,193 INFO  ExportHelperExtension.cs: 1352 - Unfixing component 28
2025-04-28 06:58:00,193 INFO  ExportHelperExtension.cs: 1352 - Unfixing component 25
2025-04-28 06:58:00,193 INFO  ExportHelperExtension.cs: 1352 - Unfixing component 28
2025-04-28 06:58:00,193 INFO  ExportHelperExtension.cs: 1352 - Unfixing component 25
2025-04-28 06:58:00,193 INFO  ExportHelperExtension.cs: 1352 - Unfixing component 109
2025-04-28 06:58:00,193 INFO  ExportHelperExtension.cs: 1352 - Unfixing component 321
2025-04-28 06:58:00,193 INFO  ExportHelperExtension.cs: 1352 - Unfixing component 324
2025-04-28 06:58:00,193 INFO  ExportHelperExtension.cs: 1352 - Unfixing component 113
2025-04-28 06:58:00,193 INFO  ExportHelperExtension.cs: 1352 - Unfixing component 306
2025-04-28 06:58:00,193 INFO  ExportHelperExtension.cs: 1352 - Unfixing component 130
2025-04-28 06:58:00,193 INFO  ExportHelperExtension.cs: 1352 - Unfixing component 309
2025-04-28 06:58:00,193 INFO  ExportHelperExtension.cs: 1352 - Unfixing component 288
2025-04-28 06:58:00,193 INFO  ExportHelperExtension.cs: 1352 - Unfixing component 285
2025-04-28 06:58:00,193 INFO  ExportHelperExtension.cs: 1352 - Unfixing component 282
2025-04-28 06:58:00,193 INFO  ExportHelperExtension.cs: 1352 - Unfixing component 303
2025-04-28 06:58:00,193 INFO  ExportHelperExtension.cs: 1352 - Unfixing component 318
2025-04-28 06:58:00,193 INFO  ExportHelperExtension.cs: 1352 - Unfixing component 291
2025-04-28 06:58:00,193 INFO  ExportHelperExtension.cs: 1352 - Unfixing component 297
2025-04-28 06:58:00,193 INFO  ExportHelperExtension.cs: 1352 - Unfixing component 315
2025-04-28 06:58:00,209 INFO  ExportHelperExtension.cs: 1352 - Unfixing component 234
2025-04-28 06:58:00,209 INFO  ExportHelperExtension.cs: 1352 - Unfixing component 233
2025-04-28 06:58:00,209 INFO  ExportHelperExtension.cs: 1352 - Unfixing component 237
2025-04-28 06:58:00,209 INFO  ExportHelperExtension.cs: 1352 - Unfixing component 240
2025-04-28 06:58:00,209 INFO  ExportHelperExtension.cs: 1352 - Unfixing component 340
2025-04-28 06:58:00,209 INFO  ExportHelperExtension.cs: 1352 - Unfixing component 331
2025-04-28 06:58:00,209 INFO  ExportHelperExtension.cs: 1352 - Unfixing component 330
2025-04-28 06:58:00,209 INFO  ExportHelperExtension.cs: 1352 - Unfixing component 247
2025-04-28 06:58:00,209 INFO  ExportHelperExtension.cs: 1352 - Unfixing component 337
2025-04-28 06:58:00,209 INFO  ExportHelperExtension.cs: 1352 - Unfixing component 334
2025-04-28 06:58:00,209 INFO  ExportHelperExtension.cs: 1352 - Unfixing component 502
2025-04-28 06:58:00,209 INFO  ExportHelperExtension.cs: 1352 - Unfixing component 505
2025-04-28 06:58:01,275 WARN  ExportHelperExtension.cs: 351 - Creating joint from parent base_link to child Ball_front_link failed
2025-04-28 06:58:01,311 INFO  ExportHelperExtension.cs: 347 - Creating joint Ball_back_link
2025-04-28 06:58:01,311 INFO  ExportHelperExtension.cs: 1397 - Fixing components for base_link
2025-04-28 06:58:01,311 INFO  ExportHelperExtension.cs: 1402 - Fixing 24
2025-04-28 06:58:01,311 INFO  ExportHelperExtension.cs: 1409 - Component 24 is already fixed
2025-04-28 06:58:01,311 INFO  ExportHelperExtension.cs: 1402 - Fixing 28
2025-04-28 06:58:01,311 INFO  ExportHelperExtension.cs: 1402 - Fixing 25
2025-04-28 06:58:01,311 INFO  ExportHelperExtension.cs: 1402 - Fixing 28
2025-04-28 06:58:01,311 INFO  ExportHelperExtension.cs: 1402 - Fixing 25
2025-04-28 06:58:01,311 INFO  ExportHelperExtension.cs: 1402 - Fixing 109
2025-04-28 06:58:01,311 INFO  ExportHelperExtension.cs: 1402 - Fixing 321
2025-04-28 06:58:01,311 INFO  ExportHelperExtension.cs: 1402 - Fixing 324
2025-04-28 06:58:01,311 INFO  ExportHelperExtension.cs: 1402 - Fixing 113
2025-04-28 06:58:01,311 INFO  ExportHelperExtension.cs: 1402 - Fixing 306
2025-04-28 06:58:01,311 INFO  ExportHelperExtension.cs: 1402 - Fixing 130
2025-04-28 06:58:01,311 INFO  ExportHelperExtension.cs: 1402 - Fixing 309
2025-04-28 06:58:01,311 INFO  ExportHelperExtension.cs: 1402 - Fixing 288
2025-04-28 06:58:01,311 INFO  ExportHelperExtension.cs: 1402 - Fixing 285
2025-04-28 06:58:01,311 INFO  ExportHelperExtension.cs: 1402 - Fixing 282
2025-04-28 06:58:01,311 INFO  ExportHelperExtension.cs: 1402 - Fixing 303
2025-04-28 06:58:01,311 INFO  ExportHelperExtension.cs: 1402 - Fixing 318
2025-04-28 06:58:01,311 INFO  ExportHelperExtension.cs: 1402 - Fixing 291
2025-04-28 06:58:01,311 INFO  ExportHelperExtension.cs: 1402 - Fixing 297
2025-04-28 06:58:01,311 INFO  ExportHelperExtension.cs: 1402 - Fixing 315
2025-04-28 06:58:01,311 INFO  ExportHelperExtension.cs: 1402 - Fixing 234
2025-04-28 06:58:01,311 INFO  ExportHelperExtension.cs: 1402 - Fixing 233
2025-04-28 06:58:01,311 INFO  ExportHelperExtension.cs: 1402 - Fixing 237
2025-04-28 06:58:01,311 INFO  ExportHelperExtension.cs: 1402 - Fixing 240
2025-04-28 06:58:01,311 INFO  ExportHelperExtension.cs: 1402 - Fixing 340
2025-04-28 06:58:01,311 INFO  ExportHelperExtension.cs: 1402 - Fixing 331
2025-04-28 06:58:01,311 INFO  ExportHelperExtension.cs: 1402 - Fixing 330
2025-04-28 06:58:01,311 INFO  ExportHelperExtension.cs: 1402 - Fixing 247
2025-04-28 06:58:01,311 INFO  ExportHelperExtension.cs: 1402 - Fixing 337
2025-04-28 06:58:01,311 INFO  ExportHelperExtension.cs: 1402 - Fixing 334
2025-04-28 06:58:01,311 INFO  ExportHelperExtension.cs: 1402 - Fixing 502
2025-04-28 06:58:01,311 INFO  ExportHelperExtension.cs: 1402 - Fixing 505
2025-04-28 06:58:02,376 INFO  ExportHelperExtension.cs: 832 - R1: 0, 0
2025-04-28 06:58:02,376 INFO  ExportHelperExtension.cs: 841 - R2: 0, 0
2025-04-28 06:58:02,377 INFO  ExportHelperExtension.cs: 849 - L1: 0
2025-04-28 06:58:02,377 INFO  ExportHelperExtension.cs: 857 - L2: 0
2025-04-28 06:58:02,378 INFO  ExportHelperExtension.cs: 1352 - Unfixing component 28
2025-04-28 06:58:02,378 INFO  ExportHelperExtension.cs: 1352 - Unfixing component 25
2025-04-28 06:58:02,378 INFO  ExportHelperExtension.cs: 1352 - Unfixing component 28
2025-04-28 06:58:02,378 INFO  ExportHelperExtension.cs: 1352 - Unfixing component 25
2025-04-28 06:58:02,378 INFO  ExportHelperExtension.cs: 1352 - Unfixing component 109
2025-04-28 06:58:02,378 INFO  ExportHelperExtension.cs: 1352 - Unfixing component 321
2025-04-28 06:58:02,378 INFO  ExportHelperExtension.cs: 1352 - Unfixing component 324
2025-04-28 06:58:02,378 INFO  ExportHelperExtension.cs: 1352 - Unfixing component 113
2025-04-28 06:58:02,378 INFO  ExportHelperExtension.cs: 1352 - Unfixing component 306
2025-04-28 06:58:02,378 INFO  ExportHelperExtension.cs: 1352 - Unfixing component 130
2025-04-28 06:58:02,378 INFO  ExportHelperExtension.cs: 1352 - Unfixing component 309
2025-04-28 06:58:02,378 INFO  ExportHelperExtension.cs: 1352 - Unfixing component 288
2025-04-28 06:58:02,378 INFO  ExportHelperExtension.cs: 1352 - Unfixing component 285
2025-04-28 06:58:02,378 INFO  ExportHelperExtension.cs: 1352 - Unfixing component 282
2025-04-28 06:58:02,378 INFO  ExportHelperExtension.cs: 1352 - Unfixing component 303
2025-04-28 06:58:02,378 INFO  ExportHelperExtension.cs: 1352 - Unfixing component 318
2025-04-28 06:58:02,378 INFO  ExportHelperExtension.cs: 1352 - Unfixing component 291
2025-04-28 06:58:02,378 INFO  ExportHelperExtension.cs: 1352 - Unfixing component 297
2025-04-28 06:58:02,378 INFO  ExportHelperExtension.cs: 1352 - Unfixing component 315
2025-04-28 06:58:02,378 INFO  ExportHelperExtension.cs: 1352 - Unfixing component 234
2025-04-28 06:58:02,378 INFO  ExportHelperExtension.cs: 1352 - Unfixing component 233
2025-04-28 06:58:02,378 INFO  ExportHelperExtension.cs: 1352 - Unfixing component 237
2025-04-28 06:58:02,378 INFO  ExportHelperExtension.cs: 1352 - Unfixing component 240
2025-04-28 06:58:02,378 INFO  ExportHelperExtension.cs: 1352 - Unfixing component 340
2025-04-28 06:58:02,378 INFO  ExportHelperExtension.cs: 1352 - Unfixing component 331
2025-04-28 06:58:02,378 INFO  ExportHelperExtension.cs: 1352 - Unfixing component 330
2025-04-28 06:58:02,378 INFO  ExportHelperExtension.cs: 1352 - Unfixing component 247
2025-04-28 06:58:02,378 INFO  ExportHelperExtension.cs: 1352 - Unfixing component 337
2025-04-28 06:58:02,378 INFO  ExportHelperExtension.cs: 1352 - Unfixing component 334
2025-04-28 06:58:02,378 INFO  ExportHelperExtension.cs: 1352 - Unfixing component 502
2025-04-28 06:58:02,378 INFO  ExportHelperExtension.cs: 1352 - Unfixing component 505
2025-04-28 06:58:03,408 WARN  ExportHelperExtension.cs: 351 - Creating joint from parent base_link to child Ball_back_link failed
2025-04-28 06:58:03,427 INFO  ExportHelperExtension.cs: 347 - Creating joint Lidar_link
2025-04-28 06:58:03,565 WARN  ExportHelperExtension.cs: 351 - Creating joint from parent base_link to child Lidar_link failed
2025-04-28 06:58:03,878 INFO  ExportHelperExtension.cs: 347 - Creating joint imu_link
2025-04-28 06:58:03,878 INFO  ExportHelperExtension.cs: 1397 - Fixing components for base_link
2025-04-28 06:58:03,878 INFO  ExportHelperExtension.cs: 1402 - Fixing 24
2025-04-28 06:58:03,881 INFO  ExportHelperExtension.cs: 1409 - Component 24 is already fixed
2025-04-28 06:58:03,881 INFO  ExportHelperExtension.cs: 1402 - Fixing 28
2025-04-28 06:58:03,882 INFO  ExportHelperExtension.cs: 1402 - Fixing 25
2025-04-28 06:58:03,882 INFO  ExportHelperExtension.cs: 1402 - Fixing 28
2025-04-28 06:58:03,882 INFO  ExportHelperExtension.cs: 1402 - Fixing 25
2025-04-28 06:58:03,882 INFO  ExportHelperExtension.cs: 1402 - Fixing 109
2025-04-28 06:58:03,882 INFO  ExportHelperExtension.cs: 1402 - Fixing 321
2025-04-28 06:58:03,882 INFO  ExportHelperExtension.cs: 1402 - Fixing 324
2025-04-28 06:58:03,884 INFO  ExportHelperExtension.cs: 1402 - Fixing 113
2025-04-28 06:58:03,884 INFO  ExportHelperExtension.cs: 1402 - Fixing 306
2025-04-28 06:58:03,884 INFO  ExportHelperExtension.cs: 1402 - Fixing 130
2025-04-28 06:58:03,884 INFO  ExportHelperExtension.cs: 1402 - Fixing 309
2025-04-28 06:58:03,884 INFO  ExportHelperExtension.cs: 1402 - Fixing 288
2025-04-28 06:58:03,884 INFO  ExportHelperExtension.cs: 1402 - Fixing 285
2025-04-28 06:58:03,884 INFO  ExportHelperExtension.cs: 1402 - Fixing 282
2025-04-28 06:58:03,884 INFO  ExportHelperExtension.cs: 1402 - Fixing 303
2025-04-28 06:58:03,884 INFO  ExportHelperExtension.cs: 1402 - Fixing 318
2025-04-28 06:58:03,887 INFO  ExportHelperExtension.cs: 1402 - Fixing 291
2025-04-28 06:58:03,887 INFO  ExportHelperExtension.cs: 1402 - Fixing 297
2025-04-28 06:58:03,887 INFO  ExportHelperExtension.cs: 1402 - Fixing 315
2025-04-28 06:58:03,887 INFO  ExportHelperExtension.cs: 1402 - Fixing 234
2025-04-28 06:58:03,887 INFO  ExportHelperExtension.cs: 1402 - Fixing 233
2025-04-28 06:58:03,887 INFO  ExportHelperExtension.cs: 1402 - Fixing 237
2025-04-28 06:58:03,887 INFO  ExportHelperExtension.cs: 1402 - Fixing 240
2025-04-28 06:58:03,887 INFO  ExportHelperExtension.cs: 1402 - Fixing 340
2025-04-28 06:58:03,889 INFO  ExportHelperExtension.cs: 1402 - Fixing 331
2025-04-28 06:58:03,889 INFO  ExportHelperExtension.cs: 1402 - Fixing 330
2025-04-28 06:58:03,889 INFO  ExportHelperExtension.cs: 1402 - Fixing 247
2025-04-28 06:58:03,889 INFO  ExportHelperExtension.cs: 1402 - Fixing 337
2025-04-28 06:58:03,889 INFO  ExportHelperExtension.cs: 1402 - Fixing 334
2025-04-28 06:58:03,894 INFO  ExportHelperExtension.cs: 1402 - Fixing 502
2025-04-28 06:58:03,894 INFO  ExportHelperExtension.cs: 1402 - Fixing 505
2025-04-28 06:58:04,976 INFO  ExportHelperExtension.cs: 832 - R1: 0, 0
2025-04-28 06:58:04,976 INFO  ExportHelperExtension.cs: 841 - R2: 0, 0
2025-04-28 06:58:04,977 INFO  ExportHelperExtension.cs: 849 - L1: 0
2025-04-28 06:58:04,977 INFO  ExportHelperExtension.cs: 857 - L2: 0
2025-04-28 06:58:04,978 INFO  ExportHelperExtension.cs: 1352 - Unfixing component 28
2025-04-28 06:58:04,978 INFO  ExportHelperExtension.cs: 1352 - Unfixing component 25
2025-04-28 06:58:04,978 INFO  ExportHelperExtension.cs: 1352 - Unfixing component 28
2025-04-28 06:58:04,978 INFO  ExportHelperExtension.cs: 1352 - Unfixing component 25
2025-04-28 06:58:04,978 INFO  ExportHelperExtension.cs: 1352 - Unfixing component 109
2025-04-28 06:58:04,978 INFO  ExportHelperExtension.cs: 1352 - Unfixing component 321
2025-04-28 06:58:04,978 INFO  ExportHelperExtension.cs: 1352 - Unfixing component 324
2025-04-28 06:58:04,978 INFO  ExportHelperExtension.cs: 1352 - Unfixing component 113
2025-04-28 06:58:04,978 INFO  ExportHelperExtension.cs: 1352 - Unfixing component 306
2025-04-28 06:58:04,978 INFO  ExportHelperExtension.cs: 1352 - Unfixing component 130
2025-04-28 06:58:04,978 INFO  ExportHelperExtension.cs: 1352 - Unfixing component 309
2025-04-28 06:58:04,978 INFO  ExportHelperExtension.cs: 1352 - Unfixing component 288
2025-04-28 06:58:04,978 INFO  ExportHelperExtension.cs: 1352 - Unfixing component 285
2025-04-28 06:58:04,978 INFO  ExportHelperExtension.cs: 1352 - Unfixing component 282
2025-04-28 06:58:04,978 INFO  ExportHelperExtension.cs: 1352 - Unfixing component 303
2025-04-28 06:58:04,978 INFO  ExportHelperExtension.cs: 1352 - Unfixing component 318
2025-04-28 06:58:04,978 INFO  ExportHelperExtension.cs: 1352 - Unfixing component 291
2025-04-28 06:58:04,978 INFO  ExportHelperExtension.cs: 1352 - Unfixing component 297
2025-04-28 06:58:04,978 INFO  ExportHelperExtension.cs: 1352 - Unfixing component 315
2025-04-28 06:58:04,978 INFO  ExportHelperExtension.cs: 1352 - Unfixing component 234
2025-04-28 06:58:04,978 INFO  ExportHelperExtension.cs: 1352 - Unfixing component 233
2025-04-28 06:58:04,978 INFO  ExportHelperExtension.cs: 1352 - Unfixing component 237
2025-04-28 06:58:04,978 INFO  ExportHelperExtension.cs: 1352 - Unfixing component 240
2025-04-28 06:58:04,978 INFO  ExportHelperExtension.cs: 1352 - Unfixing component 340
2025-04-28 06:58:04,978 INFO  ExportHelperExtension.cs: 1352 - Unfixing component 331
2025-04-28 06:58:04,978 INFO  ExportHelperExtension.cs: 1352 - Unfixing component 330
2025-04-28 06:58:04,978 INFO  ExportHelperExtension.cs: 1352 - Unfixing component 247
2025-04-28 06:58:04,978 INFO  ExportHelperExtension.cs: 1352 - Unfixing component 337
2025-04-28 06:58:04,978 INFO  ExportHelperExtension.cs: 1352 - Unfixing component 334
2025-04-28 06:58:04,978 INFO  ExportHelperExtension.cs: 1352 - Unfixing component 502
2025-04-28 06:58:04,978 INFO  ExportHelperExtension.cs: 1352 - Unfixing component 505
2025-04-28 06:58:06,052 WARN  ExportHelperExtension.cs: 351 - Creating joint from parent base_link to child imu_link failed
2025-04-28 06:58:06,286 INFO  ExportHelperExtension.cs: 1125 - Retrieving features of type [CoordSys] from assem1
2025-04-28 06:58:06,290 INFO  ExportHelperExtension.cs: 1136 - Found 202 in assem1
2025-04-28 06:58:06,290 INFO  ExportHelperExtension.cs: 1145 - Found 7 features of type [CoordSys] in assem1
2025-04-28 06:58:06,290 INFO  ExportHelperExtension.cs: 1148 - Proceeding through assembly components
2025-04-28 06:58:06,290 INFO  ExportHelperExtension.cs: 1160 - 49 components to check
2025-04-28 06:58:06,293 INFO  ExportHelperExtension.cs: 1125 - Retrieving features of type [CoordSys] from rbot_washer-13
2025-04-28 06:58:06,293 INFO  ExportHelperExtension.cs: 1136 - Found 25 in rbot_washer-13
2025-04-28 06:58:06,293 INFO  ExportHelperExtension.cs: 1145 - Found 0 features of type [CoordSys] in rbot_washer-13
2025-04-28 06:58:06,293 INFO  ExportHelperExtension.cs: 1125 - Retrieving features of type [CoordSys] from W420_spacer-12
2025-04-28 06:58:06,293 INFO  ExportHelperExtension.cs: 1136 - Found 25 in W420_spacer-12
2025-04-28 06:58:06,295 INFO  ExportHelperExtension.cs: 1145 - Found 0 features of type [CoordSys] in W420_spacer-12
2025-04-28 06:58:06,295 INFO  ExportHelperExtension.cs: 1125 - Retrieving features of type [CoordSys] from abstandhalter m2,5 ig-ag 20mm+6mm part-3
2025-04-28 06:58:06,295 INFO  ExportHelperExtension.cs: 1136 - Found 36 in abstandhalter m2,5 ig-ag 20mm+6mm part-3
2025-04-28 06:58:06,295 INFO  ExportHelperExtension.cs: 1145 - Found 0 features of type [CoordSys] in abstandhalter m2,5 ig-ag 20mm+6mm part-3
2025-04-28 06:58:06,295 INFO  ExportHelperExtension.cs: 1125 - Retrieving features of type [CoordSys] from LTC 3780 Mudule v11 part-1
2025-04-28 06:58:06,295 INFO  ExportHelperExtension.cs: 1136 - Found 121 in LTC 3780 Mudule v11 part-1
2025-04-28 06:58:06,298 INFO  ExportHelperExtension.cs: 1145 - Found 0 features of type [CoordSys] in LTC 3780 Mudule v11 part-1
2025-04-28 06:58:06,298 INFO  ExportHelperExtension.cs: 1125 - Retrieving features of type [CoordSys] from W420_spacer-14
2025-04-28 06:58:06,298 INFO  ExportHelperExtension.cs: 1136 - Found 25 in W420_spacer-14
2025-04-28 06:58:06,300 INFO  ExportHelperExtension.cs: 1145 - Found 0 features of type [CoordSys] in W420_spacer-14
2025-04-28 06:58:06,300 INFO  ExportHelperExtension.cs: 1125 - Retrieving features of type [CoordSys] from abstandhalter m3 ig-ag 20mm+6mm part-2
2025-04-28 06:58:06,421 INFO  ExportHelperExtension.cs: 1136 - Found 36 in abstandhalter m3 ig-ag 20mm+6mm part-2
2025-04-28 06:58:06,421 INFO  ExportHelperExtension.cs: 1145 - Found 0 features of type [CoordSys] in abstandhalter m3 ig-ag 20mm+6mm part-2
2025-04-28 06:58:06,421 INFO  ExportHelperExtension.cs: 1125 - Retrieving features of type [CoordSys] from W420 Universal Steel Ball Caster_part-2
2025-04-28 06:58:06,421 INFO  ExportHelperExtension.cs: 1136 - Found 25 in W420 Universal Steel Ball Caster_part-2
2025-04-28 06:58:06,424 INFO  ExportHelperExtension.cs: 1145 - Found 0 features of type [CoordSys] in W420 Universal Steel Ball Caster_part-2
2025-04-28 06:58:06,424 INFO  ExportHelperExtension.cs: 1125 - Retrieving features of type [CoordSys] from rbot_washer-11
2025-04-28 06:58:06,424 INFO  ExportHelperExtension.cs: 1136 - Found 25 in rbot_washer-11
2025-04-28 06:58:06,424 INFO  ExportHelperExtension.cs: 1145 - Found 0 features of type [CoordSys] in rbot_washer-11
2025-04-28 06:58:06,424 INFO  ExportHelperExtension.cs: 1125 - Retrieving features of type [CoordSys] from W420_spacer-11
2025-04-28 06:58:06,426 INFO  ExportHelperExtension.cs: 1136 - Found 25 in W420_spacer-11
2025-04-28 06:58:06,426 INFO  ExportHelperExtension.cs: 1145 - Found 0 features of type [CoordSys] in W420_spacer-11
2025-04-28 06:58:06,426 INFO  ExportHelperExtension.cs: 1125 - Retrieving features of type [CoordSys] from W420 Universal Steel Ball Caster_part-1
2025-04-28 06:58:06,429 INFO  ExportHelperExtension.cs: 1136 - Found 25 in W420 Universal Steel Ball Caster_part-1
2025-04-28 06:58:06,429 INFO  ExportHelperExtension.cs: 1145 - Found 0 features of type [CoordSys] in W420 Universal Steel Ball Caster_part-1
2025-04-28 06:58:06,429 INFO  ExportHelperExtension.cs: 1125 - Retrieving features of type [CoordSys] from rbot_washer-12
2025-04-28 06:58:06,429 INFO  ExportHelperExtension.cs: 1136 - Found 25 in rbot_washer-12
2025-04-28 06:58:06,431 INFO  ExportHelperExtension.cs: 1145 - Found 0 features of type [CoordSys] in rbot_washer-12
2025-04-28 06:58:06,431 INFO  ExportHelperExtension.cs: 1125 - Retrieving features of type [CoordSys] from copper_wheel_with_adapter_part-1
2025-04-28 06:58:06,431 INFO  ExportHelperExtension.cs: 1136 - Found 25 in copper_wheel_with_adapter_part-1
2025-04-28 06:58:06,431 INFO  ExportHelperExtension.cs: 1145 - Found 0 features of type [CoordSys] in copper_wheel_with_adapter_part-1
2025-04-28 06:58:06,431 INFO  ExportHelperExtension.cs: 1125 - Retrieving features of type [CoordSys] from abstandhalter m3 ig-ag 20mm+6mm part-1
2025-04-28 06:58:06,431 INFO  ExportHelperExtension.cs: 1136 - Found 36 in abstandhalter m3 ig-ag 20mm+6mm part-1
2025-04-28 06:58:06,431 INFO  ExportHelperExtension.cs: 1145 - Found 0 features of type [CoordSys] in abstandhalter m3 ig-ag 20mm+6mm part-1
2025-04-28 06:58:06,431 INFO  ExportHelperExtension.cs: 1125 - Retrieving features of type [CoordSys] from Abstandhalter M3 IG-AG 30mm+6mm part-7
2025-04-28 06:58:06,434 INFO  ExportHelperExtension.cs: 1136 - Found 36 in Abstandhalter M3 IG-AG 30mm+6mm part-7
2025-04-28 06:58:06,434 INFO  ExportHelperExtension.cs: 1145 - Found 0 features of type [CoordSys] in Abstandhalter M3 IG-AG 30mm+6mm part-7
2025-04-28 06:58:06,434 INFO  ExportHelperExtension.cs: 1125 - Retrieving features of type [CoordSys] from W420_spacer-13
2025-04-28 06:58:06,434 INFO  ExportHelperExtension.cs: 1136 - Found 25 in W420_spacer-13
2025-04-28 06:58:06,434 INFO  ExportHelperExtension.cs: 1145 - Found 0 features of type [CoordSys] in W420_spacer-13
2025-04-28 06:58:06,436 INFO  ExportHelperExtension.cs: 1125 - Retrieving features of type [CoordSys] from rbot_washer-14
2025-04-28 06:58:06,436 INFO  ExportHelperExtension.cs: 1136 - Found 25 in rbot_washer-14
2025-04-28 06:58:06,436 INFO  ExportHelperExtension.cs: 1145 - Found 0 features of type [CoordSys] in rbot_washer-14
2025-04-28 06:58:06,436 INFO  ExportHelperExtension.cs: 1125 - Retrieving features of type [CoordSys] from copper_wheel_with_adapter_part-2
2025-04-28 06:58:06,436 INFO  ExportHelperExtension.cs: 1136 - Found 25 in copper_wheel_with_adapter_part-2
2025-04-28 06:58:06,436 INFO  ExportHelperExtension.cs: 1145 - Found 0 features of type [CoordSys] in copper_wheel_with_adapter_part-2
2025-04-28 06:58:06,439 INFO  ExportHelperExtension.cs: 1125 - Retrieving features of type [CoordSys] from X3_Lidar_part-1
2025-04-28 06:58:06,439 INFO  ExportHelperExtension.cs: 1136 - Found 91 in X3_Lidar_part-1
2025-04-28 06:58:06,439 INFO  ExportHelperExtension.cs: 1145 - Found 0 features of type [CoordSys] in X3_Lidar_part-1
2025-04-28 06:58:06,439 INFO  ExportHelperExtension.cs: 1125 - Retrieving features of type [CoordSys] from Abstandhalter M3 IG-AG 30mm+6mm part-5
2025-04-28 06:58:06,439 INFO  ExportHelperExtension.cs: 1136 - Found 36 in Abstandhalter M3 IG-AG 30mm+6mm part-5
2025-04-28 06:58:06,439 INFO  ExportHelperExtension.cs: 1145 - Found 0 features of type [CoordSys] in Abstandhalter M3 IG-AG 30mm+6mm part-5
2025-04-28 06:58:06,441 INFO  ExportHelperExtension.cs: 1125 - Retrieving features of type [CoordSys] from abstandhalter m2,5 ig-ag 20mm+6mm part-1
2025-04-28 06:58:06,441 INFO  ExportHelperExtension.cs: 1136 - Found 36 in abstandhalter m2,5 ig-ag 20mm+6mm part-1
2025-04-28 06:58:06,441 INFO  ExportHelperExtension.cs: 1145 - Found 0 features of type [CoordSys] in abstandhalter m2,5 ig-ag 20mm+6mm part-1
2025-04-28 06:58:06,441 INFO  ExportHelperExtension.cs: 1125 - Retrieving features of type [CoordSys] from Abstandhalter M3 IG-AG 30mm+6mm part-6
2025-04-28 06:58:06,441 INFO  ExportHelperExtension.cs: 1136 - Found 36 in Abstandhalter M3 IG-AG 30mm+6mm part-6
2025-04-28 06:58:06,441 INFO  ExportHelperExtension.cs: 1145 - Found 0 features of type [CoordSys] in Abstandhalter M3 IG-AG 30mm+6mm part-6
2025-04-28 06:58:06,441 INFO  ExportHelperExtension.cs: 1125 - Retrieving features of type [CoordSys] from abstandhalter m2,5 ig-ag 20mm+6mm part-2
2025-04-28 06:58:06,444 INFO  ExportHelperExtension.cs: 1136 - Found 36 in abstandhalter m2,5 ig-ag 20mm+6mm part-2
2025-04-28 06:58:06,444 INFO  ExportHelperExtension.cs: 1145 - Found 0 features of type [CoordSys] in abstandhalter m2,5 ig-ag 20mm+6mm part-2
2025-04-28 06:58:06,444 INFO  ExportHelperExtension.cs: 1125 - Retrieving features of type [CoordSys] from MPU6050_nude-1
2025-04-28 06:58:06,444 INFO  ExportHelperExtension.cs: 1136 - Found 39 in MPU6050_nude-1
2025-04-28 06:58:06,446 INFO  ExportHelperExtension.cs: 1145 - Found 0 features of type [CoordSys] in MPU6050_nude-1
2025-04-28 06:58:06,446 INFO  ExportHelperExtension.cs: 1125 - Retrieving features of type [CoordSys] from Abstandhalter M3 IG-AG 30mm+6mm part-8
2025-04-28 06:58:06,446 INFO  ExportHelperExtension.cs: 1136 - Found 36 in Abstandhalter M3 IG-AG 30mm+6mm part-8
2025-04-28 06:58:06,446 INFO  ExportHelperExtension.cs: 1145 - Found 0 features of type [CoordSys] in Abstandhalter M3 IG-AG 30mm+6mm part-8
2025-04-28 06:58:06,446 INFO  ExportHelperExtension.cs: 1125 - Retrieving features of type [CoordSys] from abstandhalter m2,5 ig-ag 20mm+6mm part-4
2025-04-28 06:58:06,449 INFO  ExportHelperExtension.cs: 1136 - Found 36 in abstandhalter m2,5 ig-ag 20mm+6mm part-4
2025-04-28 06:58:06,449 INFO  ExportHelperExtension.cs: 1145 - Found 0 features of type [CoordSys] in abstandhalter m2,5 ig-ag 20mm+6mm part-4
2025-04-28 06:58:06,449 INFO  ExportHelperExtension.cs: 1125 - Retrieving features of type [CoordSys] from rbot_layer1-2
2025-04-28 06:58:06,449 INFO  ExportHelperExtension.cs: 1136 - Found 28 in rbot_layer1-2
2025-04-28 06:58:06,449 INFO  ExportHelperExtension.cs: 1145 - Found 0 features of type [CoordSys] in rbot_layer1-2
2025-04-28 06:58:06,451 INFO  ExportHelperExtension.cs: 1125 - Retrieving features of type [CoordSys] from rbot_layer3-1
2025-04-28 06:58:06,451 INFO  ExportHelperExtension.cs: 1136 - Found 28 in rbot_layer3-1
2025-04-28 06:58:06,451 INFO  ExportHelperExtension.cs: 1145 - Found 0 features of type [CoordSys] in rbot_layer3-1
2025-04-28 06:58:06,451 INFO  ExportHelperExtension.cs: 1125 - Retrieving features of type [CoordSys] from rbot_washer-3
2025-04-28 06:58:06,451 INFO  ExportHelperExtension.cs: 1136 - Found 25 in rbot_washer-3
2025-04-28 06:58:06,451 INFO  ExportHelperExtension.cs: 1145 - Found 0 features of type [CoordSys] in rbot_washer-3
2025-04-28 06:58:06,451 INFO  ExportHelperExtension.cs: 1125 - Retrieving features of type [CoordSys] from rbot_washer-4
2025-04-28 06:58:06,454 INFO  ExportHelperExtension.cs: 1136 - Found 25 in rbot_washer-4
2025-04-28 06:58:06,454 INFO  ExportHelperExtension.cs: 1145 - Found 0 features of type [CoordSys] in rbot_washer-4
2025-04-28 06:58:06,454 INFO  ExportHelperExtension.cs: 1125 - Retrieving features of type [CoordSys] from rbot_washer-5
2025-04-28 06:58:06,454 INFO  ExportHelperExtension.cs: 1136 - Found 25 in rbot_washer-5
2025-04-28 06:58:06,454 INFO  ExportHelperExtension.cs: 1145 - Found 0 features of type [CoordSys] in rbot_washer-5
2025-04-28 06:58:06,454 INFO  ExportHelperExtension.cs: 1125 - Retrieving features of type [CoordSys] from Abstandhalter M3 IG-AG 50mm+6mm part-2
2025-04-28 06:58:06,454 INFO  ExportHelperExtension.cs: 1136 - Found 36 in Abstandhalter M3 IG-AG 50mm+6mm part-2
2025-04-28 06:58:06,456 INFO  ExportHelperExtension.cs: 1145 - Found 0 features of type [CoordSys] in Abstandhalter M3 IG-AG 50mm+6mm part-2
2025-04-28 06:58:06,456 INFO  ExportHelperExtension.cs: 1125 - Retrieving features of type [CoordSys] from Abstandhalter M3 IG-AG 30mm+6mm part-1
2025-04-28 06:58:06,456 INFO  ExportHelperExtension.cs: 1136 - Found 36 in Abstandhalter M3 IG-AG 30mm+6mm part-1
2025-04-28 06:58:06,456 INFO  ExportHelperExtension.cs: 1145 - Found 0 features of type [CoordSys] in Abstandhalter M3 IG-AG 30mm+6mm part-1
2025-04-28 06:58:06,456 INFO  ExportHelperExtension.cs: 1125 - Retrieving features of type [CoordSys] from Abstandhalter M3 IG-AG 30mm+6mm part-3
2025-04-28 06:58:06,456 INFO  ExportHelperExtension.cs: 1136 - Found 36 in Abstandhalter M3 IG-AG 30mm+6mm part-3
2025-04-28 06:58:06,459 INFO  ExportHelperExtension.cs: 1145 - Found 0 features of type [CoordSys] in Abstandhalter M3 IG-AG 30mm+6mm part-3
2025-04-28 06:58:06,459 INFO  ExportHelperExtension.cs: 1125 - Retrieving features of type [CoordSys] from Abstandhalter M3 IG-AG 30mm+6mm part-4
2025-04-28 06:58:06,459 INFO  ExportHelperExtension.cs: 1136 - Found 36 in Abstandhalter M3 IG-AG 30mm+6mm part-4
2025-04-28 06:58:06,459 INFO  ExportHelperExtension.cs: 1145 - Found 0 features of type [CoordSys] in Abstandhalter M3 IG-AG 30mm+6mm part-4
2025-04-28 06:58:06,459 INFO  ExportHelperExtension.cs: 1125 - Retrieving features of type [CoordSys] from cumMotor-1
2025-04-28 06:58:06,459 INFO  ExportHelperExtension.cs: 1136 - Found 27 in cumMotor-1
2025-04-28 06:58:06,461 INFO  ExportHelperExtension.cs: 1145 - Found 0 features of type [CoordSys] in cumMotor-1
2025-04-28 06:58:06,461 INFO  ExportHelperExtension.cs: 1125 - Retrieving features of type [CoordSys] from rbot_base-1
2025-04-28 06:58:06,461 INFO  ExportHelperExtension.cs: 1136 - Found 27 in rbot_base-1
2025-04-28 06:58:06,461 INFO  ExportHelperExtension.cs: 1145 - Found 0 features of type [CoordSys] in rbot_base-1
2025-04-28 06:58:06,461 INFO  ExportHelperExtension.cs: 1125 - Retrieving features of type [CoordSys] from rbot_washer-1
2025-04-28 06:58:06,461 INFO  ExportHelperExtension.cs: 1136 - Found 25 in rbot_washer-1
2025-04-28 06:58:06,461 INFO  ExportHelperExtension.cs: 1145 - Found 0 features of type [CoordSys] in rbot_washer-1
2025-04-28 06:58:06,464 INFO  ExportHelperExtension.cs: 1125 - Retrieving features of type [CoordSys] from L298N_part-1
2025-04-28 06:58:06,464 INFO  ExportHelperExtension.cs: 1136 - Found 27 in L298N_part-1
2025-04-28 06:58:06,464 INFO  ExportHelperExtension.cs: 1145 - Found 0 features of type [CoordSys] in L298N_part-1
2025-04-28 06:58:06,464 INFO  ExportHelperExtension.cs: 1125 - Retrieving features of type [CoordSys] from Abstandhalter M3 IG-AG 50mm+6mm part-3
2025-04-28 06:58:06,464 INFO  ExportHelperExtension.cs: 1136 - Found 36 in Abstandhalter M3 IG-AG 50mm+6mm part-3
2025-04-28 06:58:06,464 INFO  ExportHelperExtension.cs: 1145 - Found 0 features of type [CoordSys] in Abstandhalter M3 IG-AG 50mm+6mm part-3
2025-04-28 06:58:06,466 INFO  ExportHelperExtension.cs: 1125 - Retrieving features of type [CoordSys] from Abstandhalter M3 IG-AG 50mm+6mm part-4
2025-04-28 06:58:06,466 INFO  ExportHelperExtension.cs: 1136 - Found 36 in Abstandhalter M3 IG-AG 50mm+6mm part-4
2025-04-28 06:58:06,466 INFO  ExportHelperExtension.cs: 1145 - Found 0 features of type [CoordSys] in Abstandhalter M3 IG-AG 50mm+6mm part-4
2025-04-28 06:58:06,466 INFO  ExportHelperExtension.cs: 1125 - Retrieving features of type [CoordSys] from rbot_washer-10
2025-04-28 06:58:06,466 INFO  ExportHelperExtension.cs: 1136 - Found 25 in rbot_washer-10
2025-04-28 06:58:06,466 INFO  ExportHelperExtension.cs: 1145 - Found 0 features of type [CoordSys] in rbot_washer-10
2025-04-28 06:58:06,466 INFO  ExportHelperExtension.cs: 1125 - Retrieving features of type [CoordSys] from Abstandhalter M3 IG-AG 30mm+6mm part-2
2025-04-28 06:58:06,469 INFO  ExportHelperExtension.cs: 1136 - Found 36 in Abstandhalter M3 IG-AG 30mm+6mm part-2
2025-04-28 06:58:06,469 INFO  ExportHelperExtension.cs: 1145 - Found 0 features of type [CoordSys] in Abstandhalter M3 IG-AG 30mm+6mm part-2
2025-04-28 06:58:06,469 INFO  ExportHelperExtension.cs: 1125 - Retrieving features of type [CoordSys] from rbot_washer-6
2025-04-28 06:58:06,469 INFO  ExportHelperExtension.cs: 1136 - Found 25 in rbot_washer-6
2025-04-28 06:58:06,474 INFO  ExportHelperExtension.cs: 1145 - Found 0 features of type [CoordSys] in rbot_washer-6
2025-04-28 06:58:06,474 INFO  ExportHelperExtension.cs: 1125 - Retrieving features of type [CoordSys] from rbot_layer2-1
2025-04-28 06:58:06,476 INFO  ExportHelperExtension.cs: 1136 - Found 28 in rbot_layer2-1
2025-04-28 06:58:06,476 INFO  ExportHelperExtension.cs: 1145 - Found 0 features of type [CoordSys] in rbot_layer2-1
2025-04-28 06:58:06,476 INFO  ExportHelperExtension.cs: 1125 - Retrieving features of type [CoordSys] from Raspberry Pi 4 Model B.STEP-1
2025-04-28 06:58:06,476 INFO  ExportHelperExtension.cs: 1136 - Found 41 in Raspberry Pi 4 Model B.STEP-1
2025-04-28 06:58:06,476 INFO  ExportHelperExtension.cs: 1145 - Found 0 features of type [CoordSys] in Raspberry Pi 4 Model B.STEP-1
2025-04-28 06:58:06,476 INFO  ExportHelperExtension.cs: 1125 - Retrieving features of type [CoordSys] from rbot_washer-7
2025-04-28 06:58:06,476 INFO  ExportHelperExtension.cs: 1136 - Found 25 in rbot_washer-7
2025-04-28 06:58:06,479 INFO  ExportHelperExtension.cs: 1145 - Found 0 features of type [CoordSys] in rbot_washer-7
2025-04-28 06:58:06,479 INFO  ExportHelperExtension.cs: 1125 - Retrieving features of type [CoordSys] from Abstandhalter M3 IG-AG 50mm+6mm part-1
2025-04-28 06:58:06,479 INFO  ExportHelperExtension.cs: 1136 - Found 36 in Abstandhalter M3 IG-AG 50mm+6mm part-1
2025-04-28 06:58:06,479 INFO  ExportHelperExtension.cs: 1145 - Found 0 features of type [CoordSys] in Abstandhalter M3 IG-AG 50mm+6mm part-1
2025-04-28 06:58:06,479 INFO  ExportHelperExtension.cs: 1125 - Retrieving features of type [CoordSys] from cumMotor-2
2025-04-28 06:58:06,479 INFO  ExportHelperExtension.cs: 1136 - Found 27 in cumMotor-2
2025-04-28 06:58:06,481 INFO  ExportHelperExtension.cs: 1145 - Found 0 features of type [CoordSys] in cumMotor-2
2025-04-28 06:58:06,481 INFO  ExportHelperExtension.cs: 1125 - Retrieving features of type [CoordSys] from rbot_washer-2
2025-04-28 06:58:06,481 INFO  ExportHelperExtension.cs: 1136 - Found 25 in rbot_washer-2
2025-04-28 06:58:06,481 INFO  ExportHelperExtension.cs: 1145 - Found 0 features of type [CoordSys] in rbot_washer-2
2025-04-28 06:58:06,481 INFO  ExportHelperExtension.cs: 1125 - Retrieving features of type [RefAxis] from assem1
2025-04-28 06:58:06,481 INFO  ExportHelperExtension.cs: 1136 - Found 202 in assem1
2025-04-28 06:58:06,484 INFO  ExportHelperExtension.cs: 1145 - Found 2 features of type [RefAxis] in assem1
2025-04-28 06:58:06,484 INFO  ExportHelperExtension.cs: 1148 - Proceeding through assembly components
2025-04-28 06:58:06,484 INFO  ExportHelperExtension.cs: 1160 - 49 components to check
2025-04-28 06:58:06,484 INFO  ExportHelperExtension.cs: 1125 - Retrieving features of type [RefAxis] from rbot_washer-13
2025-04-28 06:58:06,484 INFO  ExportHelperExtension.cs: 1136 - Found 25 in rbot_washer-13
2025-04-28 06:58:06,484 INFO  ExportHelperExtension.cs: 1145 - Found 0 features of type [RefAxis] in rbot_washer-13
2025-04-28 06:58:06,486 INFO  ExportHelperExtension.cs: 1125 - Retrieving features of type [RefAxis] from W420_spacer-12
2025-04-28 06:58:06,486 INFO  ExportHelperExtension.cs: 1136 - Found 25 in W420_spacer-12
2025-04-28 06:58:06,486 INFO  ExportHelperExtension.cs: 1145 - Found 0 features of type [RefAxis] in W420_spacer-12
2025-04-28 06:58:06,486 INFO  ExportHelperExtension.cs: 1125 - Retrieving features of type [RefAxis] from abstandhalter m2,5 ig-ag 20mm+6mm part-3
2025-04-28 06:58:06,486 INFO  ExportHelperExtension.cs: 1136 - Found 36 in abstandhalter m2,5 ig-ag 20mm+6mm part-3
2025-04-28 06:58:06,486 INFO  ExportHelperExtension.cs: 1145 - Found 0 features of type [RefAxis] in abstandhalter m2,5 ig-ag 20mm+6mm part-3
2025-04-28 06:58:06,486 INFO  ExportHelperExtension.cs: 1125 - Retrieving features of type [RefAxis] from LTC 3780 Mudule v11 part-1
2025-04-28 06:58:06,489 INFO  ExportHelperExtension.cs: 1136 - Found 121 in LTC 3780 Mudule v11 part-1
2025-04-28 06:58:06,489 INFO  ExportHelperExtension.cs: 1145 - Found 0 features of type [RefAxis] in LTC 3780 Mudule v11 part-1
2025-04-28 06:58:06,489 INFO  ExportHelperExtension.cs: 1125 - Retrieving features of type [RefAxis] from W420_spacer-14
2025-04-28 06:58:06,489 INFO  ExportHelperExtension.cs: 1136 - Found 25 in W420_spacer-14
2025-04-28 06:58:06,489 INFO  ExportHelperExtension.cs: 1145 - Found 0 features of type [RefAxis] in W420_spacer-14
2025-04-28 06:58:06,489 INFO  ExportHelperExtension.cs: 1125 - Retrieving features of type [RefAxis] from abstandhalter m3 ig-ag 20mm+6mm part-2
2025-04-28 06:58:06,491 INFO  ExportHelperExtension.cs: 1136 - Found 36 in abstandhalter m3 ig-ag 20mm+6mm part-2
2025-04-28 06:58:06,491 INFO  ExportHelperExtension.cs: 1145 - Found 0 features of type [RefAxis] in abstandhalter m3 ig-ag 20mm+6mm part-2
2025-04-28 06:58:06,491 INFO  ExportHelperExtension.cs: 1125 - Retrieving features of type [RefAxis] from W420 Universal Steel Ball Caster_part-2
2025-04-28 06:58:06,491 INFO  ExportHelperExtension.cs: 1136 - Found 25 in W420 Universal Steel Ball Caster_part-2
2025-04-28 06:58:06,491 INFO  ExportHelperExtension.cs: 1145 - Found 0 features of type [RefAxis] in W420 Universal Steel Ball Caster_part-2
2025-04-28 06:58:06,491 INFO  ExportHelperExtension.cs: 1125 - Retrieving features of type [RefAxis] from rbot_washer-11
2025-04-28 06:58:06,491 INFO  ExportHelperExtension.cs: 1136 - Found 25 in rbot_washer-11
2025-04-28 06:58:06,494 INFO  ExportHelperExtension.cs: 1145 - Found 0 features of type [RefAxis] in rbot_washer-11
2025-04-28 06:58:06,494 INFO  ExportHelperExtension.cs: 1125 - Retrieving features of type [RefAxis] from W420_spacer-11
2025-04-28 06:58:06,494 INFO  ExportHelperExtension.cs: 1136 - Found 25 in W420_spacer-11
2025-04-28 06:58:06,494 INFO  ExportHelperExtension.cs: 1145 - Found 0 features of type [RefAxis] in W420_spacer-11
2025-04-28 06:58:06,494 INFO  ExportHelperExtension.cs: 1125 - Retrieving features of type [RefAxis] from W420 Universal Steel Ball Caster_part-1
2025-04-28 06:58:06,494 INFO  ExportHelperExtension.cs: 1136 - Found 25 in W420 Universal Steel Ball Caster_part-1
2025-04-28 06:58:06,494 INFO  ExportHelperExtension.cs: 1145 - Found 0 features of type [RefAxis] in W420 Universal Steel Ball Caster_part-1
2025-04-28 06:58:06,496 INFO  ExportHelperExtension.cs: 1125 - Retrieving features of type [RefAxis] from rbot_washer-12
2025-04-28 06:58:06,496 INFO  ExportHelperExtension.cs: 1136 - Found 25 in rbot_washer-12
2025-04-28 06:58:06,496 INFO  ExportHelperExtension.cs: 1145 - Found 0 features of type [RefAxis] in rbot_washer-12
2025-04-28 06:58:06,496 INFO  ExportHelperExtension.cs: 1125 - Retrieving features of type [RefAxis] from copper_wheel_with_adapter_part-1
2025-04-28 06:58:06,496 INFO  ExportHelperExtension.cs: 1136 - Found 25 in copper_wheel_with_adapter_part-1
2025-04-28 06:58:06,496 INFO  ExportHelperExtension.cs: 1145 - Found 0 features of type [RefAxis] in copper_wheel_with_adapter_part-1
2025-04-28 06:58:06,496 INFO  ExportHelperExtension.cs: 1125 - Retrieving features of type [RefAxis] from abstandhalter m3 ig-ag 20mm+6mm part-1
2025-04-28 06:58:06,499 INFO  ExportHelperExtension.cs: 1136 - Found 36 in abstandhalter m3 ig-ag 20mm+6mm part-1
2025-04-28 06:58:06,499 INFO  ExportHelperExtension.cs: 1145 - Found 0 features of type [RefAxis] in abstandhalter m3 ig-ag 20mm+6mm part-1
2025-04-28 06:58:06,499 INFO  ExportHelperExtension.cs: 1125 - Retrieving features of type [RefAxis] from Abstandhalter M3 IG-AG 30mm+6mm part-7
2025-04-28 06:58:06,499 INFO  ExportHelperExtension.cs: 1136 - Found 36 in Abstandhalter M3 IG-AG 30mm+6mm part-7
2025-04-28 06:58:06,499 INFO  ExportHelperExtension.cs: 1145 - Found 0 features of type [RefAxis] in Abstandhalter M3 IG-AG 30mm+6mm part-7
2025-04-28 06:58:06,499 INFO  ExportHelperExtension.cs: 1125 - Retrieving features of type [RefAxis] from W420_spacer-13
2025-04-28 06:58:06,499 INFO  ExportHelperExtension.cs: 1136 - Found 25 in W420_spacer-13
2025-04-28 06:58:06,501 INFO  ExportHelperExtension.cs: 1145 - Found 0 features of type [RefAxis] in W420_spacer-13
2025-04-28 06:58:06,501 INFO  ExportHelperExtension.cs: 1125 - Retrieving features of type [RefAxis] from rbot_washer-14
2025-04-28 06:58:06,501 INFO  ExportHelperExtension.cs: 1136 - Found 25 in rbot_washer-14
2025-04-28 06:58:06,501 INFO  ExportHelperExtension.cs: 1145 - Found 0 features of type [RefAxis] in rbot_washer-14
2025-04-28 06:58:06,501 INFO  ExportHelperExtension.cs: 1125 - Retrieving features of type [RefAxis] from copper_wheel_with_adapter_part-2
2025-04-28 06:58:06,501 INFO  ExportHelperExtension.cs: 1136 - Found 25 in copper_wheel_with_adapter_part-2
2025-04-28 06:58:06,501 INFO  ExportHelperExtension.cs: 1145 - Found 0 features of type [RefAxis] in copper_wheel_with_adapter_part-2
2025-04-28 06:58:06,504 INFO  ExportHelperExtension.cs: 1125 - Retrieving features of type [RefAxis] from X3_Lidar_part-1
2025-04-28 06:58:06,504 INFO  ExportHelperExtension.cs: 1136 - Found 91 in X3_Lidar_part-1
2025-04-28 06:58:06,504 INFO  ExportHelperExtension.cs: 1145 - Found 1 features of type [RefAxis] in X3_Lidar_part-1
2025-04-28 06:58:06,504 INFO  ExportHelperExtension.cs: 1125 - Retrieving features of type [RefAxis] from Abstandhalter M3 IG-AG 30mm+6mm part-5
2025-04-28 06:58:06,504 INFO  ExportHelperExtension.cs: 1136 - Found 36 in Abstandhalter M3 IG-AG 30mm+6mm part-5
2025-04-28 06:58:06,506 INFO  ExportHelperExtension.cs: 1145 - Found 0 features of type [RefAxis] in Abstandhalter M3 IG-AG 30mm+6mm part-5
2025-04-28 06:58:06,506 INFO  ExportHelperExtension.cs: 1125 - Retrieving features of type [RefAxis] from abstandhalter m2,5 ig-ag 20mm+6mm part-1
2025-04-28 06:58:06,506 INFO  ExportHelperExtension.cs: 1136 - Found 36 in abstandhalter m2,5 ig-ag 20mm+6mm part-1
2025-04-28 06:58:06,506 INFO  ExportHelperExtension.cs: 1145 - Found 0 features of type [RefAxis] in abstandhalter m2,5 ig-ag 20mm+6mm part-1
2025-04-28 06:58:06,506 INFO  ExportHelperExtension.cs: 1125 - Retrieving features of type [RefAxis] from Abstandhalter M3 IG-AG 30mm+6mm part-6
2025-04-28 06:58:06,506 INFO  ExportHelperExtension.cs: 1136 - Found 36 in Abstandhalter M3 IG-AG 30mm+6mm part-6
2025-04-28 06:58:06,506 INFO  ExportHelperExtension.cs: 1145 - Found 0 features of type [RefAxis] in Abstandhalter M3 IG-AG 30mm+6mm part-6
2025-04-28 06:58:06,509 INFO  ExportHelperExtension.cs: 1125 - Retrieving features of type [RefAxis] from abstandhalter m2,5 ig-ag 20mm+6mm part-2
2025-04-28 06:58:06,509 INFO  ExportHelperExtension.cs: 1136 - Found 36 in abstandhalter m2,5 ig-ag 20mm+6mm part-2
2025-04-28 06:58:06,509 INFO  ExportHelperExtension.cs: 1145 - Found 0 features of type [RefAxis] in abstandhalter m2,5 ig-ag 20mm+6mm part-2
2025-04-28 06:58:06,509 INFO  ExportHelperExtension.cs: 1125 - Retrieving features of type [RefAxis] from MPU6050_nude-1
2025-04-28 06:58:06,509 INFO  ExportHelperExtension.cs: 1136 - Found 39 in MPU6050_nude-1
2025-04-28 06:58:06,509 INFO  ExportHelperExtension.cs: 1145 - Found 0 features of type [RefAxis] in MPU6050_nude-1
2025-04-28 06:58:06,511 INFO  ExportHelperExtension.cs: 1125 - Retrieving features of type [RefAxis] from Abstandhalter M3 IG-AG 30mm+6mm part-8
2025-04-28 06:58:06,511 INFO  ExportHelperExtension.cs: 1136 - Found 36 in Abstandhalter M3 IG-AG 30mm+6mm part-8
2025-04-28 06:58:06,511 INFO  ExportHelperExtension.cs: 1145 - Found 0 features of type [RefAxis] in Abstandhalter M3 IG-AG 30mm+6mm part-8
2025-04-28 06:58:06,511 INFO  ExportHelperExtension.cs: 1125 - Retrieving features of type [RefAxis] from abstandhalter m2,5 ig-ag 20mm+6mm part-4
2025-04-28 06:58:06,511 INFO  ExportHelperExtension.cs: 1136 - Found 36 in abstandhalter m2,5 ig-ag 20mm+6mm part-4
2025-04-28 06:58:06,511 INFO  ExportHelperExtension.cs: 1145 - Found 0 features of type [RefAxis] in abstandhalter m2,5 ig-ag 20mm+6mm part-4
2025-04-28 06:58:06,511 INFO  ExportHelperExtension.cs: 1125 - Retrieving features of type [RefAxis] from rbot_layer1-2
2025-04-28 06:58:06,514 INFO  ExportHelperExtension.cs: 1136 - Found 28 in rbot_layer1-2
2025-04-28 06:58:06,514 INFO  ExportHelperExtension.cs: 1145 - Found 0 features of type [RefAxis] in rbot_layer1-2
2025-04-28 06:58:06,514 INFO  ExportHelperExtension.cs: 1125 - Retrieving features of type [RefAxis] from rbot_layer3-1
2025-04-28 06:58:06,514 INFO  ExportHelperExtension.cs: 1136 - Found 28 in rbot_layer3-1
2025-04-28 06:58:06,514 INFO  ExportHelperExtension.cs: 1145 - Found 0 features of type [RefAxis] in rbot_layer3-1
2025-04-28 06:58:06,514 INFO  ExportHelperExtension.cs: 1125 - Retrieving features of type [RefAxis] from rbot_washer-3
2025-04-28 06:58:06,516 INFO  ExportHelperExtension.cs: 1136 - Found 25 in rbot_washer-3
2025-04-28 06:58:06,516 INFO  ExportHelperExtension.cs: 1145 - Found 0 features of type [RefAxis] in rbot_washer-3
2025-04-28 06:58:06,516 INFO  ExportHelperExtension.cs: 1125 - Retrieving features of type [RefAxis] from rbot_washer-4
2025-04-28 06:58:06,516 INFO  ExportHelperExtension.cs: 1136 - Found 25 in rbot_washer-4
2025-04-28 06:58:06,516 INFO  ExportHelperExtension.cs: 1145 - Found 0 features of type [RefAxis] in rbot_washer-4
2025-04-28 06:58:06,516 INFO  ExportHelperExtension.cs: 1125 - Retrieving features of type [RefAxis] from rbot_washer-5
2025-04-28 06:58:06,516 INFO  ExportHelperExtension.cs: 1136 - Found 25 in rbot_washer-5
2025-04-28 06:58:06,516 INFO  ExportHelperExtension.cs: 1145 - Found 0 features of type [RefAxis] in rbot_washer-5
2025-04-28 06:58:06,521 INFO  ExportHelperExtension.cs: 1125 - Retrieving features of type [RefAxis] from Abstandhalter M3 IG-AG 50mm+6mm part-2
2025-04-28 06:58:06,539 INFO  ExportHelperExtension.cs: 1136 - Found 36 in Abstandhalter M3 IG-AG 50mm+6mm part-2
2025-04-28 06:58:06,539 INFO  ExportHelperExtension.cs: 1145 - Found 0 features of type [RefAxis] in Abstandhalter M3 IG-AG 50mm+6mm part-2
2025-04-28 06:58:06,539 INFO  ExportHelperExtension.cs: 1125 - Retrieving features of type [RefAxis] from Abstandhalter M3 IG-AG 30mm+6mm part-1
2025-04-28 06:58:06,539 INFO  ExportHelperExtension.cs: 1136 - Found 36 in Abstandhalter M3 IG-AG 30mm+6mm part-1
2025-04-28 06:58:06,541 INFO  ExportHelperExtension.cs: 1145 - Found 0 features of type [RefAxis] in Abstandhalter M3 IG-AG 30mm+6mm part-1
2025-04-28 06:58:06,541 INFO  ExportHelperExtension.cs: 1125 - Retrieving features of type [RefAxis] from Abstandhalter M3 IG-AG 30mm+6mm part-3
2025-04-28 06:58:06,541 INFO  ExportHelperExtension.cs: 1136 - Found 36 in Abstandhalter M3 IG-AG 30mm+6mm part-3
2025-04-28 06:58:06,541 INFO  ExportHelperExtension.cs: 1145 - Found 0 features of type [RefAxis] in Abstandhalter M3 IG-AG 30mm+6mm part-3
2025-04-28 06:58:06,541 INFO  ExportHelperExtension.cs: 1125 - Retrieving features of type [RefAxis] from Abstandhalter M3 IG-AG 30mm+6mm part-4
2025-04-28 06:58:06,541 INFO  ExportHelperExtension.cs: 1136 - Found 36 in Abstandhalter M3 IG-AG 30mm+6mm part-4
2025-04-28 06:58:06,544 INFO  ExportHelperExtension.cs: 1145 - Found 0 features of type [RefAxis] in Abstandhalter M3 IG-AG 30mm+6mm part-4
2025-04-28 06:58:06,544 INFO  ExportHelperExtension.cs: 1125 - Retrieving features of type [RefAxis] from cumMotor-1
2025-04-28 06:58:06,544 INFO  ExportHelperExtension.cs: 1136 - Found 27 in cumMotor-1
2025-04-28 06:58:06,544 INFO  ExportHelperExtension.cs: 1145 - Found 0 features of type [RefAxis] in cumMotor-1
2025-04-28 06:58:06,544 INFO  ExportHelperExtension.cs: 1125 - Retrieving features of type [RefAxis] from rbot_base-1
2025-04-28 06:58:06,544 INFO  ExportHelperExtension.cs: 1136 - Found 27 in rbot_base-1
2025-04-28 06:58:06,546 INFO  ExportHelperExtension.cs: 1145 - Found 0 features of type [RefAxis] in rbot_base-1
2025-04-28 06:58:06,546 INFO  ExportHelperExtension.cs: 1125 - Retrieving features of type [RefAxis] from rbot_washer-1
2025-04-28 06:58:06,546 INFO  ExportHelperExtension.cs: 1136 - Found 25 in rbot_washer-1
2025-04-28 06:58:06,546 INFO  ExportHelperExtension.cs: 1145 - Found 0 features of type [RefAxis] in rbot_washer-1
2025-04-28 06:58:06,546 INFO  ExportHelperExtension.cs: 1125 - Retrieving features of type [RefAxis] from L298N_part-1
2025-04-28 06:58:06,546 INFO  ExportHelperExtension.cs: 1136 - Found 27 in L298N_part-1
2025-04-28 06:58:06,546 INFO  ExportHelperExtension.cs: 1145 - Found 0 features of type [RefAxis] in L298N_part-1
2025-04-28 06:58:06,549 INFO  ExportHelperExtension.cs: 1125 - Retrieving features of type [RefAxis] from Abstandhalter M3 IG-AG 50mm+6mm part-3
2025-04-28 06:58:06,549 INFO  ExportHelperExtension.cs: 1136 - Found 36 in Abstandhalter M3 IG-AG 50mm+6mm part-3
2025-04-28 06:58:06,549 INFO  ExportHelperExtension.cs: 1145 - Found 0 features of type [RefAxis] in Abstandhalter M3 IG-AG 50mm+6mm part-3
2025-04-28 06:58:06,549 INFO  ExportHelperExtension.cs: 1125 - Retrieving features of type [RefAxis] from Abstandhalter M3 IG-AG 50mm+6mm part-4
2025-04-28 06:58:06,549 INFO  ExportHelperExtension.cs: 1136 - Found 36 in Abstandhalter M3 IG-AG 50mm+6mm part-4
2025-04-28 06:58:06,549 INFO  ExportHelperExtension.cs: 1145 - Found 0 features of type [RefAxis] in Abstandhalter M3 IG-AG 50mm+6mm part-4
2025-04-28 06:58:06,549 INFO  ExportHelperExtension.cs: 1125 - Retrieving features of type [RefAxis] from rbot_washer-10
2025-04-28 06:58:06,551 INFO  ExportHelperExtension.cs: 1136 - Found 25 in rbot_washer-10
2025-04-28 06:58:06,551 INFO  ExportHelperExtension.cs: 1145 - Found 0 features of type [RefAxis] in rbot_washer-10
2025-04-28 06:58:06,551 INFO  ExportHelperExtension.cs: 1125 - Retrieving features of type [RefAxis] from Abstandhalter M3 IG-AG 30mm+6mm part-2
2025-04-28 06:58:06,551 INFO  ExportHelperExtension.cs: 1136 - Found 36 in Abstandhalter M3 IG-AG 30mm+6mm part-2
2025-04-28 06:58:06,551 INFO  ExportHelperExtension.cs: 1145 - Found 0 features of type [RefAxis] in Abstandhalter M3 IG-AG 30mm+6mm part-2
2025-04-28 06:58:06,551 INFO  ExportHelperExtension.cs: 1125 - Retrieving features of type [RefAxis] from rbot_washer-6
2025-04-28 06:58:06,551 INFO  ExportHelperExtension.cs: 1136 - Found 25 in rbot_washer-6
2025-04-28 06:58:06,554 INFO  ExportHelperExtension.cs: 1145 - Found 0 features of type [RefAxis] in rbot_washer-6
2025-04-28 06:58:06,554 INFO  ExportHelperExtension.cs: 1125 - Retrieving features of type [RefAxis] from rbot_layer2-1
2025-04-28 06:58:06,554 INFO  ExportHelperExtension.cs: 1136 - Found 28 in rbot_layer2-1
2025-04-28 06:58:06,554 INFO  ExportHelperExtension.cs: 1145 - Found 0 features of type [RefAxis] in rbot_layer2-1
2025-04-28 06:58:06,554 INFO  ExportHelperExtension.cs: 1125 - Retrieving features of type [RefAxis] from Raspberry Pi 4 Model B.STEP-1
2025-04-28 06:58:06,554 INFO  ExportHelperExtension.cs: 1136 - Found 41 in Raspberry Pi 4 Model B.STEP-1
2025-04-28 06:58:06,556 INFO  ExportHelperExtension.cs: 1145 - Found 0 features of type [RefAxis] in Raspberry Pi 4 Model B.STEP-1
2025-04-28 06:58:06,556 INFO  ExportHelperExtension.cs: 1125 - Retrieving features of type [RefAxis] from rbot_washer-7
2025-04-28 06:58:06,556 INFO  ExportHelperExtension.cs: 1136 - Found 25 in rbot_washer-7
2025-04-28 06:58:06,556 INFO  ExportHelperExtension.cs: 1145 - Found 0 features of type [RefAxis] in rbot_washer-7
2025-04-28 06:58:06,556 INFO  ExportHelperExtension.cs: 1125 - Retrieving features of type [RefAxis] from Abstandhalter M3 IG-AG 50mm+6mm part-1
2025-04-28 06:58:06,556 INFO  ExportHelperExtension.cs: 1136 - Found 36 in Abstandhalter M3 IG-AG 50mm+6mm part-1
2025-04-28 06:58:06,556 INFO  ExportHelperExtension.cs: 1145 - Found 0 features of type [RefAxis] in Abstandhalter M3 IG-AG 50mm+6mm part-1
2025-04-28 06:58:06,556 INFO  ExportHelperExtension.cs: 1125 - Retrieving features of type [RefAxis] from cumMotor-2
2025-04-28 06:58:06,559 INFO  ExportHelperExtension.cs: 1136 - Found 27 in cumMotor-2
2025-04-28 06:58:06,559 INFO  ExportHelperExtension.cs: 1145 - Found 0 features of type [RefAxis] in cumMotor-2
2025-04-28 06:58:06,559 INFO  ExportHelperExtension.cs: 1125 - Retrieving features of type [RefAxis] from rbot_washer-2
2025-04-28 06:58:06,559 INFO  ExportHelperExtension.cs: 1136 - Found 25 in rbot_washer-2
2025-04-28 06:58:06,559 INFO  ExportHelperExtension.cs: 1145 - Found 0 features of type [RefAxis] in rbot_washer-2
2025-04-28 06:58:06,606 INFO  ExportPropertyManager.cs: 1142 - AfterClose called. This method no longer throws an Exception. It just silently does nothing. Ok, except for this logging message
2025-04-28 06:59:07,576 INFO  AssemblyExportForm.cs: 253 - Completing URDF export
2025-04-28 06:59:07,590 INFO  ConfigurationSerialization.cs: 276 - URDF Configuration found
<Link z:Id="i1" xmlns="http://schemas.datacontract.org/2004/07/SW2URDF" xmlns:i="http://www.w3.org/2001/XMLSchema-instance" xmlns:z="http://schemas.microsoft.com/2003/10/Serialization/"><Attributes><Attribute z:Id="i2"><AttributeType>name</AttributeType><IsRequired>true</IsRequired><Value i:type="a:string" xmlns:a="http://www.w3.org/2001/XMLSchema">base_link</Value></Attribute></Attributes><ChildElements><URDFElement z:Id="i3" i:type="Inertial"><Attributes/><ChildElements><URDFElement z:Id="i4" i:type="Origin"><Attributes><Attribute z:Id="i5"><AttributeType>xyz</AttributeType><IsRequired>true</IsRequired><Value i:type="a:ArrayOfdouble" xmlns:a="http://schemas.microsoft.com/2003/10/Serialization/Arrays"><a:double>-0.00029960019977723611</a:double><a:double>-0.0007640618822739656</a:double><a:double>0.053754497718263156</a:double></Value></Attribute><Attribute z:Id="i6"><AttributeType>rpy</AttributeType><IsRequired>true</IsRequired><Value i:type="a:ArrayOfdouble" xmlns:a="http://schemas.microsoft.com/2003/10/Serialization/Arrays"><a:double>0</a:double><a:double>0</a:double><a:double>0</a:double></Value></Attribute></Attributes><ChildElements/><ElementName>origin</ElementName><required>false</required><RPYAttribute z:Ref="i6"/><XYZAttribute z:Ref="i5"/><isCustomized>false</isCustomized></URDFElement><URDFElement z:Id="i7" i:type="Mass"><Attributes><Attribute z:Id="i8"><AttributeType>value</AttributeType><IsRequired>true</IsRequired><Value i:type="a:double" xmlns:a="http://www.w3.org/2001/XMLSchema">0.47490204978631079</Value></Attribute></Attributes><ChildElements/><ElementName>mass</ElementName><required>false</required><ValueAttribute z:Ref="i8"/></URDFElement><URDFElement z:Id="i9" i:type="Inertia"><Attributes><Attribute z:Id="i10"><AttributeType>ixx</AttributeType><IsRequired>true</IsRequired><Value i:type="a:double" xmlns:a="http://www.w3.org/2001/XMLSchema">0.00092332986447731739</Value></Attribute><Attribute z:Id="i11"><AttributeType>ixy</AttributeType><IsRequired>true</IsRequired><Value i:type="a:double" xmlns:a="http://www.w3.org/2001/XMLSchema">-4.4322108794823523E-08</Value></Attribute><Attribute z:Id="i12"><AttributeType>ixz</AttributeType><IsRequired>true</IsRequired><Value i:type="a:double" xmlns:a="http://www.w3.org/2001/XMLSchema">-2.4999349307871503E-07</Value></Attribute><Attribute z:Id="i13"><AttributeType>iyy</AttributeType><IsRequired>true</IsRequired><Value i:type="a:double" xmlns:a="http://www.w3.org/2001/XMLSchema">0.0007996491749280325</Value></Attribute><Attribute z:Id="i14"><AttributeType>iyz</AttributeType><IsRequired>true</IsRequired><Value i:type="a:double" xmlns:a="http://www.w3.org/2001/XMLSchema">-3.8965322840190954E-09</Value></Attribute><Attribute z:Id="i15"><AttributeType>izz</AttributeType><IsRequired>true</IsRequired><Value i:type="a:double" xmlns:a="http://www.w3.org/2001/XMLSchema">0.0017130145824619603</Value></Attribute></Attributes><ChildElements/><ElementName>inertia</ElementName><required>false</required><IxxAttribute z:Ref="i10"/><IxyAttribute z:Ref="i11"/><IxzAttribute z:Ref="i12"/><IyyAttribute z:Ref="i13"/><IyzAttribute z:Ref="i14"/><IzzAttribute z:Ref="i15"/></URDFElement></ChildElements><ElementName>inertial</ElementName><required>false</required><Inertia z:Ref="i9"/><Mass z:Ref="i7"/><Origin z:Ref="i4"/></URDFElement><URDFElement z:Id="i16" i:type="Visual"><Attributes/><ChildElements><URDFElement z:Id="i17" i:type="Origin"><Attributes><Attribute z:Id="i18"><AttributeType>xyz</AttributeType><IsRequired>true</IsRequired><Value i:type="a:ArrayOfdouble" xmlns:a="http://schemas.microsoft.com/2003/10/Serialization/Arrays"><a:double>0</a:double><a:double>0</a:double><a:double>0</a:double></Value></Attribute><Attribute z:Id="i19"><AttributeType>rpy</AttributeType><IsRequired>true</IsRequired><Value i:type="a:ArrayOfdouble" xmlns:a="http://schemas.microsoft.com/2003/10/Serialization/Arrays"><a:double>0</a:double><a:double>0</a:double><a:double>0</a:double></Value></Attribute></Attributes><ChildElements/><ElementName>origin</ElementName><required>false</required><RPYAttribute z:Ref="i19"/><XYZAttribute z:Ref="i18"/><isCustomized>false</isCustomized></URDFElement><URDFElement z:Id="i20" i:type="Geometry"><Attributes/><ChildElements><URDFElement z:Id="i21" i:type="Mesh"><Attributes><Attribute z:Id="i22"><AttributeType>filename</AttributeType><IsRequired>true</IsRequired><Value i:nil="true"/></Attribute></Attributes><ChildElements/><ElementName>mesh</ElementName><required>false</required><FilenameAttribute z:Ref="i22"/></URDFElement></ChildElements><ElementName>geometry</ElementName><required>true</required><Mesh z:Ref="i21"/></URDFElement><URDFElement z:Id="i23" i:type="Material"><Attributes><Attribute z:Id="i24"><AttributeType>name</AttributeType><IsRequired>true</IsRequired><Value i:type="a:string" xmlns:a="http://www.w3.org/2001/XMLSchema"/></Attribute></Attributes><ChildElements><URDFElement z:Id="i25" i:type="Color"><Attributes><Attribute z:Id="i26"><AttributeType>rgba</AttributeType><IsRequired>true</IsRequired><Value i:type="a:ArrayOfdouble" xmlns:a="http://schemas.microsoft.com/2003/10/Serialization/Arrays"><a:double>0.792156862745098</a:double><a:double>0.81960784313725488</a:double><a:double>0.93333333333333335</a:double><a:double>1</a:double></Value></Attribute></Attributes><ChildElements/><ElementName>color</ElementName><required>false</required><RGBAAttribute z:Ref="i26"/></URDFElement><URDFElement z:Id="i27" i:type="Texture"><Attributes><Attribute z:Id="i28"><AttributeType>filename</AttributeType><IsRequired>true</IsRequired><Value i:nil="true"/></Attribute></Attributes><ChildElements/><ElementName>texture</ElementName><required>false</required><FilenameAttribute z:Ref="i28"/><wFilename/></URDFElement></ChildElements><ElementName>material</ElementName><required>false</required><Color z:Ref="i25"/><NameAttribute z:Ref="i24"/><Texture z:Ref="i27"/></URDFElement></ChildElements><ElementName>visual</ElementName><required>false</required><Geometry z:Ref="i20"/><Material z:Ref="i23"/><Origin z:Ref="i17"/></URDFElement><URDFElement z:Id="i29" i:type="Collision"><Attributes/><ChildElements><URDFElement z:Id="i30" i:type="Origin"><Attributes><Attribute z:Id="i31"><AttributeType>xyz</AttributeType><IsRequired>true</IsRequired><Value i:type="a:ArrayOfdouble" xmlns:a="http://schemas.microsoft.com/2003/10/Serialization/Arrays"><a:double>0</a:double><a:double>0</a:double><a:double>0</a:double></Value></Attribute><Attribute z:Id="i32"><AttributeType>rpy</AttributeType><IsRequired>true</IsRequired><Value i:type="a:ArrayOfdouble" xmlns:a="http://schemas.microsoft.com/2003/10/Serialization/Arrays"><a:double>0</a:double><a:double>0</a:double><a:double>0</a:double></Value></Attribute></Attributes><ChildElements/><ElementName>origin</ElementName><required>false</required><RPYAttribute z:Ref="i32"/><XYZAttribute z:Ref="i31"/><isCustomized>false</isCustomized></URDFElement><URDFElement z:Id="i33" i:type="Geometry"><Attributes/><ChildElements><URDFElement z:Id="i34" i:type="Mesh"><Attributes><Attribute z:Id="i35"><AttributeType>filename</AttributeType><IsRequired>true</IsRequired><Value i:nil="true"/></Attribute></Attributes><ChildElements/><ElementName>mesh</ElementName><required>false</required><FilenameAttribute z:Ref="i35"/></URDFElement></ChildElements><ElementName>geometry</ElementName><required>true</required><Mesh z:Ref="i34"/></URDFElement></ChildElements><ElementName>collision</ElementName><required>false</required><Geometry z:Ref="i33"/><Origin z:Ref="i30"/></URDFElement><URDFElement z:Id="i36" i:type="Joint"><Attributes><Attribute z:Id="i37"><AttributeType>name</AttributeType><IsRequired>true</IsRequired><Value i:type="a:string" xmlns:a="http://www.w3.org/2001/XMLSchema"/></Attribute><Attribute z:Id="i38"><AttributeType>type</AttributeType><IsRequired>true</IsRequired><Value i:type="a:string" xmlns:a="http://www.w3.org/2001/XMLSchema"/></Attribute></Attributes><ChildElements><URDFElement z:Id="i39" i:type="Origin"><Attributes><Attribute z:Id="i40"><AttributeType>xyz</AttributeType><IsRequired>true</IsRequired><Value i:type="a:ArrayOfdouble" xmlns:a="http://schemas.microsoft.com/2003/10/Serialization/Arrays"><a:double>0</a:double><a:double>0</a:double><a:double>0</a:double></Value></Attribute><Attribute z:Id="i41"><AttributeType>rpy</AttributeType><IsRequired>true</IsRequired><Value i:type="a:ArrayOfdouble" xmlns:a="http://schemas.microsoft.com/2003/10/Serialization/Arrays"><a:double>0</a:double><a:double>0</a:double><a:double>0</a:double></Value></Attribute></Attributes><ChildElements/><ElementName>origin</ElementName><required>false</required><RPYAttribute z:Ref="i41"/><XYZAttribute z:Ref="i40"/><isCustomized>false</isCustomized></URDFElement><URDFElement z:Id="i42" i:type="ParentLink"><Attributes><Attribute z:Id="i43"><AttributeType>link</AttributeType><IsRequired>true</IsRequired><Value i:type="a:string" xmlns:a="http://www.w3.org/2001/XMLSchema"/></Attribute></Attributes><ChildElements/><ElementName>parent</ElementName><required>true</required><NameAttribute z:Ref="i43"/></URDFElement><URDFElement z:Id="i44" i:type="ChildLink"><Attributes><Attribute z:Id="i45"><AttributeType>link</AttributeType><IsRequired>true</IsRequired><Value i:type="a:string" xmlns:a="http://www.w3.org/2001/XMLSchema"/></Attribute></Attributes><ChildElements/><ElementName>child</ElementName><required>true</required><NameAttribute z:Ref="i45"/></URDFElement><URDFElement z:Id="i46" i:type="Axis"><Attributes><Attribute z:Id="i47"><AttributeType>xyz</AttributeType><IsRequired>true</IsRequired><Value i:type="a:ArrayOfdouble" xmlns:a="http://schemas.microsoft.com/2003/10/Serialization/Arrays"><a:double>0</a:double><a:double>0</a:double><a:double>0</a:double></Value></Attribute></Attributes><ChildElements/><ElementName>axis</ElementName><required>false</required><XYZAttribute z:Ref="i47"/></URDFElement><URDFElement z:Id="i48" i:type="Limit"><Attributes><Attribute z:Id="i49"><AttributeType>lower</AttributeType><IsRequired>false</IsRequired><Value i:nil="true"/></Attribute><Attribute z:Id="i50"><AttributeType>upper</AttributeType><IsRequired>false</IsRequired><Value i:nil="true"/></Attribute><Attribute z:Id="i51"><AttributeType>effort</AttributeType><IsRequired>true</IsRequired><Value i:nil="true"/></Attribute><Attribute z:Id="i52"><AttributeType>velocity</AttributeType><IsRequired>true</IsRequired><Value i:nil="true"/></Attribute></Attributes><ChildElements/><ElementName>limit</ElementName><required>false</required><EffortAttribute z:Ref="i51"/><LowerAttribute z:Ref="i49"/><UpperAttribute z:Ref="i50"/><VelocityAttribute z:Ref="i52"/></URDFElement><URDFElement z:Id="i53" i:type="Calibration"><Attributes><Attribute z:Id="i54"><AttributeType>rising</AttributeType><IsRequired>false</IsRequired><Value i:nil="true"/></Attribute><Attribute z:Id="i55"><AttributeType>falling</AttributeType><IsRequired>false</IsRequired><Value i:nil="true"/></Attribute></Attributes><ChildElements/><ElementName>calibration</ElementName><required>false</required><FallingAttribute z:Ref="i55"/><RisingAttribute z:Ref="i54"/></URDFElement><URDFElement z:Id="i56" i:type="Dynamics"><Attributes><Attribute z:Id="i57"><AttributeType>damping</AttributeType><IsRequired>false</IsRequired><Value i:nil="true"/></Attribute><Attribute z:Id="i58"><AttributeType>friction</AttributeType><IsRequired>false</IsRequired><Value i:nil="true"/></Attribute></Attributes><ChildElements/><ElementName>dynamics</ElementName><required>false</required><DampingAttribute z:Ref="i57"/><FrictionAttribute z:Ref="i58"/></URDFElement><URDFElement z:Id="i59" i:type="SafetyController"><Attributes><Attribute z:Id="i60"><AttributeType>soft_upper_limit</AttributeType><IsRequired>false</IsRequired><Value i:nil="true"/></Attribute><Attribute z:Id="i61"><AttributeType>soft_lower_limit</AttributeType><IsRequired>false</IsRequired><Value i:nil="true"/></Attribute><Attribute z:Id="i62"><AttributeType>k_position</AttributeType><IsRequired>false</IsRequired><Value i:nil="true"/></Attribute><Attribute z:Id="i63"><AttributeType>k_velocity</AttributeType><IsRequired>true</IsRequired><Value i:nil="true"/></Attribute></Attributes><ChildElements/><ElementName>safety_controller</ElementName><required>false</required><KPositionAttribute z:Ref="i62"/><KVelocityAttribute z:Ref="i63"/><SoftLowerAttribute z:Ref="i61"/><SoftUpperAttribute z:Ref="i60"/></URDFElement><URDFElement z:Id="i64" i:type="Mimic"><Attributes><Attribute z:Id="i65"><AttributeType>joint</AttributeType><IsRequired>true</IsRequired><Value i:nil="true"/></Attribute><Attribute z:Id="i66"><AttributeType>multiplier</AttributeType><IsRequired>false</IsRequired><Value i:nil="true"/></Attribute><Attribute z:Id="i67"><AttributeType>offset</AttributeType><IsRequired>false</IsRequired><Value i:nil="true"/></Attribute></Attributes><ChildElements/><ElementName>mimic</ElementName><required>false</required><JointNameAttribute z:Ref="i65"/><MultiplierAttribute z:Ref="i66"/><OffsetAttribute z:Ref="i67"/></URDFElement></ChildElements><ElementName>joint</ElementName><required>false</required><Axis z:Ref="i46"/><AxisName/><Calibration z:Ref="i53"/><Child z:Ref="i44"/><CoordinateSystemName>Base_origin</CoordinateSystemName><Dynamics z:Ref="i56"/><Limit z:Ref="i48"/><Mimic z:Ref="i64"/><NameAttribute z:Ref="i37"/><Origin z:Ref="i39"/><Parent z:Ref="i42"/><Safety z:Ref="i59"/><TypeAttribute z:Ref="i38"/></URDFElement></ChildElements><ElementName>link</ElementName><required>true</required><Children><Link z:Id="i68"><Attributes><Attribute z:Id="i69"><AttributeType>name</AttributeType><IsRequired>true</IsRequired><Value i:type="a:string" xmlns:a="http://www.w3.org/2001/XMLSchema">R_wheel_link</Value></Attribute></Attributes><ChildElements><URDFElement z:Id="i70" i:type="Inertial"><Attributes/><ChildElements><URDFElement z:Id="i71" i:type="Origin"><Attributes><Attribute z:Id="i72"><AttributeType>xyz</AttributeType><IsRequired>true</IsRequired><Value i:type="a:ArrayOfdouble" xmlns:a="http://schemas.microsoft.com/2003/10/Serialization/Arrays"><a:double>5.7991489720886531E-05</a:double><a:double>0.0058199863971848814</a:double><a:double>-0.0008508372650005056</a:double></Value></Attribute><Attribute z:Id="i73"><AttributeType>rpy</AttributeType><IsRequired>true</IsRequired><Value i:type="a:ArrayOfdouble" xmlns:a="http://schemas.microsoft.com/2003/10/Serialization/Arrays"><a:double>0</a:double><a:double>0</a:double><a:double>0</a:double></Value></Attribute></Attributes><ChildElements/><ElementName>origin</ElementName><required>false</required><RPYAttribute z:Ref="i73"/><XYZAttribute z:Ref="i72"/><isCustomized>false</isCustomized></URDFElement><URDFElement z:Id="i74" i:type="Mass"><Attributes><Attribute z:Id="i75"><AttributeType>value</AttributeType><IsRequired>true</IsRequired><Value i:type="a:double" xmlns:a="http://www.w3.org/2001/XMLSchema">0.041955149555898893</Value></Attribute></Attributes><ChildElements/><ElementName>mass</ElementName><required>false</required><ValueAttribute z:Ref="i75"/></URDFElement><URDFElement z:Id="i76" i:type="Inertia"><Attributes><Attribute z:Id="i77"><AttributeType>ixx</AttributeType><IsRequired>true</IsRequired><Value i:type="a:double" xmlns:a="http://www.w3.org/2001/XMLSchema">1.8373507938030858E-05</Value></Attribute><Attribute z:Id="i78"><AttributeType>ixy</AttributeType><IsRequired>true</IsRequired><Value i:type="a:double" xmlns:a="http://www.w3.org/2001/XMLSchema">-1.8161867336403867E-11</Value></Attribute><Attribute z:Id="i79"><AttributeType>ixz</AttributeType><IsRequired>true</IsRequired><Value i:type="a:double" xmlns:a="http://www.w3.org/2001/XMLSchema">-2.1106704777050554E-09</Value></Attribute><Attribute z:Id="i80"><AttributeType>iyy</AttributeType><IsRequired>true</IsRequired><Value i:type="a:double" xmlns:a="http://www.w3.org/2001/XMLSchema">3.0919329148918272E-05</Value></Attribute><Attribute z:Id="i81"><AttributeType>iyz</AttributeType><IsRequired>true</IsRequired><Value i:type="a:double" xmlns:a="http://www.w3.org/2001/XMLSchema">4.3006717639984455E-10</Value></Attribute><Attribute z:Id="i82"><AttributeType>izz</AttributeType><IsRequired>true</IsRequired><Value i:type="a:double" xmlns:a="http://www.w3.org/2001/XMLSchema">1.8408240459889539E-05</Value></Attribute></Attributes><ChildElements/><ElementName>inertia</ElementName><required>false</required><IxxAttribute z:Ref="i77"/><IxyAttribute z:Ref="i78"/><IxzAttribute z:Ref="i79"/><IyyAttribute z:Ref="i80"/><IyzAttribute z:Ref="i81"/><IzzAttribute z:Ref="i82"/></URDFElement></ChildElements><ElementName>inertial</ElementName><required>false</required><Inertia z:Ref="i76"/><Mass z:Ref="i74"/><Origin z:Ref="i71"/></URDFElement><URDFElement z:Id="i83" i:type="Visual"><Attributes/><ChildElements><URDFElement z:Id="i84" i:type="Origin"><Attributes><Attribute z:Id="i85"><AttributeType>xyz</AttributeType><IsRequired>true</IsRequired><Value i:type="a:ArrayOfdouble" xmlns:a="http://schemas.microsoft.com/2003/10/Serialization/Arrays"><a:double>0</a:double><a:double>0</a:double><a:double>0</a:double></Value></Attribute><Attribute z:Id="i86"><AttributeType>rpy</AttributeType><IsRequired>true</IsRequired><Value i:type="a:ArrayOfdouble" xmlns:a="http://schemas.microsoft.com/2003/10/Serialization/Arrays"><a:double>0</a:double><a:double>0</a:double><a:double>0</a:double></Value></Attribute></Attributes><ChildElements/><ElementName>origin</ElementName><required>false</required><RPYAttribute z:Ref="i86"/><XYZAttribute z:Ref="i85"/><isCustomized>false</isCustomized></URDFElement><URDFElement z:Id="i87" i:type="Geometry"><Attributes/><ChildElements><URDFElement z:Id="i88" i:type="Mesh"><Attributes><Attribute z:Id="i89"><AttributeType>filename</AttributeType><IsRequired>true</IsRequired><Value i:nil="true"/></Attribute></Attributes><ChildElements/><ElementName>mesh</ElementName><required>false</required><FilenameAttribute z:Ref="i89"/></URDFElement></ChildElements><ElementName>geometry</ElementName><required>true</required><Mesh z:Ref="i88"/></URDFElement><URDFElement z:Id="i90" i:type="Material"><Attributes><Attribute z:Id="i91"><AttributeType>name</AttributeType><IsRequired>true</IsRequired><Value i:type="a:string" xmlns:a="http://www.w3.org/2001/XMLSchema"/></Attribute></Attributes><ChildElements><URDFElement z:Id="i92" i:type="Color"><Attributes><Attribute z:Id="i93"><AttributeType>rgba</AttributeType><IsRequired>true</IsRequired><Value i:type="a:ArrayOfdouble" xmlns:a="http://schemas.microsoft.com/2003/10/Serialization/Arrays"><a:double>0.792156862745098</a:double><a:double>0.81960784313725488</a:double><a:double>0.93333333333333335</a:double><a:double>1</a:double></Value></Attribute></Attributes><ChildElements/><ElementName>color</ElementName><required>false</required><RGBAAttribute z:Ref="i93"/></URDFElement><URDFElement z:Id="i94" i:type="Texture"><Attributes><Attribute z:Id="i95"><AttributeType>filename</AttributeType><IsRequired>true</IsRequired><Value i:nil="true"/></Attribute></Attributes><ChildElements/><ElementName>texture</ElementName><required>false</required><FilenameAttribute z:Ref="i95"/><wFilename/></URDFElement></ChildElements><ElementName>material</ElementName><required>false</required><Color z:Ref="i92"/><NameAttribute z:Ref="i91"/><Texture z:Ref="i94"/></URDFElement></ChildElements><ElementName>visual</ElementName><required>false</required><Geometry z:Ref="i87"/><Material z:Ref="i90"/><Origin z:Ref="i84"/></URDFElement><URDFElement z:Id="i96" i:type="Collision"><Attributes/><ChildElements><URDFElement z:Id="i97" i:type="Origin"><Attributes><Attribute z:Id="i98"><AttributeType>xyz</AttributeType><IsRequired>true</IsRequired><Value i:type="a:ArrayOfdouble" xmlns:a="http://schemas.microsoft.com/2003/10/Serialization/Arrays"><a:double>0</a:double><a:double>0</a:double><a:double>0</a:double></Value></Attribute><Attribute z:Id="i99"><AttributeType>rpy</AttributeType><IsRequired>true</IsRequired><Value i:type="a:ArrayOfdouble" xmlns:a="http://schemas.microsoft.com/2003/10/Serialization/Arrays"><a:double>0</a:double><a:double>0</a:double><a:double>0</a:double></Value></Attribute></Attributes><ChildElements/><ElementName>origin</ElementName><required>false</required><RPYAttribute z:Ref="i99"/><XYZAttribute z:Ref="i98"/><isCustomized>false</isCustomized></URDFElement><URDFElement z:Id="i100" i:type="Geometry"><Attributes/><ChildElements><URDFElement z:Id="i101" i:type="Mesh"><Attributes><Attribute z:Id="i102"><AttributeType>filename</AttributeType><IsRequired>true</IsRequired><Value i:nil="true"/></Attribute></Attributes><ChildElements/><ElementName>mesh</ElementName><required>false</required><FilenameAttribute z:Ref="i102"/></URDFElement></ChildElements><ElementName>geometry</ElementName><required>true</required><Mesh z:Ref="i101"/></URDFElement></ChildElements><ElementName>collision</ElementName><required>false</required><Geometry z:Ref="i100"/><Origin z:Ref="i97"/></URDFElement><URDFElement z:Id="i103" i:type="Joint"><Attributes><Attribute z:Id="i104"><AttributeType>name</AttributeType><IsRequired>true</IsRequired><Value i:type="a:string" xmlns:a="http://www.w3.org/2001/XMLSchema">Rwheel_joint</Value></Attribute><Attribute z:Id="i105"><AttributeType>type</AttributeType><IsRequired>true</IsRequired><Value i:type="a:string" xmlns:a="http://www.w3.org/2001/XMLSchema">continuous</Value></Attribute></Attributes><ChildElements><URDFElement z:Id="i106" i:type="Origin"><Attributes><Attribute z:Id="i107"><AttributeType>xyz</AttributeType><IsRequired>true</IsRequired><Value i:type="a:ArrayOfdouble" xmlns:a="http://schemas.microsoft.com/2003/10/Serialization/Arrays"><a:double>-0.00040439175433133571</a:double><a:double>-0.10525110642810885</a:double><a:double>0.025000000000000112</a:double></Value></Attribute><Attribute z:Id="i108"><AttributeType>rpy</AttributeType><IsRequired>true</IsRequired><Value i:type="a:ArrayOfdouble" xmlns:a="http://schemas.microsoft.com/2003/10/Serialization/Arrays"><a:double>0</a:double><a:double>0</a:double><a:double>0</a:double></Value></Attribute></Attributes><ChildElements/><ElementName>origin</ElementName><required>false</required><RPYAttribute z:Ref="i108"/><XYZAttribute z:Ref="i107"/><isCustomized>false</isCustomized></URDFElement><URDFElement z:Id="i109" i:type="ParentLink"><Attributes><Attribute z:Id="i110"><AttributeType>link</AttributeType><IsRequired>true</IsRequired><Value i:type="a:string" xmlns:a="http://www.w3.org/2001/XMLSchema">base_link</Value></Attribute></Attributes><ChildElements/><ElementName>parent</ElementName><required>true</required><NameAttribute z:Ref="i110"/></URDFElement><URDFElement z:Id="i111" i:type="ChildLink"><Attributes><Attribute z:Id="i112"><AttributeType>link</AttributeType><IsRequired>true</IsRequired><Value i:type="a:string" xmlns:a="http://www.w3.org/2001/XMLSchema">R_wheel</Value></Attribute></Attributes><ChildElements/><ElementName>child</ElementName><required>true</required><NameAttribute z:Ref="i112"/></URDFElement><URDFElement z:Id="i113" i:type="Axis"><Attributes><Attribute z:Id="i114"><AttributeType>xyz</AttributeType><IsRequired>true</IsRequired><Value i:type="a:ArrayOfdouble" xmlns:a="http://schemas.microsoft.com/2003/10/Serialization/Arrays"><a:double>0</a:double><a:double>-1</a:double><a:double>0</a:double></Value></Attribute></Attributes><ChildElements/><ElementName>axis</ElementName><required>false</required><XYZAttribute z:Ref="i114"/></URDFElement><URDFElement z:Id="i115" i:type="Limit"><Attributes><Attribute z:Id="i116"><AttributeType>lower</AttributeType><IsRequired>false</IsRequired><Value i:nil="true"/></Attribute><Attribute z:Id="i117"><AttributeType>upper</AttributeType><IsRequired>false</IsRequired><Value i:nil="true"/></Attribute><Attribute z:Id="i118"><AttributeType>effort</AttributeType><IsRequired>true</IsRequired><Value i:nil="true"/></Attribute><Attribute z:Id="i119"><AttributeType>velocity</AttributeType><IsRequired>true</IsRequired><Value i:nil="true"/></Attribute></Attributes><ChildElements/><ElementName>limit</ElementName><required>false</required><EffortAttribute z:Ref="i118"/><LowerAttribute z:Ref="i116"/><UpperAttribute z:Ref="i117"/><VelocityAttribute z:Ref="i119"/></URDFElement><URDFElement z:Id="i120" i:type="Calibration"><Attributes><Attribute z:Id="i121"><AttributeType>rising</AttributeType><IsRequired>false</IsRequired><Value i:nil="true"/></Attribute><Attribute z:Id="i122"><AttributeType>falling</AttributeType><IsRequired>false</IsRequired><Value i:nil="true"/></Attribute></Attributes><ChildElements/><ElementName>calibration</ElementName><required>false</required><FallingAttribute z:Ref="i122"/><RisingAttribute z:Ref="i121"/></URDFElement><URDFElement z:Id="i123" i:type="Dynamics"><Attributes><Attribute z:Id="i124"><AttributeType>damping</AttributeType><IsRequired>false</IsRequired><Value i:nil="true"/></Attribute><Attribute z:Id="i125"><AttributeType>friction</AttributeType><IsRequired>false</IsRequired><Value i:nil="true"/></Attribute></Attributes><ChildElements/><ElementName>dynamics</ElementName><required>false</required><DampingAttribute z:Ref="i124"/><FrictionAttribute z:Ref="i125"/></URDFElement><URDFElement z:Id="i126" i:type="SafetyController"><Attributes><Attribute z:Id="i127"><AttributeType>soft_upper_limit</AttributeType><IsRequired>false</IsRequired><Value i:nil="true"/></Attribute><Attribute z:Id="i128"><AttributeType>soft_lower_limit</AttributeType><IsRequired>false</IsRequired><Value i:nil="true"/></Attribute><Attribute z:Id="i129"><AttributeType>k_position</AttributeType><IsRequired>false</IsRequired><Value i:nil="true"/></Attribute><Attribute z:Id="i130"><AttributeType>k_velocity</AttributeType><IsRequired>true</IsRequired><Value i:nil="true"/></Attribute></Attributes><ChildElements/><ElementName>safety_controller</ElementName><required>false</required><KPositionAttribute z:Ref="i129"/><KVelocityAttribute z:Ref="i130"/><SoftLowerAttribute z:Ref="i128"/><SoftUpperAttribute z:Ref="i127"/></URDFElement><URDFElement z:Id="i131" i:type="Mimic"><Attributes><Attribute z:Id="i132"><AttributeType>joint</AttributeType><IsRequired>true</IsRequired><Value i:nil="true"/></Attribute><Attribute z:Id="i133"><AttributeType>multiplier</AttributeType><IsRequired>false</IsRequired><Value i:nil="true"/></Attribute><Attribute z:Id="i134"><AttributeType>offset</AttributeType><IsRequired>false</IsRequired><Value i:nil="true"/></Attribute></Attributes><ChildElements/><ElementName>mimic</ElementName><required>false</required><JointNameAttribute z:Ref="i132"/><MultiplierAttribute z:Ref="i133"/><OffsetAttribute z:Ref="i134"/></URDFElement></ChildElements><ElementName>joint</ElementName><required>false</required><Axis z:Ref="i113"/><AxisName>Axis_wheel</AxisName><Calibration z:Ref="i120"/><Child z:Ref="i111"/><CoordinateSystemName>R_origin</CoordinateSystemName><Dynamics z:Ref="i123"/><Limit z:Ref="i115"/><Mimic z:Ref="i131"/><NameAttribute z:Ref="i104"/><Origin z:Ref="i106"/><Parent z:Ref="i109"/><Safety z:Ref="i126"/><TypeAttribute z:Ref="i105"/></URDFElement></ChildElements><ElementName>link</ElementName><required>true</required><Children/><Collision z:Ref="i96"/><Inertial z:Ref="i70"/><Joint z:Ref="i103"/><NameAttribute z:Ref="i69"/><Parent z:Ref="i1"/><STLQualityFine>false</STLQualityFine><SWComponentPIDs xmlns:a="http://schemas.microsoft.com/2003/10/Serialization/Arrays"><a:base64Binary>aEIAAAUAAAD//v8nYwBvAHAAcABlAHIAXwB3AGgAZQBlAGwAXwB3AGkAdABoAF8AYQBkAGEAcAB0AGUAcgBfAHAAYQByAHQALQAxAEAAYQBzAHMAZQBtADEABAAAABAAAAABAAAAAQAAAOcBAAA=</a:base64Binary></SWComponentPIDs><SWMainComponentPID i:nil="true"/><Visual z:Ref="i83"/><isFixedFrame>false</isFixedFrame><isIncomplete>false</isIncomplete></Link><Link z:Id="i135"><Attributes><Attribute z:Id="i136"><AttributeType>name</AttributeType><IsRequired>true</IsRequired><Value i:type="a:string" xmlns:a="http://www.w3.org/2001/XMLSchema">L_wheel_link</Value></Attribute></Attributes><ChildElements><URDFElement z:Id="i137" i:type="Inertial"><Attributes/><ChildElements><URDFElement z:Id="i138" i:type="Origin"><Attributes><Attribute z:Id="i139"><AttributeType>xyz</AttributeType><IsRequired>true</IsRequired><Value i:type="a:ArrayOfdouble" xmlns:a="http://schemas.microsoft.com/2003/10/Serialization/Arrays"><a:double>-0.00041032411340115663</a:double><a:double>-0.0058199863971911819</a:double><a:double>0.00074761031728983645</a:double></Value></Attribute><Attribute z:Id="i140"><AttributeType>rpy</AttributeType><IsRequired>true</IsRequired><Value i:type="a:ArrayOfdouble" xmlns:a="http://schemas.microsoft.com/2003/10/Serialization/Arrays"><a:double>0</a:double><a:double>0</a:double><a:double>0</a:double></Value></Attribute></Attributes><ChildElements/><ElementName>origin</ElementName><required>false</required><RPYAttribute z:Ref="i140"/><XYZAttribute z:Ref="i139"/><isCustomized>false</isCustomized></URDFElement><URDFElement z:Id="i141" i:type="Mass"><Attributes><Attribute z:Id="i142"><AttributeType>value</AttributeType><IsRequired>true</IsRequired><Value i:type="a:double" xmlns:a="http://www.w3.org/2001/XMLSchema">0.041955149555870666</Value></Attribute></Attributes><ChildElements/><ElementName>mass</ElementName><required>false</required><ValueAttribute z:Ref="i142"/></URDFElement><URDFElement z:Id="i143" i:type="Inertia"><Attributes><Attribute z:Id="i144"><AttributeType>ixx</AttributeType><IsRequired>true</IsRequired><Value i:type="a:double" xmlns:a="http://www.w3.org/2001/XMLSchema">1.8381704642724268E-05</Value></Attribute><Attribute z:Id="i145"><AttributeType>ixy</AttributeType><IsRequired>true</IsRequired><Value i:type="a:double" xmlns:a="http://www.w3.org/2001/XMLSchema">-2.1679157785034641E-10</Value></Attribute><Attribute z:Id="i146"><AttributeType>ixz</AttributeType><IsRequired>true</IsRequired><Value i:type="a:double" xmlns:a="http://www.w3.org/2001/XMLSchema">-1.4898361886727485E-08</Value></Attribute><Attribute z:Id="i147"><AttributeType>iyy</AttributeType><IsRequired>true</IsRequired><Value i:type="a:double" xmlns:a="http://www.w3.org/2001/XMLSchema">3.0919329148921755E-05</Value></Attribute><Attribute z:Id="i148"><AttributeType>iyz</AttributeType><IsRequired>true</IsRequired><Value i:type="a:double" xmlns:a="http://www.w3.org/2001/XMLSchema">3.7187230586482815E-10</Value></Attribute><Attribute z:Id="i149"><AttributeType>izz</AttributeType><IsRequired>true</IsRequired><Value i:type="a:double" xmlns:a="http://www.w3.org/2001/XMLSchema">1.8400043755197284E-05</Value></Attribute></Attributes><ChildElements/><ElementName>inertia</ElementName><required>false</required><IxxAttribute z:Ref="i144"/><IxyAttribute z:Ref="i145"/><IxzAttribute z:Ref="i146"/><IyyAttribute z:Ref="i147"/><IyzAttribute z:Ref="i148"/><IzzAttribute z:Ref="i149"/></URDFElement></ChildElements><ElementName>inertial</ElementName><required>false</required><Inertia z:Ref="i143"/><Mass z:Ref="i141"/><Origin z:Ref="i138"/></URDFElement><URDFElement z:Id="i150" i:type="Visual"><Attributes/><ChildElements><URDFElement z:Id="i151" i:type="Origin"><Attributes><Attribute z:Id="i152"><AttributeType>xyz</AttributeType><IsRequired>true</IsRequired><Value i:type="a:ArrayOfdouble" xmlns:a="http://schemas.microsoft.com/2003/10/Serialization/Arrays"><a:double>0</a:double><a:double>0</a:double><a:double>0</a:double></Value></Attribute><Attribute z:Id="i153"><AttributeType>rpy</AttributeType><IsRequired>true</IsRequired><Value i:type="a:ArrayOfdouble" xmlns:a="http://schemas.microsoft.com/2003/10/Serialization/Arrays"><a:double>0</a:double><a:double>0</a:double><a:double>0</a:double></Value></Attribute></Attributes><ChildElements/><ElementName>origin</ElementName><required>false</required><RPYAttribute z:Ref="i153"/><XYZAttribute z:Ref="i152"/><isCustomized>false</isCustomized></URDFElement><URDFElement z:Id="i154" i:type="Geometry"><Attributes/><ChildElements><URDFElement z:Id="i155" i:type="Mesh"><Attributes><Attribute z:Id="i156"><AttributeType>filename</AttributeType><IsRequired>true</IsRequired><Value i:nil="true"/></Attribute></Attributes><ChildElements/><ElementName>mesh</ElementName><required>false</required><FilenameAttribute z:Ref="i156"/></URDFElement></ChildElements><ElementName>geometry</ElementName><required>true</required><Mesh z:Ref="i155"/></URDFElement><URDFElement z:Id="i157" i:type="Material"><Attributes><Attribute z:Id="i158"><AttributeType>name</AttributeType><IsRequired>true</IsRequired><Value i:type="a:string" xmlns:a="http://www.w3.org/2001/XMLSchema"/></Attribute></Attributes><ChildElements><URDFElement z:Id="i159" i:type="Color"><Attributes><Attribute z:Id="i160"><AttributeType>rgba</AttributeType><IsRequired>true</IsRequired><Value i:type="a:ArrayOfdouble" xmlns:a="http://schemas.microsoft.com/2003/10/Serialization/Arrays"><a:double>0.792156862745098</a:double><a:double>0.81960784313725488</a:double><a:double>0.93333333333333335</a:double><a:double>1</a:double></Value></Attribute></Attributes><ChildElements/><ElementName>color</ElementName><required>false</required><RGBAAttribute z:Ref="i160"/></URDFElement><URDFElement z:Id="i161" i:type="Texture"><Attributes><Attribute z:Id="i162"><AttributeType>filename</AttributeType><IsRequired>true</IsRequired><Value i:nil="true"/></Attribute></Attributes><ChildElements/><ElementName>texture</ElementName><required>false</required><FilenameAttribute z:Ref="i162"/><wFilename/></URDFElement></ChildElements><ElementName>material</ElementName><required>false</required><Color z:Ref="i159"/><NameAttribute z:Ref="i158"/><Texture z:Ref="i161"/></URDFElement></ChildElements><ElementName>visual</ElementName><required>false</required><Geometry z:Ref="i154"/><Material z:Ref="i157"/><Origin z:Ref="i151"/></URDFElement><URDFElement z:Id="i163" i:type="Collision"><Attributes/><ChildElements><URDFElement z:Id="i164" i:type="Origin"><Attributes><Attribute z:Id="i165"><AttributeType>xyz</AttributeType><IsRequired>true</IsRequired><Value i:type="a:ArrayOfdouble" xmlns:a="http://schemas.microsoft.com/2003/10/Serialization/Arrays"><a:double>0</a:double><a:double>0</a:double><a:double>0</a:double></Value></Attribute><Attribute z:Id="i166"><AttributeType>rpy</AttributeType><IsRequired>true</IsRequired><Value i:type="a:ArrayOfdouble" xmlns:a="http://schemas.microsoft.com/2003/10/Serialization/Arrays"><a:double>0</a:double><a:double>0</a:double><a:double>0</a:double></Value></Attribute></Attributes><ChildElements/><ElementName>origin</ElementName><required>false</required><RPYAttribute z:Ref="i166"/><XYZAttribute z:Ref="i165"/><isCustomized>false</isCustomized></URDFElement><URDFElement z:Id="i167" i:type="Geometry"><Attributes/><ChildElements><URDFElement z:Id="i168" i:type="Mesh"><Attributes><Attribute z:Id="i169"><AttributeType>filename</AttributeType><IsRequired>true</IsRequired><Value i:nil="true"/></Attribute></Attributes><ChildElements/><ElementName>mesh</ElementName><required>false</required><FilenameAttribute z:Ref="i169"/></URDFElement></ChildElements><ElementName>geometry</ElementName><required>true</required><Mesh z:Ref="i168"/></URDFElement></ChildElements><ElementName>collision</ElementName><required>false</required><Geometry z:Ref="i167"/><Origin z:Ref="i164"/></URDFElement><URDFElement z:Id="i170" i:type="Joint"><Attributes><Attribute z:Id="i171"><AttributeType>name</AttributeType><IsRequired>true</IsRequired><Value i:type="a:string" xmlns:a="http://www.w3.org/2001/XMLSchema">Lwheel_joint</Value></Attribute><Attribute z:Id="i172"><AttributeType>type</AttributeType><IsRequired>true</IsRequired><Value i:type="a:string" xmlns:a="http://www.w3.org/2001/XMLSchema">continuous</Value></Attribute></Attributes><ChildElements><URDFElement z:Id="i173" i:type="Origin"><Attributes><Attribute z:Id="i174"><AttributeType>xyz</AttributeType><IsRequired>true</IsRequired><Value i:type="a:ArrayOfdouble" xmlns:a="http://schemas.microsoft.com/2003/10/Serialization/Arrays"><a:double>-0.00040439175433133832</a:double><a:double>0.10525110642810892</a:double><a:double>0.025000000000000827</a:double></Value></Attribute><Attribute z:Id="i175"><AttributeType>rpy</AttributeType><IsRequired>true</IsRequired><Value i:type="a:ArrayOfdouble" xmlns:a="http://schemas.microsoft.com/2003/10/Serialization/Arrays"><a:double>0</a:double><a:double>0</a:double><a:double>0</a:double></Value></Attribute></Attributes><ChildElements/><ElementName>origin</ElementName><required>false</required><RPYAttribute z:Ref="i175"/><XYZAttribute z:Ref="i174"/><isCustomized>false</isCustomized></URDFElement><URDFElement z:Id="i176" i:type="ParentLink"><Attributes><Attribute z:Id="i177"><AttributeType>link</AttributeType><IsRequired>true</IsRequired><Value i:type="a:string" xmlns:a="http://www.w3.org/2001/XMLSchema">base_link</Value></Attribute></Attributes><ChildElements/><ElementName>parent</ElementName><required>true</required><NameAttribute z:Ref="i177"/></URDFElement><URDFElement z:Id="i178" i:type="ChildLink"><Attributes><Attribute z:Id="i179"><AttributeType>link</AttributeType><IsRequired>true</IsRequired><Value i:type="a:string" xmlns:a="http://www.w3.org/2001/XMLSchema">L_wheel</Value></Attribute></Attributes><ChildElements/><ElementName>child</ElementName><required>true</required><NameAttribute z:Ref="i179"/></URDFElement><URDFElement z:Id="i180" i:type="Axis"><Attributes><Attribute z:Id="i181"><AttributeType>xyz</AttributeType><IsRequired>true</IsRequired><Value i:type="a:ArrayOfdouble" xmlns:a="http://schemas.microsoft.com/2003/10/Serialization/Arrays"><a:double>0</a:double><a:double>-1</a:double><a:double>0</a:double></Value></Attribute></Attributes><ChildElements/><ElementName>axis</ElementName><required>false</required><XYZAttribute z:Ref="i181"/></URDFElement><URDFElement z:Id="i182" i:type="Limit"><Attributes><Attribute z:Id="i183"><AttributeType>lower</AttributeType><IsRequired>false</IsRequired><Value i:nil="true"/></Attribute><Attribute z:Id="i184"><AttributeType>upper</AttributeType><IsRequired>false</IsRequired><Value i:nil="true"/></Attribute><Attribute z:Id="i185"><AttributeType>effort</AttributeType><IsRequired>true</IsRequired><Value i:nil="true"/></Attribute><Attribute z:Id="i186"><AttributeType>velocity</AttributeType><IsRequired>true</IsRequired><Value i:nil="true"/></Attribute></Attributes><ChildElements/><ElementName>limit</ElementName><required>false</required><EffortAttribute z:Ref="i185"/><LowerAttribute z:Ref="i183"/><UpperAttribute z:Ref="i184"/><VelocityAttribute z:Ref="i186"/></URDFElement><URDFElement z:Id="i187" i:type="Calibration"><Attributes><Attribute z:Id="i188"><AttributeType>rising</AttributeType><IsRequired>false</IsRequired><Value i:nil="true"/></Attribute><Attribute z:Id="i189"><AttributeType>falling</AttributeType><IsRequired>false</IsRequired><Value i:nil="true"/></Attribute></Attributes><ChildElements/><ElementName>calibration</ElementName><required>false</required><FallingAttribute z:Ref="i189"/><RisingAttribute z:Ref="i188"/></URDFElement><URDFElement z:Id="i190" i:type="Dynamics"><Attributes><Attribute z:Id="i191"><AttributeType>damping</AttributeType><IsRequired>false</IsRequired><Value i:nil="true"/></Attribute><Attribute z:Id="i192"><AttributeType>friction</AttributeType><IsRequired>false</IsRequired><Value i:nil="true"/></Attribute></Attributes><ChildElements/><ElementName>dynamics</ElementName><required>false</required><DampingAttribute z:Ref="i191"/><FrictionAttribute z:Ref="i192"/></URDFElement><URDFElement z:Id="i193" i:type="SafetyController"><Attributes><Attribute z:Id="i194"><AttributeType>soft_upper_limit</AttributeType><IsRequired>false</IsRequired><Value i:nil="true"/></Attribute><Attribute z:Id="i195"><AttributeType>soft_lower_limit</AttributeType><IsRequired>false</IsRequired><Value i:nil="true"/></Attribute><Attribute z:Id="i196"><AttributeType>k_position</AttributeType><IsRequired>false</IsRequired><Value i:nil="true"/></Attribute><Attribute z:Id="i197"><AttributeType>k_velocity</AttributeType><IsRequired>true</IsRequired><Value i:nil="true"/></Attribute></Attributes><ChildElements/><ElementName>safety_controller</ElementName><required>false</required><KPositionAttribute z:Ref="i196"/><KVelocityAttribute z:Ref="i197"/><SoftLowerAttribute z:Ref="i195"/><SoftUpperAttribute z:Ref="i194"/></URDFElement><URDFElement z:Id="i198" i:type="Mimic"><Attributes><Attribute z:Id="i199"><AttributeType>joint</AttributeType><IsRequired>true</IsRequired><Value i:nil="true"/></Attribute><Attribute z:Id="i200"><AttributeType>multiplier</AttributeType><IsRequired>false</IsRequired><Value i:nil="true"/></Attribute><Attribute z:Id="i201"><AttributeType>offset</AttributeType><IsRequired>false</IsRequired><Value i:nil="true"/></Attribute></Attributes><ChildElements/><ElementName>mimic</ElementName><required>false</required><JointNameAttribute z:Ref="i199"/><MultiplierAttribute z:Ref="i200"/><OffsetAttribute z:Ref="i201"/></URDFElement></ChildElements><ElementName>joint</ElementName><required>false</required><Axis z:Ref="i180"/><AxisName>Axis_wheel</AxisName><Calibration z:Ref="i187"/><Child z:Ref="i178"/><CoordinateSystemName>L_origin</CoordinateSystemName><Dynamics z:Ref="i190"/><Limit z:Ref="i182"/><Mimic z:Ref="i198"/><NameAttribute z:Ref="i171"/><Origin z:Ref="i173"/><Parent z:Ref="i176"/><Safety z:Ref="i193"/><TypeAttribute z:Ref="i172"/></URDFElement></ChildElements><ElementName>link</ElementName><required>true</required><Children/><Collision z:Ref="i163"/><Inertial z:Ref="i137"/><Joint z:Ref="i170"/><NameAttribute z:Ref="i136"/><Parent z:Ref="i1"/><STLQualityFine>false</STLQualityFine><SWComponentPIDs xmlns:a="http://schemas.microsoft.com/2003/10/Serialization/Arrays"><a:base64Binary>aEIAAAUAAAD//v8nYwBvAHAAcABlAHIAXwB3AGgAZQBlAGwAXwB3AGkAdABoAF8AYQBkAGEAcAB0AGUAcgBfAHAAYQByAHQALQAyAEAAYQBzAHMAZQBtADEABAAAABAAAAABAAAAAQAAAOoBAAA=</a:base64Binary></SWComponentPIDs><SWMainComponentPID i:nil="true"/><Visual z:Ref="i150"/><isFixedFrame>false</isFixedFrame><isIncomplete>false</isIncomplete></Link><Link z:Id="i202"><Attributes><Attribute z:Id="i203"><AttributeType>name</AttributeType><IsRequired>true</IsRequired><Value i:type="a:string" xmlns:a="http://www.w3.org/2001/XMLSchema">Ball_front_link</Value></Attribute></Attributes><ChildElements><URDFElement z:Id="i204" i:type="Inertial"><Attributes/><ChildElements><URDFElement z:Id="i205" i:type="Origin"><Attributes><Attribute z:Id="i206"><AttributeType>xyz</AttributeType><IsRequired>true</IsRequired><Value i:type="a:ArrayOfdouble" xmlns:a="http://schemas.microsoft.com/2003/10/Serialization/Arrays"><a:double>4.3021142204224816E-16</a:double><a:double>-6.3696315145602561E-06</a:double><a:double>0.0054783181552000987</a:double></Value></Attribute><Attribute z:Id="i207"><AttributeType>rpy</AttributeType><IsRequired>true</IsRequired><Value i:type="a:ArrayOfdouble" xmlns:a="http://schemas.microsoft.com/2003/10/Serialization/Arrays"><a:double>0</a:double><a:double>0</a:double><a:double>0</a:double></Value></Attribute></Attributes><ChildElements/><ElementName>origin</ElementName><required>false</required><RPYAttribute z:Ref="i207"/><XYZAttribute z:Ref="i206"/><isCustomized>false</isCustomized></URDFElement><URDFElement z:Id="i208" i:type="Mass"><Attributes><Attribute z:Id="i209"><AttributeType>value</AttributeType><IsRequired>true</IsRequired><Value i:type="a:double" xmlns:a="http://www.w3.org/2001/XMLSchema">0.0051732918664278843</Value></Attribute></Attributes><ChildElements/><ElementName>mass</ElementName><required>false</required><ValueAttribute z:Ref="i209"/></URDFElement><URDFElement z:Id="i210" i:type="Inertia"><Attributes><Attribute z:Id="i211"><AttributeType>ixx</AttributeType><IsRequired>true</IsRequired><Value i:type="a:double" xmlns:a="http://www.w3.org/2001/XMLSchema">4.82436001286388E-07</Value></Attribute><Attribute z:Id="i212"><AttributeType>ixy</AttributeType><IsRequired>true</IsRequired><Value i:type="a:double" xmlns:a="http://www.w3.org/2001/XMLSchema">6.8036953124099755E-16</Value></Attribute><Attribute z:Id="i213"><AttributeType>ixz</AttributeType><IsRequired>true</IsRequired><Value i:type="a:double" xmlns:a="http://www.w3.org/2001/XMLSchema">7.4471771018533854E-23</Value></Attribute><Attribute z:Id="i214"><AttributeType>iyy</AttributeType><IsRequired>true</IsRequired><Value i:type="a:double" xmlns:a="http://www.w3.org/2001/XMLSchema">2.1717606375324104E-07</Value></Attribute><Attribute z:Id="i215"><AttributeType>iyz</AttributeType><IsRequired>true</IsRequired><Value i:type="a:double" xmlns:a="http://www.w3.org/2001/XMLSchema">2.5529250701518847E-10</Value></Attribute><Attribute z:Id="i216"><AttributeType>izz</AttributeType><IsRequired>true</IsRequired><Value i:type="a:double" xmlns:a="http://www.w3.org/2001/XMLSchema">5.286393882496393E-07</Value></Attribute></Attributes><ChildElements/><ElementName>inertia</ElementName><required>false</required><IxxAttribute z:Ref="i211"/><IxyAttribute z:Ref="i212"/><IxzAttribute z:Ref="i213"/><IyyAttribute z:Ref="i214"/><IyzAttribute z:Ref="i215"/><IzzAttribute z:Ref="i216"/></URDFElement></ChildElements><ElementName>inertial</ElementName><required>false</required><Inertia z:Ref="i210"/><Mass z:Ref="i208"/><Origin z:Ref="i205"/></URDFElement><URDFElement z:Id="i217" i:type="Visual"><Attributes/><ChildElements><URDFElement z:Id="i218" i:type="Origin"><Attributes><Attribute z:Id="i219"><AttributeType>xyz</AttributeType><IsRequired>true</IsRequired><Value i:type="a:ArrayOfdouble" xmlns:a="http://schemas.microsoft.com/2003/10/Serialization/Arrays"><a:double>0</a:double><a:double>0</a:double><a:double>0</a:double></Value></Attribute><Attribute z:Id="i220"><AttributeType>rpy</AttributeType><IsRequired>true</IsRequired><Value i:type="a:ArrayOfdouble" xmlns:a="http://schemas.microsoft.com/2003/10/Serialization/Arrays"><a:double>0</a:double><a:double>0</a:double><a:double>0</a:double></Value></Attribute></Attributes><ChildElements/><ElementName>origin</ElementName><required>false</required><RPYAttribute z:Ref="i220"/><XYZAttribute z:Ref="i219"/><isCustomized>false</isCustomized></URDFElement><URDFElement z:Id="i221" i:type="Geometry"><Attributes/><ChildElements><URDFElement z:Id="i222" i:type="Mesh"><Attributes><Attribute z:Id="i223"><AttributeType>filename</AttributeType><IsRequired>true</IsRequired><Value i:nil="true"/></Attribute></Attributes><ChildElements/><ElementName>mesh</ElementName><required>false</required><FilenameAttribute z:Ref="i223"/></URDFElement></ChildElements><ElementName>geometry</ElementName><required>true</required><Mesh z:Ref="i222"/></URDFElement><URDFElement z:Id="i224" i:type="Material"><Attributes><Attribute z:Id="i225"><AttributeType>name</AttributeType><IsRequired>true</IsRequired><Value i:type="a:string" xmlns:a="http://www.w3.org/2001/XMLSchema"/></Attribute></Attributes><ChildElements><URDFElement z:Id="i226" i:type="Color"><Attributes><Attribute z:Id="i227"><AttributeType>rgba</AttributeType><IsRequired>true</IsRequired><Value i:type="a:ArrayOfdouble" xmlns:a="http://schemas.microsoft.com/2003/10/Serialization/Arrays"><a:double>0.792156862745098</a:double><a:double>0.81960784313725488</a:double><a:double>0.93333333333333335</a:double><a:double>1</a:double></Value></Attribute></Attributes><ChildElements/><ElementName>color</ElementName><required>false</required><RGBAAttribute z:Ref="i227"/></URDFElement><URDFElement z:Id="i228" i:type="Texture"><Attributes><Attribute z:Id="i229"><AttributeType>filename</AttributeType><IsRequired>true</IsRequired><Value i:nil="true"/></Attribute></Attributes><ChildElements/><ElementName>texture</ElementName><required>false</required><FilenameAttribute z:Ref="i229"/><wFilename/></URDFElement></ChildElements><ElementName>material</ElementName><required>false</required><Color z:Ref="i226"/><NameAttribute z:Ref="i225"/><Texture z:Ref="i228"/></URDFElement></ChildElements><ElementName>visual</ElementName><required>false</required><Geometry z:Ref="i221"/><Material z:Ref="i224"/><Origin z:Ref="i218"/></URDFElement><URDFElement z:Id="i230" i:type="Collision"><Attributes/><ChildElements><URDFElement z:Id="i231" i:type="Origin"><Attributes><Attribute z:Id="i232"><AttributeType>xyz</AttributeType><IsRequired>true</IsRequired><Value i:type="a:ArrayOfdouble" xmlns:a="http://schemas.microsoft.com/2003/10/Serialization/Arrays"><a:double>0</a:double><a:double>0</a:double><a:double>0</a:double></Value></Attribute><Attribute z:Id="i233"><AttributeType>rpy</AttributeType><IsRequired>true</IsRequired><Value i:type="a:ArrayOfdouble" xmlns:a="http://schemas.microsoft.com/2003/10/Serialization/Arrays"><a:double>0</a:double><a:double>0</a:double><a:double>0</a:double></Value></Attribute></Attributes><ChildElements/><ElementName>origin</ElementName><required>false</required><RPYAttribute z:Ref="i233"/><XYZAttribute z:Ref="i232"/><isCustomized>false</isCustomized></URDFElement><URDFElement z:Id="i234" i:type="Geometry"><Attributes/><ChildElements><URDFElement z:Id="i235" i:type="Mesh"><Attributes><Attribute z:Id="i236"><AttributeType>filename</AttributeType><IsRequired>true</IsRequired><Value i:nil="true"/></Attribute></Attributes><ChildElements/><ElementName>mesh</ElementName><required>false</required><FilenameAttribute z:Ref="i236"/></URDFElement></ChildElements><ElementName>geometry</ElementName><required>true</required><Mesh z:Ref="i235"/></URDFElement></ChildElements><ElementName>collision</ElementName><required>false</required><Geometry z:Ref="i234"/><Origin z:Ref="i231"/></URDFElement><URDFElement z:Id="i237" i:type="Joint"><Attributes><Attribute z:Id="i238"><AttributeType>name</AttributeType><IsRequired>true</IsRequired><Value i:type="a:string" xmlns:a="http://www.w3.org/2001/XMLSchema">Ballfront_joint</Value></Attribute><Attribute z:Id="i239"><AttributeType>type</AttributeType><IsRequired>true</IsRequired><Value i:type="a:string" xmlns:a="http://www.w3.org/2001/XMLSchema">fixed</Value></Attribute></Attributes><ChildElements><URDFElement z:Id="i240" i:type="Origin"><Attributes><Attribute z:Id="i241"><AttributeType>xyz</AttributeType><IsRequired>true</IsRequired><Value i:type="a:ArrayOfdouble" xmlns:a="http://schemas.microsoft.com/2003/10/Serialization/Arrays"><a:double>0.074595608245668021</a:double><a:double>-0.00018349405514948847</a:double><a:double>-0.00090000000000049069</a:double></Value></Attribute><Attribute z:Id="i242"><AttributeType>rpy</AttributeType><IsRequired>true</IsRequired><Value i:type="a:ArrayOfdouble" xmlns:a="http://schemas.microsoft.com/2003/10/Serialization/Arrays"><a:double>0</a:double><a:double>0</a:double><a:double>0</a:double></Value></Attribute></Attributes><ChildElements/><ElementName>origin</ElementName><required>false</required><RPYAttribute z:Ref="i242"/><XYZAttribute z:Ref="i241"/><isCustomized>false</isCustomized></URDFElement><URDFElement z:Id="i243" i:type="ParentLink"><Attributes><Attribute z:Id="i244"><AttributeType>link</AttributeType><IsRequired>true</IsRequired><Value i:type="a:string" xmlns:a="http://www.w3.org/2001/XMLSchema">base_link</Value></Attribute></Attributes><ChildElements/><ElementName>parent</ElementName><required>true</required><NameAttribute z:Ref="i244"/></URDFElement><URDFElement z:Id="i245" i:type="ChildLink"><Attributes><Attribute z:Id="i246"><AttributeType>link</AttributeType><IsRequired>true</IsRequired><Value i:type="a:string" xmlns:a="http://www.w3.org/2001/XMLSchema">Ball_front</Value></Attribute></Attributes><ChildElements/><ElementName>child</ElementName><required>true</required><NameAttribute z:Ref="i246"/></URDFElement><URDFElement z:Id="i247" i:type="Axis"><Attributes><Attribute z:Id="i248"><AttributeType>xyz</AttributeType><IsRequired>true</IsRequired><Value i:type="a:ArrayOfdouble" xmlns:a="http://schemas.microsoft.com/2003/10/Serialization/Arrays"><a:double>0</a:double><a:double>0</a:double><a:double>0</a:double></Value></Attribute></Attributes><ChildElements/><ElementName>axis</ElementName><required>false</required><XYZAttribute z:Ref="i248"/></URDFElement><URDFElement z:Id="i249" i:type="Limit"><Attributes><Attribute z:Id="i250"><AttributeType>lower</AttributeType><IsRequired>false</IsRequired><Value i:nil="true"/></Attribute><Attribute z:Id="i251"><AttributeType>upper</AttributeType><IsRequired>false</IsRequired><Value i:nil="true"/></Attribute><Attribute z:Id="i252"><AttributeType>effort</AttributeType><IsRequired>true</IsRequired><Value i:nil="true"/></Attribute><Attribute z:Id="i253"><AttributeType>velocity</AttributeType><IsRequired>true</IsRequired><Value i:nil="true"/></Attribute></Attributes><ChildElements/><ElementName>limit</ElementName><required>false</required><EffortAttribute z:Ref="i252"/><LowerAttribute z:Ref="i250"/><UpperAttribute z:Ref="i251"/><VelocityAttribute z:Ref="i253"/></URDFElement><URDFElement z:Id="i254" i:type="Calibration"><Attributes><Attribute z:Id="i255"><AttributeType>rising</AttributeType><IsRequired>false</IsRequired><Value i:nil="true"/></Attribute><Attribute z:Id="i256"><AttributeType>falling</AttributeType><IsRequired>false</IsRequired><Value i:nil="true"/></Attribute></Attributes><ChildElements/><ElementName>calibration</ElementName><required>false</required><FallingAttribute z:Ref="i256"/><RisingAttribute z:Ref="i255"/></URDFElement><URDFElement z:Id="i257" i:type="Dynamics"><Attributes><Attribute z:Id="i258"><AttributeType>damping</AttributeType><IsRequired>false</IsRequired><Value i:nil="true"/></Attribute><Attribute z:Id="i259"><AttributeType>friction</AttributeType><IsRequired>false</IsRequired><Value i:nil="true"/></Attribute></Attributes><ChildElements/><ElementName>dynamics</ElementName><required>false</required><DampingAttribute z:Ref="i258"/><FrictionAttribute z:Ref="i259"/></URDFElement><URDFElement z:Id="i260" i:type="SafetyController"><Attributes><Attribute z:Id="i261"><AttributeType>soft_upper_limit</AttributeType><IsRequired>false</IsRequired><Value i:nil="true"/></Attribute><Attribute z:Id="i262"><AttributeType>soft_lower_limit</AttributeType><IsRequired>false</IsRequired><Value i:nil="true"/></Attribute><Attribute z:Id="i263"><AttributeType>k_position</AttributeType><IsRequired>false</IsRequired><Value i:nil="true"/></Attribute><Attribute z:Id="i264"><AttributeType>k_velocity</AttributeType><IsRequired>true</IsRequired><Value i:nil="true"/></Attribute></Attributes><ChildElements/><ElementName>safety_controller</ElementName><required>false</required><KPositionAttribute z:Ref="i263"/><KVelocityAttribute z:Ref="i264"/><SoftLowerAttribute z:Ref="i262"/><SoftUpperAttribute z:Ref="i261"/></URDFElement><URDFElement z:Id="i265" i:type="Mimic"><Attributes><Attribute z:Id="i266"><AttributeType>joint</AttributeType><IsRequired>true</IsRequired><Value i:nil="true"/></Attribute><Attribute z:Id="i267"><AttributeType>multiplier</AttributeType><IsRequired>false</IsRequired><Value i:nil="true"/></Attribute><Attribute z:Id="i268"><AttributeType>offset</AttributeType><IsRequired>false</IsRequired><Value i:nil="true"/></Attribute></Attributes><ChildElements/><ElementName>mimic</ElementName><required>false</required><JointNameAttribute z:Ref="i266"/><MultiplierAttribute z:Ref="i267"/><OffsetAttribute z:Ref="i268"/></URDFElement></ChildElements><ElementName>joint</ElementName><required>false</required><Axis z:Ref="i247"/><AxisName>Automatically Generate</AxisName><Calibration z:Ref="i254"/><Child z:Ref="i245"/><CoordinateSystemName>Front_origin</CoordinateSystemName><Dynamics z:Ref="i257"/><Limit z:Ref="i249"/><Mimic z:Ref="i265"/><NameAttribute z:Ref="i238"/><Origin z:Ref="i240"/><Parent z:Ref="i243"/><Safety z:Ref="i260"/><TypeAttribute z:Ref="i239"/></URDFElement></ChildElements><ElementName>link</ElementName><required>true</required><Children/><Collision z:Ref="i230"/><Inertial z:Ref="i204"/><Joint z:Ref="i237"/><NameAttribute z:Ref="i203"/><Parent z:Ref="i1"/><STLQualityFine>false</STLQualityFine><SWComponentPIDs xmlns:a="http://schemas.microsoft.com/2003/10/Serialization/Arrays"><a:base64Binary>aEIAAAUAAAD//v8uVwA0ADIAMAAgAFUAbgBpAHYAZQByAHMAYQBsACAAUwB0AGUAZQBsACAAQgBhAGwAbAAgAEMAYQBzAHQAZQByAF8AcABhAHIAdAAtADEAQABhAHMAcwBlAG0AMQAEAAAAEAAAAAEAAAABAAAAxQEAAA==</a:base64Binary><a:base64Binary>aEIAAAUAAAD//v8VVwA0ADIAMABfAHMAcABhAGMAZQByAC0AMQAxAEAAYQBzAHMAZQBtADEABAAAABAAAAABAAAAAQAAAIkBAAA=</a:base64Binary><a:base64Binary>aEIAAAUAAAD//v8VVwA0ADIAMABfAHMAcABhAGMAZQByAC0AMQAyAEAAYQBzAHMAZQBtADEABAAAABAAAAABAAAAAQAAAIwBAAA=</a:base64Binary></SWComponentPIDs><SWMainComponentPID i:nil="true"/><Visual z:Ref="i217"/><isFixedFrame>false</isFixedFrame><isIncomplete>false</isIncomplete></Link><Link z:Id="i269"><Attributes><Attribute z:Id="i270"><AttributeType>name</AttributeType><IsRequired>true</IsRequired><Value i:type="a:string" xmlns:a="http://www.w3.org/2001/XMLSchema">Ball_back_link</Value></Attribute></Attributes><ChildElements><URDFElement z:Id="i271" i:type="Inertial"><Attributes/><ChildElements><URDFElement z:Id="i272" i:type="Origin"><Attributes><Attribute z:Id="i273"><AttributeType>xyz</AttributeType><IsRequired>true</IsRequired><Value i:type="a:ArrayOfdouble" xmlns:a="http://schemas.microsoft.com/2003/10/Serialization/Arrays"><a:double>4.4408920985006262E-16</a:double><a:double>-6.3696315145550519E-06</a:double><a:double>0.0054783181552000987</a:double></Value></Attribute><Attribute z:Id="i274"><AttributeType>rpy</AttributeType><IsRequired>true</IsRequired><Value i:type="a:ArrayOfdouble" xmlns:a="http://schemas.microsoft.com/2003/10/Serialization/Arrays"><a:double>0</a:double><a:double>0</a:double><a:double>0</a:double></Value></Attribute></Attributes><ChildElements/><ElementName>origin</ElementName><required>false</required><RPYAttribute z:Ref="i274"/><XYZAttribute z:Ref="i273"/><isCustomized>false</isCustomized></URDFElement><URDFElement z:Id="i275" i:type="Mass"><Attributes><Attribute z:Id="i276"><AttributeType>value</AttributeType><IsRequired>true</IsRequired><Value i:type="a:double" xmlns:a="http://www.w3.org/2001/XMLSchema">0.0051732918664278808</Value></Attribute></Attributes><ChildElements/><ElementName>mass</ElementName><required>false</required><ValueAttribute z:Ref="i276"/></URDFElement><URDFElement z:Id="i277" i:type="Inertia"><Attributes><Attribute z:Id="i278"><AttributeType>ixx</AttributeType><IsRequired>true</IsRequired><Value i:type="a:double" xmlns:a="http://www.w3.org/2001/XMLSchema">4.8243600128638784E-07</Value></Attribute><Attribute z:Id="i279"><AttributeType>ixy</AttributeType><IsRequired>true</IsRequired><Value i:type="a:double" xmlns:a="http://www.w3.org/2001/XMLSchema">6.8036947997631588E-16</Value></Attribute><Attribute z:Id="i280"><AttributeType>ixz</AttributeType><IsRequired>true</IsRequired><Value i:type="a:double" xmlns:a="http://www.w3.org/2001/XMLSchema">3.0818740879903815E-23</Value></Attribute><Attribute z:Id="i281"><AttributeType>iyy</AttributeType><IsRequired>true</IsRequired><Value i:type="a:double" xmlns:a="http://www.w3.org/2001/XMLSchema">2.1717606375324102E-07</Value></Attribute><Attribute z:Id="i282"><AttributeType>iyz</AttributeType><IsRequired>true</IsRequired><Value i:type="a:double" xmlns:a="http://www.w3.org/2001/XMLSchema">2.5529250701531565E-10</Value></Attribute><Attribute z:Id="i283"><AttributeType>izz</AttributeType><IsRequired>true</IsRequired><Value i:type="a:double" xmlns:a="http://www.w3.org/2001/XMLSchema">5.2863938824963941E-07</Value></Attribute></Attributes><ChildElements/><ElementName>inertia</ElementName><required>false</required><IxxAttribute z:Ref="i278"/><IxyAttribute z:Ref="i279"/><IxzAttribute z:Ref="i280"/><IyyAttribute z:Ref="i281"/><IyzAttribute z:Ref="i282"/><IzzAttribute z:Ref="i283"/></URDFElement></ChildElements><ElementName>inertial</ElementName><required>false</required><Inertia z:Ref="i277"/><Mass z:Ref="i275"/><Origin z:Ref="i272"/></URDFElement><URDFElement z:Id="i284" i:type="Visual"><Attributes/><ChildElements><URDFElement z:Id="i285" i:type="Origin"><Attributes><Attribute z:Id="i286"><AttributeType>xyz</AttributeType><IsRequired>true</IsRequired><Value i:type="a:ArrayOfdouble" xmlns:a="http://schemas.microsoft.com/2003/10/Serialization/Arrays"><a:double>0</a:double><a:double>0</a:double><a:double>0</a:double></Value></Attribute><Attribute z:Id="i287"><AttributeType>rpy</AttributeType><IsRequired>true</IsRequired><Value i:type="a:ArrayOfdouble" xmlns:a="http://schemas.microsoft.com/2003/10/Serialization/Arrays"><a:double>0</a:double><a:double>0</a:double><a:double>0</a:double></Value></Attribute></Attributes><ChildElements/><ElementName>origin</ElementName><required>false</required><RPYAttribute z:Ref="i287"/><XYZAttribute z:Ref="i286"/><isCustomized>false</isCustomized></URDFElement><URDFElement z:Id="i288" i:type="Geometry"><Attributes/><ChildElements><URDFElement z:Id="i289" i:type="Mesh"><Attributes><Attribute z:Id="i290"><AttributeType>filename</AttributeType><IsRequired>true</IsRequired><Value i:nil="true"/></Attribute></Attributes><ChildElements/><ElementName>mesh</ElementName><required>false</required><FilenameAttribute z:Ref="i290"/></URDFElement></ChildElements><ElementName>geometry</ElementName><required>true</required><Mesh z:Ref="i289"/></URDFElement><URDFElement z:Id="i291" i:type="Material"><Attributes><Attribute z:Id="i292"><AttributeType>name</AttributeType><IsRequired>true</IsRequired><Value i:type="a:string" xmlns:a="http://www.w3.org/2001/XMLSchema"/></Attribute></Attributes><ChildElements><URDFElement z:Id="i293" i:type="Color"><Attributes><Attribute z:Id="i294"><AttributeType>rgba</AttributeType><IsRequired>true</IsRequired><Value i:type="a:ArrayOfdouble" xmlns:a="http://schemas.microsoft.com/2003/10/Serialization/Arrays"><a:double>0.792156862745098</a:double><a:double>0.81960784313725488</a:double><a:double>0.93333333333333335</a:double><a:double>1</a:double></Value></Attribute></Attributes><ChildElements/><ElementName>color</ElementName><required>false</required><RGBAAttribute z:Ref="i294"/></URDFElement><URDFElement z:Id="i295" i:type="Texture"><Attributes><Attribute z:Id="i296"><AttributeType>filename</AttributeType><IsRequired>true</IsRequired><Value i:nil="true"/></Attribute></Attributes><ChildElements/><ElementName>texture</ElementName><required>false</required><FilenameAttribute z:Ref="i296"/><wFilename/></URDFElement></ChildElements><ElementName>material</ElementName><required>false</required><Color z:Ref="i293"/><NameAttribute z:Ref="i292"/><Texture z:Ref="i295"/></URDFElement></ChildElements><ElementName>visual</ElementName><required>false</required><Geometry z:Ref="i288"/><Material z:Ref="i291"/><Origin z:Ref="i285"/></URDFElement><URDFElement z:Id="i297" i:type="Collision"><Attributes/><ChildElements><URDFElement z:Id="i298" i:type="Origin"><Attributes><Attribute z:Id="i299"><AttributeType>xyz</AttributeType><IsRequired>true</IsRequired><Value i:type="a:ArrayOfdouble" xmlns:a="http://schemas.microsoft.com/2003/10/Serialization/Arrays"><a:double>0</a:double><a:double>0</a:double><a:double>0</a:double></Value></Attribute><Attribute z:Id="i300"><AttributeType>rpy</AttributeType><IsRequired>true</IsRequired><Value i:type="a:ArrayOfdouble" xmlns:a="http://schemas.microsoft.com/2003/10/Serialization/Arrays"><a:double>0</a:double><a:double>0</a:double><a:double>0</a:double></Value></Attribute></Attributes><ChildElements/><ElementName>origin</ElementName><required>false</required><RPYAttribute z:Ref="i300"/><XYZAttribute z:Ref="i299"/><isCustomized>false</isCustomized></URDFElement><URDFElement z:Id="i301" i:type="Geometry"><Attributes/><ChildElements><URDFElement z:Id="i302" i:type="Mesh"><Attributes><Attribute z:Id="i303"><AttributeType>filename</AttributeType><IsRequired>true</IsRequired><Value i:nil="true"/></Attribute></Attributes><ChildElements/><ElementName>mesh</ElementName><required>false</required><FilenameAttribute z:Ref="i303"/></URDFElement></ChildElements><ElementName>geometry</ElementName><required>true</required><Mesh z:Ref="i302"/></URDFElement></ChildElements><ElementName>collision</ElementName><required>false</required><Geometry z:Ref="i301"/><Origin z:Ref="i298"/></URDFElement><URDFElement z:Id="i304" i:type="Joint"><Attributes><Attribute z:Id="i305"><AttributeType>name</AttributeType><IsRequired>true</IsRequired><Value i:type="a:string" xmlns:a="http://www.w3.org/2001/XMLSchema">Ballback_joint</Value></Attribute><Attribute z:Id="i306"><AttributeType>type</AttributeType><IsRequired>true</IsRequired><Value i:type="a:string" xmlns:a="http://www.w3.org/2001/XMLSchema">fixed</Value></Attribute></Attributes><ChildElements><URDFElement z:Id="i307" i:type="Origin"><Attributes><Attribute z:Id="i308"><AttributeType>xyz</AttributeType><IsRequired>true</IsRequired><Value i:type="a:ArrayOfdouble" xmlns:a="http://schemas.microsoft.com/2003/10/Serialization/Arrays"><a:double>-0.07540439175433207</a:double><a:double>-0.00018349405514943296</a:double><a:double>-0.00090000000000049069</a:double></Value></Attribute><Attribute z:Id="i309"><AttributeType>rpy</AttributeType><IsRequired>true</IsRequired><Value i:type="a:ArrayOfdouble" xmlns:a="http://schemas.microsoft.com/2003/10/Serialization/Arrays"><a:double>0</a:double><a:double>0</a:double><a:double>0</a:double></Value></Attribute></Attributes><ChildElements/><ElementName>origin</ElementName><required>false</required><RPYAttribute z:Ref="i309"/><XYZAttribute z:Ref="i308"/><isCustomized>false</isCustomized></URDFElement><URDFElement z:Id="i310" i:type="ParentLink"><Attributes><Attribute z:Id="i311"><AttributeType>link</AttributeType><IsRequired>true</IsRequired><Value i:type="a:string" xmlns:a="http://www.w3.org/2001/XMLSchema">base_link</Value></Attribute></Attributes><ChildElements/><ElementName>parent</ElementName><required>true</required><NameAttribute z:Ref="i311"/></URDFElement><URDFElement z:Id="i312" i:type="ChildLink"><Attributes><Attribute z:Id="i313"><AttributeType>link</AttributeType><IsRequired>true</IsRequired><Value i:type="a:string" xmlns:a="http://www.w3.org/2001/XMLSchema">Ball_back</Value></Attribute></Attributes><ChildElements/><ElementName>child</ElementName><required>true</required><NameAttribute z:Ref="i313"/></URDFElement><URDFElement z:Id="i314" i:type="Axis"><Attributes><Attribute z:Id="i315"><AttributeType>xyz</AttributeType><IsRequired>true</IsRequired><Value i:type="a:ArrayOfdouble" xmlns:a="http://schemas.microsoft.com/2003/10/Serialization/Arrays"><a:double>0</a:double><a:double>0</a:double><a:double>0</a:double></Value></Attribute></Attributes><ChildElements/><ElementName>axis</ElementName><required>false</required><XYZAttribute z:Ref="i315"/></URDFElement><URDFElement z:Id="i316" i:type="Limit"><Attributes><Attribute z:Id="i317"><AttributeType>lower</AttributeType><IsRequired>false</IsRequired><Value i:nil="true"/></Attribute><Attribute z:Id="i318"><AttributeType>upper</AttributeType><IsRequired>false</IsRequired><Value i:nil="true"/></Attribute><Attribute z:Id="i319"><AttributeType>effort</AttributeType><IsRequired>true</IsRequired><Value i:nil="true"/></Attribute><Attribute z:Id="i320"><AttributeType>velocity</AttributeType><IsRequired>true</IsRequired><Value i:nil="true"/></Attribute></Attributes><ChildElements/><ElementName>limit</ElementName><required>false</required><EffortAttribute z:Ref="i319"/><LowerAttribute z:Ref="i317"/><UpperAttribute z:Ref="i318"/><VelocityAttribute z:Ref="i320"/></URDFElement><URDFElement z:Id="i321" i:type="Calibration"><Attributes><Attribute z:Id="i322"><AttributeType>rising</AttributeType><IsRequired>false</IsRequired><Value i:nil="true"/></Attribute><Attribute z:Id="i323"><AttributeType>falling</AttributeType><IsRequired>false</IsRequired><Value i:nil="true"/></Attribute></Attributes><ChildElements/><ElementName>calibration</ElementName><required>false</required><FallingAttribute z:Ref="i323"/><RisingAttribute z:Ref="i322"/></URDFElement><URDFElement z:Id="i324" i:type="Dynamics"><Attributes><Attribute z:Id="i325"><AttributeType>damping</AttributeType><IsRequired>false</IsRequired><Value i:nil="true"/></Attribute><Attribute z:Id="i326"><AttributeType>friction</AttributeType><IsRequired>false</IsRequired><Value i:nil="true"/></Attribute></Attributes><ChildElements/><ElementName>dynamics</ElementName><required>false</required><DampingAttribute z:Ref="i325"/><FrictionAttribute z:Ref="i326"/></URDFElement><URDFElement z:Id="i327" i:type="SafetyController"><Attributes><Attribute z:Id="i328"><AttributeType>soft_upper_limit</AttributeType><IsRequired>false</IsRequired><Value i:nil="true"/></Attribute><Attribute z:Id="i329"><AttributeType>soft_lower_limit</AttributeType><IsRequired>false</IsRequired><Value i:nil="true"/></Attribute><Attribute z:Id="i330"><AttributeType>k_position</AttributeType><IsRequired>false</IsRequired><Value i:nil="true"/></Attribute><Attribute z:Id="i331"><AttributeType>k_velocity</AttributeType><IsRequired>true</IsRequired><Value i:nil="true"/></Attribute></Attributes><ChildElements/><ElementName>safety_controller</ElementName><required>false</required><KPositionAttribute z:Ref="i330"/><KVelocityAttribute z:Ref="i331"/><SoftLowerAttribute z:Ref="i329"/><SoftUpperAttribute z:Ref="i328"/></URDFElement><URDFElement z:Id="i332" i:type="Mimic"><Attributes><Attribute z:Id="i333"><AttributeType>joint</AttributeType><IsRequired>true</IsRequired><Value i:nil="true"/></Attribute><Attribute z:Id="i334"><AttributeType>multiplier</AttributeType><IsRequired>false</IsRequired><Value i:nil="true"/></Attribute><Attribute z:Id="i335"><AttributeType>offset</AttributeType><IsRequired>false</IsRequired><Value i:nil="true"/></Attribute></Attributes><ChildElements/><ElementName>mimic</ElementName><required>false</required><JointNameAttribute z:Ref="i333"/><MultiplierAttribute z:Ref="i334"/><OffsetAttribute z:Ref="i335"/></URDFElement></ChildElements><ElementName>joint</ElementName><required>false</required><Axis z:Ref="i314"/><AxisName>Automatically Generate</AxisName><Calibration z:Ref="i321"/><Child z:Ref="i312"/><CoordinateSystemName>Back_origin</CoordinateSystemName><Dynamics z:Ref="i324"/><Limit z:Ref="i316"/><Mimic z:Ref="i332"/><NameAttribute z:Ref="i305"/><Origin z:Ref="i307"/><Parent z:Ref="i310"/><Safety z:Ref="i327"/><TypeAttribute z:Ref="i306"/></URDFElement></ChildElements><ElementName>link</ElementName><required>true</required><Children/><Collision z:Ref="i297"/><Inertial z:Ref="i271"/><Joint z:Ref="i304"/><NameAttribute z:Ref="i270"/><Parent z:Ref="i1"/><STLQualityFine>false</STLQualityFine><SWComponentPIDs xmlns:a="http://schemas.microsoft.com/2003/10/Serialization/Arrays"><a:base64Binary>aEIAAAUAAAD//v8uVwA0ADIAMAAgAFUAbgBpAHYAZQByAHMAYQBsACAAUwB0AGUAZQBsACAAQgBhAGwAbAAgAEMAYQBzAHQAZQByAF8AcABhAHIAdAAtADIAQABhAHMAcwBlAG0AMQAEAAAAEAAAAAEAAAABAAAA1AEAAA==</a:base64Binary><a:base64Binary>aEIAAAUAAAD//v8VVwA0ADIAMABfAHMAcABhAGMAZQByAC0AMQAzAEAAYQBzAHMAZQBtADEABAAAABAAAAABAAAAAQAAALABAAA=</a:base64Binary><a:base64Binary>aEIAAAUAAAD//v8VVwA0ADIAMABfAHMAcABhAGMAZQByAC0AMQA0AEAAYQBzAHMAZQBtADEABAAAABAAAAABAAAAAQAAALMBAAA=</a:base64Binary></SWComponentPIDs><SWMainComponentPID i:nil="true"/><Visual z:Ref="i284"/><isFixedFrame>false</isFixedFrame><isIncomplete>false</isIncomplete></Link><Link z:Id="i336"><Attributes><Attribute z:Id="i337"><AttributeType>name</AttributeType><IsRequired>true</IsRequired><Value i:type="a:string" xmlns:a="http://www.w3.org/2001/XMLSchema">Lidar_link</Value></Attribute></Attributes><ChildElements><URDFElement z:Id="i338" i:type="Inertial"><Attributes/><ChildElements><URDFElement z:Id="i339" i:type="Origin"><Attributes><Attribute z:Id="i340"><AttributeType>xyz</AttributeType><IsRequired>true</IsRequired><Value i:type="a:ArrayOfdouble" xmlns:a="http://schemas.microsoft.com/2003/10/Serialization/Arrays"><a:double>0.014841507975136892</a:double><a:double>0.00032514886472106985</a:double><a:double>-0.021153620814164303</a:double></Value></Attribute><Attribute z:Id="i341"><AttributeType>rpy</AttributeType><IsRequired>true</IsRequired><Value i:type="a:ArrayOfdouble" xmlns:a="http://schemas.microsoft.com/2003/10/Serialization/Arrays"><a:double>0</a:double><a:double>0</a:double><a:double>0</a:double></Value></Attribute></Attributes><ChildElements/><ElementName>origin</ElementName><required>false</required><RPYAttribute z:Ref="i341"/><XYZAttribute z:Ref="i340"/><isCustomized>false</isCustomized></URDFElement><URDFElement z:Id="i342" i:type="Mass"><Attributes><Attribute z:Id="i343"><AttributeType>value</AttributeType><IsRequired>true</IsRequired><Value i:type="a:double" xmlns:a="http://www.w3.org/2001/XMLSchema">0.031240912686132945</Value></Attribute></Attributes><ChildElements/><ElementName>mass</ElementName><required>false</required><ValueAttribute z:Ref="i343"/></URDFElement><URDFElement z:Id="i344" i:type="Inertia"><Attributes><Attribute z:Id="i345"><AttributeType>ixx</AttributeType><IsRequired>true</IsRequired><Value i:type="a:double" xmlns:a="http://www.w3.org/2001/XMLSchema">8.8777123437312462E-06</Value></Attribute><Attribute z:Id="i346"><AttributeType>ixy</AttributeType><IsRequired>true</IsRequired><Value i:type="a:double" xmlns:a="http://www.w3.org/2001/XMLSchema">-1.3131458506388292E-07</Value></Attribute><Attribute z:Id="i347"><AttributeType>ixz</AttributeType><IsRequired>true</IsRequired><Value i:type="a:double" xmlns:a="http://www.w3.org/2001/XMLSchema">1.1330956162686753E-07</Value></Attribute><Attribute z:Id="i348"><AttributeType>iyy</AttributeType><IsRequired>true</IsRequired><Value i:type="a:double" xmlns:a="http://www.w3.org/2001/XMLSchema">1.4493553041837992E-05</Value></Attribute><Attribute z:Id="i349"><AttributeType>iyz</AttributeType><IsRequired>true</IsRequired><Value i:type="a:double" xmlns:a="http://www.w3.org/2001/XMLSchema">3.3673144047220935E-08</Value></Attribute><Attribute z:Id="i350"><AttributeType>izz</AttributeType><IsRequired>true</IsRequired><Value i:type="a:double" xmlns:a="http://www.w3.org/2001/XMLSchema">2.2528909807592927E-05</Value></Attribute></Attributes><ChildElements/><ElementName>inertia</ElementName><required>false</required><IxxAttribute z:Ref="i345"/><IxyAttribute z:Ref="i346"/><IxzAttribute z:Ref="i347"/><IyyAttribute z:Ref="i348"/><IyzAttribute z:Ref="i349"/><IzzAttribute z:Ref="i350"/></URDFElement></ChildElements><ElementName>inertial</ElementName><required>false</required><Inertia z:Ref="i344"/><Mass z:Ref="i342"/><Origin z:Ref="i339"/></URDFElement><URDFElement z:Id="i351" i:type="Visual"><Attributes/><ChildElements><URDFElement z:Id="i352" i:type="Origin"><Attributes><Attribute z:Id="i353"><AttributeType>xyz</AttributeType><IsRequired>true</IsRequired><Value i:type="a:ArrayOfdouble" xmlns:a="http://schemas.microsoft.com/2003/10/Serialization/Arrays"><a:double>0</a:double><a:double>0</a:double><a:double>0</a:double></Value></Attribute><Attribute z:Id="i354"><AttributeType>rpy</AttributeType><IsRequired>true</IsRequired><Value i:type="a:ArrayOfdouble" xmlns:a="http://schemas.microsoft.com/2003/10/Serialization/Arrays"><a:double>0</a:double><a:double>0</a:double><a:double>0</a:double></Value></Attribute></Attributes><ChildElements/><ElementName>origin</ElementName><required>false</required><RPYAttribute z:Ref="i354"/><XYZAttribute z:Ref="i353"/><isCustomized>false</isCustomized></URDFElement><URDFElement z:Id="i355" i:type="Geometry"><Attributes/><ChildElements><URDFElement z:Id="i356" i:type="Mesh"><Attributes><Attribute z:Id="i357"><AttributeType>filename</AttributeType><IsRequired>true</IsRequired><Value i:nil="true"/></Attribute></Attributes><ChildElements/><ElementName>mesh</ElementName><required>false</required><FilenameAttribute z:Ref="i357"/></URDFElement></ChildElements><ElementName>geometry</ElementName><required>true</required><Mesh z:Ref="i356"/></URDFElement><URDFElement z:Id="i358" i:type="Material"><Attributes><Attribute z:Id="i359"><AttributeType>name</AttributeType><IsRequired>true</IsRequired><Value i:type="a:string" xmlns:a="http://www.w3.org/2001/XMLSchema"/></Attribute></Attributes><ChildElements><URDFElement z:Id="i360" i:type="Color"><Attributes><Attribute z:Id="i361"><AttributeType>rgba</AttributeType><IsRequired>true</IsRequired><Value i:type="a:ArrayOfdouble" xmlns:a="http://schemas.microsoft.com/2003/10/Serialization/Arrays"><a:double>0.792156862745098</a:double><a:double>0.81960784313725488</a:double><a:double>0.93333333333333335</a:double><a:double>1</a:double></Value></Attribute></Attributes><ChildElements/><ElementName>color</ElementName><required>false</required><RGBAAttribute z:Ref="i361"/></URDFElement><URDFElement z:Id="i362" i:type="Texture"><Attributes><Attribute z:Id="i363"><AttributeType>filename</AttributeType><IsRequired>true</IsRequired><Value i:nil="true"/></Attribute></Attributes><ChildElements/><ElementName>texture</ElementName><required>false</required><FilenameAttribute z:Ref="i363"/><wFilename/></URDFElement></ChildElements><ElementName>material</ElementName><required>false</required><Color z:Ref="i360"/><NameAttribute z:Ref="i359"/><Texture z:Ref="i362"/></URDFElement></ChildElements><ElementName>visual</ElementName><required>false</required><Geometry z:Ref="i355"/><Material z:Ref="i358"/><Origin z:Ref="i352"/></URDFElement><URDFElement z:Id="i364" i:type="Collision"><Attributes/><ChildElements><URDFElement z:Id="i365" i:type="Origin"><Attributes><Attribute z:Id="i366"><AttributeType>xyz</AttributeType><IsRequired>true</IsRequired><Value i:type="a:ArrayOfdouble" xmlns:a="http://schemas.microsoft.com/2003/10/Serialization/Arrays"><a:double>0</a:double><a:double>0</a:double><a:double>0</a:double></Value></Attribute><Attribute z:Id="i367"><AttributeType>rpy</AttributeType><IsRequired>true</IsRequired><Value i:type="a:ArrayOfdouble" xmlns:a="http://schemas.microsoft.com/2003/10/Serialization/Arrays"><a:double>0</a:double><a:double>0</a:double><a:double>0</a:double></Value></Attribute></Attributes><ChildElements/><ElementName>origin</ElementName><required>false</required><RPYAttribute z:Ref="i367"/><XYZAttribute z:Ref="i366"/><isCustomized>false</isCustomized></URDFElement><URDFElement z:Id="i368" i:type="Geometry"><Attributes/><ChildElements><URDFElement z:Id="i369" i:type="Mesh"><Attributes><Attribute z:Id="i370"><AttributeType>filename</AttributeType><IsRequired>true</IsRequired><Value i:nil="true"/></Attribute></Attributes><ChildElements/><ElementName>mesh</ElementName><required>false</required><FilenameAttribute z:Ref="i370"/></URDFElement></ChildElements><ElementName>geometry</ElementName><required>true</required><Mesh z:Ref="i369"/></URDFElement></ChildElements><ElementName>collision</ElementName><required>false</required><Geometry z:Ref="i368"/><Origin z:Ref="i365"/></URDFElement><URDFElement z:Id="i371" i:type="Joint"><Attributes><Attribute z:Id="i372"><AttributeType>name</AttributeType><IsRequired>true</IsRequired><Value i:type="a:string" xmlns:a="http://www.w3.org/2001/XMLSchema">Lidar_joint</Value></Attribute><Attribute z:Id="i373"><AttributeType>type</AttributeType><IsRequired>true</IsRequired><Value i:type="a:string" xmlns:a="http://www.w3.org/2001/XMLSchema">continuous</Value></Attribute></Attributes><ChildElements><URDFElement z:Id="i374" i:type="Origin"><Attributes><Attribute z:Id="i375"><AttributeType>xyz</AttributeType><IsRequired>true</IsRequired><Value i:type="a:ArrayOfdouble" xmlns:a="http://schemas.microsoft.com/2003/10/Serialization/Arrays"><a:double>-0.0068640499973873781</a:double><a:double>-0.00013029331516768022</a:double><a:double>0.1721</a:double></Value></Attribute><Attribute z:Id="i376"><AttributeType>rpy</AttributeType><IsRequired>true</IsRequired><Value i:type="a:ArrayOfdouble" xmlns:a="http://schemas.microsoft.com/2003/10/Serialization/Arrays"><a:double>0</a:double><a:double>0</a:double><a:double>0</a:double></Value></Attribute></Attributes><ChildElements/><ElementName>origin</ElementName><required>false</required><RPYAttribute z:Ref="i376"/><XYZAttribute z:Ref="i375"/><isCustomized>false</isCustomized></URDFElement><URDFElement z:Id="i377" i:type="ParentLink"><Attributes><Attribute z:Id="i378"><AttributeType>link</AttributeType><IsRequired>true</IsRequired><Value i:type="a:string" xmlns:a="http://www.w3.org/2001/XMLSchema">base_link</Value></Attribute></Attributes><ChildElements/><ElementName>parent</ElementName><required>true</required><NameAttribute z:Ref="i378"/></URDFElement><URDFElement z:Id="i379" i:type="ChildLink"><Attributes><Attribute z:Id="i380"><AttributeType>link</AttributeType><IsRequired>true</IsRequired><Value i:type="a:string" xmlns:a="http://www.w3.org/2001/XMLSchema">Lidar</Value></Attribute></Attributes><ChildElements/><ElementName>child</ElementName><required>true</required><NameAttribute z:Ref="i380"/></URDFElement><URDFElement z:Id="i381" i:type="Axis"><Attributes><Attribute z:Id="i382"><AttributeType>xyz</AttributeType><IsRequired>true</IsRequired><Value i:type="a:ArrayOfdouble" xmlns:a="http://schemas.microsoft.com/2003/10/Serialization/Arrays"><a:double>0</a:double><a:double>0</a:double><a:double>1</a:double></Value></Attribute></Attributes><ChildElements/><ElementName>axis</ElementName><required>false</required><XYZAttribute z:Ref="i382"/></URDFElement><URDFElement z:Id="i383" i:type="Limit"><Attributes><Attribute z:Id="i384"><AttributeType>lower</AttributeType><IsRequired>false</IsRequired><Value i:nil="true"/></Attribute><Attribute z:Id="i385"><AttributeType>upper</AttributeType><IsRequired>false</IsRequired><Value i:nil="true"/></Attribute><Attribute z:Id="i386"><AttributeType>effort</AttributeType><IsRequired>true</IsRequired><Value i:nil="true"/></Attribute><Attribute z:Id="i387"><AttributeType>velocity</AttributeType><IsRequired>true</IsRequired><Value i:nil="true"/></Attribute></Attributes><ChildElements/><ElementName>limit</ElementName><required>false</required><EffortAttribute z:Ref="i386"/><LowerAttribute z:Ref="i384"/><UpperAttribute z:Ref="i385"/><VelocityAttribute z:Ref="i387"/></URDFElement><URDFElement z:Id="i388" i:type="Calibration"><Attributes><Attribute z:Id="i389"><AttributeType>rising</AttributeType><IsRequired>false</IsRequired><Value i:nil="true"/></Attribute><Attribute z:Id="i390"><AttributeType>falling</AttributeType><IsRequired>false</IsRequired><Value i:nil="true"/></Attribute></Attributes><ChildElements/><ElementName>calibration</ElementName><required>false</required><FallingAttribute z:Ref="i390"/><RisingAttribute z:Ref="i389"/></URDFElement><URDFElement z:Id="i391" i:type="Dynamics"><Attributes><Attribute z:Id="i392"><AttributeType>damping</AttributeType><IsRequired>false</IsRequired><Value i:nil="true"/></Attribute><Attribute z:Id="i393"><AttributeType>friction</AttributeType><IsRequired>false</IsRequired><Value i:nil="true"/></Attribute></Attributes><ChildElements/><ElementName>dynamics</ElementName><required>false</required><DampingAttribute z:Ref="i392"/><FrictionAttribute z:Ref="i393"/></URDFElement><URDFElement z:Id="i394" i:type="SafetyController"><Attributes><Attribute z:Id="i395"><AttributeType>soft_upper_limit</AttributeType><IsRequired>false</IsRequired><Value i:nil="true"/></Attribute><Attribute z:Id="i396"><AttributeType>soft_lower_limit</AttributeType><IsRequired>false</IsRequired><Value i:nil="true"/></Attribute><Attribute z:Id="i397"><AttributeType>k_position</AttributeType><IsRequired>false</IsRequired><Value i:nil="true"/></Attribute><Attribute z:Id="i398"><AttributeType>k_velocity</AttributeType><IsRequired>true</IsRequired><Value i:nil="true"/></Attribute></Attributes><ChildElements/><ElementName>safety_controller</ElementName><required>false</required><KPositionAttribute z:Ref="i397"/><KVelocityAttribute z:Ref="i398"/><SoftLowerAttribute z:Ref="i396"/><SoftUpperAttribute z:Ref="i395"/></URDFElement><URDFElement z:Id="i399" i:type="Mimic"><Attributes><Attribute z:Id="i400"><AttributeType>joint</AttributeType><IsRequired>true</IsRequired><Value i:nil="true"/></Attribute><Attribute z:Id="i401"><AttributeType>multiplier</AttributeType><IsRequired>false</IsRequired><Value i:nil="true"/></Attribute><Attribute z:Id="i402"><AttributeType>offset</AttributeType><IsRequired>false</IsRequired><Value i:nil="true"/></Attribute></Attributes><ChildElements/><ElementName>mimic</ElementName><required>false</required><JointNameAttribute z:Ref="i400"/><MultiplierAttribute z:Ref="i401"/><OffsetAttribute z:Ref="i402"/></URDFElement></ChildElements><ElementName>joint</ElementName><required>false</required><Axis z:Ref="i381"/><AxisName>lidar_axis</AxisName><Calibration z:Ref="i388"/><Child z:Ref="i379"/><CoordinateSystemName>lidar_origin</CoordinateSystemName><Dynamics z:Ref="i391"/><Limit z:Ref="i383"/><Mimic z:Ref="i399"/><NameAttribute z:Ref="i372"/><Origin z:Ref="i374"/><Parent z:Ref="i377"/><Safety z:Ref="i394"/><TypeAttribute z:Ref="i373"/></URDFElement></ChildElements><ElementName>link</ElementName><required>true</required><Children/><Collision z:Ref="i364"/><Inertial z:Ref="i338"/><Joint z:Ref="i371"/><NameAttribute z:Ref="i337"/><Parent z:Ref="i1"/><STLQualityFine>false</STLQualityFine><SWComponentPIDs xmlns:a="http://schemas.microsoft.com/2003/10/Serialization/Arrays"><a:base64Binary>aEIAAAUAAAD//v8WWAAzAF8ATABpAGQAYQByAF8AcABhAHIAdAAtADEAQABhAHMAcwBlAG0AMQAEAAAAEAAAAAEAAAABAAAAAAIAAA==</a:base64Binary></SWComponentPIDs><SWMainComponentPID i:nil="true"/><Visual z:Ref="i351"/><isFixedFrame>false</isFixedFrame><isIncomplete>false</isIncomplete></Link><Link z:Id="i403"><Attributes><Attribute z:Id="i404"><AttributeType>name</AttributeType><IsRequired>true</IsRequired><Value i:type="a:string" xmlns:a="http://www.w3.org/2001/XMLSchema">imu_link</Value></Attribute></Attributes><ChildElements><URDFElement z:Id="i405" i:type="Inertial"><Attributes/><ChildElements><URDFElement z:Id="i406" i:type="Origin"><Attributes><Attribute z:Id="i407"><AttributeType>xyz</AttributeType><IsRequired>true</IsRequired><Value i:type="a:ArrayOfdouble" xmlns:a="http://schemas.microsoft.com/2003/10/Serialization/Arrays"><a:double>-0.0023881254577059249</a:double><a:double>-0.00015720661935611849</a:double><a:double>-0.0022906513677181523</a:double></Value></Attribute><Attribute z:Id="i408"><AttributeType>rpy</AttributeType><IsRequired>true</IsRequired><Value i:type="a:ArrayOfdouble" xmlns:a="http://schemas.microsoft.com/2003/10/Serialization/Arrays"><a:double>0</a:double><a:double>0</a:double><a:double>0</a:double></Value></Attribute></Attributes><ChildElements/><ElementName>origin</ElementName><required>false</required><RPYAttribute z:Ref="i408"/><XYZAttribute z:Ref="i407"/><isCustomized>false</isCustomized></URDFElement><URDFElement z:Id="i409" i:type="Mass"><Attributes><Attribute z:Id="i410"><AttributeType>value</AttributeType><IsRequired>true</IsRequired><Value i:type="a:double" xmlns:a="http://www.w3.org/2001/XMLSchema">0.00067387693895371633</Value></Attribute></Attributes><ChildElements/><ElementName>mass</ElementName><required>false</required><ValueAttribute z:Ref="i410"/></URDFElement><URDFElement z:Id="i411" i:type="Inertia"><Attributes><Attribute z:Id="i412"><AttributeType>ixx</AttributeType><IsRequired>true</IsRequired><Value i:type="a:double" xmlns:a="http://www.w3.org/2001/XMLSchema">2.192972647974984E-08</Value></Attribute><Attribute z:Id="i413"><AttributeType>ixy</AttributeType><IsRequired>true</IsRequired><Value i:type="a:double" xmlns:a="http://www.w3.org/2001/XMLSchema">-2.8297776906535545E-14</Value></Attribute><Attribute z:Id="i414"><AttributeType>ixz</AttributeType><IsRequired>true</IsRequired><Value i:type="a:double" xmlns:a="http://www.w3.org/2001/XMLSchema">-2.6953030967516435E-14</Value></Attribute><Attribute z:Id="i415"><AttributeType>iyy</AttributeType><IsRequired>true</IsRequired><Value i:type="a:double" xmlns:a="http://www.w3.org/2001/XMLSchema">9.3345918426693768E-09</Value></Attribute><Attribute z:Id="i416"><AttributeType>iyz</AttributeType><IsRequired>true</IsRequired><Value i:type="a:double" xmlns:a="http://www.w3.org/2001/XMLSchema">-1.1632652646648228E-14</Value></Attribute><Attribute z:Id="i417"><AttributeType>izz</AttributeType><IsRequired>true</IsRequired><Value i:type="a:double" xmlns:a="http://www.w3.org/2001/XMLSchema">2.9883497839707469E-08</Value></Attribute></Attributes><ChildElements/><ElementName>inertia</ElementName><required>false</required><IxxAttribute z:Ref="i412"/><IxyAttribute z:Ref="i413"/><IxzAttribute z:Ref="i414"/><IyyAttribute z:Ref="i415"/><IyzAttribute z:Ref="i416"/><IzzAttribute z:Ref="i417"/></URDFElement></ChildElements><ElementName>inertial</ElementName><required>false</required><Inertia z:Ref="i411"/><Mass z:Ref="i409"/><Origin z:Ref="i406"/></URDFElement><URDFElement z:Id="i418" i:type="Visual"><Attributes/><ChildElements><URDFElement z:Id="i419" i:type="Origin"><Attributes><Attribute z:Id="i420"><AttributeType>xyz</AttributeType><IsRequired>true</IsRequired><Value i:type="a:ArrayOfdouble" xmlns:a="http://schemas.microsoft.com/2003/10/Serialization/Arrays"><a:double>0</a:double><a:double>0</a:double><a:double>0</a:double></Value></Attribute><Attribute z:Id="i421"><AttributeType>rpy</AttributeType><IsRequired>true</IsRequired><Value i:type="a:ArrayOfdouble" xmlns:a="http://schemas.microsoft.com/2003/10/Serialization/Arrays"><a:double>0</a:double><a:double>0</a:double><a:double>0</a:double></Value></Attribute></Attributes><ChildElements/><ElementName>origin</ElementName><required>false</required><RPYAttribute z:Ref="i421"/><XYZAttribute z:Ref="i420"/><isCustomized>false</isCustomized></URDFElement><URDFElement z:Id="i422" i:type="Geometry"><Attributes/><ChildElements><URDFElement z:Id="i423" i:type="Mesh"><Attributes><Attribute z:Id="i424"><AttributeType>filename</AttributeType><IsRequired>true</IsRequired><Value i:nil="true"/></Attribute></Attributes><ChildElements/><ElementName>mesh</ElementName><required>false</required><FilenameAttribute z:Ref="i424"/></URDFElement></ChildElements><ElementName>geometry</ElementName><required>true</required><Mesh z:Ref="i423"/></URDFElement><URDFElement z:Id="i425" i:type="Material"><Attributes><Attribute z:Id="i426"><AttributeType>name</AttributeType><IsRequired>true</IsRequired><Value i:type="a:string" xmlns:a="http://www.w3.org/2001/XMLSchema"/></Attribute></Attributes><ChildElements><URDFElement z:Id="i427" i:type="Color"><Attributes><Attribute z:Id="i428"><AttributeType>rgba</AttributeType><IsRequired>true</IsRequired><Value i:type="a:ArrayOfdouble" xmlns:a="http://schemas.microsoft.com/2003/10/Serialization/Arrays"><a:double>0.792156862745098</a:double><a:double>0.81960784313725488</a:double><a:double>0.93333333333333335</a:double><a:double>1</a:double></Value></Attribute></Attributes><ChildElements/><ElementName>color</ElementName><required>false</required><RGBAAttribute z:Ref="i428"/></URDFElement><URDFElement z:Id="i429" i:type="Texture"><Attributes><Attribute z:Id="i430"><AttributeType>filename</AttributeType><IsRequired>true</IsRequired><Value i:nil="true"/></Attribute></Attributes><ChildElements/><ElementName>texture</ElementName><required>false</required><FilenameAttribute z:Ref="i430"/><wFilename/></URDFElement></ChildElements><ElementName>material</ElementName><required>false</required><Color z:Ref="i427"/><NameAttribute z:Ref="i426"/><Texture z:Ref="i429"/></URDFElement></ChildElements><ElementName>visual</ElementName><required>false</required><Geometry z:Ref="i422"/><Material z:Ref="i425"/><Origin z:Ref="i419"/></URDFElement><URDFElement z:Id="i431" i:type="Collision"><Attributes/><ChildElements><URDFElement z:Id="i432" i:type="Origin"><Attributes><Attribute z:Id="i433"><AttributeType>xyz</AttributeType><IsRequired>true</IsRequired><Value i:type="a:ArrayOfdouble" xmlns:a="http://schemas.microsoft.com/2003/10/Serialization/Arrays"><a:double>0</a:double><a:double>0</a:double><a:double>0</a:double></Value></Attribute><Attribute z:Id="i434"><AttributeType>rpy</AttributeType><IsRequired>true</IsRequired><Value i:type="a:ArrayOfdouble" xmlns:a="http://schemas.microsoft.com/2003/10/Serialization/Arrays"><a:double>0</a:double><a:double>0</a:double><a:double>0</a:double></Value></Attribute></Attributes><ChildElements/><ElementName>origin</ElementName><required>false</required><RPYAttribute z:Ref="i434"/><XYZAttribute z:Ref="i433"/><isCustomized>false</isCustomized></URDFElement><URDFElement z:Id="i435" i:type="Geometry"><Attributes/><ChildElements><URDFElement z:Id="i436" i:type="Mesh"><Attributes><Attribute z:Id="i437"><AttributeType>filename</AttributeType><IsRequired>true</IsRequired><Value i:nil="true"/></Attribute></Attributes><ChildElements/><ElementName>mesh</ElementName><required>false</required><FilenameAttribute z:Ref="i437"/></URDFElement></ChildElements><ElementName>geometry</ElementName><required>true</required><Mesh z:Ref="i436"/></URDFElement></ChildElements><ElementName>collision</ElementName><required>false</required><Geometry z:Ref="i435"/><Origin z:Ref="i432"/></URDFElement><URDFElement z:Id="i438" i:type="Joint"><Attributes><Attribute z:Id="i439"><AttributeType>name</AttributeType><IsRequired>true</IsRequired><Value i:type="a:string" xmlns:a="http://www.w3.org/2001/XMLSchema">imu_joint</Value></Attribute><Attribute z:Id="i440"><AttributeType>type</AttributeType><IsRequired>true</IsRequired><Value i:type="a:string" xmlns:a="http://www.w3.org/2001/XMLSchema">fixed</Value></Attribute></Attributes><ChildElements><URDFElement z:Id="i441" i:type="Origin"><Attributes><Attribute z:Id="i442"><AttributeType>xyz</AttributeType><IsRequired>true</IsRequired><Value i:type="a:ArrayOfdouble" xmlns:a="http://schemas.microsoft.com/2003/10/Serialization/Arrays"><a:double>-0.00494016789724259</a:double><a:double>-0.036990916273756426</a:double><a:double>0.11451999998799492</a:double></Value></Attribute><Attribute z:Id="i443"><AttributeType>rpy</AttributeType><IsRequired>true</IsRequired><Value i:type="a:ArrayOfdouble" xmlns:a="http://schemas.microsoft.com/2003/10/Serialization/Arrays"><a:double>0</a:double><a:double>0</a:double><a:double>0</a:double></Value></Attribute></Attributes><ChildElements/><ElementName>origin</ElementName><required>false</required><RPYAttribute z:Ref="i443"/><XYZAttribute z:Ref="i442"/><isCustomized>false</isCustomized></URDFElement><URDFElement z:Id="i444" i:type="ParentLink"><Attributes><Attribute z:Id="i445"><AttributeType>link</AttributeType><IsRequired>true</IsRequired><Value i:type="a:string" xmlns:a="http://www.w3.org/2001/XMLSchema">base_link</Value></Attribute></Attributes><ChildElements/><ElementName>parent</ElementName><required>true</required><NameAttribute z:Ref="i445"/></URDFElement><URDFElement z:Id="i446" i:type="ChildLink"><Attributes><Attribute z:Id="i447"><AttributeType>link</AttributeType><IsRequired>true</IsRequired><Value i:type="a:string" xmlns:a="http://www.w3.org/2001/XMLSchema">imu_link</Value></Attribute></Attributes><ChildElements/><ElementName>child</ElementName><required>true</required><NameAttribute z:Ref="i447"/></URDFElement><URDFElement z:Id="i448" i:type="Axis"><Attributes><Attribute z:Id="i449"><AttributeType>xyz</AttributeType><IsRequired>true</IsRequired><Value i:type="a:ArrayOfdouble" xmlns:a="http://schemas.microsoft.com/2003/10/Serialization/Arrays"><a:double>0</a:double><a:double>0</a:double><a:double>0</a:double></Value></Attribute></Attributes><ChildElements/><ElementName>axis</ElementName><required>false</required><XYZAttribute z:Ref="i449"/></URDFElement><URDFElement z:Id="i450" i:type="Limit"><Attributes><Attribute z:Id="i451"><AttributeType>lower</AttributeType><IsRequired>false</IsRequired><Value i:nil="true"/></Attribute><Attribute z:Id="i452"><AttributeType>upper</AttributeType><IsRequired>false</IsRequired><Value i:nil="true"/></Attribute><Attribute z:Id="i453"><AttributeType>effort</AttributeType><IsRequired>true</IsRequired><Value i:nil="true"/></Attribute><Attribute z:Id="i454"><AttributeType>velocity</AttributeType><IsRequired>true</IsRequired><Value i:nil="true"/></Attribute></Attributes><ChildElements/><ElementName>limit</ElementName><required>false</required><EffortAttribute z:Ref="i453"/><LowerAttribute z:Ref="i451"/><UpperAttribute z:Ref="i452"/><VelocityAttribute z:Ref="i454"/></URDFElement><URDFElement z:Id="i455" i:type="Calibration"><Attributes><Attribute z:Id="i456"><AttributeType>rising</AttributeType><IsRequired>false</IsRequired><Value i:nil="true"/></Attribute><Attribute z:Id="i457"><AttributeType>falling</AttributeType><IsRequired>false</IsRequired><Value i:nil="true"/></Attribute></Attributes><ChildElements/><ElementName>calibration</ElementName><required>false</required><FallingAttribute z:Ref="i457"/><RisingAttribute z:Ref="i456"/></URDFElement><URDFElement z:Id="i458" i:type="Dynamics"><Attributes><Attribute z:Id="i459"><AttributeType>damping</AttributeType><IsRequired>false</IsRequired><Value i:nil="true"/></Attribute><Attribute z:Id="i460"><AttributeType>friction</AttributeType><IsRequired>false</IsRequired><Value i:nil="true"/></Attribute></Attributes><ChildElements/><ElementName>dynamics</ElementName><required>false</required><DampingAttribute z:Ref="i459"/><FrictionAttribute z:Ref="i460"/></URDFElement><URDFElement z:Id="i461" i:type="SafetyController"><Attributes><Attribute z:Id="i462"><AttributeType>soft_upper_limit</AttributeType><IsRequired>false</IsRequired><Value i:nil="true"/></Attribute><Attribute z:Id="i463"><AttributeType>soft_lower_limit</AttributeType><IsRequired>false</IsRequired><Value i:nil="true"/></Attribute><Attribute z:Id="i464"><AttributeType>k_position</AttributeType><IsRequired>false</IsRequired><Value i:nil="true"/></Attribute><Attribute z:Id="i465"><AttributeType>k_velocity</AttributeType><IsRequired>true</IsRequired><Value i:nil="true"/></Attribute></Attributes><ChildElements/><ElementName>safety_controller</ElementName><required>false</required><KPositionAttribute z:Ref="i464"/><KVelocityAttribute z:Ref="i465"/><SoftLowerAttribute z:Ref="i463"/><SoftUpperAttribute z:Ref="i462"/></URDFElement><URDFElement z:Id="i466" i:type="Mimic"><Attributes><Attribute z:Id="i467"><AttributeType>joint</AttributeType><IsRequired>true</IsRequired><Value i:nil="true"/></Attribute><Attribute z:Id="i468"><AttributeType>multiplier</AttributeType><IsRequired>false</IsRequired><Value i:nil="true"/></Attribute><Attribute z:Id="i469"><AttributeType>offset</AttributeType><IsRequired>false</IsRequired><Value i:nil="true"/></Attribute></Attributes><ChildElements/><ElementName>mimic</ElementName><required>false</required><JointNameAttribute z:Ref="i467"/><MultiplierAttribute z:Ref="i468"/><OffsetAttribute z:Ref="i469"/></URDFElement></ChildElements><ElementName>joint</ElementName><required>false</required><Axis z:Ref="i448"/><AxisName>Automatically Generate</AxisName><Calibration z:Ref="i455"/><Child z:Ref="i446"/><CoordinateSystemName>imu_origin</CoordinateSystemName><Dynamics z:Ref="i458"/><Limit z:Ref="i450"/><Mimic z:Ref="i466"/><NameAttribute z:Ref="i439"/><Origin z:Ref="i441"/><Parent z:Ref="i444"/><Safety z:Ref="i461"/><TypeAttribute z:Ref="i440"/></URDFElement></ChildElements><ElementName>link</ElementName><required>true</required><Children/><Collision z:Ref="i431"/><Inertial z:Ref="i405"/><Joint z:Ref="i438"/><NameAttribute z:Ref="i404"/><Parent z:Ref="i1"/><STLQualityFine>false</STLQualityFine><SWComponentPIDs xmlns:a="http://schemas.microsoft.com/2003/10/Serialization/Arrays"><a:base64Binary>aEIAAAUAAAD//v8VTQBQAFUANgAwADUAMABfAG4AdQBkAGUALQAxAEAAYQBzAHMAZQBtADEABAAAABAAAAABAAAAAQAAAPwBAAA=</a:base64Binary></SWComponentPIDs><SWMainComponentPID i:nil="true"/><Visual z:Ref="i418"/><isFixedFrame>false</isFixedFrame><isIncomplete>false</isIncomplete></Link></Children><Collision z:Ref="i29"/><Inertial z:Ref="i3"/><Joint z:Ref="i36"/><NameAttribute z:Ref="i2"/><Parent i:nil="true"/><STLQualityFine>false</STLQualityFine><SWComponentPIDs xmlns:a="http://schemas.microsoft.com/2003/10/Serialization/Arrays"><a:base64Binary>aEIAAAUAAAD//v8ScgBiAG8AdABfAGIAYQBzAGUALQAxAEAAYQBzAHMAZQBtADEABAAAABAAAAABAAAAAQAAABgAAAA=</a:base64Binary><a:base64Binary>aEIAAAUAAAD//v8sYwB1AG0ATQBvAHQAbwByAC0AMgBAAGEAcwBzAGUAbQAxAC8ASgBHAEEAMgA1AC0AMwA3ADEALQBtAG8AdQBuAHQALQAxAEAAYwB1AG0ATQBvAHQAbwByAAQAAAAQAAAAAQAAAAIAAAAdAAAAHAAAAA==</a:base64Binary><a:base64Binary>aEIAAAUAAAD//v83YwB1AG0ATQBvAHQAbwByAC0AMgBAAGEAcwBzAGUAbQAxAC8ASgBHAEEAMgA1AC0AMwA3ADEAXwAxADIAVgBEAEMAXwAyADUAMABSAFAATQAuAHMAdABwAC0AMQBAAGMAdQBtAE0AbwB0AG8AcgAEAAAAEAAAAAEAAAACAAAAHQAAABkAAAA=</a:base64Binary><a:base64Binary>aEIAAAUAAAD//v8sYwB1AG0ATQBvAHQAbwByAC0AMQBAAGEAcwBzAGUAbQAxAC8ASgBHAEEAMgA1AC0AMwA3ADEALQBtAG8AdQBuAHQALQAxAEAAYwB1AG0ATQBvAHQAbwByAAQAAAAQAAAAAQAAAAIAAAAZAAAAHAAAAA==</a:base64Binary><a:base64Binary>aEIAAAUAAAD//v83YwB1AG0ATQBvAHQAbwByAC0AMQBAAGEAcwBzAGUAbQAxAC8ASgBHAEEAMgA1AC0AMwA3ADEAXwAxADIAVgBEAEMAXwAyADUAMABSAFAATQAuAHMAdABwAC0AMQBAAGMAdQBtAE0AbwB0AG8AcgAEAAAAEAAAAAEAAAACAAAAGQAAABkAAAA=</a:base64Binary><a:base64Binary>aEIAAAUAAAD//v8UcgBiAG8AdABfAGwAYQB5AGUAcgAxAC0AMgBAAGEAcwBzAGUAbQAxAAQAAAAQAAAAAQAAAAEAAABtAAAA</a:base64Binary><a:base64Binary>aEIAAAUAAAD//v8tQQBiAHMAdABhAG4AZABoAGEAbAB0AGUAcgAgAE0AMwAgAEkARwAtAEEARwAgADMAMABtAG0AKwA2AG0AbQAgAHAAYQByAHQALQA3AEAAYQBzAHMAZQBtADEABAAAABAAAAABAAAAAQAAAEEBAAA=</a:base64Binary><a:base64Binary>aEIAAAUAAAD//v8tQQBiAHMAdABhAG4AZABoAGEAbAB0AGUAcgAgAE0AMwAgAEkARwAtAEEARwAgADMAMABtAG0AKwA2AG0AbQAgAHAAYQByAHQALQA4AEAAYQBzAHMAZQBtADEABAAAABAAAAABAAAAAQAAAEQBAAA=</a:base64Binary><a:base64Binary>aEIAAAUAAAD//v8UcgBiAG8AdABfAGwAYQB5AGUAcgAzAC0AMQBAAGEAcwBzAGUAbQAxAAQAAAAQAAAAAQAAAAEAAABxAAAA</a:base64Binary><a:base64Binary>aEIAAAUAAAD//v8tQQBiAHMAdABhAG4AZABoAGEAbAB0AGUAcgAgAE0AMwAgAEkARwAtAEEARwAgADMAMABtAG0AKwA2AG0AbQAgAHAAYQByAHQALQAzAEAAYQBzAHMAZQBtADEABAAAABAAAAABAAAAAQAAADIBAAA=</a:base64Binary><a:base64Binary>aEIAAAUAAAD//v8UcgBiAG8AdABfAGwAYQB5AGUAcgAyAC0AMQBAAGEAcwBzAGUAbQAxAAQAAAAQAAAAAQAAAAEAAACCAAAA</a:base64Binary><a:base64Binary>aEIAAAUAAAD//v8tQQBiAHMAdABhAG4AZABoAGEAbAB0AGUAcgAgAE0AMwAgAEkARwAtAEEARwAgADMAMABtAG0AKwA2AG0AbQAgAHAAYQByAHQALQA0AEAAYQBzAHMAZQBtADEABAAAABAAAAABAAAAAQAAADUBAAA=</a:base64Binary><a:base64Binary>aEIAAAUAAAD//v8tQQBiAHMAdABhAG4AZABoAGEAbAB0AGUAcgAgAE0AMwAgAEkARwAtAEEARwAgADUAMABtAG0AKwA2AG0AbQAgAHAAYQByAHQALQAzAEAAYQBzAHMAZQBtADEABAAAABAAAAABAAAAAQAAACABAAA=</a:base64Binary><a:base64Binary>aEIAAAUAAAD//v8tQQBiAHMAdABhAG4AZABoAGEAbAB0AGUAcgAgAE0AMwAgAEkARwAtAEEARwAgADUAMABtAG0AKwA2AG0AbQAgAHAAYQByAHQALQAyAEAAYQBzAHMAZQBtADEABAAAABAAAAABAAAAAQAAAB0BAAA=</a:base64Binary><a:base64Binary>aEIAAAUAAAD//v8tQQBiAHMAdABhAG4AZABoAGEAbAB0AGUAcgAgAE0AMwAgAEkARwAtAEEARwAgADUAMABtAG0AKwA2AG0AbQAgAHAAYQByAHQALQAxAEAAYQBzAHMAZQBtADEABAAAABAAAAABAAAAAQAAABoBAAA=</a:base64Binary><a:base64Binary>aEIAAAUAAAD//v8tQQBiAHMAdABhAG4AZABoAGEAbAB0AGUAcgAgAE0AMwAgAEkARwAtAEEARwAgADMAMABtAG0AKwA2AG0AbQAgAHAAYQByAHQALQAyAEAAYQBzAHMAZQBtADEABAAAABAAAAABAAAAAQAAAC8BAAA=</a:base64Binary><a:base64Binary>aEIAAAUAAAD//v8tQQBiAHMAdABhAG4AZABoAGEAbAB0AGUAcgAgAE0AMwAgAEkARwAtAEEARwAgADMAMABtAG0AKwA2AG0AbQAgAHAAYQByAHQALQA2AEAAYQBzAHMAZQBtADEABAAAABAAAAABAAAAAQAAAD4BAAA=</a:base64Binary><a:base64Binary>aEIAAAUAAAD//v8tQQBiAHMAdABhAG4AZABoAGEAbAB0AGUAcgAgAE0AMwAgAEkARwAtAEEARwAgADUAMABtAG0AKwA2AG0AbQAgAHAAYQByAHQALQA0AEAAYQBzAHMAZQBtADEABAAAABAAAAABAAAAAQAAACMBAAA=</a:base64Binary><a:base64Binary>aEIAAAUAAAD//v8tQQBiAHMAdABhAG4AZABoAGEAbAB0AGUAcgAgAE0AMwAgAEkARwAtAEEARwAgADMAMABtAG0AKwA2AG0AbQAgAHAAYQByAHQALQAxAEAAYQBzAHMAZQBtADEABAAAABAAAAABAAAAAQAAACkBAAA=</a:base64Binary><a:base64Binary>aEIAAAUAAAD//v8tQQBiAHMAdABhAG4AZABoAGEAbAB0AGUAcgAgAE0AMwAgAEkARwAtAEEARwAgADMAMABtAG0AKwA2AG0AbQAgAHAAYQByAHQALQA1AEAAYQBzAHMAZQBtADEABAAAABAAAAABAAAAAQAAADsBAAA=</a:base64Binary><a:base64Binary>aEIAAAUAAAD//v8UcgBiAG8AdABfAHcAYQBzAGgAZQByAC0ANQBAAGEAcwBzAGUAbQAxAAQAAAAQAAAAAQAAAAEAAADqAAAA</a:base64Binary><a:base64Binary>aEIAAAUAAAD//v8TTAAyADkAOABOAF8AcABhAHIAdAAtADEAQABhAHMAcwBlAG0AMQAEAAAAEAAAAAEAAAABAAAA6QAAAA==</a:base64Binary><a:base64Binary>aEIAAAUAAAD//v8UcgBiAG8AdABfAHcAYQBzAGgAZQByAC0ANgBAAGEAcwBzAGUAbQAxAAQAAAAQAAAAAQAAAAEAAADtAAAA</a:base64Binary><a:base64Binary>aEIAAAUAAAD//v8UcgBiAG8AdABfAHcAYQBzAGgAZQByAC0ANwBAAGEAcwBzAGUAbQAxAAQAAAAQAAAAAQAAAAEAAADwAAAA</a:base64Binary><a:base64Binary>aEIAAAUAAAD//v8VcgBiAG8AdABfAHcAYQBzAGgAZQByAC0AMQA0AEAAYQBzAHMAZQBtADEABAAAABAAAAABAAAAAQAAAFQBAAA=</a:base64Binary><a:base64Binary>aEIAAAUAAAD//v8VcgBiAG8AdABfAHcAYQBzAGgAZQByAC0AMQAxAEAAYQBzAHMAZQBtADEABAAAABAAAAABAAAAAQAAAEsBAAA=</a:base64Binary><a:base64Binary>aEIAAAUAAAD//v8hTABUAEMAIAAzADcAOAAwACAATQB1AGQAdQBsAGUAIAB2ADEAMQAgAHAAYQByAHQALQAxAEAAYQBzAHMAZQBtADEABAAAABAAAAABAAAAAQAAAEoBAAA=</a:base64Binary><a:base64Binary>aEIAAAUAAAD//v8VcgBiAG8AdABfAHcAYQBzAGgAZQByAC0AMQAwAEAAYQBzAHMAZQBtADEABAAAABAAAAABAAAAAQAAAPcAAAA=</a:base64Binary><a:base64Binary>aEIAAAUAAAD//v8VcgBiAG8AdABfAHcAYQBzAGgAZQByAC0AMQAzAEAAYQBzAHMAZQBtADEABAAAABAAAAABAAAAAQAAAFEBAAA=</a:base64Binary><a:base64Binary>aEIAAAUAAAD//v8VcgBiAG8AdABfAHcAYQBzAGgAZQByAC0AMQAyAEAAYQBzAHMAZQBtADEABAAAABAAAAABAAAAAQAAAE4BAAA=</a:base64Binary><a:base64Binary>aEIAAAUAAAD//v8tYQBiAHMAdABhAG4AZABoAGEAbAB0AGUAcgAgAG0AMwAgAGkAZwAtAGEAZwAgADIAMABtAG0AKwA2AG0AbQAgAHAAYQByAHQALQAxAEAAYQBzAHMAZQBtADEABAAAABAAAAABAAAAAQAAAPYBAAA=</a:base64Binary><a:base64Binary>aEIAAAUAAAD//v8tYQBiAHMAdABhAG4AZABoAGEAbAB0AGUAcgAgAG0AMwAgAGkAZwAtAGEAZwAgADIAMABtAG0AKwA2AG0AbQAgAHAAYQByAHQALQAyAEAAYQBzAHMAZQBtADEABAAAABAAAAABAAAAAQAAAPkBAAA=</a:base64Binary></SWComponentPIDs><SWMainComponentPID i:nil="true"/><Visual z:Ref="i16"/><isFixedFrame>false</isFixedFrame><isIncomplete>false</isIncomplete></Link>
2025-04-28 07:00:18,950 INFO  AssemblyExportForm.cs: 309 - Saving URDF package to C:\Users\Duc\OneDrive\3. STUDY\UNIVERSITY\4th YEAR - sem 1\PROJ ON ROBOOTIC\model3D\OldModel\URDF\assem1_v3
2025-04-28 07:00:18,952 INFO  ExportHelper.cs: 147 - Beginning the export process
2025-04-28 07:00:18,954 INFO  ExportHelper.cs: 153 - Creating package directories with name assem1_v3 and save path C:\Users\Duc\OneDrive\3. STUDY\UNIVERSITY\4th YEAR - sem 1\PROJ ON ROBOOTIC\model3D\OldModel\URDF
2025-04-28 07:00:20,159 INFO  ExportHelper.cs: 162 - Creating CMakeLists.txt at C:\Users\Duc\OneDrive\3. STUDY\UNIVERSITY\4th YEAR - sem 1\PROJ ON ROBOOTIC\model3D\OldModel\URDF\assem1_v3\CMakeLists.txt
2025-04-28 07:00:20,160 INFO  ExportHelper.cs: 166 - Creating joint names config at C:\Users\Duc\OneDrive\3. STUDY\UNIVERSITY\4th YEAR - sem 1\PROJ ON ROBOOTIC\model3D\OldModel\URDF\assem1_v3\config\joint_names_assem1_v3.yaml
2025-04-28 07:00:20,162 INFO  ExportHelper.cs: 170 - Creating package.xml at C:\Users\Duc\OneDrive\3. STUDY\UNIVERSITY\4th YEAR - sem 1\PROJ ON ROBOOTIC\model3D\OldModel\URDF\assem1_v3\package.xml
2025-04-28 07:00:20,163 INFO  PackageXMLWriter.cs: 21 - Creating package.xml at C:\Users\Duc\OneDrive\3. STUDY\UNIVERSITY\4th YEAR - sem 1\PROJ ON ROBOOTIC\model3D\OldModel\URDF\assem1_v3\package.xml
2025-04-28 07:00:20,168 INFO  ExportHelper.cs: 177 - Creating RVIZ launch file in C:\Users\Duc\OneDrive\3. STUDY\UNIVERSITY\4th YEAR - sem 1\PROJ ON ROBOOTIC\model3D\OldModel\URDF\assem1_v3\launch\
2025-04-28 07:00:20,170 INFO  ExportHelper.cs: 182 - Creating Gazebo launch file in C:\Users\Duc\OneDrive\3. STUDY\UNIVERSITY\4th YEAR - sem 1\PROJ ON ROBOOTIC\model3D\OldModel\URDF\assem1_v3\launch\
2025-04-28 07:00:20,170 INFO  ExportHelper.cs: 187 - Saving existing STL preferences
2025-04-28 07:00:20,174 INFO  ExportHelper.cs: 450 - Saving users preferences
2025-04-28 07:00:20,176 INFO  ExportHelper.cs: 190 - Modifying STL preferences
2025-04-28 07:00:20,176 INFO  ExportHelper.cs: 464 - Setting STL preferences
2025-04-28 07:00:20,176 INFO  ExportHelper.cs: 196 - Found 0 hidden components 
2025-04-28 07:00:20,176 INFO  ExportHelper.cs: 197 - Hiding all components
2025-04-28 07:00:21,609 INFO  ExportHelper.cs: 204 - Beginning individual files export
2025-04-28 07:00:21,609 INFO  ExportHelper.cs: 270 - Exporting link: base_link
2025-04-28 07:00:21,609 INFO  ExportHelper.cs: 272 - Link base_link has 6 children
2025-04-28 07:00:21,609 INFO  ExportHelper.cs: 270 - Exporting link: R_wheel_link
2025-04-28 07:00:21,625 INFO  ExportHelper.cs: 272 - Link R_wheel_link has 0 children
2025-04-28 07:00:21,625 INFO  ExportHelper.cs: 317 - R_wheel_link: Exporting STL with coordinate frame R_origin
2025-04-28 07:00:21,625 INFO  ExportHelper.cs: 322 - R_wheel_link: Reference geometry name 
2025-04-28 07:00:22,439 INFO  ExportHelper.cs: 330 - Saving STL to C:\Users\Duc\OneDrive\3. STUDY\UNIVERSITY\4th YEAR - sem 1\PROJ ON ROBOOTIC\model3D\OldModel\URDF\assem1_v3\meshes\R_wheel_link.STL
2025-04-28 07:00:23,638 INFO  ExportHelper.cs: 405 - Removing SW header in STL file
2025-04-28 07:00:23,641 INFO  ExportHelper.cs: 270 - Exporting link: L_wheel_link
2025-04-28 07:00:23,641 INFO  ExportHelper.cs: 272 - Link L_wheel_link has 0 children
2025-04-28 07:00:23,641 INFO  ExportHelper.cs: 317 - L_wheel_link: Exporting STL with coordinate frame L_origin
2025-04-28 07:00:23,641 INFO  ExportHelper.cs: 322 - L_wheel_link: Reference geometry name 
2025-04-28 07:00:23,835 INFO  ExportHelper.cs: 330 - Saving STL to C:\Users\Duc\OneDrive\3. STUDY\UNIVERSITY\4th YEAR - sem 1\PROJ ON ROBOOTIC\model3D\OldModel\URDF\assem1_v3\meshes\L_wheel_link.STL
2025-04-28 07:00:24,777 INFO  ExportHelper.cs: 405 - Removing SW header in STL file
2025-04-28 07:00:24,785 INFO  ExportHelper.cs: 270 - Exporting link: Ball_front_link
2025-04-28 07:00:24,785 INFO  ExportHelper.cs: 272 - Link Ball_front_link has 0 children
2025-04-28 07:00:24,785 INFO  ExportHelper.cs: 317 - Ball_front_link: Exporting STL with coordinate frame Front_origin
2025-04-28 07:00:24,785 INFO  ExportHelper.cs: 322 - Ball_front_link: Reference geometry name 
2025-04-28 07:00:25,118 INFO  ExportHelper.cs: 330 - Saving STL to C:\Users\Duc\OneDrive\3. STUDY\UNIVERSITY\4th YEAR - sem 1\PROJ ON ROBOOTIC\model3D\OldModel\URDF\assem1_v3\meshes\Ball_front_link.STL
2025-04-28 07:00:25,404 INFO  ExportHelper.cs: 405 - Removing SW header in STL file
2025-04-28 07:00:25,407 INFO  ExportHelper.cs: 270 - Exporting link: Ball_back_link
2025-04-28 07:00:25,408 INFO  ExportHelper.cs: 272 - Link Ball_back_link has 0 children
2025-04-28 07:00:25,408 INFO  ExportHelper.cs: 317 - Ball_back_link: Exporting STL with coordinate frame Back_origin
2025-04-28 07:00:25,410 INFO  ExportHelper.cs: 322 - Ball_back_link: Reference geometry name 
2025-04-28 07:00:25,650 INFO  ExportHelper.cs: 330 - Saving STL to C:\Users\Duc\OneDrive\3. STUDY\UNIVERSITY\4th YEAR - sem 1\PROJ ON ROBOOTIC\model3D\OldModel\URDF\assem1_v3\meshes\Ball_back_link.STL
2025-04-28 07:00:25,997 INFO  ExportHelper.cs: 405 - Removing SW header in STL file
2025-04-28 07:00:25,997 INFO  ExportHelper.cs: 270 - Exporting link: Lidar_link
2025-04-28 07:00:25,997 INFO  ExportHelper.cs: 272 - Link Lidar_link has 0 children
2025-04-28 07:00:25,997 INFO  ExportHelper.cs: 317 - Lidar_link: Exporting STL with coordinate frame lidar_origin
2025-04-28 07:00:26,004 INFO  ExportHelper.cs: 322 - Lidar_link: Reference geometry name 
2025-04-28 07:00:26,179 INFO  ExportHelper.cs: 330 - Saving STL to C:\Users\Duc\OneDrive\3. STUDY\UNIVERSITY\4th YEAR - sem 1\PROJ ON ROBOOTIC\model3D\OldModel\URDF\assem1_v3\meshes\Lidar_link.STL
2025-04-28 07:00:26,642 INFO  ExportHelper.cs: 405 - Removing SW header in STL file
2025-04-28 07:00:26,644 INFO  ExportHelper.cs: 270 - Exporting link: imu_link
2025-04-28 07:00:26,645 INFO  ExportHelper.cs: 272 - Link imu_link has 0 children
2025-04-28 07:00:26,645 INFO  ExportHelper.cs: 317 - imu_link: Exporting STL with coordinate frame imu_origin
2025-04-28 07:00:26,646 INFO  ExportHelper.cs: 322 - imu_link: Reference geometry name 
2025-04-28 07:00:26,819 INFO  ExportHelper.cs: 330 - Saving STL to C:\Users\Duc\OneDrive\3. STUDY\UNIVERSITY\4th YEAR - sem 1\PROJ ON ROBOOTIC\model3D\OldModel\URDF\assem1_v3\meshes\imu_link.STL
2025-04-28 07:00:27,143 INFO  ExportHelper.cs: 405 - Removing SW header in STL file
2025-04-28 07:00:27,144 INFO  ExportHelper.cs: 317 - base_link: Exporting STL with coordinate frame Base_origin
2025-04-28 07:00:27,145 INFO  ExportHelper.cs: 322 - base_link: Reference geometry name 
2025-04-28 07:00:28,136 INFO  ExportHelper.cs: 330 - Saving STL to C:\Users\Duc\OneDrive\3. STUDY\UNIVERSITY\4th YEAR - sem 1\PROJ ON ROBOOTIC\model3D\OldModel\URDF\assem1_v3\meshes\base_link.STL
2025-04-28 07:00:30,090 INFO  ExportHelper.cs: 405 - Removing SW header in STL file
2025-04-28 07:00:30,090 INFO  ExportHelper.cs: 145 - Showing all components except previously hidden components
2025-04-28 07:00:32,371 INFO  ExportHelper.cs: 145 - Resetting STL preferences
2025-04-28 07:00:32,371 INFO  ExportHelper.cs: 478 - Returning STL preferences to user preferences
2025-04-28 07:00:32,371 INFO  ExportHelper.cs: 228 - Writing URDF file to C:\Users\Duc\OneDrive\3. STUDY\UNIVERSITY\4th YEAR - sem 1\PROJ ON ROBOOTIC\model3D\OldModel\URDF\assem1_v3\urdf\assem1_v3.urdf
2025-04-28 07:00:32,762 INFO  CSVImportExport.cs: 32 - Writing CSV file C:\Users\Duc\OneDrive\3. STUDY\UNIVERSITY\4th YEAR - sem 1\PROJ ON ROBOOTIC\model3D\OldModel\URDF\assem1_v3\urdf\assem1_v3.csv
2025-04-28 07:00:32,793 ERROR CSVImportExport.cs: 130 - The following columns were not written to the CSV: Link.Joint.ChildLink.link,
2025-04-28 07:00:32,793 ERROR CSVImportExport.cs: 130 - The following columns were not written to the CSV: Link.Joint.ChildLink.link,
2025-04-28 07:00:32,793 ERROR CSVImportExport.cs: 130 - The following columns were not written to the CSV: Link.Joint.ChildLink.link,
2025-04-28 07:00:32,793 ERROR CSVImportExport.cs: 130 - The following columns were not written to the CSV: Link.Joint.ChildLink.link,
2025-04-28 07:00:32,793 ERROR CSVImportExport.cs: 130 - The following columns were not written to the CSV: Link.Joint.ChildLink.link,
2025-04-28 07:00:32,793 ERROR CSVImportExport.cs: 130 - The following columns were not written to the CSV: Link.Joint.ChildLink.link,
2025-04-28 07:00:32,793 ERROR CSVImportExport.cs: 130 - The following columns were not written to the CSV: Link.Joint.ChildLink.link,
2025-04-28 07:00:32,793 INFO  ExportHelper.cs: 234 - Copying log file
2025-04-28 07:00:32,793 INFO  ExportHelper.cs: 439 - Copying C:\Users\Duc\sw2urdf_logs\sw2urdf.log to C:\Users\Duc\OneDrive\3. STUDY\UNIVERSITY\4th YEAR - sem 1\PROJ ON ROBOOTIC\model3D\OldModel\URDF\assem1_v3\export.log
